ISO-10303-21;

HEADER;
FILE_DESCRIPTION((' '),'2;1');
FILE_NAME( 'DG01D.stp',
           '2026-06-02T04:42:51',
           (' '),
           ('---                        ---'),
           '                      V2026.1  Dec 31 2025',
           '        2026 (c)',
           ' ');
FILE_SCHEMA(('AP242_MANAGED_MODEL_BASED_3D_ENGINEERING_MIM_LF { 1 0 10303 442 1 1 4 }'));
ENDSEC;

DATA;
#1=APPLICATION_CONTEXT('Managed model based 3d engineering');
#2=APPLICATION_PROTOCOL_DEFINITION('international standard','ap242_managed_model_based_3d_engineering',2013,#1);
#3=(LENGTH_UNIT()NAMED_UNIT(*)SI_UNIT(.MILLI.,.METRE.));
#4=(NAMED_UNIT(*)PLANE_ANGLE_UNIT()SI_UNIT($,.RADIAN.));
#5=( GEOMETRIC_REPRESENTATION_CONTEXT(3)
       GLOBAL_UNCERTAINTY_ASSIGNED_CONTEXT((#6)) GLOBAL_UNIT_ASSIGNED_CONTEXT
  ((#3,#4)) REPRESENTATION_CONTEXT('Context #1',
  '3D Context with UNIT and UNCERTAINTY') );
#6=UNCERTAINTY_MEASURE_WITH_UNIT(LENGTH_MEASURE(0.005),#3,'distance_accuracy_value','Confusion accuracy');
#7=PRODUCT_CONTEXT('',#1,'mechanical');
#8=PRODUCT('Yellow Casing 1','','',(#7));
#9=PRODUCT_DEFINITION_FORMATION('','',#8);
#10=PRODUCT_DEFINITION_CONTEXT('part definition',#1,'design');
#11=PRODUCT_DEFINITION('design','',#9,#10);
#12=PRODUCT_DEFINITION_SHAPE('','',#11);
#13=PRODUCT_CATEGORY('part',$);
#14=PRODUCT_RELATED_PRODUCT_CATEGORY('part',$,(#8));
#15=PRODUCT_CATEGORY_RELATIONSHIP('','',#13,#14);
#16=CARTESIAN_POINT('',(-26.5626464844,-1.5,-1.1258330249));
#17=VERTEX_POINT('',#16);
#18=CARTESIAN_POINT('',(-27.2126464844,-1.5,-0.0));
#19=VERTEX_POINT('',#18);
#20=CARTESIAN_POINT('',(-26.5626464844,-1.5,-1.1258330249));
#21=DIRECTION('',(-0.5,0.0,0.8660254038));
#22=VECTOR('',#21,1.0);
#23=LINE('',#20,#22);
#24=EDGE_CURVE('no 344148',#17,#19,#23,.T.);
#25=ORIENTED_EDGE('no 343991',*,*,#24,.F.);
#26=CARTESIAN_POINT('',(-26.5626464844,3.5,-1.1258330249));
#27=VERTEX_POINT('',#26);
#28=CARTESIAN_POINT('',(-26.5626464844,12.0,-1.1258330249));
#29=DIRECTION('',(0.0,-1.0,0.0));
#30=VECTOR('',#29,1.0);
#31=LINE('',#28,#30);
#32=EDGE_CURVE('no 343921',#27,#17,#31,.T.);
#33=ORIENTED_EDGE('no 343970',*,*,#32,.F.);
#34=CARTESIAN_POINT('',(-27.2126464844,3.5,-0.0));
#35=VERTEX_POINT('',#34);
#36=CARTESIAN_POINT('',(-26.5626464844,3.5,-1.1258330249));
#37=DIRECTION('',(-0.5,0.0,0.8660254038));
#38=VECTOR('',#37,1.0);
#39=LINE('',#36,#38);
#40=EDGE_CURVE('no 344149',#27,#35,#39,.T.);
#41=ORIENTED_EDGE('no 343985',*,*,#40,.T.);
#42=CARTESIAN_POINT('',(-27.2126464844,12.0,-0.0));
#43=DIRECTION('',(0.0,-1.0,0.0));
#44=VECTOR('',#43,1.0);
#45=LINE('',#42,#44);
#46=EDGE_CURVE('no 344075',#35,#19,#45,.T.);
#47=ORIENTED_EDGE('no 343969',*,*,#46,.T.);
#48=EDGE_LOOP('',(#25,#33,#41,#47));
#49=FACE_OUTER_BOUND('',#48,.T.);
#50=CARTESIAN_POINT('',(-26.5626464844,12.0,-1.1258330249));
#51=DIRECTION('',(0.8660254038,0.0,0.5));
#52=DIRECTION('',(-0.5,0.0,0.8660254038));
#53=AXIS2_PLACEMENT_3D('',#50,#51,#52);
#54=PLANE('',#53);
#55=ADVANCED_FACE('no 344139',(#49),#54,.T.);
#56=CARTESIAN_POINT('',(-28.2126464844,-1.5,-0.0));
#57=VERTEX_POINT('',#56);
#58=CARTESIAN_POINT('',(0.0,-1.5,-0.0));
#59=DIRECTION('',(-1.0,0.0,0.0));
#60=VECTOR('',#59,1.0);
#61=LINE('',#58,#60);
#62=EDGE_CURVE('no 344072',#19,#57,#61,.T.);
#63=ORIENTED_EDGE('no 344002',*,*,#62,.F.);
#64=ORIENTED_EDGE('no 344003',*,*,#24,.F.);
#65=CARTESIAN_POINT('',(-25.5626464844,-1.5,-1.1258330249));
#66=VERTEX_POINT('',#65);
#67=CARTESIAN_POINT('',(0.0,-1.5,-1.1258330249));
#68=DIRECTION('',(-1.0,0.0,0.0));
#69=VECTOR('',#68,1.0);
#70=LINE('',#67,#69);
#71=EDGE_CURVE('no 343933',#66,#17,#70,.T.);
#72=ORIENTED_EDGE('no 344004',*,*,#71,.F.);
#73=CARTESIAN_POINT('',(-25.5626464844,-1.5,-2.1258330249));
#74=VERTEX_POINT('',#73);
#75=CARTESIAN_POINT('',(-25.5626464844,-1.5,0.0));
#76=DIRECTION('',(0.0,0.0,1.0));
#77=VECTOR('',#76,1.0);
#78=LINE('',#75,#77);
#79=EDGE_CURVE('no 343941',#74,#66,#78,.T.);
#80=ORIENTED_EDGE('no 344005',*,*,#79,.F.);
#81=CARTESIAN_POINT('',(-26.9852962152,-1.5,-2.1258330249));
#82=VERTEX_POINT('',#81);
#83=CARTESIAN_POINT('',(-26.2739713498,-1.5,-2.1258330249));
#84=DIRECTION('',(1.0,0.0,0.0));
#85=VECTOR('',#84,1.0);
#86=LINE('',#83,#85);
#87=EDGE_CURVE('no 343949',#82,#74,#86,.T.);
#88=ORIENTED_EDGE('no 344006',*,*,#87,.F.);
#89=CARTESIAN_POINT('',(-27.5989713498,-1.5,-1.0629165125));
#90=DIRECTION('',(0.5,0.0,-0.8660254038));
#91=VECTOR('',#90,1.0);
#92=LINE('',#89,#91);
#93=EDGE_CURVE('no 344147',#57,#82,#92,.T.);
#94=ORIENTED_EDGE('no 344007',*,*,#93,.F.);
#95=EDGE_LOOP('',(#63,#64,#72,#80,#88,#94));
#96=FACE_OUTER_BOUND('',#95,.F.);
#97=CARTESIAN_POINT('',(18.2873535156,-1.5,9.0));
#98=DIRECTION('',(0.0,-1.0,0.0));
#99=DIRECTION('',(0.0,0.0,-1.0));
#100=AXIS2_PLACEMENT_3D('',#97,#98,#99);
#101=PLANE('',#100);
#102=ADVANCED_FACE('no 344145',(#96),#101,.T.);
#103=ORIENTED_EDGE('no 343992',*,*,#71,.F.);
#104=CARTESIAN_POINT('',(-25.5626464844,3.5,-1.1258330249));
#105=VERTEX_POINT('',#104);
#106=CARTESIAN_POINT('',(-25.5626464844,12.0,-1.1258330249));
#107=DIRECTION('',(0.0,-1.0,0.0));
#108=VECTOR('',#107,1.0);
#109=LINE('',#106,#108);
#110=EDGE_CURVE('no 343929',#105,#66,#109,.T.);
#111=ORIENTED_EDGE('no 343972',*,*,#110,.F.);
#112=CARTESIAN_POINT('',(-25.5626464844,3.5,-1.1258330249));
#113=DIRECTION('',(-1.0,0.0,0.0));
#114=VECTOR('',#113,1.0);
#115=LINE('',#112,#114);
#116=EDGE_CURVE('no 343932',#105,#27,#115,.T.);
#117=ORIENTED_EDGE('no 343986',*,*,#116,.T.);
#118=ORIENTED_EDGE('no 343971',*,*,#32,.T.);
#119=EDGE_LOOP('',(#103,#111,#117,#118));
#120=FACE_OUTER_BOUND('',#119,.T.);
#121=CARTESIAN_POINT('',(-25.5626464844,12.0,-1.1258330249));
#122=DIRECTION('',(0.0,0.0,1.0));
#123=DIRECTION('',(-1.0,0.0,0.0));
#124=AXIS2_PLACEMENT_3D('',#121,#122,#123);
#125=PLANE('',#124);
#126=ADVANCED_FACE('no 343927',(#120),#125,.T.);
#127=CARTESIAN_POINT('',(-28.2126464844,3.5,-0.0));
#128=VERTEX_POINT('',#127);
#129=CARTESIAN_POINT('',(0.0,3.5,-0.0));
#130=DIRECTION('',(-1.0,0.0,0.0));
#131=VECTOR('',#130,1.0);
#132=LINE('',#129,#131);
#133=EDGE_CURVE('no 344078',#35,#128,#132,.T.);
#134=ORIENTED_EDGE('no 343996',*,*,#133,.F.);
#135=ORIENTED_EDGE('no 343997',*,*,#40,.F.);
#136=ORIENTED_EDGE('no 343998',*,*,#116,.F.);
#137=CARTESIAN_POINT('',(-25.5626464844,3.5,-2.1258330249));
#138=VERTEX_POINT('',#137);
#139=CARTESIAN_POINT('',(-25.5626464844,3.5,0.0));
#140=DIRECTION('',(0.0,0.0,1.0));
#141=VECTOR('',#140,1.0);
#142=LINE('',#139,#141);
#143=EDGE_CURVE('no 343940',#138,#105,#142,.T.);
#144=ORIENTED_EDGE('no 343999',*,*,#143,.F.);
#145=CARTESIAN_POINT('',(-26.9852962152,3.5,-2.1258330249));
#146=VERTEX_POINT('',#145);
#147=CARTESIAN_POINT('',(-26.2739713498,3.5,-2.1258330249));
#148=DIRECTION('',(1.0,0.0,0.0));
#149=VECTOR('',#148,1.0);
#150=LINE('',#147,#149);
#151=EDGE_CURVE('no 343948',#146,#138,#150,.T.);
#152=ORIENTED_EDGE('no 344000',*,*,#151,.F.);
#153=CARTESIAN_POINT('',(-27.5989713498,3.5,-1.0629165125));
#154=DIRECTION('',(0.5,0.0,-0.8660254038));
#155=VECTOR('',#154,1.0);
#156=LINE('',#153,#155);
#157=EDGE_CURVE('no 344150',#128,#146,#156,.T.);
#158=ORIENTED_EDGE('no 344001',*,*,#157,.F.);
#159=EDGE_LOOP('',(#134,#135,#136,#144,#152,#158));
#160=FACE_OUTER_BOUND('',#159,.T.);
#161=CARTESIAN_POINT('',(18.2873535156,3.5,8.0));
#162=DIRECTION('',(0.0,1.0,0.0));
#163=DIRECTION('',(0.0,0.0,1.0));
#164=AXIS2_PLACEMENT_3D('',#161,#162,#163);
#165=PLANE('',#164);
#166=ADVANCED_FACE('no 344143',(#160),#165,.T.);
#167=ORIENTED_EDGE('no 343993',*,*,#79,.F.);
#168=CARTESIAN_POINT('',(-25.5626464844,12.0,-2.1258330249));
#169=DIRECTION('',(0.0,-1.0,0.0));
#170=VECTOR('',#169,1.0);
#171=LINE('',#168,#170);
#172=EDGE_CURVE('no 343937',#138,#74,#171,.T.);
#173=ORIENTED_EDGE('no 343974',*,*,#172,.F.);
#174=ORIENTED_EDGE('no 343987',*,*,#143,.T.);
#175=ORIENTED_EDGE('no 343973',*,*,#110,.T.);
#176=EDGE_LOOP('',(#167,#173,#174,#175));
#177=FACE_OUTER_BOUND('',#176,.T.);
#178=CARTESIAN_POINT('',(-25.5626464844,12.0,-2.1258330249));
#179=DIRECTION('',(1.0,0.0,-0.0));
#180=DIRECTION('',(0.0,0.0,1.0));
#181=AXIS2_PLACEMENT_3D('',#178,#179,#180);
#182=PLANE('',#181);
#183=ADVANCED_FACE('no 343935',(#177),#182,.T.);
#184=ORIENTED_EDGE('no 343994',*,*,#87,.F.);
#185=CARTESIAN_POINT('',(-26.9852962152,12.0,-2.1258330249));
#186=DIRECTION('',(0.0,-1.0,0.0));
#187=VECTOR('',#186,1.0);
#188=LINE('',#185,#187);
#189=EDGE_CURVE('no 343945',#146,#82,#188,.T.);
#190=ORIENTED_EDGE('no 343976',*,*,#189,.F.);
#191=ORIENTED_EDGE('no 343988',*,*,#151,.T.);
#192=ORIENTED_EDGE('no 343975',*,*,#172,.T.);
#193=EDGE_LOOP('',(#184,#190,#191,#192));
#194=FACE_OUTER_BOUND('',#193,.T.);
#195=CARTESIAN_POINT('',(-26.9852962152,12.0,-2.1258330249));
#196=DIRECTION('',(0.0,0.0,-1.0));
#197=DIRECTION('',(1.0,0.0,0.0));
#198=AXIS2_PLACEMENT_3D('',#195,#196,#197);
#199=PLANE('',#198);
#200=ADVANCED_FACE('no 343943',(#194),#199,.T.);
#201=ORIENTED_EDGE('no 343995',*,*,#93,.F.);
#202=CARTESIAN_POINT('',(-28.2126464844,12.0,-0.0));
#203=DIRECTION('',(0.0,-1.0,0.0));
#204=VECTOR('',#203,1.0);
#205=LINE('',#202,#204);
#206=EDGE_CURVE('no 344081',#128,#57,#205,.T.);
#207=ORIENTED_EDGE('no 343967',*,*,#206,.F.);
#208=ORIENTED_EDGE('no 343989',*,*,#157,.T.);
#209=ORIENTED_EDGE('no 343977',*,*,#189,.T.);
#210=EDGE_LOOP('',(#201,#207,#208,#209));
#211=FACE_OUTER_BOUND('',#210,.T.);
#212=CARTESIAN_POINT('',(-28.2126464844,12.0,-0.0));
#213=DIRECTION('',(-0.8660254038,-0.0,-0.5));
#214=DIRECTION('',(0.5,0.0,-0.8660254038));
#215=AXIS2_PLACEMENT_3D('',#212,#213,#214);
#216=PLANE('',#215);
#217=ADVANCED_FACE('no 344141',(#211),#216,.T.);
#218=CARTESIAN_POINT('',(14.2873535156,-10.0,0.0));
#219=VERTEX_POINT('',#218);
#220=CARTESIAN_POINT('',(-19.7126464844,-10.0,0.0));
#221=VERTEX_POINT('',#220);
#222=CARTESIAN_POINT('',(-0.7126464844,-10.0,0.0));
#223=DIRECTION('',(-1.0,0.0,0.0));
#224=VECTOR('',#223,1.0);
#225=LINE('',#222,#224);
#226=EDGE_CURVE('no 304121',#219,#221,#225,.T.);
#227=ORIENTED_EDGE('no 228',*,*,#226,.F.);
#228=CARTESIAN_POINT('',(18.2873535156,-6.0,0.0));
#229=VERTEX_POINT('',#228);
#230=CARTESIAN_POINT('',(14.2873535156,-6.0,0.0));
#231=DIRECTION('',(0.0,0.0,1.0));
#232=DIRECTION('',(1.0,0.0,0.0));
#233=AXIS2_PLACEMENT_3D('',#230,#231,#232);
#234=CIRCLE('',#233,4.0);
#235=EDGE_CURVE('no 304095',#219,#229,#234,.T.);
#236=ORIENTED_EDGE('no 304091',*,*,#235,.T.);
#237=CARTESIAN_POINT('',(18.2873535156,8.0,0.0));
#238=VERTEX_POINT('',#237);
#239=CARTESIAN_POINT('',(18.2873535156,0.0,0.0));
#240=DIRECTION('',(0.0,1.0,0.0));
#241=VECTOR('',#240,1.0);
#242=LINE('',#239,#241);
#243=EDGE_CURVE('no 304129',#229,#238,#242,.T.);
#244=ORIENTED_EDGE('no 227',*,*,#243,.T.);
#245=CARTESIAN_POINT('',(14.2873535156,12.0,0.0));
#246=VERTEX_POINT('',#245);
#247=CARTESIAN_POINT('',(14.2873535156,8.0,0.0));
#248=DIRECTION('',(0.0,0.0,1.0));
#249=DIRECTION('',(1.0,0.0,0.0));
#250=AXIS2_PLACEMENT_3D('',#247,#248,#249);
#251=CIRCLE('',#250,4.0);
#252=EDGE_CURVE('no 303973',#238,#246,#251,.T.);
#253=ORIENTED_EDGE('no 303969',*,*,#252,.T.);
#254=CARTESIAN_POINT('',(-19.7126464844,12.0,0.0));
#255=VERTEX_POINT('',#254);
#256=CARTESIAN_POINT('',(0.0,12.0,0.0));
#257=DIRECTION('',(1.0,0.0,0.0));
#258=VECTOR('',#257,1.0);
#259=LINE('',#256,#258);
#260=EDGE_CURVE('no 304012',#255,#246,#259,.T.);
#261=ORIENTED_EDGE('no 226',*,*,#260,.F.);
#262=CARTESIAN_POINT('',(-19.7126464844,7.9954516602,0.0));
#263=VERTEX_POINT('',#262);
#264=CARTESIAN_POINT('',(-19.7126464844,1.0,0.0));
#265=DIRECTION('',(0.0,-1.0,0.0));
#266=VECTOR('',#265,1.0);
#267=LINE('',#264,#266);
#268=EDGE_CURVE('no 306520',#255,#263,#267,.T.);
#269=ORIENTED_EDGE('no 229',*,*,#268,.T.);
#270=CARTESIAN_POINT('',(-31.2126464844,7.9954516602,0.0));
#271=VERTEX_POINT('',#270);
#272=CARTESIAN_POINT('',(-6.4626464844,7.9954516602,0.0));
#273=DIRECTION('',(-1.0,0.0,0.0));
#274=VECTOR('',#273,1.0);
#275=LINE('',#272,#274);
#276=EDGE_CURVE('no 306471',#263,#271,#275,.T.);
#277=ORIENTED_EDGE('no 306319',*,*,#276,.T.);
#278=CARTESIAN_POINT('',(-31.2126464844,-5.9954516602,0.0));
#279=VERTEX_POINT('',#278);
#280=CARTESIAN_POINT('',(-31.2126464844,1.0,0.0));
#281=DIRECTION('',(0.0,-1.0,0.0));
#282=VECTOR('',#281,1.0);
#283=LINE('',#280,#282);
#284=EDGE_CURVE('no 306707',#271,#279,#283,.T.);
#285=ORIENTED_EDGE('no 305709',*,*,#284,.T.);
#286=CARTESIAN_POINT('',(-19.7126464844,-5.9954516602,0.0));
#287=VERTEX_POINT('',#286);
#288=CARTESIAN_POINT('',(-6.4626464844,-5.9954516602,0.0));
#289=DIRECTION('',(-1.0,0.0,0.0));
#290=VECTOR('',#289,1.0);
#291=LINE('',#288,#290);
#292=EDGE_CURVE('no 306674',#287,#279,#291,.T.);
#293=ORIENTED_EDGE('no 306521',*,*,#292,.F.);
#294=CARTESIAN_POINT('',(-19.7126464844,1.0,0.0));
#295=DIRECTION('',(0.0,-1.0,0.0));
#296=VECTOR('',#295,1.0);
#297=LINE('',#294,#296);
#298=EDGE_CURVE('no 306717',#287,#221,#297,.T.);
#299=ORIENTED_EDGE('no 229',*,*,#298,.T.);
#300=EDGE_LOOP('',(#227,#236,#244,#253,#261,#269,#277,#285,#293,#299));
#301=FACE_OUTER_BOUND('',#300,.F.);
#302=ORIENTED_EDGE('no 343984',*,*,#133,.F.);
#303=ORIENTED_EDGE('no 343968',*,*,#46,.T.);
#304=ORIENTED_EDGE('no 343990',*,*,#62,.T.);
#305=ORIENTED_EDGE('no 343966',*,*,#206,.F.);
#306=EDGE_LOOP('',(#302,#303,#304,#305));
#307=FACE_BOUND('',#306,.F.);
#308=CARTESIAN_POINT('',(-18.3126464844,-4.6,0.0));
#309=VERTEX_POINT('',#308);
#310=CARTESIAN_POINT('',(-12.1126464844,-4.6,0.0));
#311=VERTEX_POINT('',#310);
#312=CARTESIAN_POINT('',(0.0,-4.6,0.0));
#313=DIRECTION('',(1.0,0.0,0.0));
#314=VECTOR('',#313,1.0);
#315=LINE('',#312,#314);
#316=EDGE_CURVE('no 342905',#309,#311,#315,.T.);
#317=ORIENTED_EDGE('no 342568',*,*,#316,.F.);
#318=CARTESIAN_POINT('',(-18.3126464844,6.6,0.0));
#319=VERTEX_POINT('',#318);
#320=CARTESIAN_POINT('',(-18.3126464844,0.0,0.0));
#321=DIRECTION('',(0.0,1.0,0.0));
#322=VECTOR('',#321,1.0);
#323=LINE('',#320,#322);
#324=EDGE_CURVE('no 342899',#309,#319,#323,.T.);
#325=ORIENTED_EDGE('no 342455',*,*,#324,.T.);
#326=CARTESIAN_POINT('',(-12.1126464844,6.6,0.0));
#327=VERTEX_POINT('',#326);
#328=CARTESIAN_POINT('',(-6.4626464844,6.6,0.0));
#329=DIRECTION('',(-1.0,0.0,0.0));
#330=VECTOR('',#329,1.0);
#331=LINE('',#328,#330);
#332=EDGE_CURVE('no 342893',#327,#319,#331,.T.);
#333=ORIENTED_EDGE('no 342382',*,*,#332,.F.);
#334=CARTESIAN_POINT('',(-12.1126464844,1.0,0.0));
#335=DIRECTION('',(0.0,-1.0,0.0));
#336=VECTOR('',#335,1.0);
#337=LINE('',#334,#336);
#338=EDGE_CURVE('no 342911',#327,#311,#337,.T.);
#339=ORIENTED_EDGE('no 342641',*,*,#338,.T.);
#340=EDGE_LOOP('',(#317,#325,#333,#339));
#341=FACE_BOUND('',#340,.F.);
#342=CARTESIAN_POINT('',(-16.7126464844,10.0,0.0));
#343=VERTEX_POINT('',#342);
#344=CARTESIAN_POINT('',(-18.7126464844,10.0,0.0));
#345=VERTEX_POINT('',#344);
#346=CARTESIAN_POINT('',(-17.7126464844,10.0,0.0));
#347=DIRECTION('',(0.0,0.0,1.0));
#348=DIRECTION('',(1.0,0.0,0.0));
#349=AXIS2_PLACEMENT_3D('',#346,#347,#348);
#350=CIRCLE('',#349,1.0);
#351=EDGE_CURVE('no 341487',#343,#345,#350,.T.);
#352=ORIENTED_EDGE('no 341463',*,*,#351,.F.);
#353=CARTESIAN_POINT('',(-17.7126464844,10.0,0.0));
#354=DIRECTION('',(0.0,0.0,1.0));
#355=DIRECTION('',(1.0,0.0,0.0));
#356=AXIS2_PLACEMENT_3D('',#353,#354,#355);
#357=CIRCLE('',#356,1.0);
#358=EDGE_CURVE('no 341497',#345,#343,#357,.T.);
#359=ORIENTED_EDGE('no 341463',*,*,#358,.F.);
#360=EDGE_LOOP('',(#352,#359));
#361=FACE_BOUND('',#360,.F.);
#362=CARTESIAN_POINT('',(-16.7126464844,-8.0,0.0));
#363=VERTEX_POINT('',#362);
#364=CARTESIAN_POINT('',(-18.7126464844,-8.0,0.0));
#365=VERTEX_POINT('',#364);
#366=CARTESIAN_POINT('',(-17.7126464844,-8.0,0.0));
#367=DIRECTION('',(0.0,0.0,1.0));
#368=DIRECTION('',(1.0,0.0,0.0));
#369=AXIS2_PLACEMENT_3D('',#366,#367,#368);
#370=CIRCLE('',#369,1.0);
#371=EDGE_CURVE('no 341148',#363,#365,#370,.T.);
#372=ORIENTED_EDGE('no 341124',*,*,#371,.F.);
#373=CARTESIAN_POINT('',(-17.7126464844,-8.0,0.0));
#374=DIRECTION('',(0.0,0.0,1.0));
#375=DIRECTION('',(1.0,0.0,0.0));
#376=AXIS2_PLACEMENT_3D('',#373,#374,#375);
#377=CIRCLE('',#376,1.0);
#378=EDGE_CURVE('no 341158',#365,#363,#377,.T.);
#379=ORIENTED_EDGE('no 341124',*,*,#378,.F.);
#380=EDGE_LOOP('',(#372,#379));
#381=FACE_BOUND('',#380,.F.);
#382=CARTESIAN_POINT('',(-1.2126464844,11.0,0.0));
#383=VERTEX_POINT('',#382);
#384=CARTESIAN_POINT('',(-2.2126464844,11.0,0.0));
#385=VERTEX_POINT('',#384);
#386=CARTESIAN_POINT('',(-1.7126464844,11.0,0.0));
#387=DIRECTION('',(0.0,0.0,1.0));
#388=DIRECTION('',(1.0,0.0,0.0));
#389=AXIS2_PLACEMENT_3D('',#386,#387,#388);
#390=CIRCLE('',#389,0.5);
#391=EDGE_CURVE('no 340047',#383,#385,#390,.T.);
#392=ORIENTED_EDGE('no 340023',*,*,#391,.F.);
#393=CARTESIAN_POINT('',(-1.7126464844,11.0,0.0));
#394=DIRECTION('',(0.0,0.0,1.0));
#395=DIRECTION('',(1.0,0.0,0.0));
#396=AXIS2_PLACEMENT_3D('',#393,#394,#395);
#397=CIRCLE('',#396,0.5);
#398=EDGE_CURVE('no 340057',#385,#383,#397,.T.);
#399=ORIENTED_EDGE('no 340023',*,*,#398,.F.);
#400=EDGE_LOOP('',(#392,#399));
#401=FACE_BOUND('',#400,.F.);
#402=CARTESIAN_POINT('',(-1.2126464844,-9.0,0.0));
#403=VERTEX_POINT('',#402);
#404=CARTESIAN_POINT('',(-2.2126464844,-9.0,0.0));
#405=VERTEX_POINT('',#404);
#406=CARTESIAN_POINT('',(-1.7126464844,-9.0,0.0));
#407=DIRECTION('',(0.0,0.0,1.0));
#408=DIRECTION('',(1.0,0.0,0.0));
#409=AXIS2_PLACEMENT_3D('',#406,#407,#408);
#410=CIRCLE('',#409,0.5);
#411=EDGE_CURVE('no 339708',#403,#405,#410,.T.);
#412=ORIENTED_EDGE('no 339684',*,*,#411,.F.);
#413=CARTESIAN_POINT('',(-1.7126464844,-9.0,0.0));
#414=DIRECTION('',(0.0,0.0,1.0));
#415=DIRECTION('',(1.0,0.0,0.0));
#416=AXIS2_PLACEMENT_3D('',#413,#414,#415);
#417=CIRCLE('',#416,0.5);
#418=EDGE_CURVE('no 339718',#405,#403,#417,.T.);
#419=ORIENTED_EDGE('no 339684',*,*,#418,.F.);
#420=EDGE_LOOP('',(#412,#419));
#421=FACE_BOUND('',#420,.F.);
#422=CARTESIAN_POINT('',(16.8873535156,-8.0,0.0));
#423=VERTEX_POINT('',#422);
#424=CARTESIAN_POINT('',(15.6873535156,-8.0,0.0));
#425=VERTEX_POINT('',#424);
#426=CARTESIAN_POINT('',(16.2873535156,-8.0,0.0));
#427=DIRECTION('',(0.0,0.0,1.0));
#428=DIRECTION('',(1.0,0.0,0.0));
#429=AXIS2_PLACEMENT_3D('',#426,#427,#428);
#430=CIRCLE('',#429,0.6);
#431=EDGE_CURVE('no 339369',#423,#425,#430,.T.);
#432=ORIENTED_EDGE('no 339345',*,*,#431,.F.);
#433=CARTESIAN_POINT('',(16.2873535156,-8.0,0.0));
#434=DIRECTION('',(0.0,0.0,1.0));
#435=DIRECTION('',(1.0,0.0,0.0));
#436=AXIS2_PLACEMENT_3D('',#433,#434,#435);
#437=CIRCLE('',#436,0.6);
#438=EDGE_CURVE('no 339379',#425,#423,#437,.T.);
#439=ORIENTED_EDGE('no 339345',*,*,#438,.F.);
#440=EDGE_LOOP('',(#432,#439));
#441=FACE_BOUND('',#440,.F.);
#442=CARTESIAN_POINT('',(16.8873535156,10.0,0.0));
#443=VERTEX_POINT('',#442);
#444=CARTESIAN_POINT('',(15.6873535156,10.0,0.0));
#445=VERTEX_POINT('',#444);
#446=CARTESIAN_POINT('',(16.2873535156,10.0,0.0));
#447=DIRECTION('',(0.0,0.0,1.0));
#448=DIRECTION('',(1.0,0.0,0.0));
#449=AXIS2_PLACEMENT_3D('',#446,#447,#448);
#450=CIRCLE('',#449,0.6);
#451=EDGE_CURVE('no 339030',#443,#445,#450,.T.);
#452=ORIENTED_EDGE('no 339006',*,*,#451,.F.);
#453=CARTESIAN_POINT('',(16.2873535156,10.0,0.0));
#454=DIRECTION('',(0.0,0.0,1.0));
#455=DIRECTION('',(1.0,0.0,0.0));
#456=AXIS2_PLACEMENT_3D('',#453,#454,#455);
#457=CIRCLE('',#456,0.6);
#458=EDGE_CURVE('no 339040',#445,#443,#457,.T.);
#459=ORIENTED_EDGE('no 339006',*,*,#458,.F.);
#460=EDGE_LOOP('',(#452,#459));
#461=FACE_BOUND('',#460,.F.);
#462=CARTESIAN_POINT('',(9.0873535156,1.0,0.0));
#463=VERTEX_POINT('',#462);
#464=CARTESIAN_POINT('',(4.4873535156,1.0,0.0));
#465=VERTEX_POINT('',#464);
#466=CARTESIAN_POINT('',(6.7873535156,1.0,0.0));
#467=DIRECTION('',(0.0,0.0,1.0));
#468=DIRECTION('',(1.0,0.0,0.0));
#469=AXIS2_PLACEMENT_3D('',#466,#467,#468);
#470=CIRCLE('',#469,2.3);
#471=EDGE_CURVE('no 338224',#463,#465,#470,.T.);
#472=ORIENTED_EDGE('no 338175',*,*,#471,.F.);
#473=CARTESIAN_POINT('',(6.7873535156,1.0,0.0));
#474=DIRECTION('',(0.0,0.0,1.0));
#475=DIRECTION('',(1.0,0.0,0.0));
#476=AXIS2_PLACEMENT_3D('',#473,#474,#475);
#477=CIRCLE('',#476,2.3);
#478=EDGE_CURVE('no 338243',#465,#463,#477,.T.);
#479=ORIENTED_EDGE('no 338175',*,*,#478,.F.);
#480=EDGE_LOOP('',(#472,#479));
#481=FACE_BOUND('',#480,.F.);
#482=CARTESIAN_POINT('',(-12.9126464844,-7.5,0.0));
#483=VERTEX_POINT('',#482);
#484=CARTESIAN_POINT('',(-15.9126464844,-7.5,0.0));
#485=VERTEX_POINT('',#484);
#486=CARTESIAN_POINT('',(-14.4126464844,-7.5,0.0));
#487=DIRECTION('',(0.0,0.0,1.0));
#488=DIRECTION('',(1.0,0.0,0.0));
#489=AXIS2_PLACEMENT_3D('',#486,#487,#488);
#490=CIRCLE('',#489,1.5);
#491=EDGE_CURVE('no 337337',#483,#485,#490,.T.);
#492=ORIENTED_EDGE('no 337296',*,*,#491,.F.);
#493=CARTESIAN_POINT('',(-14.4126464844,-7.5,0.0));
#494=DIRECTION('',(0.0,0.0,1.0));
#495=DIRECTION('',(1.0,0.0,0.0));
#496=AXIS2_PLACEMENT_3D('',#493,#494,#495);
#497=CIRCLE('',#496,1.5);
#498=EDGE_CURVE('no 337356',#485,#483,#497,.T.);
#499=ORIENTED_EDGE('no 337296',*,*,#498,.F.);
#500=EDGE_LOOP('',(#492,#499));
#501=FACE_BOUND('',#500,.F.);
#502=CARTESIAN_POINT('',(-12.9126464844,9.5,0.0));
#503=VERTEX_POINT('',#502);
#504=CARTESIAN_POINT('',(-15.9126464844,9.5,0.0));
#505=VERTEX_POINT('',#504);
#506=CARTESIAN_POINT('',(-14.4126464844,9.5,0.0));
#507=DIRECTION('',(0.0,0.0,1.0));
#508=DIRECTION('',(1.0,0.0,0.0));
#509=AXIS2_PLACEMENT_3D('',#506,#507,#508);
#510=CIRCLE('',#509,1.5);
#511=EDGE_CURVE('no 336459',#503,#505,#510,.T.);
#512=ORIENTED_EDGE('no 336417',*,*,#511,.F.);
#513=CARTESIAN_POINT('',(-14.4126464844,9.5,0.0));
#514=DIRECTION('',(0.0,0.0,1.0));
#515=DIRECTION('',(1.0,0.0,0.0));
#516=AXIS2_PLACEMENT_3D('',#513,#514,#515);
#517=CIRCLE('',#516,1.5);
#518=EDGE_CURVE('no 336478',#505,#503,#517,.T.);
#519=ORIENTED_EDGE('no 336417',*,*,#518,.F.);
#520=EDGE_LOOP('',(#512,#519));
#521=FACE_BOUND('',#520,.F.);
#522=CARTESIAN_POINT('',(0.0,0.0,0.0));
#523=DIRECTION('',(0.0,0.0,1.0));
#524=DIRECTION('',(1.0,0.0,0.0));
#525=AXIS2_PLACEMENT_3D('',#522,#523,#524);
#526=PLANE('',#525);
#527=ADVANCED_FACE('no 344154',(#301,#307,#341,#361,#381,#401,#421,#441,#461,#481,
    #501,#521),#526,.F.);
#528=CARTESIAN_POINT('',(-15.1126464844,1.5,0.9886751346));
#529=VERTEX_POINT('',#528);
#530=CARTESIAN_POINT('',(-14.6626464844,1.5,0.7288675135));
#531=VERTEX_POINT('',#530);
#532=CARTESIAN_POINT('',(-15.1126464844,1.5,0.9886751346));
#533=DIRECTION('',(0.8660254038,0.0,-0.5));
#534=VECTOR('',#533,1.0);
#535=LINE('',#532,#534);
#536=EDGE_CURVE('no 343856',#529,#531,#535,.T.);
#537=ORIENTED_EDGE('no 343454',*,*,#536,.F.);
#538=CARTESIAN_POINT('',(-15.5626464844,1.5,0.7288675135));
#539=VERTEX_POINT('',#538);
#540=CARTESIAN_POINT('',(-15.1126464844,1.5,0.9886751346));
#541=DIRECTION('',(-0.8660254038,0.0,-0.5));
#542=VECTOR('',#541,1.0);
#543=LINE('',#540,#542);
#544=EDGE_CURVE('no 343858',#529,#539,#543,.T.);
#545=ORIENTED_EDGE('no 343457',*,*,#544,.T.);
#546=CARTESIAN_POINT('',(-15.1126464844,1.5,0.7288675135));
#547=DIRECTION('',(-0.0,-0.0,1.0));
#548=DIRECTION('',(1.0,0.0,0.0));
#549=AXIS2_PLACEMENT_3D('',#546,#547,#548);
#550=CIRCLE('',#549,0.45);
#551=EDGE_CURVE('no 343788',#539,#531,#550,.T.);
#552=ORIENTED_EDGE('no 343762',*,*,#551,.T.);
#553=EDGE_LOOP('',(#537,#545,#552));
#554=FACE_OUTER_BOUND('',#553,.F.);
#555=CARTESIAN_POINT('',(-15.1126464844,1.5,0.9886751346));
#556=DIRECTION('',(0.0,0.0,-1.0));
#557=DIRECTION('',(1.0,0.0,0.0));
#558=AXIS2_PLACEMENT_3D('',#555,#556,#557);
#559=CONICAL_SURFACE('',#558,0.0,1.0471975512);
#560=ADVANCED_FACE('no 343864',(#554),#559,.F.);
#561=CARTESIAN_POINT('',(-14.6126464844,1.5,0.6422649731));
#562=VERTEX_POINT('',#561);
#563=CARTESIAN_POINT('',(-14.6126464844,1.5,0.3));
#564=VERTEX_POINT('',#563);
#565=CARTESIAN_POINT('',(-14.6126464844,1.5,0.6422649731));
#566=DIRECTION('',(0.0,0.0,-1.0));
#567=VECTOR('',#566,1.0);
#568=LINE('',#565,#567);
#569=EDGE_CURVE('no 343869',#562,#564,#568,.T.);
#570=ORIENTED_EDGE('no 343455',*,*,#569,.T.);
#571=CARTESIAN_POINT('',(-15.6126464844,1.5,0.3));
#572=VERTEX_POINT('',#571);
#573=CARTESIAN_POINT('',(-15.1126464844,1.5,0.3));
#574=DIRECTION('',(-0.0,0.0,-1.0));
#575=DIRECTION('',(1.0,0.0,0.0));
#576=AXIS2_PLACEMENT_3D('',#573,#574,#575);
#577=CIRCLE('',#576,0.5);
#578=EDGE_CURVE('no 343666',#572,#564,#577,.T.);
#579=ORIENTED_EDGE('no 343642',*,*,#578,.F.);
#580=CARTESIAN_POINT('',(-15.6126464844,1.5,0.6422649731));
#581=VERTEX_POINT('',#580);
#582=CARTESIAN_POINT('',(-15.6126464844,1.5,0.6422649731));
#583=DIRECTION('',(0.0,0.0,-1.0));
#584=VECTOR('',#583,1.0);
#585=LINE('',#582,#584);
#586=EDGE_CURVE('no 343871',#581,#572,#585,.T.);
#587=ORIENTED_EDGE('no 343458',*,*,#586,.F.);
#588=CARTESIAN_POINT('',(-15.1126464844,1.5,0.6422649731));
#589=DIRECTION('',(0.0,-0.0,1.0));
#590=DIRECTION('',(1.0,0.0,0.0));
#591=AXIS2_PLACEMENT_3D('',#588,#589,#590);
#592=CIRCLE('',#591,0.5);
#593=EDGE_CURVE('no 343814',#562,#581,#592,.T.);
#594=ORIENTED_EDGE('no 343804',*,*,#593,.F.);
#595=EDGE_LOOP('',(#570,#579,#587,#594));
#596=FACE_OUTER_BOUND('',#595,.F.);
#597=CARTESIAN_POINT('',(-15.1126464844,1.5,0.2));
#598=DIRECTION('',(0.0,-0.0,1.0));
#599=DIRECTION('',(1.0,0.0,0.0));
#600=AXIS2_PLACEMENT_3D('',#597,#598,#599);
#601=CYLINDRICAL_SURFACE('',#600,0.5);
#602=ADVANCED_FACE('no 343876',(#596),#601,.F.);
#603=CARTESIAN_POINT('',(-14.7126464844,1.5,0.6422649731));
#604=DIRECTION('',(-0.0,1.0,0.0));
#605=DIRECTION('',(1.0,0.0,0.0));
#606=AXIS2_PLACEMENT_3D('',#603,#604,#605);
#607=CIRCLE('',#606,0.1);
#608=EDGE_CURVE('no 343833',#531,#562,#607,.T.);
#609=ORIENTED_EDGE('no 343830',*,*,#608,.F.);
#610=ORIENTED_EDGE('no 343827',*,*,#551,.F.);
#611=CARTESIAN_POINT('',(-15.5126464844,1.5,0.6422649731));
#612=DIRECTION('',(-0.0,-1.0,-0.0));
#613=DIRECTION('',(-1.0,0.0,0.0));
#614=AXIS2_PLACEMENT_3D('',#611,#612,#613);
#615=CIRCLE('',#614,0.1);
#616=EDGE_CURVE('no 343837',#539,#581,#615,.T.);
#617=ORIENTED_EDGE('no 343829',*,*,#616,.T.);
#618=CARTESIAN_POINT('',(-15.1126464844,1.5,0.6422649731));
#619=DIRECTION('',(0.0,-0.0,1.0));
#620=DIRECTION('',(-0.2634456915,0.9646742288,0.0));
#621=AXIS2_PLACEMENT_3D('',#618,#619,#620);
#622=CIRCLE('',#621,0.5);
#623=EDGE_CURVE('no 343799',#581,#562,#622,.T.);
#624=ORIENTED_EDGE('no 343828',*,*,#623,.T.);
#625=EDGE_LOOP('',(#609,#610,#617,#624));
#626=FACE_OUTER_BOUND('',#625,.F.);
#627=CARTESIAN_POINT('',(-15.1126464844,1.5,0.6422649731));
#628=DIRECTION('',(0.0,-0.0,1.0));
#629=DIRECTION('',(-0.2634456915,0.9646742288,0.0));
#630=AXIS2_PLACEMENT_3D('',#627,#628,#629);
#631=TOROIDAL_SURFACE('',#630,0.4,0.1);
#632=ADVANCED_FACE('no 343832',(#626),#631,.F.);
#633=ORIENTED_EDGE('no 343458',*,*,#586,.T.);
#634=CARTESIAN_POINT('',(-15.1126464844,1.5,0.3));
#635=DIRECTION('',(-0.0,0.0,-1.0));
#636=DIRECTION('',(1.0,0.0,0.0));
#637=AXIS2_PLACEMENT_3D('',#634,#635,#636);
#638=CIRCLE('',#637,0.5);
#639=EDGE_CURVE('no 343699',#564,#572,#638,.T.);
#640=ORIENTED_EDGE('no 343676',*,*,#639,.F.);
#641=ORIENTED_EDGE('no 343456',*,*,#569,.F.);
#642=ORIENTED_EDGE('no 343764',*,*,#623,.F.);
#643=EDGE_LOOP('',(#633,#640,#641,#642));
#644=FACE_OUTER_BOUND('',#643,.F.);
#645=CARTESIAN_POINT('',(-15.1126464844,1.5,0.2));
#646=DIRECTION('',(0.0,-0.0,1.0));
#647=DIRECTION('',(1.0,0.0,0.0));
#648=AXIS2_PLACEMENT_3D('',#645,#646,#647);
#649=CYLINDRICAL_SURFACE('',#648,0.5);
#650=ADVANCED_FACE('no 343872',(#644),#649,.F.);
#651=CARTESIAN_POINT('',(-12.2126464844,-4.5,0.1));
#652=VERTEX_POINT('',#651);
#653=CARTESIAN_POINT('',(-12.3126464844,-4.4,0.2));
#654=VERTEX_POINT('',#653);
#655=CARTESIAN_POINT('',(-12.2126464844,-4.5,0.1));
#656=CARTESIAN_POINT('',(-12.2126464844,-4.5,0.1004141061));
#657=CARTESIAN_POINT('',(-12.2126467523,-4.4999974277,0.1008282189));
#658=CARTESIAN_POINT('',(-12.2126537514,-4.4999871383,0.1016564046));
#659=CARTESIAN_POINT('',(-12.2126604002,-4.4999794209,0.102070475));
#660=CARTESIAN_POINT('',(-12.2126809775,-4.4999588452,0.1028984043));
#661=CARTESIAN_POINT('',(-12.2126948235,-4.4999459868,0.1033122607));
#662=CARTESIAN_POINT('',(-12.2127281368,-4.4999151412,0.1041395528));
#663=CARTESIAN_POINT('',(-12.2127475215,-4.4998971542,0.1045529861));
#664=CARTESIAN_POINT('',(-12.2127902503,-4.4998560697,0.1053792611));
#665=CARTESIAN_POINT('',(-12.2128135119,-4.4998329725,0.1057921004));
#666=CARTESIAN_POINT('',(-12.2130029626,-4.4996435218,0.1088396006));
#667=CARTESIAN_POINT('',(-12.2132713149,-4.4993756346,0.1114627907));
#668=CARTESIAN_POINT('',(-12.2140136669,-4.4986360198,0.1166687707));
#669=CARTESIAN_POINT('',(-12.2144874815,-4.4981641184,0.1192509985));
#670=CARTESIAN_POINT('',(-12.2156257072,-4.4970278377,0.1243391412));
#671=CARTESIAN_POINT('',(-12.2162899333,-4.4963635376,0.1268445056));
#672=CARTESIAN_POINT('',(-12.217788251,-4.4948631235,0.1317418757));
#673=CARTESIAN_POINT('',(-12.2186221574,-4.4940273205,0.1341334078));
#674=CARTESIAN_POINT('',(-12.2204389792,-4.4922078979,0.1387805375));
#675=CARTESIAN_POINT('',(-12.2214217094,-4.4912247749,0.1410357863));
#676=CARTESIAN_POINT('',(-12.2245404549,-4.4881060295,0.1475420194));
#677=CARTESIAN_POINT('',(-12.2268708852,-4.4857759482,0.1516083941));
#678=CARTESIAN_POINT('',(-12.2319448127,-4.4807041606,0.1592264983));
#679=CARTESIAN_POINT('',(-12.2346879364,-4.4779624681,0.1627778636));
#680=CARTESIAN_POINT('',(-12.2404800579,-4.4721715928,0.1693575358));
#681=CARTESIAN_POINT('',(-12.2435286823,-4.4691227323,0.1723856368));
#682=CARTESIAN_POINT('',(-12.2498387142,-4.4628109928,0.1779256807));
#683=CARTESIAN_POINT('',(-12.2530997482,-4.4595486077,0.1804376648));
#684=CARTESIAN_POINT('',(-12.2597668107,-4.4528798513,0.1849704414));
#685=CARTESIAN_POINT('',(-12.2631724659,-4.4494740185,0.1869915528));
#686=CARTESIAN_POINT('',(-12.2695539256,-4.4430925588,0.190298615));
#687=CARTESIAN_POINT('',(-12.2725144537,-4.4401320038,0.1916504508));
#688=CARTESIAN_POINT('',(-12.2784979894,-4.434148475,0.19404395));
#689=CARTESIAN_POINT('',(-12.2815210078,-4.431125476,0.1950855991));
#690=CARTESIAN_POINT('',(-12.2876112366,-4.4250352635,0.1968674455));
#691=CARTESIAN_POINT('',(-12.2906784578,-4.4219680366,0.1976076349));
#692=CARTESIAN_POINT('',(-12.2968408474,-4.4158056216,0.1987928507));
#693=CARTESIAN_POINT('',(-12.2999360268,-4.412710427,0.1992378779));
#694=CARTESIAN_POINT('',(-12.3061398051,-4.4065066532,0.1998367409));
#695=CARTESIAN_POINT('',(-12.309248415,-4.4033980694,0.1999905873));
#696=CARTESIAN_POINT('',(-12.3123764545,-4.4002700299,0.1999996373));
#697=CARTESIAN_POINT('',(-12.3123957423,-4.400250742,0.1999996875));
#698=CARTESIAN_POINT('',(-12.312434318,-4.4002121664,0.1999997768));
#699=CARTESIAN_POINT('',(-12.3124536058,-4.4001928785,0.1999998158));
#700=CARTESIAN_POINT('',(-12.3124921815,-4.4001543028,0.1999998828));
#701=CARTESIAN_POINT('',(-12.3125114694,-4.400135015,0.1999999107));
#702=CARTESIAN_POINT('',(-12.3125500451,-4.4000964393,0.1999999554));
#703=CARTESIAN_POINT('',(-12.3125693329,-4.4000771514,0.1999999721));
#704=CARTESIAN_POINT('',(-12.3126079086,-4.4000385757,0.1999999944));
#705=CARTESIAN_POINT('',(-12.3126271965,-4.4000192879,0.2));
#706=CARTESIAN_POINT('',(-12.3126464844,-4.4,0.2));
#707=B_SPLINE_CURVE_WITH_KNOTS('',3,(#655,#656,#657,#658,#659,#660,#661,#662,#663,#664,
    #665,#666,#667,#668,#669,#670,#671,#672,#673,#674,
    #675,#676,#677,#678,#679,#680,#681,#682,#683,#684,
    #685,#686,#687,#688,#689,#690,#691,#692,#693,#694,
    #695,#696,#697,#698,#699,#700,#701,#702,#703,#704,
    #705,#706),.UNSPECIFIED.,.F.,.U.,
 (4,2,2,2,2,2,2,2,2,2,2,2,2,2,2,2,2,2,2,2,
  2,2,2,2,2,4),
 (0.0,0.0017569036,0.0035138072,0.0052707108,0.0070276143,0.0087845179,0.0200069337,0.0312293495,0.0424517654,0.0536741812,0.064896597,0.0870225827,0.1091485685,0.1312745543,0.15340054,0.1755265258,0.1941790747,0.2128316237,0.2314841727,0.2501367216,
  0.2687892706,0.2689049977,0.2690207249,0.2691364521,0.2692521792,0.2693679064),.UNSPECIFIED.);
#708=EDGE_CURVE('no 342297',#652,#654,#707,.T.);
#709=ORIENTED_EDGE('no 342292',*,*,#708,.T.);
#710=CARTESIAN_POINT('',(-18.1126464844,-4.4,0.2));
#711=VERTEX_POINT('',#710);
#712=CARTESIAN_POINT('',(-18.1126464844,-4.4,0.2));
#713=DIRECTION('',(1.0,0.0,0.0));
#714=VECTOR('',#713,1.0);
#715=LINE('',#712,#714);
#716=EDGE_CURVE('no 342081',#711,#654,#715,.T.);
#717=ORIENTED_EDGE('no 342168',*,*,#716,.F.);
#718=CARTESIAN_POINT('',(-18.2126464844,-4.5,0.1));
#719=VERTEX_POINT('',#718);
#720=CARTESIAN_POINT('',(-18.2126464844,-4.5,0.1));
#721=CARTESIAN_POINT('',(-18.2126464844,-4.5,0.1004141061));
#722=CARTESIAN_POINT('',(-18.2126462165,-4.4999974277,0.1008282189));
#723=CARTESIAN_POINT('',(-18.2126392174,-4.4999871383,0.1016564046));
#724=CARTESIAN_POINT('',(-18.2126325686,-4.4999794209,0.102070475));
#725=CARTESIAN_POINT('',(-18.2126119913,-4.4999588452,0.1028984043));
#726=CARTESIAN_POINT('',(-18.2125981452,-4.4999459868,0.1033122607));
#727=CARTESIAN_POINT('',(-18.212564832,-4.4999151412,0.1041395528));
#728=CARTESIAN_POINT('',(-18.2125454472,-4.4998971542,0.1045529861));
#729=CARTESIAN_POINT('',(-18.2125027185,-4.4998560697,0.1053792611));
#730=CARTESIAN_POINT('',(-18.2124794569,-4.4998329725,0.1057921004));
#731=CARTESIAN_POINT('',(-18.2122900062,-4.4996435218,0.1088396006));
#732=CARTESIAN_POINT('',(-18.2120216539,-4.4993756346,0.1114627908));
#733=CARTESIAN_POINT('',(-18.2112793018,-4.4986360198,0.1166687707));
#734=CARTESIAN_POINT('',(-18.2108054873,-4.4981641184,0.1192509985));
#735=CARTESIAN_POINT('',(-18.2096672615,-4.4970278377,0.1243391412));
#736=CARTESIAN_POINT('',(-18.2090030354,-4.4963635376,0.1268445056));
#737=CARTESIAN_POINT('',(-18.2075047177,-4.4948631235,0.1317418757));
#738=CARTESIAN_POINT('',(-18.2066708113,-4.4940273205,0.1341334078));
#739=CARTESIAN_POINT('',(-18.2048539895,-4.4922078979,0.1387805375));
#740=CARTESIAN_POINT('',(-18.2038712593,-4.4912247749,0.1410357863));
#741=CARTESIAN_POINT('',(-18.2007525139,-4.4881060295,0.1475420194));
#742=CARTESIAN_POINT('',(-18.1984220835,-4.4857759482,0.1516083941));
#743=CARTESIAN_POINT('',(-18.193348156,-4.4807041606,0.1592264983));
#744=CARTESIAN_POINT('',(-18.1906050324,-4.4779624681,0.1627778636));
#745=CARTESIAN_POINT('',(-18.1848129108,-4.4721715928,0.1693575358));
#746=CARTESIAN_POINT('',(-18.1817642864,-4.4691227323,0.1723856368));
#747=CARTESIAN_POINT('',(-18.1754542545,-4.4628109928,0.1779256807));
#748=CARTESIAN_POINT('',(-18.1721932205,-4.4595486077,0.1804376648));
#749=CARTESIAN_POINT('',(-18.165526158,-4.4528798513,0.1849704414));
#750=CARTESIAN_POINT('',(-18.1621205029,-4.4494740185,0.1869915528));
#751=CARTESIAN_POINT('',(-18.1557390432,-4.4430925588,0.190298615));
#752=CARTESIAN_POINT('',(-18.152778515,-4.4401320038,0.1916504508));
#753=CARTESIAN_POINT('',(-18.1467949794,-4.4341484749,0.19404395));
#754=CARTESIAN_POINT('',(-18.1437719611,-4.4311254759,0.1950855992));
#755=CARTESIAN_POINT('',(-18.1376817325,-4.4250352632,0.1968674456));
#756=CARTESIAN_POINT('',(-18.1346145113,-4.4219680363,0.197607635));
#757=CARTESIAN_POINT('',(-18.1284521216,-4.4158056213,0.1987928507));
#758=CARTESIAN_POINT('',(-18.1253569423,-4.4127104267,0.1992378779));
#759=CARTESIAN_POINT('',(-18.1191531637,-4.4065066531,0.1998367409));
#760=CARTESIAN_POINT('',(-18.1160445537,-4.4033980694,0.1999905873));
#761=CARTESIAN_POINT('',(-18.1129165143,-4.4002700299,0.1999996373));
#762=CARTESIAN_POINT('',(-18.1128972264,-4.400250742,0.1999996875));
#763=CARTESIAN_POINT('',(-18.1128586508,-4.4002121664,0.1999997768));
#764=CARTESIAN_POINT('',(-18.1128393629,-4.4001928785,0.1999998158));
#765=CARTESIAN_POINT('',(-18.1128007872,-4.4001543028,0.1999998828));
#766=CARTESIAN_POINT('',(-18.1127814994,-4.400135015,0.1999999107));
#767=CARTESIAN_POINT('',(-18.1127429237,-4.4000964393,0.1999999554));
#768=CARTESIAN_POINT('',(-18.1127236358,-4.4000771514,0.1999999721));
#769=CARTESIAN_POINT('',(-18.1126850601,-4.4000385757,0.1999999944));
#770=CARTESIAN_POINT('',(-18.1126657722,-4.4000192879,0.2));
#771=CARTESIAN_POINT('',(-18.1126464844,-4.4,0.2));
#772=B_SPLINE_CURVE_WITH_KNOTS('',3,(#720,#721,#722,#723,#724,#725,#726,#727,#728,#729,
    #730,#731,#732,#733,#734,#735,#736,#737,#738,#739,
    #740,#741,#742,#743,#744,#745,#746,#747,#748,#749,
    #750,#751,#752,#753,#754,#755,#756,#757,#758,#759,
    #760,#761,#762,#763,#764,#765,#766,#767,#768,#769,
    #770,#771),.UNSPECIFIED.,.F.,.U.,
 (4,2,2,2,2,2,2,2,2,2,2,2,2,2,2,2,2,2,2,2,
  2,2,2,2,2,4),
 (0.0,0.0017569036,0.0035138072,0.0052707108,0.0070276143,0.0087845179,0.0200069337,0.0312293496,0.0424517654,0.0536741812,0.064896597,0.0870225828,0.1091485685,0.1312745543,0.15340054,0.1755265258,0.1941790748,0.2128316237,0.2314841727,0.2501367216,
  0.2687892706,0.2689049977,0.2690207249,0.2691364521,0.2692521792,0.2693679064),.UNSPECIFIED.);
#773=EDGE_CURVE('no 342267',#719,#711,#772,.T.);
#774=ORIENTED_EDGE('no 342263',*,*,#773,.F.);
#775=CARTESIAN_POINT('',(-18.2126464844,-4.5,0.1));
#776=DIRECTION('',(1.0,0.0,0.0));
#777=VECTOR('',#776,1.0);
#778=LINE('',#775,#777);
#779=EDGE_CURVE('no 342612',#719,#652,#778,.T.);
#780=ORIENTED_EDGE('no 342167',*,*,#779,.T.);
#781=EDGE_LOOP('',(#709,#717,#774,#780));
#782=FACE_OUTER_BOUND('',#781,.F.);
#783=CARTESIAN_POINT('',(-15.2126464844,-4.4,0.1));
#784=DIRECTION('',(1.0,0.0,0.0));
#785=DIRECTION('',(0.0,-1.0,0.0));
#786=AXIS2_PLACEMENT_3D('',#783,#784,#785);
#787=CYLINDRICAL_SURFACE('',#786,0.1);
#788=ADVANCED_FACE('no 342326',(#782),#787,.F.);
#789=ORIENTED_EDGE('no 342262',*,*,#773,.T.);
#790=CARTESIAN_POINT('',(-18.1126464844,6.4,0.2));
#791=VERTEX_POINT('',#790);
#792=CARTESIAN_POINT('',(-18.1126464844,-4.4,0.2));
#793=DIRECTION('',(0.0,1.0,0.0));
#794=VECTOR('',#793,1.0);
#795=LINE('',#792,#794);
#796=EDGE_CURVE('no 342035',#711,#791,#795,.T.);
#797=ORIENTED_EDGE('no 342152',*,*,#796,.T.);
#798=CARTESIAN_POINT('',(-18.2126464844,6.5,0.1));
#799=VERTEX_POINT('',#798);
#800=CARTESIAN_POINT('',(-18.2126464844,6.5,0.1));
#801=CARTESIAN_POINT('',(-18.2126464844,6.5,0.1004141061));
#802=CARTESIAN_POINT('',(-18.2126439121,6.4999997321,0.1008282189));
#803=CARTESIAN_POINT('',(-18.2126336227,6.499992733,0.1016564046));
#804=CARTESIAN_POINT('',(-18.2126259053,6.4999860842,0.102070475));
#805=CARTESIAN_POINT('',(-18.2126053295,6.4999655069,0.1028984043));
#806=CARTESIAN_POINT('',(-18.2125924711,6.4999516608,0.1033122607));
#807=CARTESIAN_POINT('',(-18.2125616256,6.4999183476,0.1041395528));
#808=CARTESIAN_POINT('',(-18.2125436386,6.4998989628,0.1045529861));
#809=CARTESIAN_POINT('',(-18.2125025541,6.4998562341,0.1053792611));
#810=CARTESIAN_POINT('',(-18.2124794569,6.4998329725,0.1057921004));
#811=CARTESIAN_POINT('',(-18.2122900062,6.4996435218,0.1088396006));
#812=CARTESIAN_POINT('',(-18.2120221189,6.4993751695,0.1114627908));
#813=CARTESIAN_POINT('',(-18.2112825041,6.4986328175,0.1166687707));
#814=CARTESIAN_POINT('',(-18.2108106028,6.4981590029,0.1192509985));
#815=CARTESIAN_POINT('',(-18.2096743221,6.4970207771,0.1243391412));
#816=CARTESIAN_POINT('',(-18.209010022,6.496356551,0.1268445056));
#817=CARTESIAN_POINT('',(-18.2075096078,6.4948582334,0.1317418757));
#818=CARTESIAN_POINT('',(-18.2066738049,6.4940243269,0.1341334078));
#819=CARTESIAN_POINT('',(-18.2048543823,6.4922075051,0.1387805375));
#820=CARTESIAN_POINT('',(-18.2038712593,6.4912247749,0.1410357863));
#821=CARTESIAN_POINT('',(-18.2007525139,6.4881060295,0.1475420194));
#822=CARTESIAN_POINT('',(-18.1984224326,6.4857755991,0.1516083941));
#823=CARTESIAN_POINT('',(-18.193350645,6.4807016717,0.1592264983));
#824=CARTESIAN_POINT('',(-18.1906089524,6.477958548,0.1627778636));
#825=CARTESIAN_POINT('',(-18.1848180772,6.4721664265,0.1693575358));
#826=CARTESIAN_POINT('',(-18.1817692167,6.469117802,0.1723856368));
#827=CARTESIAN_POINT('',(-18.1754574772,6.4628077702,0.1779256807));
#828=CARTESIAN_POINT('',(-18.1721950921,6.4595467361,0.1804376648));
#829=CARTESIAN_POINT('',(-18.1655263357,6.4528796736,0.1849704414));
#830=CARTESIAN_POINT('',(-18.1621205029,6.4494740185,0.1869915528));
#831=CARTESIAN_POINT('',(-18.1557390432,6.4430925588,0.190298615));
#832=CARTESIAN_POINT('',(-18.1527784882,6.4401320306,0.1916504508));
#833=CARTESIAN_POINT('',(-18.1467949594,6.4341484948,0.1940439499));
#834=CARTESIAN_POINT('',(-18.1437719605,6.4311254764,0.1950855991));
#835=CARTESIAN_POINT('',(-18.1376817481,6.4250352475,0.1968674454));
#836=CARTESIAN_POINT('',(-18.1346145213,6.4219680263,0.1976076348));
#837=CARTESIAN_POINT('',(-18.1284521063,6.4158056366,0.1987928506));
#838=CARTESIAN_POINT('',(-18.1253569116,6.4127104573,0.1992378779));
#839=CARTESIAN_POINT('',(-18.1191531377,6.4065066791,0.1998367409));
#840=CARTESIAN_POINT('',(-18.1160445537,6.4033980694,0.1999905873));
#841=CARTESIAN_POINT('',(-18.1129165143,6.4002700299,0.1999996373));
#842=CARTESIAN_POINT('',(-18.1128972264,6.400250742,0.1999996875));
#843=CARTESIAN_POINT('',(-18.1128586508,6.4002121664,0.1999997768));
#844=CARTESIAN_POINT('',(-18.1128393629,6.4001928785,0.1999998158));
#845=CARTESIAN_POINT('',(-18.1128007872,6.4001543029,0.1999998828));
#846=CARTESIAN_POINT('',(-18.1127814994,6.400135015,0.1999999107));
#847=CARTESIAN_POINT('',(-18.1127429237,6.4000964393,0.1999999554));
#848=CARTESIAN_POINT('',(-18.1127236358,6.4000771515,0.1999999721));
#849=CARTESIAN_POINT('',(-18.1126850601,6.4000385757,0.1999999944));
#850=CARTESIAN_POINT('',(-18.1126657722,6.4000192879,0.2));
#851=CARTESIAN_POINT('',(-18.1126464844,6.4,0.2));
#852=B_SPLINE_CURVE_WITH_KNOTS('',3,(#800,#801,#802,#803,#804,#805,#806,#807,#808,#809,
    #810,#811,#812,#813,#814,#815,#816,#817,#818,#819,
    #820,#821,#822,#823,#824,#825,#826,#827,#828,#829,
    #830,#831,#832,#833,#834,#835,#836,#837,#838,#839,
    #840,#841,#842,#843,#844,#845,#846,#847,#848,#849,
    #850,#851),.UNSPECIFIED.,.F.,.U.,
 (4,2,2,2,2,2,2,2,2,2,2,2,2,2,2,2,2,2,2,2,
  2,2,2,2,2,4),
 (0.0,0.0017569036,0.0035138072,0.0052707108,0.0070276143,0.0087845179,0.0200069337,0.0312293496,0.0424517654,0.0536741812,0.064896597,0.0870225828,0.1091485685,0.1312745543,0.15340054,0.1755265258,0.1941790748,0.2128316237,0.2314841727,0.2501367216,
  0.2687892706,0.2689049977,0.2690207249,0.2691364521,0.2692521792,0.2693679064),.UNSPECIFIED.);
#853=EDGE_CURVE('no 342237',#799,#791,#852,.T.);
#854=ORIENTED_EDGE('no 342233',*,*,#853,.F.);
#855=CARTESIAN_POINT('',(-18.2126464844,-4.5,0.1));
#856=DIRECTION('',(0.0,1.0,0.0));
#857=VECTOR('',#856,1.0);
#858=LINE('',#855,#857);
#859=EDGE_CURVE('no 342523',#719,#799,#858,.T.);
#860=ORIENTED_EDGE('no 342151',*,*,#859,.F.);
#861=EDGE_LOOP('',(#789,#797,#854,#860));
#862=FACE_OUTER_BOUND('',#861,.F.);
#863=CARTESIAN_POINT('',(-18.1126464844,1.0,0.1));
#864=DIRECTION('',(0.0,1.0,0.0));
#865=DIRECTION('',(-1.0,0.0,0.0));
#866=AXIS2_PLACEMENT_3D('',#863,#864,#865);
#867=CYLINDRICAL_SURFACE('',#866,0.1);
#868=ADVANCED_FACE('no 342332',(#862),#867,.F.);
#869=ORIENTED_EDGE('no 342232',*,*,#853,.T.);
#870=CARTESIAN_POINT('',(-12.3126464844,6.4,0.2));
#871=VERTEX_POINT('',#870);
#872=CARTESIAN_POINT('',(-12.3126464844,6.4,0.2));
#873=DIRECTION('',(-1.0,0.0,0.0));
#874=VECTOR('',#873,1.0);
#875=LINE('',#872,#874);
#876=EDGE_CURVE('no 341989',#871,#791,#875,.T.);
#877=ORIENTED_EDGE('no 342136',*,*,#876,.F.);
#878=CARTESIAN_POINT('',(-12.2126464844,6.5,0.1));
#879=VERTEX_POINT('',#878);
#880=CARTESIAN_POINT('',(-12.2126464844,6.5,0.1));
#881=CARTESIAN_POINT('',(-12.2126464844,6.5,0.1004141061));
#882=CARTESIAN_POINT('',(-12.2126467523,6.4999974277,0.1008282189));
#883=CARTESIAN_POINT('',(-12.2126537514,6.4999871383,0.1016564046));
#884=CARTESIAN_POINT('',(-12.2126604002,6.4999794209,0.102070475));
#885=CARTESIAN_POINT('',(-12.2126809775,6.4999588452,0.1028984043));
#886=CARTESIAN_POINT('',(-12.2126948235,6.4999459868,0.1033122607));
#887=CARTESIAN_POINT('',(-12.2127281368,6.4999151412,0.1041395528));
#888=CARTESIAN_POINT('',(-12.2127475215,6.4998971542,0.1045529861));
#889=CARTESIAN_POINT('',(-12.2127902503,6.4998560697,0.1053792611));
#890=CARTESIAN_POINT('',(-12.2128135119,6.4998329725,0.1057921004));
#891=CARTESIAN_POINT('',(-12.2130029626,6.4996435218,0.1088396006));
#892=CARTESIAN_POINT('',(-12.2132713149,6.4993756346,0.1114627907));
#893=CARTESIAN_POINT('',(-12.2140136669,6.4986360198,0.1166687707));
#894=CARTESIAN_POINT('',(-12.2144874815,6.4981641184,0.1192509985));
#895=CARTESIAN_POINT('',(-12.2156257072,6.4970278377,0.1243391412));
#896=CARTESIAN_POINT('',(-12.2162899333,6.4963635376,0.1268445056));
#897=CARTESIAN_POINT('',(-12.217788251,6.4948631235,0.1317418757));
#898=CARTESIAN_POINT('',(-12.2186221574,6.4940273205,0.1341334078));
#899=CARTESIAN_POINT('',(-12.2204389792,6.4922078979,0.1387805375));
#900=CARTESIAN_POINT('',(-12.2214217094,6.4912247749,0.1410357863));
#901=CARTESIAN_POINT('',(-12.2245404549,6.4881060295,0.1475420194));
#902=CARTESIAN_POINT('',(-12.2268708852,6.4857759482,0.1516083941));
#903=CARTESIAN_POINT('',(-12.2319448127,6.4807041606,0.1592264983));
#904=CARTESIAN_POINT('',(-12.2346879364,6.4779624681,0.1627778636));
#905=CARTESIAN_POINT('',(-12.2404800579,6.4721715928,0.1693575358));
#906=CARTESIAN_POINT('',(-12.2435286823,6.4691227323,0.1723856368));
#907=CARTESIAN_POINT('',(-12.2498387142,6.4628109928,0.1779256807));
#908=CARTESIAN_POINT('',(-12.2530997482,6.4595486077,0.1804376648));
#909=CARTESIAN_POINT('',(-12.2597668107,6.4528798513,0.1849704414));
#910=CARTESIAN_POINT('',(-12.2631724659,6.4494740185,0.1869915528));
#911=CARTESIAN_POINT('',(-12.2695539256,6.4430925588,0.190298615));
#912=CARTESIAN_POINT('',(-12.2725144537,6.4401320038,0.1916504508));
#913=CARTESIAN_POINT('',(-12.2784979894,6.434148475,0.19404395));
#914=CARTESIAN_POINT('',(-12.2815210078,6.431125476,0.1950855991));
#915=CARTESIAN_POINT('',(-12.2876112366,6.4250352635,0.1968674455));
#916=CARTESIAN_POINT('',(-12.2906784578,6.4219680366,0.1976076349));
#917=CARTESIAN_POINT('',(-12.2968408474,6.4158056216,0.1987928507));
#918=CARTESIAN_POINT('',(-12.2999360268,6.412710427,0.1992378779));
#919=CARTESIAN_POINT('',(-12.3061398051,6.4065066532,0.1998367409));
#920=CARTESIAN_POINT('',(-12.309248415,6.4033980694,0.1999905873));
#921=CARTESIAN_POINT('',(-12.3123764545,6.4002700299,0.1999996373));
#922=CARTESIAN_POINT('',(-12.3123957423,6.400250742,0.1999996875));
#923=CARTESIAN_POINT('',(-12.312434318,6.4002121664,0.1999997768));
#924=CARTESIAN_POINT('',(-12.3124536058,6.4001928785,0.1999998158));
#925=CARTESIAN_POINT('',(-12.3124921815,6.4001543028,0.1999998828));
#926=CARTESIAN_POINT('',(-12.3125114694,6.400135015,0.1999999107));
#927=CARTESIAN_POINT('',(-12.3125500451,6.4000964393,0.1999999554));
#928=CARTESIAN_POINT('',(-12.3125693329,6.4000771514,0.1999999721));
#929=CARTESIAN_POINT('',(-12.3126079086,6.4000385757,0.1999999944));
#930=CARTESIAN_POINT('',(-12.3126271965,6.4000192879,0.2));
#931=CARTESIAN_POINT('',(-12.3126464844,6.4,0.2));
#932=B_SPLINE_CURVE_WITH_KNOTS('',3,(#880,#881,#882,#883,#884,#885,#886,#887,#888,#889,
    #890,#891,#892,#893,#894,#895,#896,#897,#898,#899,
    #900,#901,#902,#903,#904,#905,#906,#907,#908,#909,
    #910,#911,#912,#913,#914,#915,#916,#917,#918,#919,
    #920,#921,#922,#923,#924,#925,#926,#927,#928,#929,
    #930,#931),.UNSPECIFIED.,.F.,.U.,
 (4,2,2,2,2,2,2,2,2,2,2,2,2,2,2,2,2,2,2,2,
  2,2,2,2,2,4),
 (0.0,0.0017569036,0.0035138072,0.0052707108,0.0070276143,0.0087845179,0.0200069337,0.0312293495,0.0424517654,0.0536741812,0.064896597,0.0870225827,0.1091485685,0.1312745543,0.15340054,0.1755265258,0.1941790747,0.2128316237,0.2314841727,0.2501367216,
  0.2687892706,0.2689049977,0.2690207249,0.2691364521,0.2692521792,0.2693679064),.UNSPECIFIED.);
#933=EDGE_CURVE('no 342207',#879,#871,#932,.T.);
#934=ORIENTED_EDGE('no 342203',*,*,#933,.F.);
#935=CARTESIAN_POINT('',(-12.2126464844,6.5,0.1));
#936=DIRECTION('',(-1.0,0.0,0.0));
#937=VECTOR('',#936,1.0);
#938=LINE('',#935,#937);
#939=EDGE_CURVE('no 342426',#879,#799,#938,.T.);
#940=ORIENTED_EDGE('no 342135',*,*,#939,.T.);
#941=EDGE_LOOP('',(#869,#877,#934,#940));
#942=FACE_OUTER_BOUND('',#941,.F.);
#943=CARTESIAN_POINT('',(-15.2126464844,6.4,0.1));
#944=DIRECTION('',(-1.0,0.0,0.0));
#945=DIRECTION('',(0.0,1.0,0.0));
#946=AXIS2_PLACEMENT_3D('',#943,#944,#945);
#947=CYLINDRICAL_SURFACE('',#946,0.1);
#948=ADVANCED_FACE('no 342338',(#942),#947,.F.);
#949=ORIENTED_EDGE('no 342202',*,*,#933,.T.);
#950=CARTESIAN_POINT('',(-12.3126464844,6.4,0.2));
#951=DIRECTION('',(0.0,-1.0,0.0));
#952=VECTOR('',#951,1.0);
#953=LINE('',#950,#952);
#954=EDGE_CURVE('no 342127',#871,#654,#953,.T.);
#955=ORIENTED_EDGE('no 342184',*,*,#954,.T.);
#956=ORIENTED_EDGE('no 342293',*,*,#708,.F.);
#957=CARTESIAN_POINT('',(-12.2126464844,6.5,0.1));
#958=DIRECTION('',(0.0,-1.0,0.0));
#959=VECTOR('',#958,1.0);
#960=LINE('',#957,#959);
#961=EDGE_CURVE('no 342685',#879,#652,#960,.T.);
#962=ORIENTED_EDGE('no 342183',*,*,#961,.F.);
#963=EDGE_LOOP('',(#949,#955,#956,#962));
#964=FACE_OUTER_BOUND('',#963,.F.);
#965=CARTESIAN_POINT('',(-12.3126464844,1.0,0.1));
#966=DIRECTION('',(0.0,-1.0,0.0));
#967=DIRECTION('',(1.0,0.0,0.0));
#968=AXIS2_PLACEMENT_3D('',#965,#966,#967);
#969=CYLINDRICAL_SURFACE('',#968,0.1);
#970=ADVANCED_FACE('no 342320',(#964),#969,.F.);
#971=CARTESIAN_POINT('',(-18.3126464844,6.6,0.0));
#972=CARTESIAN_POINT('',(-18.3115992741,6.5989527897,0.0));
#973=CARTESIAN_POINT('',(-18.3105514817,6.5979061648,0.0000164562));
#974=CARTESIAN_POINT('',(-18.308456744,6.5958130963,0.0000823132));
#975=CARTESIAN_POINT('',(-18.3074097782,6.5947666735,0.0001317081));
#976=CARTESIAN_POINT('',(-18.3053174226,6.5926743198,0.0002634286));
#977=CARTESIAN_POINT('',(-18.3042720119,6.5916284097,0.0003457522));
#978=CARTESIAN_POINT('',(-18.3021828781,6.5895380259,0.0005434073));
#979=CARTESIAN_POINT('',(-18.3011391342,6.5884935729,0.0006587406));
#980=CARTESIAN_POINT('',(-18.2990534554,6.5864070576,0.0009225834));
#981=CARTESIAN_POINT('',(-18.2980115003,6.5853650159,0.0010710986));
#982=CARTESIAN_POINT('',(-18.2912693162,6.5786228318,0.00214121));
#983=CARTESIAN_POINT('',(-18.2856043509,6.5729577429,0.0035440942));
#984=CARTESIAN_POINT('',(-18.2744170517,6.5617696675,0.0074066459));
#985=CARTESIAN_POINT('',(-18.2688944418,6.5562466046,0.009867496));
#986=CARTESIAN_POINT('',(-18.2581406152,6.5454926212,0.0159332423));
#987=CARTESIAN_POINT('',(-18.2529093284,6.5402616242,0.0195391961));
#988=CARTESIAN_POINT('',(-18.2429719732,6.5303250321,0.0279727047));
#989=CARTESIAN_POINT('',(-18.2382658981,6.5256193605,0.0328012861));
#990=CARTESIAN_POINT('',(-18.2296984815,6.5170521894,0.0437170755));
#991=CARTESIAN_POINT('',(-18.2258370979,6.5131906135,0.0498054715));
#992=CARTESIAN_POINT('',(-18.2217080098,6.5090615254,0.0583537749));
#993=CARTESIAN_POINT('',(-18.2208625676,6.5082162961,0.0602492622));
#994=CARTESIAN_POINT('',(-18.2192749414,6.5066299125,0.0641368785));
#995=CARTESIAN_POINT('',(-18.218533006,6.505888864,0.0661288075));
#996=CARTESIAN_POINT('',(-18.2171666818,6.5045235054,0.0701971177));
#997=CARTESIAN_POINT('',(-18.2165424546,6.5038993009,0.0722732434));
#998=CARTESIAN_POINT('',(-18.2154248859,6.5027808097,0.0764900367));
#999=CARTESIAN_POINT('',(-18.2149316013,6.5022866287,0.0786304116));
#1000=CARTESIAN_POINT('',(-18.2140849676,6.5014387089,0.0829563768));
#1001=CARTESIAN_POINT('',(-18.2137315601,6.5010850757,0.0851416613));
#1002=CARTESIAN_POINT('',(-18.2133440733,6.5006975889,0.088178903));
#1003=CARTESIAN_POINT('',(-18.2132479992,6.5006008329,0.0890157815));
#1004=CARTESIAN_POINT('',(-18.2130768054,6.500422783,0.0906945748));
#1005=CARTESIAN_POINT('',(-18.2130016921,6.5003418355,0.0915364682));
#1006=CARTESIAN_POINT('',(-18.2128727391,6.500202566,0.0932238829));
#1007=CARTESIAN_POINT('',(-18.2128189026,6.5001445904,0.0940693824));
#1008=CARTESIAN_POINT('',(-18.2127327231,6.5000583797,0.0957622408));
#1009=CARTESIAN_POINT('',(-18.2127003798,6.5000304909,0.0966095778));
#1010=CARTESIAN_POINT('',(-18.2126572622,6.5000011278,0.0983046433));
#1011=CARTESIAN_POINT('',(-18.2126464844,6.5,0.0991523499));
#1012=CARTESIAN_POINT('',(-18.2126464844,6.5,0.1));
#1013=B_SPLINE_CURVE_WITH_KNOTS('',3,(#971,#972,#973,#974,#975,#976,#977,#978,#979,#980,
    #981,#982,#983,#984,#985,#986,#987,#988,#989,#990,
    #991,#992,#993,#994,#995,#996,#997,#998,#999,#1000,
    #1001,#1002,#1003,#1004,#1005,#1006,#1007,#1008,#1009,#1010,
    #1011,#1012),.UNSPECIFIED.,.F.,.U.,
 (4,2,2,2,2,2,2,2,2,2,2,2,2,2,2,2,2,2,2,2,4),
 (0.0,0.0062832616,0.0125665231,0.0188497847,0.0251330462,0.0314163078,0.0658401239,0.1002639401,0.1346877563,0.1691115724,0.2035353886,0.2130330943,0.2225307999,0.2320285056,0.2415262113,0.251023917,0.2546201916,0.2582164662,0.2618127408,0.2654090153,0.2690052899),.UNSPECIFIED.);
#1014=EDGE_CURVE('no 342828',#319,#799,#1013,.T.);
#1015=ORIENTED_EDGE('no 342824',*,*,#1014,.T.);
#1016=ORIENTED_EDGE('no 342742',*,*,#859,.F.);
#1017=CARTESIAN_POINT('',(-18.3126464844,-4.6,0.0));
#1018=CARTESIAN_POINT('',(-18.3115992741,-4.5989527897,0.0));
#1019=CARTESIAN_POINT('',(-18.3105514817,-4.5979061648,0.0000164562));
#1020=CARTESIAN_POINT('',(-18.308456744,-4.5958130963,0.0000823132));
#1021=CARTESIAN_POINT('',(-18.3074097782,-4.5947666735,0.0001317081));
#1022=CARTESIAN_POINT('',(-18.3053174226,-4.5926743198,0.0002634286));
#1023=CARTESIAN_POINT('',(-18.3042720119,-4.5916284097,0.0003457522));
#1024=CARTESIAN_POINT('',(-18.3021828781,-4.5895380259,0.0005434073));
#1025=CARTESIAN_POINT('',(-18.3011391342,-4.5884935729,0.0006587406));
#1026=CARTESIAN_POINT('',(-18.2990534554,-4.5864070576,0.0009225834));
#1027=CARTESIAN_POINT('',(-18.2980115003,-4.5853650159,0.0010710986));
#1028=CARTESIAN_POINT('',(-18.2912693162,-4.5786228318,0.00214121));
#1029=CARTESIAN_POINT('',(-18.2856043509,-4.5729577429,0.0035440942));
#1030=CARTESIAN_POINT('',(-18.2744170517,-4.5617696675,0.0074066459));
#1031=CARTESIAN_POINT('',(-18.2688944418,-4.5562466046,0.009867496));
#1032=CARTESIAN_POINT('',(-18.2581406152,-4.5454926212,0.0159332423));
#1033=CARTESIAN_POINT('',(-18.2529093284,-4.5402616242,0.0195391961));
#1034=CARTESIAN_POINT('',(-18.2429719732,-4.5303250321,0.0279727047));
#1035=CARTESIAN_POINT('',(-18.2382658981,-4.5256193605,0.0328012861));
#1036=CARTESIAN_POINT('',(-18.2296984815,-4.5170521894,0.0437170755));
#1037=CARTESIAN_POINT('',(-18.2258370979,-4.5131906135,0.0498054715));
#1038=CARTESIAN_POINT('',(-18.2217080098,-4.5090615254,0.0583537749));
#1039=CARTESIAN_POINT('',(-18.2208625676,-4.5082162961,0.0602492622));
#1040=CARTESIAN_POINT('',(-18.2192749414,-4.5066299125,0.0641368785));
#1041=CARTESIAN_POINT('',(-18.218533006,-4.505888864,0.0661288075));
#1042=CARTESIAN_POINT('',(-18.2171666818,-4.5045235054,0.0701971177));
#1043=CARTESIAN_POINT('',(-18.2165424546,-4.5038993009,0.0722732434));
#1044=CARTESIAN_POINT('',(-18.2154248859,-4.5027808097,0.0764900367));
#1045=CARTESIAN_POINT('',(-18.2149316013,-4.5022866287,0.0786304116));
#1046=CARTESIAN_POINT('',(-18.2140849676,-4.5014387089,0.0829563768));
#1047=CARTESIAN_POINT('',(-18.2137315601,-4.5010850757,0.0851416613));
#1048=CARTESIAN_POINT('',(-18.2133440733,-4.5006975889,0.088178903));
#1049=CARTESIAN_POINT('',(-18.2132479992,-4.5006008329,0.0890157815));
#1050=CARTESIAN_POINT('',(-18.2130768054,-4.500422783,0.0906945748));
#1051=CARTESIAN_POINT('',(-18.2130016921,-4.5003418355,0.0915364682));
#1052=CARTESIAN_POINT('',(-18.2128727391,-4.500202566,0.0932238829));
#1053=CARTESIAN_POINT('',(-18.2128189026,-4.5001445904,0.0940693824));
#1054=CARTESIAN_POINT('',(-18.2127327231,-4.5000583797,0.0957622408));
#1055=CARTESIAN_POINT('',(-18.2127003798,-4.5000304909,0.0966095778));
#1056=CARTESIAN_POINT('',(-18.2126572622,-4.5000011278,0.0983046433));
#1057=CARTESIAN_POINT('',(-18.2126464844,-4.5,0.0991523499));
#1058=CARTESIAN_POINT('',(-18.2126464844,-4.5,0.1));
#1059=B_SPLINE_CURVE_WITH_KNOTS('',3,(#1017,#1018,#1019,#1020,#1021,#1022,#1023,#1024,#1025,#1026,
    #1027,#1028,#1029,#1030,#1031,#1032,#1033,#1034,#1035,#1036,
    #1037,#1038,#1039,#1040,#1041,#1042,#1043,#1044,#1045,#1046,
    #1047,#1048,#1049,#1050,#1051,#1052,#1053,#1054,#1055,#1056,
    #1057,#1058),.UNSPECIFIED.,.F.,.U.,
 (4,2,2,2,2,2,2,2,2,2,2,2,2,2,2,2,2,2,2,2,4),
 (0.0,0.0062832616,0.0125665231,0.0188497847,0.0251330462,0.0314163078,0.0658401239,0.1002639401,0.1346877563,0.1691115724,0.2035353886,0.2130330943,0.2225307999,0.2320285056,0.2415262113,0.251023917,0.2546201916,0.2582164662,0.2618127408,0.2654090153,0.2690052899),.UNSPECIFIED.);
#1060=EDGE_CURVE('no 342852',#309,#719,#1059,.T.);
#1061=ORIENTED_EDGE('no 342847',*,*,#1060,.F.);
#1062=ORIENTED_EDGE('no 342741',*,*,#324,.T.);
#1063=EDGE_LOOP('',(#1015,#1016,#1061,#1062));
#1064=FACE_OUTER_BOUND('',#1063,.T.);
#1065=CARTESIAN_POINT('',(-18.3126464844,1.0,0.1));
#1066=DIRECTION('',(0.0,1.0,0.0));
#1067=DIRECTION('',(0.0,0.0,-1.0));
#1068=AXIS2_PLACEMENT_3D('',#1065,#1066,#1067);
#1069=CYLINDRICAL_SURFACE('',#1068,0.1);
#1070=ADVANCED_FACE('no 342930',(#1064),#1069,.T.);
#1071=CARTESIAN_POINT('',(-12.1126464844,6.6,0.0));
#1072=CARTESIAN_POINT('',(-12.1136936946,6.5989527897,0.0));
#1073=CARTESIAN_POINT('',(-12.1147403196,6.5979049973,0.0000164562));
#1074=CARTESIAN_POINT('',(-12.1168333881,6.5958102597,0.0000823132));
#1075=CARTESIAN_POINT('',(-12.1178798109,6.5947632938,0.0001317081));
#1076=CARTESIAN_POINT('',(-12.1199721646,6.5926709382,0.0002634286));
#1077=CARTESIAN_POINT('',(-12.1210180747,6.5916255275,0.0003457522));
#1078=CARTESIAN_POINT('',(-12.1231084585,6.5895363937,0.0005434073));
#1079=CARTESIAN_POINT('',(-12.1241529114,6.5884926498,0.0006587406));
#1080=CARTESIAN_POINT('',(-12.1262394268,6.586406971,0.0009225834));
#1081=CARTESIAN_POINT('',(-12.1272814685,6.5853650159,0.0010710986));
#1082=CARTESIAN_POINT('',(-12.1340236526,6.5786228318,0.00214121));
#1083=CARTESIAN_POINT('',(-12.1396887415,6.5729578665,0.0035440942));
#1084=CARTESIAN_POINT('',(-12.1508768169,6.5617705673,0.0074066459));
#1085=CARTESIAN_POINT('',(-12.1563998798,6.5562479574,0.009867496));
#1086=CARTESIAN_POINT('',(-12.1671538632,6.5454941308,0.0159332423));
#1087=CARTESIAN_POINT('',(-12.1723848601,6.540262844,0.0195391961));
#1088=CARTESIAN_POINT('',(-12.1823214523,6.5303254888,0.0279727047));
#1089=CARTESIAN_POINT('',(-12.1870271239,6.5256194137,0.0328012861));
#1090=CARTESIAN_POINT('',(-12.195594295,6.5170519971,0.0437170755));
#1091=CARTESIAN_POINT('',(-12.1994558709,6.5131906135,0.0498054715));
#1092=CARTESIAN_POINT('',(-12.2035849589,6.5090615254,0.0583537749));
#1093=CARTESIAN_POINT('',(-12.2044301883,6.5082160833,0.0602492622));
#1094=CARTESIAN_POINT('',(-12.2060165718,6.506628457,0.0641368785));
#1095=CARTESIAN_POINT('',(-12.2067576203,6.5058865216,0.0661288075));
#1096=CARTESIAN_POINT('',(-12.208122979,6.5045201974,0.0701971177));
#1097=CARTESIAN_POINT('',(-12.2087471835,6.5038959702,0.0722732434));
#1098=CARTESIAN_POINT('',(-12.2098656746,6.5027784016,0.0764900367));
#1099=CARTESIAN_POINT('',(-12.2103598556,6.5022851169,0.0786304116));
#1100=CARTESIAN_POINT('',(-12.2112077755,6.5014384832,0.0829563768));
#1101=CARTESIAN_POINT('',(-12.2115614086,6.5010850757,0.0851416613));
#1102=CARTESIAN_POINT('',(-12.2119488955,6.5006975889,0.088178903));
#1103=CARTESIAN_POINT('',(-12.2120456515,6.5006015148,0.0890157815));
#1104=CARTESIAN_POINT('',(-12.2122237014,6.500430321,0.0906945748));
#1105=CARTESIAN_POINT('',(-12.2123046489,6.5003552077,0.0915364682));
#1106=CARTESIAN_POINT('',(-12.2124439184,6.5002262548,0.0932238829));
#1107=CARTESIAN_POINT('',(-12.2125018939,6.5001724183,0.0940693824));
#1108=CARTESIAN_POINT('',(-12.2125881047,6.5000862387,0.0957622408));
#1109=CARTESIAN_POINT('',(-12.2126159935,6.5000538955,0.0966095778));
#1110=CARTESIAN_POINT('',(-12.2126453565,6.5000107779,0.0983046433));
#1111=CARTESIAN_POINT('',(-12.2126464844,6.5,0.0991523499));
#1112=CARTESIAN_POINT('',(-12.2126464844,6.5,0.1));
#1113=B_SPLINE_CURVE_WITH_KNOTS('',3,(#1071,#1072,#1073,#1074,#1075,#1076,#1077,#1078,#1079,#1080,
    #1081,#1082,#1083,#1084,#1085,#1086,#1087,#1088,#1089,#1090,
    #1091,#1092,#1093,#1094,#1095,#1096,#1097,#1098,#1099,#1100,
    #1101,#1102,#1103,#1104,#1105,#1106,#1107,#1108,#1109,#1110,
    #1111,#1112),.UNSPECIFIED.,.F.,.U.,
 (4,2,2,2,2,2,2,2,2,2,2,2,2,2,2,2,2,2,2,2,4),
 (0.0,0.0062832616,0.0125665231,0.0188497847,0.0251330462,0.0314163078,0.0658401239,0.1002639401,0.1346877563,0.1691115724,0.2035353886,0.2130330943,0.2225307999,0.2320285056,0.2415262113,0.251023917,0.2546201916,0.2582164662,0.2618127408,0.2654090153,0.2690052899),.UNSPECIFIED.);
#1114=EDGE_CURVE('no 342840',#327,#879,#1113,.T.);
#1115=ORIENTED_EDGE('no 342835',*,*,#1114,.T.);
#1116=ORIENTED_EDGE('no 342718',*,*,#939,.T.);
#1117=ORIENTED_EDGE('no 342823',*,*,#1014,.F.);
#1118=ORIENTED_EDGE('no 342717',*,*,#332,.F.);
#1119=EDGE_LOOP('',(#1115,#1116,#1117,#1118));
#1120=FACE_OUTER_BOUND('',#1119,.T.);
#1121=CARTESIAN_POINT('',(-6.4626464844,6.6,0.1));
#1122=DIRECTION('',(-1.0,0.0,0.0));
#1123=DIRECTION('',(0.0,0.0,-1.0));
#1124=AXIS2_PLACEMENT_3D('',#1121,#1122,#1123);
#1125=CYLINDRICAL_SURFACE('',#1124,0.1);
#1126=ADVANCED_FACE('no 342936',(#1120),#1125,.T.);
#1127=ORIENTED_EDGE('no 303842',*,*,#226,.T.);
#1128=CARTESIAN_POINT('',(-19.7126464844,-10.0,9.0));
#1129=VERTEX_POINT('',#1128);
#1130=CARTESIAN_POINT('',(-19.7126464844,-10.0,0.0));
#1131=DIRECTION('',(0.0,0.0,1.0));
#1132=VECTOR('',#1131,1.0);
#1133=LINE('',#1130,#1132);
#1134=EDGE_CURVE('no 306235',#221,#1129,#1133,.T.);
#1135=ORIENTED_EDGE('no 303832',*,*,#1134,.T.);
#1136=CARTESIAN_POINT('',(14.2873535156,-10.0,9.0));
#1137=VERTEX_POINT('',#1136);
#1138=CARTESIAN_POINT('',(18.2873535156,-10.0,9.0));
#1139=DIRECTION('',(-1.0,0.0,0.0));
#1140=VECTOR('',#1139,1.0);
#1141=LINE('',#1138,#1140);
#1142=EDGE_CURVE('no 306236',#1137,#1129,#1141,.T.);
#1143=ORIENTED_EDGE('no 303846',*,*,#1142,.F.);
#1144=CARTESIAN_POINT('',(14.2873535156,-10.0,0.0));
#1145=DIRECTION('',(0.0,0.0,1.0));
#1146=VECTOR('',#1145,1.0);
#1147=LINE('',#1144,#1146);
#1148=EDGE_CURVE('no 304067',#219,#1137,#1147,.T.);
#1149=ORIENTED_EDGE('no 304028',*,*,#1148,.F.);
#1150=EDGE_LOOP('',(#1127,#1135,#1143,#1149));
#1151=FACE_OUTER_BOUND('',#1150,.F.);
#1152=CARTESIAN_POINT('',(18.2873535156,-10.0,0.0));
#1153=DIRECTION('',(0.0,1.0,-0.0));
#1154=DIRECTION('',(-1.0,0.0,0.0));
#1155=AXIS2_PLACEMENT_3D('',#1152,#1153,#1154);
#1156=PLANE('',#1155);
#1157=ADVANCED_FACE('no 320565',(#1151),#1156,.F.);
#1158=CARTESIAN_POINT('',(18.2873535156,-6.0,9.0));
#1159=VERTEX_POINT('',#1158);
#1160=CARTESIAN_POINT('',(14.2873535156,-6.0,9.0));
#1161=DIRECTION('',(0.0,0.0,1.0));
#1162=DIRECTION('',(1.0,0.0,0.0));
#1163=AXIS2_PLACEMENT_3D('',#1160,#1161,#1162);
#1164=CIRCLE('',#1163,4.0);
#1165=EDGE_CURVE('no 304104',#1137,#1159,#1164,.T.);
#1166=ORIENTED_EDGE('no 304099',*,*,#1165,.F.);
#1167=ORIENTED_EDGE('no 304076',*,*,#1148,.F.);
#1168=ORIENTED_EDGE('no 304090',*,*,#235,.T.);
#1169=CARTESIAN_POINT('',(18.2873535156,-6.0,0.0));
#1170=DIRECTION('',(0.0,0.0,1.0));
#1171=VECTOR('',#1170,1.0);
#1172=LINE('',#1169,#1171);
#1173=EDGE_CURVE('no 304053',#229,#1159,#1172,.T.);
#1174=ORIENTED_EDGE('no 304075',*,*,#1173,.T.);
#1175=EDGE_LOOP('',(#1166,#1167,#1168,#1174));
#1176=FACE_OUTER_BOUND('',#1175,.T.);
#1177=CARTESIAN_POINT('',(14.2873535156,-6.0,4.5));
#1178=DIRECTION('',(0.0,0.0,1.0));
#1179=DIRECTION('',(1.0,0.0,0.0));
#1180=AXIS2_PLACEMENT_3D('',#1177,#1178,#1179);
#1181=CYLINDRICAL_SURFACE('',#1180,4.0);
#1182=ADVANCED_FACE('no 304110',(#1176),#1181,.T.);
#1183=CARTESIAN_POINT('',(18.2873535156,-2.5,9.0));
#1184=VERTEX_POINT('',#1183);
#1185=CARTESIAN_POINT('',(18.2873535156,-10.0,9.0));
#1186=DIRECTION('',(0.0,1.0,0.0));
#1187=VECTOR('',#1186,1.0);
#1188=LINE('',#1185,#1187);
#1189=EDGE_CURVE('no 335858',#1159,#1184,#1188,.T.);
#1190=ORIENTED_EDGE('no 303847',*,*,#1189,.F.);
#1191=ORIENTED_EDGE('no 304026',*,*,#1173,.F.);
#1192=ORIENTED_EDGE('no 303843',*,*,#243,.T.);
#1193=CARTESIAN_POINT('',(18.2873535156,8.0,9.0));
#1194=VERTEX_POINT('',#1193);
#1195=CARTESIAN_POINT('',(18.2873535156,8.0,0.0));
#1196=DIRECTION('',(0.0,0.0,1.0));
#1197=VECTOR('',#1196,1.0);
#1198=LINE('',#1195,#1197);
#1199=EDGE_CURVE('no 303945',#238,#1194,#1198,.T.);
#1200=ORIENTED_EDGE('no 303906',*,*,#1199,.T.);
#1201=CARTESIAN_POINT('',(18.2873535156,4.5,9.0));
#1202=VERTEX_POINT('',#1201);
#1203=CARTESIAN_POINT('',(18.2873535156,-10.0,9.0));
#1204=DIRECTION('',(0.0,1.0,0.0));
#1205=VECTOR('',#1204,1.0);
#1206=LINE('',#1203,#1205);
#1207=EDGE_CURVE('no 335859',#1202,#1194,#1206,.T.);
#1208=ORIENTED_EDGE('no 303847',*,*,#1207,.F.);
#1209=CARTESIAN_POINT('',(18.2873535156,4.5,8.0));
#1210=VERTEX_POINT('',#1209);
#1211=CARTESIAN_POINT('',(18.2873535156,4.5,0.0));
#1212=DIRECTION('',(0.0,0.0,1.0));
#1213=VECTOR('',#1212,1.0);
#1214=LINE('',#1211,#1213);
#1215=EDGE_CURVE('no 335855',#1210,#1202,#1214,.T.);
#1216=ORIENTED_EDGE('no 309940',*,*,#1215,.F.);
#1217=CARTESIAN_POINT('',(18.2873535156,-2.5,8.0));
#1218=VERTEX_POINT('',#1217);
#1219=CARTESIAN_POINT('',(18.2873535156,0.0,8.0));
#1220=DIRECTION('',(0.0,1.0,0.0));
#1221=VECTOR('',#1220,1.0);
#1222=LINE('',#1219,#1221);
#1223=EDGE_CURVE('no 335800',#1218,#1210,#1222,.T.);
#1224=ORIENTED_EDGE('no 309694',*,*,#1223,.F.);
#1225=CARTESIAN_POINT('',(18.2873535156,-2.5,4.5));
#1226=DIRECTION('',(0.0,0.0,-1.0));
#1227=VECTOR('',#1226,1.0);
#1228=LINE('',#1225,#1227);
#1229=EDGE_CURVE('no 335837',#1184,#1218,#1228,.T.);
#1230=ORIENTED_EDGE('no 310184',*,*,#1229,.F.);
#1231=EDGE_LOOP('',(#1190,#1191,#1192,#1200,#1208,#1216,#1224,#1230));
#1232=FACE_OUTER_BOUND('',#1231,.T.);
#1233=CARTESIAN_POINT('',(18.2873535156,-10.0,0.0));
#1234=DIRECTION('',(1.0,0.0,0.0));
#1235=DIRECTION('',(0.0,1.0,0.0));
#1236=AXIS2_PLACEMENT_3D('',#1233,#1234,#1235);
#1237=PLANE('',#1236);
#1238=ADVANCED_FACE('no 342948',(#1232),#1237,.T.);
#1239=CARTESIAN_POINT('',(14.2873535156,12.0,9.0));
#1240=VERTEX_POINT('',#1239);
#1241=CARTESIAN_POINT('',(14.2873535156,8.0,9.0));
#1242=DIRECTION('',(0.0,-0.0,1.0));
#1243=DIRECTION('',(0.0,1.0,0.0));
#1244=AXIS2_PLACEMENT_3D('',#1241,#1242,#1243);
#1245=CIRCLE('',#1244,4.0);
#1246=EDGE_CURVE('no 303982',#1194,#1240,#1245,.T.);
#1247=ORIENTED_EDGE('no 303977',*,*,#1246,.F.);
#1248=ORIENTED_EDGE('no 303954',*,*,#1199,.F.);
#1249=ORIENTED_EDGE('no 303968',*,*,#252,.T.);
#1250=CARTESIAN_POINT('',(14.2873535156,12.0,0.0));
#1251=DIRECTION('',(0.0,0.0,1.0));
#1252=VECTOR('',#1251,1.0);
#1253=LINE('',#1250,#1252);
#1254=EDGE_CURVE('no 303931',#246,#1240,#1253,.T.);
#1255=ORIENTED_EDGE('no 303953',*,*,#1254,.T.);
#1256=EDGE_LOOP('',(#1247,#1248,#1249,#1255));
#1257=FACE_OUTER_BOUND('',#1256,.T.);
#1258=CARTESIAN_POINT('',(14.2873535156,8.0,4.5));
#1259=DIRECTION('',(0.0,-0.0,1.0));
#1260=DIRECTION('',(0.0,1.0,0.0));
#1261=AXIS2_PLACEMENT_3D('',#1258,#1259,#1260);
#1262=CYLINDRICAL_SURFACE('',#1261,4.0);
#1263=ADVANCED_FACE('no 303988',(#1257),#1262,.T.);
#1264=CARTESIAN_POINT('',(-19.7126464844,12.0,9.0));
#1265=VERTEX_POINT('',#1264);
#1266=CARTESIAN_POINT('',(-19.7126464844,12.0,9.0));
#1267=DIRECTION('',(1.0,0.0,0.0));
#1268=VECTOR('',#1267,1.0);
#1269=LINE('',#1266,#1268);
#1270=EDGE_CURVE('no 306237',#1265,#1240,#1269,.T.);
#1271=ORIENTED_EDGE('no 303848',*,*,#1270,.F.);
#1272=CARTESIAN_POINT('',(-19.7126464844,12.0,0.0));
#1273=DIRECTION('',(0.0,0.0,1.0));
#1274=VECTOR('',#1273,1.0);
#1275=LINE('',#1272,#1274);
#1276=EDGE_CURVE('no 306238',#255,#1265,#1275,.T.);
#1277=ORIENTED_EDGE('no 303830',*,*,#1276,.F.);
#1278=ORIENTED_EDGE('no 303844',*,*,#260,.T.);
#1279=ORIENTED_EDGE('no 303904',*,*,#1254,.T.);
#1280=EDGE_LOOP('',(#1271,#1277,#1278,#1279));
#1281=FACE_OUTER_BOUND('',#1280,.F.);
#1282=CARTESIAN_POINT('',(-19.7126464844,12.0,0.0));
#1283=DIRECTION('',(0.0,-1.0,0.0));
#1284=DIRECTION('',(1.0,0.0,0.0));
#1285=AXIS2_PLACEMENT_3D('',#1282,#1283,#1284);
#1286=PLANE('',#1285);
#1287=ADVANCED_FACE('no 320561',(#1281),#1286,.F.);
#1288=ORIENTED_EDGE('no 303841',*,*,#268,.T.);
#1289=CARTESIAN_POINT('',(-19.7126464844,8.8086635642,0.418032304));
#1290=VERTEX_POINT('',#1289);
#1291=CARTESIAN_POINT('',(-19.7126464844,7.9954516602,1.0));
#1292=DIRECTION('',(-1.0,0.0,0.0));
#1293=DIRECTION('',(0.0,-1.0,0.0));
#1294=AXIS2_PLACEMENT_3D('',#1291,#1292,#1293);
#1295=CIRCLE('',#1294,1.0);
#1296=EDGE_CURVE('no 306446',#1290,#263,#1295,.T.);
#1297=ORIENTED_EDGE('no 306442',*,*,#1296,.F.);
#1298=CARTESIAN_POINT('',(-19.7126464844,-5.3993208159,10.585846984));
#1299=DIRECTION('',(-1.0,0.0,0.0));
#1300=DIRECTION('',(0.0,-1.0,0.0));
#1301=AXIS2_PLACEMENT_3D('',#1298,#1299,#1300);
#1302=CIRCLE('',#1301,17.4714417124);
#1303=EDGE_CURVE('no 306494',#1265,#1290,#1302,.T.);
#1304=ORIENTED_EDGE('no 305716',*,*,#1303,.F.);
#1305=ORIENTED_EDGE('no 303829',*,*,#1276,.F.);
#1306=EDGE_LOOP('',(#1288,#1297,#1304,#1305));
#1307=FACE_OUTER_BOUND('',#1306,.T.);
#1308=CARTESIAN_POINT('',(-19.7126464844,12.0,0.0));
#1309=DIRECTION('',(-1.0,0.0,0.0));
#1310=DIRECTION('',(0.0,-1.0,0.0));
#1311=AXIS2_PLACEMENT_3D('',#1308,#1309,#1310);
#1312=PLANE('',#1311);
#1313=ADVANCED_FACE('no 306502',(#1307),#1312,.T.);
#1314=CARTESIAN_POINT('',(-31.2126464844,8.8086635642,0.418032304));
#1315=VERTEX_POINT('',#1314);
#1316=CARTESIAN_POINT('',(-31.2126464844,7.9954516602,1.0));
#1317=DIRECTION('',(-1.0,0.0,0.0));
#1318=DIRECTION('',(0.0,0.0,-1.0));
#1319=AXIS2_PLACEMENT_3D('',#1316,#1317,#1318);
#1320=CIRCLE('',#1319,1.0);
#1321=EDGE_CURVE('no 306398',#1315,#271,#1320,.T.);
#1322=ORIENTED_EDGE('no 306393',*,*,#1321,.F.);
#1323=CARTESIAN_POINT('',(-19.7126464844,8.8086635642,0.418032304));
#1324=DIRECTION('',(-1.0,0.0,0.0));
#1325=VECTOR('',#1324,1.0);
#1326=LINE('',#1323,#1325);
#1327=EDGE_CURVE('no 306360',#1290,#1315,#1326,.T.);
#1328=ORIENTED_EDGE('no 306379',*,*,#1327,.F.);
#1329=ORIENTED_EDGE('no 306441',*,*,#1296,.T.);
#1330=ORIENTED_EDGE('no 306378',*,*,#276,.T.);
#1331=EDGE_LOOP('',(#1322,#1328,#1329,#1330));
#1332=FACE_OUTER_BOUND('',#1331,.T.);
#1333=CARTESIAN_POINT('',(-6.4626464844,7.9954516602,1.0));
#1334=DIRECTION('',(-1.0,0.0,0.0));
#1335=DIRECTION('',(0.0,0.0,-1.0));
#1336=AXIS2_PLACEMENT_3D('',#1333,#1334,#1335);
#1337=CYLINDRICAL_SURFACE('',#1336,1.0);
#1338=ADVANCED_FACE('no 306476',(#1332),#1337,.T.);
#1339=CARTESIAN_POINT('',(-31.2126464844,10.4931943946,9.0));
#1340=VERTEX_POINT('',#1339);
#1341=CARTESIAN_POINT('',(-31.2126464844,12.0,9.0));
#1342=VERTEX_POINT('',#1341);
#1343=CARTESIAN_POINT('',(-31.2126464844,1.0,9.0));
#1344=DIRECTION('',(0.0,1.0,0.0));
#1345=VECTOR('',#1344,1.0);
#1346=LINE('',#1343,#1345);
#1347=EDGE_CURVE('no 334108',#1340,#1342,#1346,.T.);
#1348=ORIENTED_EDGE('no 305719',*,*,#1347,.T.);
#1349=CARTESIAN_POINT('',(-31.2126464844,-5.3993208159,10.585846984));
#1350=DIRECTION('',(-1.0,0.0,0.0));
#1351=DIRECTION('',(0.0,-1.0,0.0));
#1352=AXIS2_PLACEMENT_3D('',#1349,#1350,#1351);
#1353=CIRCLE('',#1352,17.4714417124);
#1354=EDGE_CURVE('no 306504',#1342,#1315,#1353,.T.);
#1355=ORIENTED_EDGE('no 305720',*,*,#1354,.T.);
#1356=ORIENTED_EDGE('no 306394',*,*,#1321,.T.);
#1357=ORIENTED_EDGE('no 305717',*,*,#284,.T.);
#1358=CARTESIAN_POINT('',(-31.2126464844,-6.8086635642,0.418032304));
#1359=VERTEX_POINT('',#1358);
#1360=CARTESIAN_POINT('',(-31.2126464844,-5.9954516602,1.0));
#1361=DIRECTION('',(-1.0,0.0,0.0));
#1362=DIRECTION('',(0.0,-1.0,0.0));
#1363=AXIS2_PLACEMENT_3D('',#1360,#1361,#1362);
#1364=CIRCLE('',#1363,1.0);
#1365=EDGE_CURVE('no 306669',#279,#1359,#1364,.T.);
#1366=ORIENTED_EDGE('no 306665',*,*,#1365,.T.);
#1367=CARTESIAN_POINT('',(-31.2126464844,-10.0,9.0));
#1368=VERTEX_POINT('',#1367);
#1369=CARTESIAN_POINT('',(-31.2126464844,7.3993208159,10.585846984));
#1370=DIRECTION('',(-1.0,0.0,0.0));
#1371=DIRECTION('',(0.0,-1.0,0.0));
#1372=AXIS2_PLACEMENT_3D('',#1369,#1370,#1371);
#1373=CIRCLE('',#1372,17.4714417124);
#1374=EDGE_CURVE('no 306702',#1359,#1368,#1373,.T.);
#1375=ORIENTED_EDGE('no 305718',*,*,#1374,.T.);
#1376=CARTESIAN_POINT('',(-31.2126464844,-8.4931943946,9.0));
#1377=VERTEX_POINT('',#1376);
#1378=CARTESIAN_POINT('',(-31.2126464844,1.0,9.0));
#1379=DIRECTION('',(0.0,1.0,0.0));
#1380=VECTOR('',#1379,1.0);
#1381=LINE('',#1378,#1380);
#1382=EDGE_CURVE('no 334106',#1368,#1377,#1381,.T.);
#1383=ORIENTED_EDGE('no 305719',*,*,#1382,.T.);
#1384=CARTESIAN_POINT('',(-31.2126464844,-5.5,1.5));
#1385=VERTEX_POINT('',#1384);
#1386=CARTESIAN_POINT('',(-31.2126464844,7.4295886745,11.007383825));
#1387=DIRECTION('',(-1.0,0.0,0.0));
#1388=DIRECTION('',(0.0,-1.0,0.0));
#1389=AXIS2_PLACEMENT_3D('',#1386,#1387,#1388);
#1390=CIRCLE('',#1389,16.0488195979);
#1391=EDGE_CURVE('no 334165',#1385,#1377,#1390,.T.);
#1392=ORIENTED_EDGE('no 333583',*,*,#1391,.F.);
#1393=CARTESIAN_POINT('',(-31.2126464844,7.5,1.5));
#1394=VERTEX_POINT('',#1393);
#1395=CARTESIAN_POINT('',(-31.2126464844,0.0,1.5));
#1396=DIRECTION('',(0.0,-1.0,0.0));
#1397=VECTOR('',#1396,1.0);
#1398=LINE('',#1395,#1397);
#1399=EDGE_CURVE('no 333854',#1394,#1385,#1398,.T.);
#1400=ORIENTED_EDGE('no 333582',*,*,#1399,.F.);
#1401=CARTESIAN_POINT('',(-31.2126464844,-4.0313126068,10.4493422133));
#1402=DIRECTION('',(-1.0,0.0,0.0));
#1403=DIRECTION('',(0.0,-1.0,0.0));
#1404=AXIS2_PLACEMENT_3D('',#1401,#1402,#1403);
#1405=CIRCLE('',#1404,14.5966399039);
#1406=EDGE_CURVE('no 334166',#1340,#1394,#1405,.T.);
#1407=ORIENTED_EDGE('no 333581',*,*,#1406,.F.);
#1408=EDGE_LOOP('',(#1348,#1355,#1356,#1357,#1366,#1375,#1383,#1392,#1400,#1407));
#1409=FACE_OUTER_BOUND('',#1408,.T.);
#1410=CARTESIAN_POINT('',(-31.2126464844,0.0,0.0));
#1411=DIRECTION('',(-1.0,0.0,0.0));
#1412=DIRECTION('',(0.0,-1.0,0.0));
#1413=AXIS2_PLACEMENT_3D('',#1410,#1411,#1412);
#1414=PLANE('',#1413);
#1415=ADVANCED_FACE('no 342944',(#1409),#1414,.T.);
#1416=CARTESIAN_POINT('',(-19.7126464844,-6.8086635642,0.418032304));
#1417=VERTEX_POINT('',#1416);
#1418=CARTESIAN_POINT('',(-19.7126464844,-5.9954516602,1.0));
#1419=DIRECTION('',(-1.0,0.0,0.0));
#1420=DIRECTION('',(0.0,-1.0,0.0));
#1421=AXIS2_PLACEMENT_3D('',#1418,#1419,#1420);
#1422=CIRCLE('',#1421,1.0);
#1423=EDGE_CURVE('no 306639',#287,#1417,#1422,.T.);
#1424=ORIENTED_EDGE('no 306635',*,*,#1423,.F.);
#1425=ORIENTED_EDGE('no 303841',*,*,#298,.T.);
#1426=ORIENTED_EDGE('no 303831',*,*,#1134,.T.);
#1427=CARTESIAN_POINT('',(-19.7126464844,7.3993208159,10.585846984));
#1428=DIRECTION('',(-1.0,0.0,0.0));
#1429=DIRECTION('',(0.0,-1.0,0.0));
#1430=AXIS2_PLACEMENT_3D('',#1427,#1428,#1429);
#1431=CIRCLE('',#1430,17.4714417124);
#1432=EDGE_CURVE('no 306692',#1417,#1129,#1431,.T.);
#1433=ORIENTED_EDGE('no 305714',*,*,#1432,.F.);
#1434=EDGE_LOOP('',(#1424,#1425,#1426,#1433));
#1435=FACE_OUTER_BOUND('',#1434,.T.);
#1436=CARTESIAN_POINT('',(-19.7126464844,12.0,0.0));
#1437=DIRECTION('',(-1.0,0.0,0.0));
#1438=DIRECTION('',(0.0,-1.0,0.0));
#1439=AXIS2_PLACEMENT_3D('',#1436,#1437,#1438);
#1440=PLANE('',#1439);
#1441=ADVANCED_FACE('no 306699',(#1435),#1440,.T.);
#1442=CARTESIAN_POINT('',(22.2873535156,-1.0,8.0));
#1443=VERTEX_POINT('',#1442);
#1444=CARTESIAN_POINT('',(22.2873535156,3.0,8.0));
#1445=VERTEX_POINT('',#1444);
#1446=CARTESIAN_POINT('',(22.2873535156,0.0,8.0));
#1447=DIRECTION('',(0.0,1.0,0.0));
#1448=VECTOR('',#1447,1.0);
#1449=LINE('',#1446,#1448);
#1450=EDGE_CURVE('no 336099',#1443,#1445,#1449,.T.);
#1451=ORIENTED_EDGE('no 335056',*,*,#1450,.T.);
#1452=CARTESIAN_POINT('',(22.2873535156,3.0,9.0));
#1453=VERTEX_POINT('',#1452);
#1454=CARTESIAN_POINT('',(22.2873535156,3.0,0.0));
#1455=DIRECTION('',(0.0,0.0,1.0));
#1456=VECTOR('',#1455,1.0);
#1457=LINE('',#1454,#1456);
#1458=EDGE_CURVE('no 335917',#1445,#1453,#1457,.T.);
#1459=ORIENTED_EDGE('no 335878',*,*,#1458,.T.);
#1460=CARTESIAN_POINT('',(22.2873535156,-1.0,9.0));
#1461=VERTEX_POINT('',#1460);
#1462=CARTESIAN_POINT('',(22.2873535156,1.0,9.0));
#1463=DIRECTION('',(0.0,-1.0,0.0));
#1464=VECTOR('',#1463,1.0);
#1465=LINE('',#1462,#1464);
#1466=EDGE_CURVE('no 336104',#1453,#1461,#1465,.T.);
#1467=ORIENTED_EDGE('no 335058',*,*,#1466,.T.);
#1468=CARTESIAN_POINT('',(22.2873535156,-1.0,8.5));
#1469=DIRECTION('',(0.0,0.0,-1.0));
#1470=VECTOR('',#1469,1.0);
#1471=LINE('',#1468,#1470);
#1472=EDGE_CURVE('no 336039',#1461,#1443,#1471,.T.);
#1473=ORIENTED_EDGE('no 336000',*,*,#1472,.T.);
#1474=EDGE_LOOP('',(#1451,#1459,#1467,#1473));
#1475=FACE_OUTER_BOUND('',#1474,.T.);
#1476=CARTESIAN_POINT('',(22.2873535156,0.0,0.0));
#1477=DIRECTION('',(1.0,0.0,0.0));
#1478=DIRECTION('',(0.0,1.0,0.0));
#1479=AXIS2_PLACEMENT_3D('',#1476,#1477,#1478);
#1480=PLANE('',#1479);
#1481=ADVANCED_FACE('no 336106',(#1475),#1480,.T.);
#1482=CARTESIAN_POINT('',(21.7873535156,3.5,9.0));
#1483=VERTEX_POINT('',#1482);
#1484=CARTESIAN_POINT('',(21.7873535156,3.0,9.0));
#1485=DIRECTION('',(0.0,-0.0,1.0));
#1486=DIRECTION('',(0.0,1.0,0.0));
#1487=AXIS2_PLACEMENT_3D('',#1484,#1485,#1486);
#1488=CIRCLE('',#1487,0.5);
#1489=EDGE_CURVE('no 335954',#1453,#1483,#1488,.T.);
#1490=ORIENTED_EDGE('no 335949',*,*,#1489,.F.);
#1491=ORIENTED_EDGE('no 335926',*,*,#1458,.F.);
#1492=CARTESIAN_POINT('',(21.7873535156,3.5,8.0));
#1493=VERTEX_POINT('',#1492);
#1494=CARTESIAN_POINT('',(21.7873535156,3.0,8.0));
#1495=DIRECTION('',(-0.0,0.0,-1.0));
#1496=DIRECTION('',(0.0,1.0,0.0));
#1497=AXIS2_PLACEMENT_3D('',#1494,#1495,#1496);
#1498=CIRCLE('',#1497,0.5);
#1499=EDGE_CURVE('no 335945',#1493,#1445,#1498,.T.);
#1500=ORIENTED_EDGE('no 335940',*,*,#1499,.F.);
#1501=CARTESIAN_POINT('',(21.7873535156,3.5,8.0));
#1502=DIRECTION('',(0.0,0.0,1.0));
#1503=VECTOR('',#1502,1.0);
#1504=LINE('',#1501,#1503);
#1505=EDGE_CURVE('no 335903',#1493,#1483,#1504,.T.);
#1506=ORIENTED_EDGE('no 335925',*,*,#1505,.T.);
#1507=EDGE_LOOP('',(#1490,#1491,#1500,#1506));
#1508=FACE_OUTER_BOUND('',#1507,.T.);
#1509=CARTESIAN_POINT('',(21.7873535156,3.0,8.5));
#1510=DIRECTION('',(0.0,-0.0,1.0));
#1511=DIRECTION('',(0.0,1.0,0.0));
#1512=AXIS2_PLACEMENT_3D('',#1509,#1510,#1511);
#1513=CYLINDRICAL_SURFACE('',#1512,0.5);
#1514=ADVANCED_FACE('no 335960',(#1508),#1513,.T.);
#1515=CARTESIAN_POINT('',(19.2873535156,3.5,8.0));
#1516=VERTEX_POINT('',#1515);
#1517=CARTESIAN_POINT('',(18.2873535156,3.5,8.0));
#1518=DIRECTION('',(1.0,0.0,0.0));
#1519=VECTOR('',#1518,1.0);
#1520=LINE('',#1517,#1519);
#1521=EDGE_CURVE('no 335974',#1516,#1493,#1520,.T.);
#1522=ORIENTED_EDGE('no 335035',*,*,#1521,.F.);
#1523=CARTESIAN_POINT('',(19.2873535156,3.5,9.0));
#1524=VERTEX_POINT('',#1523);
#1525=CARTESIAN_POINT('',(19.2873535156,3.5,8.0));
#1526=DIRECTION('',(0.0,0.0,1.0));
#1527=VECTOR('',#1526,1.0);
#1528=LINE('',#1525,#1527);
#1529=EDGE_CURVE('no 335847',#1516,#1524,#1528,.T.);
#1530=ORIENTED_EDGE('no 335300',*,*,#1529,.T.);
#1531=CARTESIAN_POINT('',(18.2873535156,3.5,9.0));
#1532=DIRECTION('',(1.0,0.0,0.0));
#1533=VECTOR('',#1532,1.0);
#1534=LINE('',#1531,#1533);
#1535=EDGE_CURVE('no 335982',#1524,#1483,#1534,.T.);
#1536=ORIENTED_EDGE('no 335036',*,*,#1535,.T.);
#1537=ORIENTED_EDGE('no 335876',*,*,#1505,.F.);
#1538=EDGE_LOOP('',(#1522,#1530,#1536,#1537));
#1539=FACE_OUTER_BOUND('',#1538,.T.);
#1540=CARTESIAN_POINT('',(18.2873535156,3.5,8.0));
#1541=DIRECTION('',(0.0,1.0,0.0));
#1542=DIRECTION('',(0.0,0.0,1.0));
#1543=AXIS2_PLACEMENT_3D('',#1540,#1541,#1542);
#1544=PLANE('',#1543);
#1545=ADVANCED_FACE('no 335984',(#1539),#1544,.T.);
#1546=CARTESIAN_POINT('',(-19.2126464844,-5.5,1.5));
#1547=VERTEX_POINT('',#1546);
#1548=CARTESIAN_POINT('',(-31.2126464844,-5.5,1.5));
#1549=DIRECTION('',(1.0,0.0,0.0));
#1550=VECTOR('',#1549,1.0);
#1551=LINE('',#1548,#1550);
#1552=EDGE_CURVE('no 334085',#1385,#1547,#1551,.T.);
#1553=ORIENTED_EDGE('no 333557',*,*,#1552,.F.);
#1554=ORIENTED_EDGE('no 333571',*,*,#1391,.T.);
#1555=CARTESIAN_POINT('',(-19.2126464844,-8.4931943946,9.0));
#1556=VERTEX_POINT('',#1555);
#1557=CARTESIAN_POINT('',(-19.2126464844,-8.4931943946,9.0));
#1558=DIRECTION('',(-1.0,0.0,0.0));
#1559=VECTOR('',#1558,1.0);
#1560=LINE('',#1557,#1559);
#1561=EDGE_CURVE('no 334164',#1556,#1377,#1560,.T.);
#1562=ORIENTED_EDGE('no 333796',*,*,#1561,.F.);
#1563=CARTESIAN_POINT('',(-19.2126464844,7.4295886745,11.007383825));
#1564=DIRECTION('',(-1.0,0.0,0.0));
#1565=DIRECTION('',(0.0,-1.0,0.0));
#1566=AXIS2_PLACEMENT_3D('',#1563,#1564,#1565);
#1567=CIRCLE('',#1566,16.0488195979);
#1568=EDGE_CURVE('no 334174',#1547,#1556,#1567,.T.);
#1569=ORIENTED_EDGE('no 333577',*,*,#1568,.F.);
#1570=EDGE_LOOP('',(#1553,#1554,#1562,#1569));
#1571=FACE_OUTER_BOUND('',#1570,.T.);
#1572=CARTESIAN_POINT('',(-25.2126464844,7.4295886745,11.007383825));
#1573=DIRECTION('',(-1.0,0.0,0.0));
#1574=DIRECTION('',(0.0,-1.0,0.0));
#1575=AXIS2_PLACEMENT_3D('',#1572,#1573,#1574);
#1576=CYLINDRICAL_SURFACE('',#1575,16.0488195979);
#1577=ADVANCED_FACE('no 334172',(#1571),#1576,.F.);
#1578=CARTESIAN_POINT('',(21.7873535156,-1.5,8.0));
#1579=VERTEX_POINT('',#1578);
#1580=CARTESIAN_POINT('',(21.7873535156,-1.0,8.0));
#1581=DIRECTION('',(0.0,0.0,-1.0));
#1582=DIRECTION('',(0.0,-1.0,0.0));
#1583=AXIS2_PLACEMENT_3D('',#1580,#1581,#1582);
#1584=CIRCLE('',#1583,0.5);
#1585=EDGE_CURVE('no 336076',#1443,#1579,#1584,.T.);
#1586=ORIENTED_EDGE('no 336071',*,*,#1585,.F.);
#1587=ORIENTED_EDGE('no 336048',*,*,#1472,.F.);
#1588=CARTESIAN_POINT('',(21.7873535156,-1.5,9.0));
#1589=VERTEX_POINT('',#1588);
#1590=CARTESIAN_POINT('',(21.7873535156,-1.0,9.0));
#1591=DIRECTION('',(-0.0,-0.0,1.0));
#1592=DIRECTION('',(0.0,-1.0,0.0));
#1593=AXIS2_PLACEMENT_3D('',#1590,#1591,#1592);
#1594=CIRCLE('',#1593,0.5);
#1595=EDGE_CURVE('no 336067',#1589,#1461,#1594,.T.);
#1596=ORIENTED_EDGE('no 336062',*,*,#1595,.F.);
#1597=CARTESIAN_POINT('',(21.7873535156,-1.5,9.0));
#1598=DIRECTION('',(0.0,0.0,-1.0));
#1599=VECTOR('',#1598,1.0);
#1600=LINE('',#1597,#1599);
#1601=EDGE_CURVE('no 336025',#1589,#1579,#1600,.T.);
#1602=ORIENTED_EDGE('no 336047',*,*,#1601,.T.);
#1603=EDGE_LOOP('',(#1586,#1587,#1596,#1602));
#1604=FACE_OUTER_BOUND('',#1603,.T.);
#1605=CARTESIAN_POINT('',(21.7873535156,-1.0,8.5));
#1606=DIRECTION('',(0.0,0.0,-1.0));
#1607=DIRECTION('',(0.0,-1.0,0.0));
#1608=AXIS2_PLACEMENT_3D('',#1605,#1606,#1607);
#1609=CYLINDRICAL_SURFACE('',#1608,0.5);
#1610=ADVANCED_FACE('no 336082',(#1604),#1609,.T.);
#1611=CARTESIAN_POINT('',(18.7873535156,1.0,9.0));
#1612=VERTEX_POINT('',#1611);
#1613=CARTESIAN_POINT('',(18.7873535156,1.0,8.0));
#1614=VERTEX_POINT('',#1613);
#1615=CARTESIAN_POINT('',(18.7873535156,1.0,9.0));
#1616=DIRECTION('',(0.0,0.0,-1.0));
#1617=VECTOR('',#1616,1.0);
#1618=LINE('',#1615,#1617);
#1619=EDGE_CURVE('no 340851',#1612,#1614,#1618,.T.);
#1620=ORIENTED_EDGE('no 340573',*,*,#1619,.F.);
#1621=CARTESIAN_POINT('',(21.7873535156,1.0,9.0));
#1622=VERTEX_POINT('',#1621);
#1623=CARTESIAN_POINT('',(20.2873535156,1.0,9.0));
#1624=DIRECTION('',(0.0,-0.0,1.0));
#1625=DIRECTION('',(1.0,0.0,0.0));
#1626=AXIS2_PLACEMENT_3D('',#1623,#1624,#1625);
#1627=CIRCLE('',#1626,1.5);
#1628=EDGE_CURVE('no 340854',#1622,#1612,#1627,.T.);
#1629=ORIENTED_EDGE('no 340563',*,*,#1628,.F.);
#1630=CARTESIAN_POINT('',(21.7873535156,1.0,8.0));
#1631=VERTEX_POINT('',#1630);
#1632=CARTESIAN_POINT('',(21.7873535156,1.0,9.0));
#1633=DIRECTION('',(0.0,0.0,-1.0));
#1634=VECTOR('',#1633,1.0);
#1635=LINE('',#1632,#1634);
#1636=EDGE_CURVE('no 340847',#1622,#1631,#1635,.T.);
#1637=ORIENTED_EDGE('no 340570',*,*,#1636,.T.);
#1638=CARTESIAN_POINT('',(20.2873535156,1.0,8.0));
#1639=DIRECTION('',(-0.0,0.0,-1.0));
#1640=DIRECTION('',(1.0,0.0,0.0));
#1641=AXIS2_PLACEMENT_3D('',#1638,#1639,#1640);
#1642=CIRCLE('',#1641,1.5);
#1643=EDGE_CURVE('no 340761',#1614,#1631,#1642,.T.);
#1644=ORIENTED_EDGE('no 340688',*,*,#1643,.F.);
#1645=EDGE_LOOP('',(#1620,#1629,#1637,#1644));
#1646=FACE_OUTER_BOUND('',#1645,.F.);
#1647=CARTESIAN_POINT('',(20.2873535156,1.0,8.0));
#1648=DIRECTION('',(0.0,-0.0,1.0));
#1649=DIRECTION('',(1.0,0.0,0.0));
#1650=AXIS2_PLACEMENT_3D('',#1647,#1648,#1649);
#1651=CYLINDRICAL_SURFACE('',#1650,1.5);
#1652=ADVANCED_FACE('no 340852',(#1646),#1651,.F.);
#1653=ORIENTED_EDGE('no 340571',*,*,#1636,.F.);
#1654=CARTESIAN_POINT('',(20.2873535156,1.0,9.0));
#1655=DIRECTION('',(0.0,-0.0,1.0));
#1656=DIRECTION('',(1.0,0.0,0.0));
#1657=AXIS2_PLACEMENT_3D('',#1654,#1655,#1656);
#1658=CIRCLE('',#1657,1.5);
#1659=EDGE_CURVE('no 340850',#1612,#1622,#1658,.T.);
#1660=ORIENTED_EDGE('no 340563',*,*,#1659,.F.);
#1661=ORIENTED_EDGE('no 340573',*,*,#1619,.T.);
#1662=CARTESIAN_POINT('',(20.2873535156,1.0,8.0));
#1663=DIRECTION('',(-0.0,0.0,-1.0));
#1664=DIRECTION('',(1.0,0.0,0.0));
#1665=AXIS2_PLACEMENT_3D('',#1662,#1663,#1664);
#1666=CIRCLE('',#1665,1.5);
#1667=EDGE_CURVE('no 340784',#1631,#1614,#1666,.T.);
#1668=ORIENTED_EDGE('no 340688',*,*,#1667,.F.);
#1669=EDGE_LOOP('',(#1653,#1660,#1661,#1668));
#1670=FACE_OUTER_BOUND('',#1669,.F.);
#1671=CARTESIAN_POINT('',(20.2873535156,1.0,8.0));
#1672=DIRECTION('',(0.0,-0.0,1.0));
#1673=DIRECTION('',(1.0,0.0,0.0));
#1674=AXIS2_PLACEMENT_3D('',#1671,#1672,#1673);
#1675=CYLINDRICAL_SURFACE('',#1674,1.5);
#1676=ADVANCED_FACE('no 340843',(#1670),#1675,.F.);
#1677=CARTESIAN_POINT('',(19.2873535156,-1.5,8.0));
#1678=VERTEX_POINT('',#1677);
#1679=CARTESIAN_POINT('',(18.2873535156,-1.5,8.0));
#1680=DIRECTION('',(1.0,0.0,0.0));
#1681=VECTOR('',#1680,1.0);
#1682=LINE('',#1679,#1681);
#1683=EDGE_CURVE('no 336090',#1678,#1579,#1682,.T.);
#1684=ORIENTED_EDGE('no 335032',*,*,#1683,.F.);
#1685=CARTESIAN_POINT('',(19.2873535156,-2.5,8.0));
#1686=DIRECTION('',(0.0,0.0,-1.0));
#1687=DIRECTION('',(0.0,1.0,0.0));
#1688=AXIS2_PLACEMENT_3D('',#1685,#1686,#1687);
#1689=CIRCLE('',#1688,1.0);
#1690=EDGE_CURVE('no 335782',#1218,#1678,#1689,.T.);
#1691=ORIENTED_EDGE('no 335704',*,*,#1690,.F.);
#1692=ORIENTED_EDGE('no 335044',*,*,#1223,.T.);
#1693=CARTESIAN_POINT('',(19.2873535156,4.5,8.0));
#1694=DIRECTION('',(0.0,0.0,-1.0));
#1695=DIRECTION('',(0.0,1.0,0.0));
#1696=AXIS2_PLACEMENT_3D('',#1693,#1694,#1695);
#1697=CIRCLE('',#1696,1.0);
#1698=EDGE_CURVE('no 335811',#1516,#1210,#1697,.T.);
#1699=ORIENTED_EDGE('no 335460',*,*,#1698,.F.);
#1700=ORIENTED_EDGE('no 335034',*,*,#1521,.T.);
#1701=ORIENTED_EDGE('no 335941',*,*,#1499,.T.);
#1702=ORIENTED_EDGE('no 335048',*,*,#1450,.F.);
#1703=ORIENTED_EDGE('no 336072',*,*,#1585,.T.);
#1704=EDGE_LOOP('',(#1684,#1691,#1692,#1699,#1700,#1701,#1702,#1703));
#1705=FACE_OUTER_BOUND('',#1704,.T.);
#1706=ORIENTED_EDGE('no 340689',*,*,#1643,.F.);
#1707=ORIENTED_EDGE('no 340689',*,*,#1667,.F.);
#1708=EDGE_LOOP('',(#1706,#1707));
#1709=FACE_BOUND('',#1708,.T.);
#1710=CARTESIAN_POINT('',(18.2873535156,-1.5,8.0));
#1711=DIRECTION('',(0.0,0.0,-1.0));
#1712=DIRECTION('',(0.0,1.0,0.0));
#1713=AXIS2_PLACEMENT_3D('',#1710,#1711,#1712);
#1714=PLANE('',#1713);
#1715=ADVANCED_FACE('no 340826',(#1705,#1709),#1714,.T.);
#1716=CARTESIAN_POINT('',(-19.2126464844,7.5,1.5));
#1717=VERTEX_POINT('',#1716);
#1718=CARTESIAN_POINT('',(-19.2126464844,7.0,1.5));
#1719=VERTEX_POINT('',#1718);
#1720=CARTESIAN_POINT('',(-19.2126464844,7.5,1.5));
#1721=DIRECTION('',(0.0,-1.0,0.0));
#1722=VECTOR('',#1721,1.0);
#1723=LINE('',#1720,#1722);
#1724=EDGE_CURVE('no 334086',#1717,#1719,#1723,.T.);
#1725=ORIENTED_EDGE('no 333576',*,*,#1724,.F.);
#1726=CARTESIAN_POINT('',(-31.2126464844,7.5,1.5));
#1727=DIRECTION('',(1.0,0.0,0.0));
#1728=VECTOR('',#1727,1.0);
#1729=LINE('',#1726,#1728);
#1730=EDGE_CURVE('no 334084',#1394,#1717,#1729,.T.);
#1731=ORIENTED_EDGE('no 333555',*,*,#1730,.F.);
#1732=ORIENTED_EDGE('no 333570',*,*,#1399,.T.);
#1733=ORIENTED_EDGE('no 333556',*,*,#1552,.T.);
#1734=CARTESIAN_POINT('',(-19.2126464844,-5.0,1.5));
#1735=VERTEX_POINT('',#1734);
#1736=CARTESIAN_POINT('',(-19.2126464844,7.5,1.5));
#1737=DIRECTION('',(0.0,-1.0,0.0));
#1738=VECTOR('',#1737,1.0);
#1739=LINE('',#1736,#1738);
#1740=EDGE_CURVE('no 334088',#1735,#1547,#1739,.T.);
#1741=ORIENTED_EDGE('no 333576',*,*,#1740,.F.);
#1742=CARTESIAN_POINT('',(-19.7126464844,-5.0,1.5));
#1743=VERTEX_POINT('',#1742);
#1744=CARTESIAN_POINT('',(-31.2126464844,-5.0,1.5));
#1745=DIRECTION('',(1.0,0.0,0.0));
#1746=VECTOR('',#1745,1.0);
#1747=LINE('',#1744,#1746);
#1748=EDGE_CURVE('no 333740',#1743,#1735,#1747,.T.);
#1749=ORIENTED_EDGE('no 333736',*,*,#1748,.F.);
#1750=CARTESIAN_POINT('',(-19.7126464844,7.0,1.5));
#1751=VERTEX_POINT('',#1750);
#1752=CARTESIAN_POINT('',(-19.7126464844,7.5,1.5));
#1753=DIRECTION('',(0.0,-1.0,0.0));
#1754=VECTOR('',#1753,1.0);
#1755=LINE('',#1752,#1754);
#1756=EDGE_CURVE('no 333662',#1751,#1743,#1755,.T.);
#1757=ORIENTED_EDGE('no 333658',*,*,#1756,.F.);
#1758=CARTESIAN_POINT('',(-31.2126464844,7.0,1.5));
#1759=DIRECTION('',(1.0,0.0,0.0));
#1760=VECTOR('',#1759,1.0);
#1761=LINE('',#1758,#1760);
#1762=EDGE_CURVE('no 333720',#1751,#1719,#1761,.T.);
#1763=ORIENTED_EDGE('no 333716',*,*,#1762,.T.);
#1764=EDGE_LOOP('',(#1725,#1731,#1732,#1733,#1741,#1749,#1757,#1763));
#1765=FACE_OUTER_BOUND('',#1764,.T.);
#1766=CARTESIAN_POINT('',(-31.2126464844,7.5,1.5));
#1767=DIRECTION('',(-0.0,0.0,1.0));
#1768=DIRECTION('',(0.0,-1.0,0.0));
#1769=AXIS2_PLACEMENT_3D('',#1766,#1767,#1768);
#1770=PLANE('',#1769);
#1771=ADVANCED_FACE('no 334102',(#1765),#1770,.T.);
#1772=CARTESIAN_POINT('',(19.2873535156,-1.5,9.0));
#1773=VERTEX_POINT('',#1772);
#1774=CARTESIAN_POINT('',(18.2873535156,-1.5,9.0));
#1775=DIRECTION('',(1.0,0.0,0.0));
#1776=VECTOR('',#1775,1.0);
#1777=LINE('',#1774,#1776);
#1778=EDGE_CURVE('no 336092',#1773,#1589,#1777,.T.);
#1779=ORIENTED_EDGE('no 335039',*,*,#1778,.F.);
#1780=CARTESIAN_POINT('',(19.2873535156,-1.5,9.0));
#1781=DIRECTION('',(0.0,0.0,-1.0));
#1782=VECTOR('',#1781,1.0);
#1783=LINE('',#1780,#1782);
#1784=EDGE_CURVE('no 335829',#1773,#1678,#1783,.T.);
#1785=ORIENTED_EDGE('no 335544',*,*,#1784,.T.);
#1786=ORIENTED_EDGE('no 335033',*,*,#1683,.T.);
#1787=ORIENTED_EDGE('no 335998',*,*,#1601,.F.);
#1788=EDGE_LOOP('',(#1779,#1785,#1786,#1787));
#1789=FACE_OUTER_BOUND('',#1788,.T.);
#1790=CARTESIAN_POINT('',(18.2873535156,-1.5,9.0));
#1791=DIRECTION('',(0.0,-1.0,0.0));
#1792=DIRECTION('',(0.0,0.0,-1.0));
#1793=AXIS2_PLACEMENT_3D('',#1790,#1791,#1792);
#1794=PLANE('',#1793);
#1795=ADVANCED_FACE('no 336094',(#1789),#1794,.T.);
#1796=CARTESIAN_POINT('',(19.2873535156,-2.5,9.0));
#1797=DIRECTION('',(-0.0,-0.0,1.0));
#1798=DIRECTION('',(-1.0,0.0,0.0));
#1799=AXIS2_PLACEMENT_3D('',#1796,#1797,#1798);
#1800=CIRCLE('',#1799,1.0);
#1801=EDGE_CURVE('no 335832',#1773,#1184,#1800,.T.);
#1802=ORIENTED_EDGE('no 335827',*,*,#1801,.F.);
#1803=ORIENTED_EDGE('no 335789',*,*,#1784,.T.);
#1804=ORIENTED_EDGE('no 335785',*,*,#1690,.F.);
#1805=ORIENTED_EDGE('no 335796',*,*,#1229,.F.);
#1806=EDGE_LOOP('',(#1802,#1803,#1804,#1805));
#1807=FACE_OUTER_BOUND('',#1806,.F.);
#1808=CARTESIAN_POINT('',(19.2873535156,-2.5,4.5));
#1809=DIRECTION('',(0.0,0.0,-1.0));
#1810=DIRECTION('',(-1.0,0.0,0.0));
#1811=AXIS2_PLACEMENT_3D('',#1808,#1809,#1810);
#1812=CYLINDRICAL_SURFACE('',#1811,1.0);
#1813=ADVANCED_FACE('no 335830',(#1807),#1812,.F.);
#1814=ORIENTED_EDGE('no 333588',*,*,#1740,.T.);
#1815=ORIENTED_EDGE('no 333589',*,*,#1568,.T.);
#1816=CARTESIAN_POINT('',(-19.2126464844,-5.0,9.0));
#1817=VERTEX_POINT('',#1816);
#1818=CARTESIAN_POINT('',(-19.2126464844,0.0,9.0));
#1819=DIRECTION('',(0.0,-1.0,0.0));
#1820=VECTOR('',#1819,1.0);
#1821=LINE('',#1818,#1820);
#1822=EDGE_CURVE('no 334163',#1817,#1556,#1821,.T.);
#1823=ORIENTED_EDGE('no 333826',*,*,#1822,.F.);
#1824=CARTESIAN_POINT('',(-19.2126464844,-5.0,5.25));
#1825=DIRECTION('',(0.0,0.0,-1.0));
#1826=VECTOR('',#1825,1.0);
#1827=LINE('',#1824,#1826);
#1828=EDGE_CURVE('no 333750',#1817,#1735,#1827,.T.);
#1829=ORIENTED_EDGE('no 333746',*,*,#1828,.T.);
#1830=EDGE_LOOP('',(#1814,#1815,#1823,#1829));
#1831=FACE_OUTER_BOUND('',#1830,.T.);
#1832=CARTESIAN_POINT('',(-19.2126464844,0.0,0.0));
#1833=DIRECTION('',(-1.0,0.0,0.0));
#1834=DIRECTION('',(0.0,-1.0,0.0));
#1835=AXIS2_PLACEMENT_3D('',#1832,#1833,#1834);
#1836=PLANE('',#1835);
#1837=ADVANCED_FACE('no 334175',(#1831),#1836,.T.);
#1838=CARTESIAN_POINT('',(-19.2126464844,10.4931943946,9.0));
#1839=VERTEX_POINT('',#1838);
#1840=CARTESIAN_POINT('',(-19.2126464844,-4.0313126068,10.4493422133));
#1841=DIRECTION('',(-1.0,0.0,0.0));
#1842=DIRECTION('',(0.0,-1.0,0.0));
#1843=AXIS2_PLACEMENT_3D('',#1840,#1841,#1842);
#1844=CIRCLE('',#1843,14.5966399039);
#1845=EDGE_CURVE('no 334169',#1839,#1717,#1844,.T.);
#1846=ORIENTED_EDGE('no 333587',*,*,#1845,.T.);
#1847=ORIENTED_EDGE('no 333588',*,*,#1724,.T.);
#1848=CARTESIAN_POINT('',(-19.2126464844,7.0,9.0));
#1849=VERTEX_POINT('',#1848);
#1850=CARTESIAN_POINT('',(-19.2126464844,7.0,5.25));
#1851=DIRECTION('',(0.0,-0.0,-1.0));
#1852=VECTOR('',#1851,1.0);
#1853=LINE('',#1850,#1852);
#1854=EDGE_CURVE('no 333730',#1849,#1719,#1853,.T.);
#1855=ORIENTED_EDGE('no 333726',*,*,#1854,.F.);
#1856=CARTESIAN_POINT('',(-19.2126464844,0.0,9.0));
#1857=DIRECTION('',(0.0,-1.0,0.0));
#1858=VECTOR('',#1857,1.0);
#1859=LINE('',#1856,#1858);
#1860=EDGE_CURVE('no 334160',#1839,#1849,#1859,.T.);
#1861=ORIENTED_EDGE('no 333826',*,*,#1860,.F.);
#1862=EDGE_LOOP('',(#1846,#1847,#1855,#1861));
#1863=FACE_OUTER_BOUND('',#1862,.T.);
#1864=CARTESIAN_POINT('',(-19.2126464844,0.0,0.0));
#1865=DIRECTION('',(-1.0,0.0,0.0));
#1866=DIRECTION('',(0.0,-1.0,0.0));
#1867=AXIS2_PLACEMENT_3D('',#1864,#1865,#1866);
#1868=PLANE('',#1867);
#1869=ADVANCED_FACE('no 334170',(#1863),#1868,.T.);
#1870=CARTESIAN_POINT('',(-31.2126464844,10.4931943946,9.0));
#1871=DIRECTION('',(1.0,0.0,0.0));
#1872=VECTOR('',#1871,1.0);
#1873=LINE('',#1870,#1872);
#1874=EDGE_CURVE('no 334159',#1340,#1839,#1873,.T.);
#1875=ORIENTED_EDGE('no 333553',*,*,#1874,.F.);
#1876=ORIENTED_EDGE('no 333569',*,*,#1406,.T.);
#1877=ORIENTED_EDGE('no 333554',*,*,#1730,.T.);
#1878=ORIENTED_EDGE('no 333575',*,*,#1845,.F.);
#1879=EDGE_LOOP('',(#1875,#1876,#1877,#1878));
#1880=FACE_OUTER_BOUND('',#1879,.T.);
#1881=CARTESIAN_POINT('',(-25.2126464844,-4.0313126068,10.4493422133));
#1882=DIRECTION('',(-1.0,0.0,0.0));
#1883=DIRECTION('',(0.0,-1.0,0.0));
#1884=AXIS2_PLACEMENT_3D('',#1881,#1882,#1883);
#1885=CYLINDRICAL_SURFACE('',#1884,14.5966399039);
#1886=ADVANCED_FACE('no 334167',(#1880),#1885,.F.);
#1887=ORIENTED_EDGE('no 305712',*,*,#1354,.F.);
#1888=CARTESIAN_POINT('',(-19.7126464844,12.0,9.0));
#1889=DIRECTION('',(-1.0,0.0,0.0));
#1890=VECTOR('',#1889,1.0);
#1891=LINE('',#1888,#1890);
#1892=EDGE_CURVE('no 306283',#1265,#1342,#1891,.T.);
#1893=ORIENTED_EDGE('no 305700',*,*,#1892,.F.);
#1894=ORIENTED_EDGE('no 305708',*,*,#1303,.T.);
#1895=ORIENTED_EDGE('no 306321',*,*,#1327,.T.);
#1896=EDGE_LOOP('',(#1887,#1893,#1894,#1895));
#1897=FACE_OUTER_BOUND('',#1896,.T.);
#1898=CARTESIAN_POINT('',(-25.4626464844,-5.3993208159,10.585846984));
#1899=DIRECTION('',(-1.0,0.0,0.0));
#1900=DIRECTION('',(0.0,-1.0,0.0));
#1901=AXIS2_PLACEMENT_3D('',#1898,#1899,#1900);
#1902=CYLINDRICAL_SURFACE('',#1901,17.4714417124);
#1903=ADVANCED_FACE('no 306506',(#1897),#1902,.T.);
#1904=ORIENTED_EDGE('no 335805',*,*,#1698,.F.);
#1905=ORIENTED_EDGE('no 335815',*,*,#1529,.T.);
#1906=CARTESIAN_POINT('',(19.2873535156,4.5,9.0));
#1907=DIRECTION('',(0.0,0.0,1.0));
#1908=DIRECTION('',(-1.0,0.0,0.0));
#1909=AXIS2_PLACEMENT_3D('',#1906,#1907,#1908);
#1910=CIRCLE('',#1909,1.0);
#1911=EDGE_CURVE('no 335850',#1202,#1524,#1910,.T.);
#1912=ORIENTED_EDGE('no 335845',*,*,#1911,.F.);
#1913=ORIENTED_EDGE('no 335808',*,*,#1215,.F.);
#1914=EDGE_LOOP('',(#1904,#1905,#1912,#1913));
#1915=FACE_OUTER_BOUND('',#1914,.F.);
#1916=CARTESIAN_POINT('',(19.2873535156,4.5,4.5));
#1917=DIRECTION('',(0.0,0.0,1.0));
#1918=DIRECTION('',(-1.0,0.0,0.0));
#1919=AXIS2_PLACEMENT_3D('',#1916,#1917,#1918);
#1920=CYLINDRICAL_SURFACE('',#1919,1.0);
#1921=ADVANCED_FACE('no 335848',(#1915),#1920,.F.);
#1922=CARTESIAN_POINT('',(14.2873535156,7.0,9.0));
#1923=VERTEX_POINT('',#1922);
#1924=CARTESIAN_POINT('',(-19.7126464844,7.0,9.0));
#1925=DIRECTION('',(1.0,0.0,0.0));
#1926=VECTOR('',#1925,1.0);
#1927=LINE('',#1924,#1926);
#1928=EDGE_CURVE('no 334114',#1849,#1923,#1927,.T.);
#1929=ORIENTED_EDGE('no 304992',*,*,#1928,.T.);
#1930=CARTESIAN_POINT('',(14.2873535156,7.0,1.0));
#1931=VERTEX_POINT('',#1930);
#1932=CARTESIAN_POINT('',(14.2873535156,7.0,9.0));
#1933=DIRECTION('',(0.0,0.0,-1.0));
#1934=VECTOR('',#1933,1.0);
#1935=LINE('',#1932,#1934);
#1936=EDGE_CURVE('no 305175',#1923,#1931,#1935,.T.);
#1937=ORIENTED_EDGE('no 304984',*,*,#1936,.T.);
#1938=CARTESIAN_POINT('',(-19.7126464844,7.0,1.0));
#1939=VERTEX_POINT('',#1938);
#1940=CARTESIAN_POINT('',(-19.7126464844,7.0,1.0));
#1941=DIRECTION('',(1.0,0.0,0.0));
#1942=VECTOR('',#1941,1.0);
#1943=LINE('',#1940,#1942);
#1944=EDGE_CURVE('no 306245',#1939,#1931,#1943,.T.);
#1945=ORIENTED_EDGE('no 304996',*,*,#1944,.F.);
#1946=CARTESIAN_POINT('',(-19.7126464844,7.0,9.0));
#1947=DIRECTION('',(0.0,0.0,-1.0));
#1948=VECTOR('',#1947,1.0);
#1949=LINE('',#1946,#1948);
#1950=EDGE_CURVE('no 334110',#1751,#1939,#1949,.T.);
#1951=ORIENTED_EDGE('no 304978',*,*,#1950,.F.);
#1952=ORIENTED_EDGE('no 333715',*,*,#1762,.T.);
#1953=ORIENTED_EDGE('no 333725',*,*,#1854,.F.);
#1954=EDGE_LOOP('',(#1929,#1937,#1945,#1951,#1952,#1953));
#1955=FACE_OUTER_BOUND('',#1954,.F.);
#1956=CARTESIAN_POINT('',(-19.7126464844,7.0,9.0));
#1957=DIRECTION('',(-0.0,1.0,0.0));
#1958=DIRECTION('',(1.0,0.0,0.0));
#1959=AXIS2_PLACEMENT_3D('',#1956,#1957,#1958);
#1960=PLANE('',#1959);
#1961=ADVANCED_FACE('no 334125',(#1955),#1960,.F.);
#1962=CARTESIAN_POINT('',(14.2873535156,-5.0000005043,9.0));
#1963=VERTEX_POINT('',#1962);
#1964=CARTESIAN_POINT('',(14.2873535156,-5.0000005043,1.0));
#1965=VERTEX_POINT('',#1964);
#1966=CARTESIAN_POINT('',(14.2873535156,-5.0000005043,9.0));
#1967=DIRECTION('',(0.0,0.0,-1.0));
#1968=VECTOR('',#1967,1.0);
#1969=LINE('',#1966,#1968);
#1970=EDGE_CURVE('no 305174',#1963,#1965,#1969,.T.);
#1971=ORIENTED_EDGE('no 304982',*,*,#1970,.F.);
#1972=CARTESIAN_POINT('',(14.2873535156,-5.0000005043,9.0));
#1973=DIRECTION('',(0.0,1.0,0.0));
#1974=VECTOR('',#1973,1.0);
#1975=LINE('',#1972,#1974);
#1976=EDGE_CURVE('no 305111',#1963,#1923,#1975,.T.);
#1977=ORIENTED_EDGE('no 304991',*,*,#1976,.T.);
#1978=ORIENTED_EDGE('no 304983',*,*,#1936,.T.);
#1979=CARTESIAN_POINT('',(14.2873535156,-5.0000005043,1.0));
#1980=DIRECTION('',(0.0,1.0,0.0));
#1981=VECTOR('',#1980,1.0);
#1982=LINE('',#1979,#1981);
#1983=EDGE_CURVE('no 304961',#1965,#1931,#1982,.T.);
#1984=ORIENTED_EDGE('no 304995',*,*,#1983,.F.);
#1985=EDGE_LOOP('',(#1971,#1977,#1978,#1984));
#1986=FACE_OUTER_BOUND('',#1985,.T.);
#1987=CARTESIAN_POINT('',(14.2873535156,-5.0000005043,9.0));
#1988=DIRECTION('',(-1.0,0.0,0.0));
#1989=DIRECTION('',(0.0,1.0,0.0));
#1990=AXIS2_PLACEMENT_3D('',#1987,#1988,#1989);
#1991=PLANE('',#1990);
#1992=ADVANCED_FACE('no 305164',(#1986),#1991,.T.);
#1993=CARTESIAN_POINT('',(-19.7126464844,-5.0,1.0));
#1994=VERTEX_POINT('',#1993);
#1995=CARTESIAN_POINT('',(-19.7126464844,-5.0,9.0));
#1996=DIRECTION('',(0.0,0.0,-1.0));
#1997=VECTOR('',#1996,1.0);
#1998=LINE('',#1995,#1997);
#1999=EDGE_CURVE('no 334112',#1743,#1994,#1998,.T.);
#2000=ORIENTED_EDGE('no 304980',*,*,#1999,.T.);
#2001=CARTESIAN_POINT('',(14.2873535156,-5.0,1.0));
#2002=DIRECTION('',(-1.0,0.0,0.0));
#2003=VECTOR('',#2002,1.0);
#2004=LINE('',#2001,#2003);
#2005=EDGE_CURVE('no 306244',#1965,#1994,#2004,.T.);
#2006=ORIENTED_EDGE('no 304994',*,*,#2005,.F.);
#2007=ORIENTED_EDGE('no 304981',*,*,#1970,.F.);
#2008=CARTESIAN_POINT('',(14.2873535156,-5.0,9.0));
#2009=DIRECTION('',(-1.0,0.0,0.0));
#2010=VECTOR('',#2009,1.0);
#2011=LINE('',#2008,#2010);
#2012=EDGE_CURVE('no 334115',#1963,#1817,#2011,.T.);
#2013=ORIENTED_EDGE('no 304990',*,*,#2012,.T.);
#2014=ORIENTED_EDGE('no 333745',*,*,#1828,.T.);
#2015=ORIENTED_EDGE('no 333735',*,*,#1748,.F.);
#2016=EDGE_LOOP('',(#2000,#2006,#2007,#2013,#2014,#2015));
#2017=FACE_OUTER_BOUND('',#2016,.F.);
#2018=CARTESIAN_POINT('',(14.2873535156,-5.0,9.0));
#2019=DIRECTION('',(-0.0,-1.0,-0.0));
#2020=DIRECTION('',(-1.0,0.0,0.0));
#2021=AXIS2_PLACEMENT_3D('',#2018,#2019,#2020);
#2022=PLANE('',#2021);
#2023=ADVANCED_FACE('no 334121',(#2017),#2022,.F.);
#2024=ORIENTED_EDGE('no 304977',*,*,#1950,.T.);
#2025=CARTESIAN_POINT('',(-19.7126464844,1.0,1.0));
#2026=DIRECTION('',(0.0,1.0,0.0));
#2027=VECTOR('',#2026,1.0);
#2028=LINE('',#2025,#2027);
#2029=EDGE_CURVE('no 306132',#1994,#1939,#2028,.T.);
#2030=ORIENTED_EDGE('no 304993',*,*,#2029,.F.);
#2031=ORIENTED_EDGE('no 304979',*,*,#1999,.F.);
#2032=ORIENTED_EDGE('no 333657',*,*,#1756,.F.);
#2033=EDGE_LOOP('',(#2024,#2030,#2031,#2032));
#2034=FACE_OUTER_BOUND('',#2033,.F.);
#2035=CARTESIAN_POINT('',(-19.7126464844,12.0,0.0));
#2036=DIRECTION('',(-1.0,0.0,0.0));
#2037=DIRECTION('',(0.0,-1.0,0.0));
#2038=AXIS2_PLACEMENT_3D('',#2035,#2036,#2037);
#2039=PLANE('',#2038);
#2040=ADVANCED_FACE('no 334131',(#2034),#2039,.F.);
#2041=ORIENTED_EDGE('no 335050',*,*,#1466,.F.);
#2042=ORIENTED_EDGE('no 335950',*,*,#1489,.T.);
#2043=ORIENTED_EDGE('no 335037',*,*,#1535,.F.);
#2044=ORIENTED_EDGE('no 310054',*,*,#1911,.F.);
#2045=ORIENTED_EDGE('no 303851',*,*,#1207,.T.);
#2046=ORIENTED_EDGE('no 303978',*,*,#1246,.T.);
#2047=ORIENTED_EDGE('no 303852',*,*,#1270,.F.);
#2048=ORIENTED_EDGE('no 305699',*,*,#1892,.T.);
#2049=ORIENTED_EDGE('no 305711',*,*,#1347,.F.);
#2050=ORIENTED_EDGE('no 333755',*,*,#1874,.T.);
#2051=ORIENTED_EDGE('no 333825',*,*,#1860,.T.);
#2052=ORIENTED_EDGE('no 305000',*,*,#1928,.T.);
#2053=ORIENTED_EDGE('no 304999',*,*,#1976,.F.);
#2054=ORIENTED_EDGE('no 304998',*,*,#2012,.T.);
#2055=ORIENTED_EDGE('no 333825',*,*,#1822,.T.);
#2056=ORIENTED_EDGE('no 333795',*,*,#1561,.T.);
#2057=ORIENTED_EDGE('no 305711',*,*,#1382,.F.);
#2058=CARTESIAN_POINT('',(-25.4626464844,-10.0,9.0));
#2059=DIRECTION('',(-1.0,0.0,0.0));
#2060=VECTOR('',#2059,1.0);
#2061=LINE('',#2058,#2060);
#2062=EDGE_CURVE('no 306290',#1129,#1368,#2061,.T.);
#2063=ORIENTED_EDGE('no 305698',*,*,#2062,.F.);
#2064=ORIENTED_EDGE('no 303850',*,*,#1142,.F.);
#2065=ORIENTED_EDGE('no 304100',*,*,#1165,.T.);
#2066=ORIENTED_EDGE('no 303851',*,*,#1189,.T.);
#2067=ORIENTED_EDGE('no 310298',*,*,#1801,.F.);
#2068=ORIENTED_EDGE('no 335038',*,*,#1778,.T.);
#2069=ORIENTED_EDGE('no 336063',*,*,#1595,.T.);
#2070=EDGE_LOOP('',(
    #2041,#2042,#2043,#2044,#2045,#2046,#2047,#2048,#2049,#2050,
    #2051,#2052,#2053,#2054,#2055,#2056,#2057,#2063,#2064,#2065,
    #2066,#2067,#2068,#2069));
#2071=FACE_OUTER_BOUND('',#2070,.T.);
#2072=ORIENTED_EDGE('no 340655',*,*,#1628,.F.);
#2073=ORIENTED_EDGE('no 340669',*,*,#1659,.F.);
#2074=EDGE_LOOP('',(#2072,#2073));
#2075=FACE_BOUND('',#2074,.T.);
#2076=CARTESIAN_POINT('',(-12.9126464844,-7.5,9.0));
#2077=VERTEX_POINT('',#2076);
#2078=CARTESIAN_POINT('',(-15.9126464844,-7.5,9.0));
#2079=VERTEX_POINT('',#2078);
#2080=CARTESIAN_POINT('',(-14.4126464844,-7.5,9.0));
#2081=DIRECTION('',(0.0,0.0,1.0));
#2082=DIRECTION('',(1.0,0.0,0.0));
#2083=AXIS2_PLACEMENT_3D('',#2080,#2081,#2082);
#2084=CIRCLE('',#2083,1.5);
#2085=EDGE_CURVE('no 337328',#2077,#2079,#2084,.T.);
#2086=ORIENTED_EDGE('no 337286',*,*,#2085,.F.);
#2087=CARTESIAN_POINT('',(-14.4126464844,-7.5,9.0));
#2088=DIRECTION('',(0.0,0.0,1.0));
#2089=DIRECTION('',(1.0,0.0,0.0));
#2090=AXIS2_PLACEMENT_3D('',#2087,#2088,#2089);
#2091=CIRCLE('',#2090,1.5);
#2092=EDGE_CURVE('no 337347',#2079,#2077,#2091,.T.);
#2093=ORIENTED_EDGE('no 337286',*,*,#2092,.F.);
#2094=EDGE_LOOP('',(#2086,#2093));
#2095=FACE_BOUND('',#2094,.T.);
#2096=CARTESIAN_POINT('',(-12.9126464844,9.5,9.0));
#2097=VERTEX_POINT('',#2096);
#2098=CARTESIAN_POINT('',(-15.9126464844,9.5,9.0));
#2099=VERTEX_POINT('',#2098);
#2100=CARTESIAN_POINT('',(-14.4126464844,9.5,9.0));
#2101=DIRECTION('',(0.0,0.0,1.0));
#2102=DIRECTION('',(1.0,0.0,0.0));
#2103=AXIS2_PLACEMENT_3D('',#2100,#2101,#2102);
#2104=CIRCLE('',#2103,1.5);
#2105=EDGE_CURVE('no 336468',#2097,#2099,#2104,.T.);
#2106=ORIENTED_EDGE('no 336427',*,*,#2105,.F.);
#2107=CARTESIAN_POINT('',(-14.4126464844,9.5,9.0));
#2108=DIRECTION('',(0.0,0.0,1.0));
#2109=DIRECTION('',(1.0,0.0,0.0));
#2110=AXIS2_PLACEMENT_3D('',#2107,#2108,#2109);
#2111=CIRCLE('',#2110,1.5);
#2112=EDGE_CURVE('no 336487',#2099,#2097,#2111,.T.);
#2113=ORIENTED_EDGE('no 336427',*,*,#2112,.F.);
#2114=EDGE_LOOP('',(#2106,#2113));
#2115=FACE_BOUND('',#2114,.T.);
#2116=CARTESIAN_POINT('',(0.0,0.0,9.0));
#2117=DIRECTION('',(0.0,0.0,1.0));
#2118=DIRECTION('',(1.0,0.0,0.0));
#2119=AXIS2_PLACEMENT_3D('',#2116,#2117,#2118);
#2120=PLANE('',#2119);
#2121=ADVANCED_FACE('no 340830',(#2071,#2075,#2095,#2115),#2120,.T.);
#2122=ORIENTED_EDGE('no 305001',*,*,#2029,.F.);
#2123=ORIENTED_EDGE('no 305002',*,*,#2005,.F.);
#2124=ORIENTED_EDGE('no 305003',*,*,#1983,.T.);
#2125=ORIENTED_EDGE('no 305004',*,*,#1944,.F.);
#2126=EDGE_LOOP('',(#2122,#2123,#2124,#2125));
#2127=FACE_OUTER_BOUND('',#2126,.T.);
#2128=CARTESIAN_POINT('',(9.0873535156,1.0,1.0));
#2129=VERTEX_POINT('',#2128);
#2130=CARTESIAN_POINT('',(4.4873535156,1.0,1.0));
#2131=VERTEX_POINT('',#2130);
#2132=CARTESIAN_POINT('',(6.7873535156,1.0,1.0));
#2133=DIRECTION('',(0.0,0.0,1.0));
#2134=DIRECTION('',(1.0,0.0,0.0));
#2135=AXIS2_PLACEMENT_3D('',#2132,#2133,#2134);
#2136=CIRCLE('',#2135,2.3);
#2137=EDGE_CURVE('no 338215',#2129,#2131,#2136,.T.);
#2138=ORIENTED_EDGE('no 338165',*,*,#2137,.F.);
#2139=CARTESIAN_POINT('',(6.7873535156,1.0,1.0));
#2140=DIRECTION('',(0.0,0.0,1.0));
#2141=DIRECTION('',(1.0,0.0,0.0));
#2142=AXIS2_PLACEMENT_3D('',#2139,#2140,#2141);
#2143=CIRCLE('',#2142,2.3);
#2144=EDGE_CURVE('no 338234',#2131,#2129,#2143,.T.);
#2145=ORIENTED_EDGE('no 338165',*,*,#2144,.F.);
#2146=EDGE_LOOP('',(#2138,#2145));
#2147=FACE_BOUND('',#2146,.T.);
#2148=CARTESIAN_POINT('',(0.0,0.0,1.0));
#2149=DIRECTION('',(0.0,0.0,1.0));
#2150=DIRECTION('',(1.0,0.0,0.0));
#2151=AXIS2_PLACEMENT_3D('',#2148,#2149,#2150);
#2152=PLANE('',#2151);
#2153=ADVANCED_FACE('no 338346',(#2127,#2147),#2152,.T.);
#2154=CARTESIAN_POINT('',(16.2873535156,10.0,1.3464101615));
#2155=VERTEX_POINT('',#2154);
#2156=CARTESIAN_POINT('',(15.6873535156,10.0,1.0));
#2157=VERTEX_POINT('',#2156);
#2158=CARTESIAN_POINT('',(16.2873535156,10.0,1.3464101615));
#2159=DIRECTION('',(-0.8660254038,0.0,-0.5));
#2160=VECTOR('',#2159,1.0);
#2161=LINE('',#2158,#2160);
#2162=EDGE_CURVE('no 338870',#2155,#2157,#2161,.T.);
#2163=ORIENTED_EDGE('no 338927',*,*,#2162,.T.);
#2164=CARTESIAN_POINT('',(16.8873535156,10.0,1.0));
#2165=VERTEX_POINT('',#2164);
#2166=CARTESIAN_POINT('',(16.2873535156,10.0,1.0));
#2167=DIRECTION('',(-0.0,-0.0,1.0));
#2168=DIRECTION('',(1.0,0.0,0.0));
#2169=AXIS2_PLACEMENT_3D('',#2166,#2167,#2168);
#2170=CIRCLE('',#2169,0.6);
#2171=EDGE_CURVE('no 338898',#2157,#2165,#2170,.T.);
#2172=ORIENTED_EDGE('no 338917',*,*,#2171,.T.);
#2173=CARTESIAN_POINT('',(16.2873535156,10.0,1.3464101615));
#2174=DIRECTION('',(0.8660254038,0.0,-0.5));
#2175=VECTOR('',#2174,1.0);
#2176=LINE('',#2173,#2175);
#2177=EDGE_CURVE('no 338869',#2155,#2165,#2176,.T.);
#2178=ORIENTED_EDGE('no 338924',*,*,#2177,.F.);
#2179=EDGE_LOOP('',(#2163,#2172,#2178));
#2180=FACE_OUTER_BOUND('',#2179,.F.);
#2181=CARTESIAN_POINT('',(16.2873535156,10.0,1.3464101615));
#2182=DIRECTION('',(0.0,0.0,-1.0));
#2183=DIRECTION('',(1.0,0.0,0.0));
#2184=AXIS2_PLACEMENT_3D('',#2181,#2182,#2183);
#2185=CONICAL_SURFACE('',#2184,0.0,1.0471975512);
#2186=ADVANCED_FACE('no 338895',(#2180),#2185,.F.);
#2187=ORIENTED_EDGE('no 338923',*,*,#2177,.T.);
#2188=CARTESIAN_POINT('',(16.2873535156,10.0,1.0));
#2189=DIRECTION('',(-0.0,-0.0,1.0));
#2190=DIRECTION('',(1.0,0.0,0.0));
#2191=AXIS2_PLACEMENT_3D('',#2188,#2189,#2190);
#2192=CIRCLE('',#2191,0.6);
#2193=EDGE_CURVE('no 338866',#2165,#2157,#2192,.T.);
#2194=ORIENTED_EDGE('no 338917',*,*,#2193,.T.);
#2195=ORIENTED_EDGE('no 338927',*,*,#2162,.F.);
#2196=EDGE_LOOP('',(#2187,#2194,#2195));
#2197=FACE_OUTER_BOUND('',#2196,.F.);
#2198=CARTESIAN_POINT('',(16.2873535156,10.0,1.3464101615));
#2199=DIRECTION('',(0.0,0.0,-1.0));
#2200=DIRECTION('',(1.0,0.0,0.0));
#2201=AXIS2_PLACEMENT_3D('',#2198,#2199,#2200);
#2202=CONICAL_SURFACE('',#2201,0.0,1.0471975512);
#2203=ADVANCED_FACE('no 338861',(#2197),#2202,.F.);
#2204=CARTESIAN_POINT('',(16.2873535156,-8.0,1.3464101615));
#2205=VERTEX_POINT('',#2204);
#2206=CARTESIAN_POINT('',(15.6873535156,-8.0,1.0));
#2207=VERTEX_POINT('',#2206);
#2208=CARTESIAN_POINT('',(16.2873535156,-8.0,1.3464101615));
#2209=DIRECTION('',(-0.8660254038,0.0,-0.5));
#2210=VECTOR('',#2209,1.0);
#2211=LINE('',#2208,#2210);
#2212=EDGE_CURVE('no 339209',#2205,#2207,#2211,.T.);
#2213=ORIENTED_EDGE('no 339266',*,*,#2212,.T.);
#2214=CARTESIAN_POINT('',(16.8873535156,-8.0,1.0));
#2215=VERTEX_POINT('',#2214);
#2216=CARTESIAN_POINT('',(16.2873535156,-8.0,1.0));
#2217=DIRECTION('',(-0.0,-0.0,1.0));
#2218=DIRECTION('',(1.0,0.0,0.0));
#2219=AXIS2_PLACEMENT_3D('',#2216,#2217,#2218);
#2220=CIRCLE('',#2219,0.6);
#2221=EDGE_CURVE('no 339237',#2207,#2215,#2220,.T.);
#2222=ORIENTED_EDGE('no 339256',*,*,#2221,.T.);
#2223=CARTESIAN_POINT('',(16.2873535156,-8.0,1.3464101615));
#2224=DIRECTION('',(0.8660254038,0.0,-0.5));
#2225=VECTOR('',#2224,1.0);
#2226=LINE('',#2223,#2225);
#2227=EDGE_CURVE('no 339208',#2205,#2215,#2226,.T.);
#2228=ORIENTED_EDGE('no 339263',*,*,#2227,.F.);
#2229=EDGE_LOOP('',(#2213,#2222,#2228));
#2230=FACE_OUTER_BOUND('',#2229,.F.);
#2231=CARTESIAN_POINT('',(16.2873535156,-8.0,1.3464101615));
#2232=DIRECTION('',(0.0,0.0,-1.0));
#2233=DIRECTION('',(1.0,0.0,0.0));
#2234=AXIS2_PLACEMENT_3D('',#2231,#2232,#2233);
#2235=CONICAL_SURFACE('',#2234,0.0,1.0471975512);
#2236=ADVANCED_FACE('no 339234',(#2230),#2235,.F.);
#2237=ORIENTED_EDGE('no 339262',*,*,#2227,.T.);
#2238=CARTESIAN_POINT('',(16.2873535156,-8.0,1.0));
#2239=DIRECTION('',(-0.0,-0.0,1.0));
#2240=DIRECTION('',(1.0,0.0,0.0));
#2241=AXIS2_PLACEMENT_3D('',#2238,#2239,#2240);
#2242=CIRCLE('',#2241,0.6);
#2243=EDGE_CURVE('no 339205',#2215,#2207,#2242,.T.);
#2244=ORIENTED_EDGE('no 339256',*,*,#2243,.T.);
#2245=ORIENTED_EDGE('no 339266',*,*,#2212,.F.);
#2246=EDGE_LOOP('',(#2237,#2244,#2245));
#2247=FACE_OUTER_BOUND('',#2246,.F.);
#2248=CARTESIAN_POINT('',(16.2873535156,-8.0,1.3464101615));
#2249=DIRECTION('',(0.0,0.0,-1.0));
#2250=DIRECTION('',(1.0,0.0,0.0));
#2251=AXIS2_PLACEMENT_3D('',#2248,#2249,#2250);
#2252=CONICAL_SURFACE('',#2251,0.0,1.0471975512);
#2253=ADVANCED_FACE('no 339200',(#2247),#2252,.F.);
#2254=CARTESIAN_POINT('',(-1.7126464844,-9.0,2.2886751346));
#2255=VERTEX_POINT('',#2254);
#2256=CARTESIAN_POINT('',(-2.2126464844,-9.0,2.0));
#2257=VERTEX_POINT('',#2256);
#2258=CARTESIAN_POINT('',(-1.7126464844,-9.0,2.2886751346));
#2259=DIRECTION('',(-0.8660254038,0.0,-0.5));
#2260=VECTOR('',#2259,1.0);
#2261=LINE('',#2258,#2260);
#2262=EDGE_CURVE('no 339548',#2255,#2257,#2261,.T.);
#2263=ORIENTED_EDGE('no 339605',*,*,#2262,.T.);
#2264=CARTESIAN_POINT('',(-1.2126464844,-9.0,2.0));
#2265=VERTEX_POINT('',#2264);
#2266=CARTESIAN_POINT('',(-1.7126464844,-9.0,2.0));
#2267=DIRECTION('',(-0.0,-0.0,1.0));
#2268=DIRECTION('',(1.0,0.0,0.0));
#2269=AXIS2_PLACEMENT_3D('',#2266,#2267,#2268);
#2270=CIRCLE('',#2269,0.5);
#2271=EDGE_CURVE('no 339576',#2257,#2265,#2270,.T.);
#2272=ORIENTED_EDGE('no 339595',*,*,#2271,.T.);
#2273=CARTESIAN_POINT('',(-1.7126464844,-9.0,2.2886751346));
#2274=DIRECTION('',(0.8660254038,0.0,-0.5));
#2275=VECTOR('',#2274,1.0);
#2276=LINE('',#2273,#2275);
#2277=EDGE_CURVE('no 339547',#2255,#2265,#2276,.T.);
#2278=ORIENTED_EDGE('no 339602',*,*,#2277,.F.);
#2279=EDGE_LOOP('',(#2263,#2272,#2278));
#2280=FACE_OUTER_BOUND('',#2279,.F.);
#2281=CARTESIAN_POINT('',(-1.7126464844,-9.0,2.2886751346));
#2282=DIRECTION('',(0.0,0.0,-1.0));
#2283=DIRECTION('',(1.0,0.0,0.0));
#2284=AXIS2_PLACEMENT_3D('',#2281,#2282,#2283);
#2285=CONICAL_SURFACE('',#2284,0.0,1.0471975512);
#2286=ADVANCED_FACE('no 339573',(#2280),#2285,.F.);
#2287=ORIENTED_EDGE('no 339601',*,*,#2277,.T.);
#2288=CARTESIAN_POINT('',(-1.7126464844,-9.0,2.0));
#2289=DIRECTION('',(-0.0,-0.0,1.0));
#2290=DIRECTION('',(1.0,0.0,0.0));
#2291=AXIS2_PLACEMENT_3D('',#2288,#2289,#2290);
#2292=CIRCLE('',#2291,0.5);
#2293=EDGE_CURVE('no 339544',#2265,#2257,#2292,.T.);
#2294=ORIENTED_EDGE('no 339595',*,*,#2293,.T.);
#2295=ORIENTED_EDGE('no 339605',*,*,#2262,.F.);
#2296=EDGE_LOOP('',(#2287,#2294,#2295));
#2297=FACE_OUTER_BOUND('',#2296,.F.);
#2298=CARTESIAN_POINT('',(-1.7126464844,-9.0,2.2886751346));
#2299=DIRECTION('',(0.0,0.0,-1.0));
#2300=DIRECTION('',(1.0,0.0,0.0));
#2301=AXIS2_PLACEMENT_3D('',#2298,#2299,#2300);
#2302=CONICAL_SURFACE('',#2301,0.0,1.0471975512);
#2303=ADVANCED_FACE('no 339539',(#2297),#2302,.F.);
#2304=CARTESIAN_POINT('',(-1.7126464844,11.0,2.2886751346));
#2305=VERTEX_POINT('',#2304);
#2306=CARTESIAN_POINT('',(-2.2126464844,11.0,2.0));
#2307=VERTEX_POINT('',#2306);
#2308=CARTESIAN_POINT('',(-1.7126464844,11.0,2.2886751346));
#2309=DIRECTION('',(-0.8660254038,0.0,-0.5));
#2310=VECTOR('',#2309,1.0);
#2311=LINE('',#2308,#2310);
#2312=EDGE_CURVE('no 339887',#2305,#2307,#2311,.T.);
#2313=ORIENTED_EDGE('no 339944',*,*,#2312,.T.);
#2314=CARTESIAN_POINT('',(-1.2126464844,11.0,2.0));
#2315=VERTEX_POINT('',#2314);
#2316=CARTESIAN_POINT('',(-1.7126464844,11.0,2.0));
#2317=DIRECTION('',(-0.0,-0.0,1.0));
#2318=DIRECTION('',(1.0,0.0,0.0));
#2319=AXIS2_PLACEMENT_3D('',#2316,#2317,#2318);
#2320=CIRCLE('',#2319,0.5);
#2321=EDGE_CURVE('no 339915',#2307,#2315,#2320,.T.);
#2322=ORIENTED_EDGE('no 339934',*,*,#2321,.T.);
#2323=CARTESIAN_POINT('',(-1.7126464844,11.0,2.2886751346));
#2324=DIRECTION('',(0.8660254038,0.0,-0.5));
#2325=VECTOR('',#2324,1.0);
#2326=LINE('',#2323,#2325);
#2327=EDGE_CURVE('no 339886',#2305,#2315,#2326,.T.);
#2328=ORIENTED_EDGE('no 339941',*,*,#2327,.F.);
#2329=EDGE_LOOP('',(#2313,#2322,#2328));
#2330=FACE_OUTER_BOUND('',#2329,.F.);
#2331=CARTESIAN_POINT('',(-1.7126464844,11.0,2.2886751346));
#2332=DIRECTION('',(0.0,0.0,-1.0));
#2333=DIRECTION('',(1.0,0.0,0.0));
#2334=AXIS2_PLACEMENT_3D('',#2331,#2332,#2333);
#2335=CONICAL_SURFACE('',#2334,0.0,1.0471975512);
#2336=ADVANCED_FACE('no 339912',(#2330),#2335,.F.);
#2337=ORIENTED_EDGE('no 339940',*,*,#2327,.T.);
#2338=CARTESIAN_POINT('',(-1.7126464844,11.0,2.0));
#2339=DIRECTION('',(-0.0,-0.0,1.0));
#2340=DIRECTION('',(1.0,0.0,0.0));
#2341=AXIS2_PLACEMENT_3D('',#2338,#2339,#2340);
#2342=CIRCLE('',#2341,0.5);
#2343=EDGE_CURVE('no 339883',#2315,#2307,#2342,.T.);
#2344=ORIENTED_EDGE('no 339934',*,*,#2343,.T.);
#2345=ORIENTED_EDGE('no 339944',*,*,#2312,.F.);
#2346=EDGE_LOOP('',(#2337,#2344,#2345));
#2347=FACE_OUTER_BOUND('',#2346,.F.);
#2348=CARTESIAN_POINT('',(-1.7126464844,11.0,2.2886751346));
#2349=DIRECTION('',(0.0,0.0,-1.0));
#2350=DIRECTION('',(1.0,0.0,0.0));
#2351=AXIS2_PLACEMENT_3D('',#2348,#2349,#2350);
#2352=CONICAL_SURFACE('',#2351,0.0,1.0471975512);
#2353=ADVANCED_FACE('no 339878',(#2347),#2352,.F.);
#2354=CARTESIAN_POINT('',(-17.7126464844,-8.0,5.5773502692));
#2355=VERTEX_POINT('',#2354);
#2356=CARTESIAN_POINT('',(-18.7126464844,-8.0,5.0));
#2357=VERTEX_POINT('',#2356);
#2358=CARTESIAN_POINT('',(-17.7126464844,-8.0,5.5773502692));
#2359=DIRECTION('',(-0.8660254038,0.0,-0.5));
#2360=VECTOR('',#2359,1.0);
#2361=LINE('',#2358,#2360);
#2362=EDGE_CURVE('no 340988',#2355,#2357,#2361,.T.);
#2363=ORIENTED_EDGE('no 341045',*,*,#2362,.T.);
#2364=CARTESIAN_POINT('',(-16.7126464844,-8.0,5.0));
#2365=VERTEX_POINT('',#2364);
#2366=CARTESIAN_POINT('',(-17.7126464844,-8.0,5.0));
#2367=DIRECTION('',(-0.0,-0.0,1.0));
#2368=DIRECTION('',(1.0,0.0,0.0));
#2369=AXIS2_PLACEMENT_3D('',#2366,#2367,#2368);
#2370=CIRCLE('',#2369,1.0);
#2371=EDGE_CURVE('no 341016',#2357,#2365,#2370,.T.);
#2372=ORIENTED_EDGE('no 341035',*,*,#2371,.T.);
#2373=CARTESIAN_POINT('',(-17.7126464844,-8.0,5.5773502692));
#2374=DIRECTION('',(0.8660254038,0.0,-0.5));
#2375=VECTOR('',#2374,1.0);
#2376=LINE('',#2373,#2375);
#2377=EDGE_CURVE('no 340987',#2355,#2365,#2376,.T.);
#2378=ORIENTED_EDGE('no 341042',*,*,#2377,.F.);
#2379=EDGE_LOOP('',(#2363,#2372,#2378));
#2380=FACE_OUTER_BOUND('',#2379,.F.);
#2381=CARTESIAN_POINT('',(-17.7126464844,-8.0,5.5773502692));
#2382=DIRECTION('',(0.0,0.0,-1.0));
#2383=DIRECTION('',(1.0,0.0,0.0));
#2384=AXIS2_PLACEMENT_3D('',#2381,#2382,#2383);
#2385=CONICAL_SURFACE('',#2384,0.0,1.0471975512);
#2386=ADVANCED_FACE('no 341013',(#2380),#2385,.F.);
#2387=ORIENTED_EDGE('no 341041',*,*,#2377,.T.);
#2388=CARTESIAN_POINT('',(-17.7126464844,-8.0,5.0));
#2389=DIRECTION('',(-0.0,-0.0,1.0));
#2390=DIRECTION('',(1.0,0.0,0.0));
#2391=AXIS2_PLACEMENT_3D('',#2388,#2389,#2390);
#2392=CIRCLE('',#2391,1.0);
#2393=EDGE_CURVE('no 340984',#2365,#2357,#2392,.T.);
#2394=ORIENTED_EDGE('no 341035',*,*,#2393,.T.);
#2395=ORIENTED_EDGE('no 341045',*,*,#2362,.F.);
#2396=EDGE_LOOP('',(#2387,#2394,#2395));
#2397=FACE_OUTER_BOUND('',#2396,.F.);
#2398=CARTESIAN_POINT('',(-17.7126464844,-8.0,5.5773502692));
#2399=DIRECTION('',(0.0,0.0,-1.0));
#2400=DIRECTION('',(1.0,0.0,0.0));
#2401=AXIS2_PLACEMENT_3D('',#2398,#2399,#2400);
#2402=CONICAL_SURFACE('',#2401,0.0,1.0471975512);
#2403=ADVANCED_FACE('no 340979',(#2397),#2402,.F.);
#2404=CARTESIAN_POINT('',(-17.7126464844,10.0,5.5773502692));
#2405=VERTEX_POINT('',#2404);
#2406=CARTESIAN_POINT('',(-18.7126464844,10.0,5.0));
#2407=VERTEX_POINT('',#2406);
#2408=CARTESIAN_POINT('',(-17.7126464844,10.0,5.5773502692));
#2409=DIRECTION('',(-0.8660254038,0.0,-0.5));
#2410=VECTOR('',#2409,1.0);
#2411=LINE('',#2408,#2410);
#2412=EDGE_CURVE('no 341327',#2405,#2407,#2411,.T.);
#2413=ORIENTED_EDGE('no 341384',*,*,#2412,.T.);
#2414=CARTESIAN_POINT('',(-16.7126464844,10.0,5.0));
#2415=VERTEX_POINT('',#2414);
#2416=CARTESIAN_POINT('',(-17.7126464844,10.0,5.0));
#2417=DIRECTION('',(-0.0,-0.0,1.0));
#2418=DIRECTION('',(1.0,0.0,0.0));
#2419=AXIS2_PLACEMENT_3D('',#2416,#2417,#2418);
#2420=CIRCLE('',#2419,1.0);
#2421=EDGE_CURVE('no 341355',#2407,#2415,#2420,.T.);
#2422=ORIENTED_EDGE('no 341374',*,*,#2421,.T.);
#2423=CARTESIAN_POINT('',(-17.7126464844,10.0,5.5773502692));
#2424=DIRECTION('',(0.8660254038,0.0,-0.5));
#2425=VECTOR('',#2424,1.0);
#2426=LINE('',#2423,#2425);
#2427=EDGE_CURVE('no 341326',#2405,#2415,#2426,.T.);
#2428=ORIENTED_EDGE('no 341381',*,*,#2427,.F.);
#2429=EDGE_LOOP('',(#2413,#2422,#2428));
#2430=FACE_OUTER_BOUND('',#2429,.F.);
#2431=CARTESIAN_POINT('',(-17.7126464844,10.0,5.5773502692));
#2432=DIRECTION('',(0.0,0.0,-1.0));
#2433=DIRECTION('',(1.0,0.0,0.0));
#2434=AXIS2_PLACEMENT_3D('',#2431,#2432,#2433);
#2435=CONICAL_SURFACE('',#2434,0.0,1.0471975512);
#2436=ADVANCED_FACE('no 341352',(#2430),#2435,.F.);
#2437=ORIENTED_EDGE('no 341380',*,*,#2427,.T.);
#2438=CARTESIAN_POINT('',(-17.7126464844,10.0,5.0));
#2439=DIRECTION('',(-0.0,-0.0,1.0));
#2440=DIRECTION('',(1.0,0.0,0.0));
#2441=AXIS2_PLACEMENT_3D('',#2438,#2439,#2440);
#2442=CIRCLE('',#2441,1.0);
#2443=EDGE_CURVE('no 341323',#2415,#2407,#2442,.T.);
#2444=ORIENTED_EDGE('no 341374',*,*,#2443,.T.);
#2445=ORIENTED_EDGE('no 341384',*,*,#2412,.F.);
#2446=EDGE_LOOP('',(#2437,#2444,#2445));
#2447=FACE_OUTER_BOUND('',#2446,.F.);
#2448=CARTESIAN_POINT('',(-17.7126464844,10.0,5.5773502692));
#2449=DIRECTION('',(0.0,0.0,-1.0));
#2450=DIRECTION('',(1.0,0.0,0.0));
#2451=AXIS2_PLACEMENT_3D('',#2448,#2449,#2450);
#2452=CONICAL_SURFACE('',#2451,0.0,1.0471975512);
#2453=ADVANCED_FACE('no 341318',(#2447),#2452,.F.);
#2454=ORIENTED_EDGE('no 305706',*,*,#1432,.T.);
#2455=ORIENTED_EDGE('no 305697',*,*,#2062,.T.);
#2456=ORIENTED_EDGE('no 305710',*,*,#1374,.F.);
#2457=CARTESIAN_POINT('',(-19.7126464844,-6.8086635642,0.418032304));
#2458=DIRECTION('',(-1.0,0.0,0.0));
#2459=VECTOR('',#2458,1.0);
#2460=LINE('',#2457,#2459);
#2461=EDGE_CURVE('no 306548',#1417,#1359,#2460,.T.);
#2462=ORIENTED_EDGE('no 306523',*,*,#2461,.F.);
#2463=EDGE_LOOP('',(#2454,#2455,#2456,#2462));
#2464=FACE_OUTER_BOUND('',#2463,.T.);
#2465=CARTESIAN_POINT('',(-25.4626464844,7.3993208159,10.585846984));
#2466=DIRECTION('',(-1.0,0.0,0.0));
#2467=DIRECTION('',(0.0,-1.0,0.0));
#2468=AXIS2_PLACEMENT_3D('',#2465,#2466,#2467);
#2469=CYLINDRICAL_SURFACE('',#2468,17.4714417124);
#2470=ADVANCED_FACE('no 306705',(#2464),#2469,.T.);
#2471=ORIENTED_EDGE('no 336416',*,*,#518,.T.);
#2472=CARTESIAN_POINT('',(-12.9126464844,9.5,9.0));
#2473=DIRECTION('',(0.0,0.0,-1.0));
#2474=VECTOR('',#2473,1.0);
#2475=LINE('',#2472,#2474);
#2476=EDGE_CURVE('no 336493',#2097,#503,#2475,.T.);
#2477=ORIENTED_EDGE('no 336330',*,*,#2476,.F.);
#2478=ORIENTED_EDGE('no 336426',*,*,#2112,.F.);
#2479=CARTESIAN_POINT('',(-15.9126464844,9.5,9.0));
#2480=DIRECTION('',(0.0,0.0,-1.0));
#2481=VECTOR('',#2480,1.0);
#2482=LINE('',#2479,#2481);
#2483=EDGE_CURVE('no 336496',#2099,#505,#2482,.T.);
#2484=ORIENTED_EDGE('no 336331',*,*,#2483,.T.);
#2485=EDGE_LOOP('',(#2471,#2477,#2478,#2484));
#2486=FACE_OUTER_BOUND('',#2485,.F.);
#2487=CARTESIAN_POINT('',(-14.4126464844,9.5,0.0));
#2488=DIRECTION('',(0.0,-0.0,1.0));
#2489=DIRECTION('',(1.0,0.0,0.0));
#2490=AXIS2_PLACEMENT_3D('',#2487,#2488,#2489);
#2491=CYLINDRICAL_SURFACE('',#2490,1.5);
#2492=ADVANCED_FACE('no 336500',(#2486),#2491,.F.);
#2493=ORIENTED_EDGE('no 336416',*,*,#511,.T.);
#2494=ORIENTED_EDGE('no 336331',*,*,#2483,.F.);
#2495=ORIENTED_EDGE('no 336426',*,*,#2105,.F.);
#2496=ORIENTED_EDGE('no 336329',*,*,#2476,.T.);
#2497=EDGE_LOOP('',(#2493,#2494,#2495,#2496));
#2498=FACE_OUTER_BOUND('',#2497,.F.);
#2499=CARTESIAN_POINT('',(-14.4126464844,9.5,0.0));
#2500=DIRECTION('',(0.0,-0.0,1.0));
#2501=DIRECTION('',(1.0,0.0,0.0));
#2502=AXIS2_PLACEMENT_3D('',#2499,#2500,#2501);
#2503=CYLINDRICAL_SURFACE('',#2502,1.5);
#2504=ADVANCED_FACE('no 336506',(#2498),#2503,.F.);
#2505=ORIENTED_EDGE('no 337295',*,*,#498,.T.);
#2506=CARTESIAN_POINT('',(-12.9126464844,-7.5,9.0));
#2507=DIRECTION('',(0.0,0.0,-1.0));
#2508=VECTOR('',#2507,1.0);
#2509=LINE('',#2506,#2508);
#2510=EDGE_CURVE('no 337362',#2077,#483,#2509,.T.);
#2511=ORIENTED_EDGE('no 337199',*,*,#2510,.F.);
#2512=ORIENTED_EDGE('no 337285',*,*,#2092,.F.);
#2513=CARTESIAN_POINT('',(-15.9126464844,-7.5,9.0));
#2514=DIRECTION('',(0.0,0.0,-1.0));
#2515=VECTOR('',#2514,1.0);
#2516=LINE('',#2513,#2515);
#2517=EDGE_CURVE('no 337365',#2079,#485,#2516,.T.);
#2518=ORIENTED_EDGE('no 337200',*,*,#2517,.T.);
#2519=EDGE_LOOP('',(#2505,#2511,#2512,#2518));
#2520=FACE_OUTER_BOUND('',#2519,.F.);
#2521=CARTESIAN_POINT('',(-14.4126464844,-7.5,0.0));
#2522=DIRECTION('',(0.0,-0.0,1.0));
#2523=DIRECTION('',(1.0,0.0,0.0));
#2524=AXIS2_PLACEMENT_3D('',#2521,#2522,#2523);
#2525=CYLINDRICAL_SURFACE('',#2524,1.5);
#2526=ADVANCED_FACE('no 337369',(#2520),#2525,.F.);
#2527=ORIENTED_EDGE('no 337295',*,*,#491,.T.);
#2528=ORIENTED_EDGE('no 337200',*,*,#2517,.F.);
#2529=ORIENTED_EDGE('no 337285',*,*,#2085,.F.);
#2530=ORIENTED_EDGE('no 337198',*,*,#2510,.T.);
#2531=EDGE_LOOP('',(#2527,#2528,#2529,#2530));
#2532=FACE_OUTER_BOUND('',#2531,.F.);
#2533=CARTESIAN_POINT('',(-14.4126464844,-7.5,0.0));
#2534=DIRECTION('',(0.0,-0.0,1.0));
#2535=DIRECTION('',(1.0,0.0,0.0));
#2536=AXIS2_PLACEMENT_3D('',#2533,#2534,#2535);
#2537=CYLINDRICAL_SURFACE('',#2536,1.5);
#2538=ADVANCED_FACE('no 337375',(#2532),#2537,.F.);
#2539=ORIENTED_EDGE('no 338174',*,*,#478,.T.);
#2540=CARTESIAN_POINT('',(9.0873535156,1.0,1.0));
#2541=DIRECTION('',(0.0,0.0,-1.0));
#2542=VECTOR('',#2541,1.0);
#2543=LINE('',#2540,#2542);
#2544=EDGE_CURVE('no 338249',#2129,#463,#2543,.T.);
#2545=ORIENTED_EDGE('no 338068',*,*,#2544,.F.);
#2546=ORIENTED_EDGE('no 338164',*,*,#2144,.F.);
#2547=CARTESIAN_POINT('',(4.4873535156,1.0,1.0));
#2548=DIRECTION('',(0.0,0.0,-1.0));
#2549=VECTOR('',#2548,1.0);
#2550=LINE('',#2547,#2549);
#2551=EDGE_CURVE('no 338252',#2131,#465,#2550,.T.);
#2552=ORIENTED_EDGE('no 338069',*,*,#2551,.T.);
#2553=EDGE_LOOP('',(#2539,#2545,#2546,#2552));
#2554=FACE_OUTER_BOUND('',#2553,.F.);
#2555=CARTESIAN_POINT('',(6.7873535156,1.0,0.0));
#2556=DIRECTION('',(0.0,-0.0,1.0));
#2557=DIRECTION('',(1.0,0.0,0.0));
#2558=AXIS2_PLACEMENT_3D('',#2555,#2556,#2557);
#2559=CYLINDRICAL_SURFACE('',#2558,2.3);
#2560=ADVANCED_FACE('no 338256',(#2554),#2559,.F.);
#2561=ORIENTED_EDGE('no 338174',*,*,#471,.T.);
#2562=ORIENTED_EDGE('no 338069',*,*,#2551,.F.);
#2563=ORIENTED_EDGE('no 338164',*,*,#2137,.F.);
#2564=ORIENTED_EDGE('no 338067',*,*,#2544,.T.);
#2565=EDGE_LOOP('',(#2561,#2562,#2563,#2564));
#2566=FACE_OUTER_BOUND('',#2565,.F.);
#2567=CARTESIAN_POINT('',(6.7873535156,1.0,0.0));
#2568=DIRECTION('',(0.0,-0.0,1.0));
#2569=DIRECTION('',(1.0,0.0,0.0));
#2570=AXIS2_PLACEMENT_3D('',#2567,#2568,#2569);
#2571=CYLINDRICAL_SURFACE('',#2570,2.3);
#2572=ADVANCED_FACE('no 338262',(#2566),#2571,.F.);
#2573=CARTESIAN_POINT('',(16.8873535156,10.0,1.0));
#2574=DIRECTION('',(0.0,0.0,-1.0));
#2575=VECTOR('',#2574,1.0);
#2576=LINE('',#2573,#2575);
#2577=EDGE_CURVE('no 339045',#2165,#443,#2576,.T.);
#2578=ORIENTED_EDGE('no 338926',*,*,#2577,.F.);
#2579=ORIENTED_EDGE('no 338918',*,*,#2171,.F.);
#2580=CARTESIAN_POINT('',(15.6873535156,10.0,1.0));
#2581=DIRECTION('',(0.0,0.0,-1.0));
#2582=VECTOR('',#2581,1.0);
#2583=LINE('',#2580,#2582);
#2584=EDGE_CURVE('no 339047',#2157,#445,#2583,.T.);
#2585=ORIENTED_EDGE('no 338928',*,*,#2584,.T.);
#2586=ORIENTED_EDGE('no 339005',*,*,#458,.T.);
#2587=EDGE_LOOP('',(#2578,#2579,#2585,#2586));
#2588=FACE_OUTER_BOUND('',#2587,.F.);
#2589=CARTESIAN_POINT('',(16.2873535156,10.0,0.0));
#2590=DIRECTION('',(0.0,-0.0,1.0));
#2591=DIRECTION('',(1.0,0.0,0.0));
#2592=AXIS2_PLACEMENT_3D('',#2589,#2590,#2591);
#2593=CYLINDRICAL_SURFACE('',#2592,0.6);
#2594=ADVANCED_FACE('no 339049',(#2588),#2593,.F.);
#2595=ORIENTED_EDGE('no 338928',*,*,#2584,.F.);
#2596=ORIENTED_EDGE('no 338918',*,*,#2193,.F.);
#2597=ORIENTED_EDGE('no 338925',*,*,#2577,.T.);
#2598=ORIENTED_EDGE('no 339005',*,*,#451,.T.);
#2599=EDGE_LOOP('',(#2595,#2596,#2597,#2598));
#2600=FACE_OUTER_BOUND('',#2599,.F.);
#2601=CARTESIAN_POINT('',(16.2873535156,10.0,0.0));
#2602=DIRECTION('',(0.0,-0.0,1.0));
#2603=DIRECTION('',(1.0,0.0,0.0));
#2604=AXIS2_PLACEMENT_3D('',#2601,#2602,#2603);
#2605=CYLINDRICAL_SURFACE('',#2604,0.6);
#2606=ADVANCED_FACE('no 339053',(#2600),#2605,.F.);
#2607=CARTESIAN_POINT('',(16.8873535156,-8.0,1.0));
#2608=DIRECTION('',(0.0,0.0,-1.0));
#2609=VECTOR('',#2608,1.0);
#2610=LINE('',#2607,#2609);
#2611=EDGE_CURVE('no 339384',#2215,#423,#2610,.T.);
#2612=ORIENTED_EDGE('no 339265',*,*,#2611,.F.);
#2613=ORIENTED_EDGE('no 339257',*,*,#2221,.F.);
#2614=CARTESIAN_POINT('',(15.6873535156,-8.0,1.0));
#2615=DIRECTION('',(0.0,0.0,-1.0));
#2616=VECTOR('',#2615,1.0);
#2617=LINE('',#2614,#2616);
#2618=EDGE_CURVE('no 339386',#2207,#425,#2617,.T.);
#2619=ORIENTED_EDGE('no 339267',*,*,#2618,.T.);
#2620=ORIENTED_EDGE('no 339344',*,*,#438,.T.);
#2621=EDGE_LOOP('',(#2612,#2613,#2619,#2620));
#2622=FACE_OUTER_BOUND('',#2621,.F.);
#2623=CARTESIAN_POINT('',(16.2873535156,-8.0,0.0));
#2624=DIRECTION('',(0.0,-0.0,1.0));
#2625=DIRECTION('',(1.0,0.0,0.0));
#2626=AXIS2_PLACEMENT_3D('',#2623,#2624,#2625);
#2627=CYLINDRICAL_SURFACE('',#2626,0.6);
#2628=ADVANCED_FACE('no 339388',(#2622),#2627,.F.);
#2629=ORIENTED_EDGE('no 339267',*,*,#2618,.F.);
#2630=ORIENTED_EDGE('no 339257',*,*,#2243,.F.);
#2631=ORIENTED_EDGE('no 339264',*,*,#2611,.T.);
#2632=ORIENTED_EDGE('no 339344',*,*,#431,.T.);
#2633=EDGE_LOOP('',(#2629,#2630,#2631,#2632));
#2634=FACE_OUTER_BOUND('',#2633,.F.);
#2635=CARTESIAN_POINT('',(16.2873535156,-8.0,0.0));
#2636=DIRECTION('',(0.0,-0.0,1.0));
#2637=DIRECTION('',(1.0,0.0,0.0));
#2638=AXIS2_PLACEMENT_3D('',#2635,#2636,#2637);
#2639=CYLINDRICAL_SURFACE('',#2638,0.6);
#2640=ADVANCED_FACE('no 339392',(#2634),#2639,.F.);
#2641=CARTESIAN_POINT('',(-1.2126464844,-9.0,2.0));
#2642=DIRECTION('',(0.0,0.0,-1.0));
#2643=VECTOR('',#2642,1.0);
#2644=LINE('',#2641,#2643);
#2645=EDGE_CURVE('no 339723',#2265,#403,#2644,.T.);
#2646=ORIENTED_EDGE('no 339604',*,*,#2645,.F.);
#2647=ORIENTED_EDGE('no 339596',*,*,#2271,.F.);
#2648=CARTESIAN_POINT('',(-2.2126464844,-9.0,2.0));
#2649=DIRECTION('',(0.0,0.0,-1.0));
#2650=VECTOR('',#2649,1.0);
#2651=LINE('',#2648,#2650);
#2652=EDGE_CURVE('no 339725',#2257,#405,#2651,.T.);
#2653=ORIENTED_EDGE('no 339606',*,*,#2652,.T.);
#2654=ORIENTED_EDGE('no 339683',*,*,#418,.T.);
#2655=EDGE_LOOP('',(#2646,#2647,#2653,#2654));
#2656=FACE_OUTER_BOUND('',#2655,.F.);
#2657=CARTESIAN_POINT('',(-1.7126464844,-9.0,0.0));
#2658=DIRECTION('',(0.0,-0.0,1.0));
#2659=DIRECTION('',(1.0,0.0,0.0));
#2660=AXIS2_PLACEMENT_3D('',#2657,#2658,#2659);
#2661=CYLINDRICAL_SURFACE('',#2660,0.5);
#2662=ADVANCED_FACE('no 339727',(#2656),#2661,.F.);
#2663=ORIENTED_EDGE('no 339606',*,*,#2652,.F.);
#2664=ORIENTED_EDGE('no 339596',*,*,#2293,.F.);
#2665=ORIENTED_EDGE('no 339603',*,*,#2645,.T.);
#2666=ORIENTED_EDGE('no 339683',*,*,#411,.T.);
#2667=EDGE_LOOP('',(#2663,#2664,#2665,#2666));
#2668=FACE_OUTER_BOUND('',#2667,.F.);
#2669=CARTESIAN_POINT('',(-1.7126464844,-9.0,0.0));
#2670=DIRECTION('',(0.0,-0.0,1.0));
#2671=DIRECTION('',(1.0,0.0,0.0));
#2672=AXIS2_PLACEMENT_3D('',#2669,#2670,#2671);
#2673=CYLINDRICAL_SURFACE('',#2672,0.5);
#2674=ADVANCED_FACE('no 339731',(#2668),#2673,.F.);
#2675=CARTESIAN_POINT('',(-1.2126464844,11.0,2.0));
#2676=DIRECTION('',(0.0,0.0,-1.0));
#2677=VECTOR('',#2676,1.0);
#2678=LINE('',#2675,#2677);
#2679=EDGE_CURVE('no 340062',#2315,#383,#2678,.T.);
#2680=ORIENTED_EDGE('no 339943',*,*,#2679,.F.);
#2681=ORIENTED_EDGE('no 339935',*,*,#2321,.F.);
#2682=CARTESIAN_POINT('',(-2.2126464844,11.0,2.0));
#2683=DIRECTION('',(0.0,0.0,-1.0));
#2684=VECTOR('',#2683,1.0);
#2685=LINE('',#2682,#2684);
#2686=EDGE_CURVE('no 340064',#2307,#385,#2685,.T.);
#2687=ORIENTED_EDGE('no 339945',*,*,#2686,.T.);
#2688=ORIENTED_EDGE('no 340022',*,*,#398,.T.);
#2689=EDGE_LOOP('',(#2680,#2681,#2687,#2688));
#2690=FACE_OUTER_BOUND('',#2689,.F.);
#2691=CARTESIAN_POINT('',(-1.7126464844,11.0,0.0));
#2692=DIRECTION('',(0.0,-0.0,1.0));
#2693=DIRECTION('',(1.0,0.0,0.0));
#2694=AXIS2_PLACEMENT_3D('',#2691,#2692,#2693);
#2695=CYLINDRICAL_SURFACE('',#2694,0.5);
#2696=ADVANCED_FACE('no 340066',(#2690),#2695,.F.);
#2697=ORIENTED_EDGE('no 339945',*,*,#2686,.F.);
#2698=ORIENTED_EDGE('no 339935',*,*,#2343,.F.);
#2699=ORIENTED_EDGE('no 339942',*,*,#2679,.T.);
#2700=ORIENTED_EDGE('no 340022',*,*,#391,.T.);
#2701=EDGE_LOOP('',(#2697,#2698,#2699,#2700));
#2702=FACE_OUTER_BOUND('',#2701,.F.);
#2703=CARTESIAN_POINT('',(-1.7126464844,11.0,0.0));
#2704=DIRECTION('',(0.0,-0.0,1.0));
#2705=DIRECTION('',(1.0,0.0,0.0));
#2706=AXIS2_PLACEMENT_3D('',#2703,#2704,#2705);
#2707=CYLINDRICAL_SURFACE('',#2706,0.5);
#2708=ADVANCED_FACE('no 340070',(#2702),#2707,.F.);
#2709=CARTESIAN_POINT('',(-16.7126464844,-8.0,5.0));
#2710=DIRECTION('',(0.0,0.0,-1.0));
#2711=VECTOR('',#2710,1.0);
#2712=LINE('',#2709,#2711);
#2713=EDGE_CURVE('no 341163',#2365,#363,#2712,.T.);
#2714=ORIENTED_EDGE('no 341044',*,*,#2713,.F.);
#2715=ORIENTED_EDGE('no 341036',*,*,#2371,.F.);
#2716=CARTESIAN_POINT('',(-18.7126464844,-8.0,5.0));
#2717=DIRECTION('',(0.0,0.0,-1.0));
#2718=VECTOR('',#2717,1.0);
#2719=LINE('',#2716,#2718);
#2720=EDGE_CURVE('no 341165',#2357,#365,#2719,.T.);
#2721=ORIENTED_EDGE('no 341046',*,*,#2720,.T.);
#2722=ORIENTED_EDGE('no 341123',*,*,#378,.T.);
#2723=EDGE_LOOP('',(#2714,#2715,#2721,#2722));
#2724=FACE_OUTER_BOUND('',#2723,.F.);
#2725=CARTESIAN_POINT('',(-17.7126464844,-8.0,0.0));
#2726=DIRECTION('',(0.0,-0.0,1.0));
#2727=DIRECTION('',(1.0,0.0,0.0));
#2728=AXIS2_PLACEMENT_3D('',#2725,#2726,#2727);
#2729=CYLINDRICAL_SURFACE('',#2728,1.0);
#2730=ADVANCED_FACE('no 341167',(#2724),#2729,.F.);
#2731=ORIENTED_EDGE('no 341046',*,*,#2720,.F.);
#2732=ORIENTED_EDGE('no 341036',*,*,#2393,.F.);
#2733=ORIENTED_EDGE('no 341043',*,*,#2713,.T.);
#2734=ORIENTED_EDGE('no 341123',*,*,#371,.T.);
#2735=EDGE_LOOP('',(#2731,#2732,#2733,#2734));
#2736=FACE_OUTER_BOUND('',#2735,.F.);
#2737=CARTESIAN_POINT('',(-17.7126464844,-8.0,0.0));
#2738=DIRECTION('',(0.0,-0.0,1.0));
#2739=DIRECTION('',(1.0,0.0,0.0));
#2740=AXIS2_PLACEMENT_3D('',#2737,#2738,#2739);
#2741=CYLINDRICAL_SURFACE('',#2740,1.0);
#2742=ADVANCED_FACE('no 342942',(#2736),#2741,.F.);
#2743=CARTESIAN_POINT('',(-16.7126464844,10.0,5.0));
#2744=DIRECTION('',(0.0,0.0,-1.0));
#2745=VECTOR('',#2744,1.0);
#2746=LINE('',#2743,#2745);
#2747=EDGE_CURVE('no 341502',#2415,#343,#2746,.T.);
#2748=ORIENTED_EDGE('no 341383',*,*,#2747,.F.);
#2749=ORIENTED_EDGE('no 341375',*,*,#2421,.F.);
#2750=CARTESIAN_POINT('',(-18.7126464844,10.0,5.0));
#2751=DIRECTION('',(0.0,0.0,-1.0));
#2752=VECTOR('',#2751,1.0);
#2753=LINE('',#2750,#2752);
#2754=EDGE_CURVE('no 341504',#2407,#345,#2753,.T.);
#2755=ORIENTED_EDGE('no 341385',*,*,#2754,.T.);
#2756=ORIENTED_EDGE('no 341462',*,*,#358,.T.);
#2757=EDGE_LOOP('',(#2748,#2749,#2755,#2756));
#2758=FACE_OUTER_BOUND('',#2757,.F.);
#2759=CARTESIAN_POINT('',(-17.7126464844,10.0,0.0));
#2760=DIRECTION('',(0.0,-0.0,1.0));
#2761=DIRECTION('',(1.0,0.0,0.0));
#2762=AXIS2_PLACEMENT_3D('',#2759,#2760,#2761);
#2763=CYLINDRICAL_SURFACE('',#2762,1.0);
#2764=ADVANCED_FACE('no 342952',(#2758),#2763,.F.);
#2765=ORIENTED_EDGE('no 341385',*,*,#2754,.F.);
#2766=ORIENTED_EDGE('no 341375',*,*,#2443,.F.);
#2767=ORIENTED_EDGE('no 341382',*,*,#2747,.T.);
#2768=ORIENTED_EDGE('no 341462',*,*,#351,.T.);
#2769=EDGE_LOOP('',(#2765,#2766,#2767,#2768));
#2770=FACE_OUTER_BOUND('',#2769,.F.);
#2771=CARTESIAN_POINT('',(-17.7126464844,10.0,0.0));
#2772=DIRECTION('',(0.0,-0.0,1.0));
#2773=DIRECTION('',(1.0,0.0,0.0));
#2774=AXIS2_PLACEMENT_3D('',#2771,#2772,#2773);
#2775=CYLINDRICAL_SURFACE('',#2774,1.0);
#2776=ADVANCED_FACE('no 341510',(#2770),#2775,.F.);
#2777=ORIENTED_EDGE('no 306664',*,*,#1365,.F.);
#2778=ORIENTED_EDGE('no 306581',*,*,#292,.F.);
#2779=ORIENTED_EDGE('no 306634',*,*,#1423,.T.);
#2780=ORIENTED_EDGE('no 306580',*,*,#2461,.T.);
#2781=EDGE_LOOP('',(#2777,#2778,#2779,#2780));
#2782=FACE_OUTER_BOUND('',#2781,.T.);
#2783=CARTESIAN_POINT('',(-6.4626464844,-5.9954516602,1.0));
#2784=DIRECTION('',(-1.0,-0.0,0.0));
#2785=DIRECTION('',(0.0,-0.813211904,-0.581967696));
#2786=AXIS2_PLACEMENT_3D('',#2783,#2784,#2785);
#2787=CYLINDRICAL_SURFACE('',#2786,1.0);
#2788=ADVANCED_FACE('no 306679',(#2782),#2787,.T.);
#2789=CARTESIAN_POINT('',(-12.1126464844,-4.6,0.0));
#2790=CARTESIAN_POINT('',(-12.1136936946,-4.5989527897,0.0));
#2791=CARTESIAN_POINT('',(-12.1147414871,-4.5979061648,0.0000164562));
#2792=CARTESIAN_POINT('',(-12.1168362247,-4.5958130963,0.0000823132));
#2793=CARTESIAN_POINT('',(-12.1178831906,-4.5947666735,0.0001317081));
#2794=CARTESIAN_POINT('',(-12.1199755462,-4.5926743198,0.0002634286));
#2795=CARTESIAN_POINT('',(-12.1210209568,-4.5916284097,0.0003457522));
#2796=CARTESIAN_POINT('',(-12.1231100906,-4.5895380259,0.0005434073));
#2797=CARTESIAN_POINT('',(-12.1241538345,-4.5884935729,0.0006587406));
#2798=CARTESIAN_POINT('',(-12.1262395133,-4.5864070576,0.0009225834));
#2799=CARTESIAN_POINT('',(-12.1272814685,-4.5853650159,0.0010710986));
#2800=CARTESIAN_POINT('',(-12.1340236526,-4.5786228318,0.00214121));
#2801=CARTESIAN_POINT('',(-12.1396886179,-4.5729577429,0.0035440942));
#2802=CARTESIAN_POINT('',(-12.1508759171,-4.5617696675,0.0074066459));
#2803=CARTESIAN_POINT('',(-12.156398527,-4.5562466046,0.009867496));
#2804=CARTESIAN_POINT('',(-12.1671523535,-4.5454926212,0.0159332423));
#2805=CARTESIAN_POINT('',(-12.1723836404,-4.5402616242,0.0195391961));
#2806=CARTESIAN_POINT('',(-12.1823209955,-4.5303250321,0.0279727047));
#2807=CARTESIAN_POINT('',(-12.1870270707,-4.5256193605,0.0328012861));
#2808=CARTESIAN_POINT('',(-12.1955944873,-4.5170521894,0.0437170755));
#2809=CARTESIAN_POINT('',(-12.1994558709,-4.5131906135,0.0498054715));
#2810=CARTESIAN_POINT('',(-12.2035849589,-4.5090615254,0.0583537749));
#2811=CARTESIAN_POINT('',(-12.2044304011,-4.5082162961,0.0602492622));
#2812=CARTESIAN_POINT('',(-12.2060180274,-4.5066299125,0.0641368785));
#2813=CARTESIAN_POINT('',(-12.2067599628,-4.505888864,0.0661288075));
#2814=CARTESIAN_POINT('',(-12.208126287,-4.5045235054,0.0701971177));
#2815=CARTESIAN_POINT('',(-12.2087505142,-4.5038993009,0.0722732434));
#2816=CARTESIAN_POINT('',(-12.2098680828,-4.5027808097,0.0764900367));
#2817=CARTESIAN_POINT('',(-12.2103613675,-4.5022866287,0.0786304116));
#2818=CARTESIAN_POINT('',(-12.2112080012,-4.5014387089,0.0829563768));
#2819=CARTESIAN_POINT('',(-12.2115614086,-4.5010850757,0.0851416613));
#2820=CARTESIAN_POINT('',(-12.2119488955,-4.5006975889,0.088178903));
#2821=CARTESIAN_POINT('',(-12.2120449696,-4.5006008329,0.0890157815));
#2822=CARTESIAN_POINT('',(-12.2122161634,-4.500422783,0.0906945748));
#2823=CARTESIAN_POINT('',(-12.2122912767,-4.5003418355,0.0915364682));
#2824=CARTESIAN_POINT('',(-12.2124202296,-4.500202566,0.0932238829));
#2825=CARTESIAN_POINT('',(-12.2124740661,-4.5001445904,0.0940693824));
#2826=CARTESIAN_POINT('',(-12.2125602457,-4.5000583797,0.0957622408));
#2827=CARTESIAN_POINT('',(-12.2125925889,-4.5000304909,0.0966095778));
#2828=CARTESIAN_POINT('',(-12.2126357065,-4.5000011278,0.0983046433));
#2829=CARTESIAN_POINT('',(-12.2126464844,-4.5,0.0991523499));
#2830=CARTESIAN_POINT('',(-12.2126464844,-4.5,0.1));
#2831=B_SPLINE_CURVE_WITH_KNOTS('',3,(#2789,#2790,#2791,#2792,#2793,#2794,#2795,#2796,#2797,#2798,
    #2799,#2800,#2801,#2802,#2803,#2804,#2805,#2806,#2807,#2808,
    #2809,#2810,#2811,#2812,#2813,#2814,#2815,#2816,#2817,#2818,
    #2819,#2820,#2821,#2822,#2823,#2824,#2825,#2826,#2827,#2828,
    #2829,#2830),.UNSPECIFIED.,.F.,.U.,
 (4,2,2,2,2,2,2,2,2,2,2,2,2,2,2,2,2,2,2,2,4),
 (0.0,0.0062832616,0.0125665231,0.0188497847,0.0251330462,0.0314163078,0.0658401239,0.1002639401,0.1346877563,0.1691115724,0.2035353886,0.2130330943,0.2225307999,0.2320285056,0.2415262113,0.251023917,0.2546201916,0.2582164662,0.2618127408,0.2654090153,0.2690052899),.UNSPECIFIED.);
#2832=EDGE_CURVE('no 342864',#311,#652,#2831,.T.);
#2833=ORIENTED_EDGE('no 342860',*,*,#2832,.T.);
#2834=ORIENTED_EDGE('no 342774',*,*,#961,.F.);
#2835=ORIENTED_EDGE('no 342836',*,*,#1114,.F.);
#2836=ORIENTED_EDGE('no 342773',*,*,#338,.T.);
#2837=EDGE_LOOP('',(#2833,#2834,#2835,#2836));
#2838=FACE_OUTER_BOUND('',#2837,.T.);
#2839=CARTESIAN_POINT('',(-12.1126464844,1.0,0.1));
#2840=DIRECTION('',(0.0,-1.0,0.0));
#2841=DIRECTION('',(0.0,0.0,-1.0));
#2842=AXIS2_PLACEMENT_3D('',#2839,#2840,#2841);
#2843=CYLINDRICAL_SURFACE('',#2842,0.1);
#2844=ADVANCED_FACE('no 342918',(#2838),#2843,.T.);
#2845=ORIENTED_EDGE('no 342848',*,*,#1060,.T.);
#2846=ORIENTED_EDGE('no 342758',*,*,#779,.T.);
#2847=ORIENTED_EDGE('no 342859',*,*,#2832,.F.);
#2848=ORIENTED_EDGE('no 342757',*,*,#316,.F.);
#2849=EDGE_LOOP('',(#2845,#2846,#2847,#2848));
#2850=FACE_OUTER_BOUND('',#2849,.T.);
#2851=CARTESIAN_POINT('',(-6.4626464844,-4.6,0.1));
#2852=DIRECTION('',(1.0,0.0,0.0));
#2853=DIRECTION('',(0.0,0.0,-1.0));
#2854=AXIS2_PLACEMENT_3D('',#2851,#2852,#2853);
#2855=CYLINDRICAL_SURFACE('',#2854,0.1);
#2856=ADVANCED_FACE('no 342924',(#2850),#2855,.T.);
#2857=CARTESIAN_POINT('',(-15.7126464844,1.5,0.2));
#2858=VERTEX_POINT('',#2857);
#2859=CARTESIAN_POINT('',(-15.7126464844,1.5,0.3));
#2860=DIRECTION('',(-0.0,-1.0,-0.0));
#2861=DIRECTION('',(-1.0,0.0,0.0));
#2862=AXIS2_PLACEMENT_3D('',#2859,#2860,#2861);
#2863=CIRCLE('',#2862,0.1);
#2864=EDGE_CURVE('no 343721',#2858,#572,#2863,.T.);
#2865=ORIENTED_EDGE('no 343717',*,*,#2864,.F.);
#2866=CARTESIAN_POINT('',(-14.5126464844,1.5,0.2));
#2867=VERTEX_POINT('',#2866);
#2868=CARTESIAN_POINT('',(-15.1126464844,1.5,0.2));
#2869=DIRECTION('',(-0.0,0.0,-1.0));
#2870=DIRECTION('',(-0.5,-0.8660254038,0.0));
#2871=AXIS2_PLACEMENT_3D('',#2868,#2869,#2870);
#2872=CIRCLE('',#2871,0.6);
#2873=EDGE_CURVE('no 343711',#2858,#2867,#2872,.T.);
#2874=ORIENTED_EDGE('no 343715',*,*,#2873,.T.);
#2875=CARTESIAN_POINT('',(-14.5126464844,1.5,0.3));
#2876=DIRECTION('',(0.0,1.0,-0.0));
#2877=DIRECTION('',(1.0,0.0,0.0));
#2878=AXIS2_PLACEMENT_3D('',#2875,#2876,#2877);
#2879=CIRCLE('',#2878,0.1);
#2880=EDGE_CURVE('no 343725',#2867,#564,#2879,.T.);
#2881=ORIENTED_EDGE('no 343718',*,*,#2880,.T.);
#2882=ORIENTED_EDGE('no 343716',*,*,#578,.F.);
#2883=EDGE_LOOP('',(#2865,#2874,#2881,#2882));
#2884=FACE_OUTER_BOUND('',#2883,.T.);
#2885=CARTESIAN_POINT('',(-15.1126464844,1.5,0.3));
#2886=DIRECTION('',(-0.0,0.0,-1.0));
#2887=DIRECTION('',(-0.5,-0.8660254038,0.0));
#2888=AXIS2_PLACEMENT_3D('',#2885,#2886,#2887);
#2889=TOROIDAL_SURFACE('',#2888,0.6,0.1);
#2890=ADVANCED_FACE('no 343720',(#2884),#2889,.T.);
#2891=ORIENTED_EDGE('no 343733',*,*,#2880,.F.);
#2892=CARTESIAN_POINT('',(-15.1126464844,1.5,0.2));
#2893=DIRECTION('',(0.0,0.0,-1.0));
#2894=DIRECTION('',(0.8660254038,0.5,0.0));
#2895=AXIS2_PLACEMENT_3D('',#2892,#2893,#2894);
#2896=CIRCLE('',#2895,0.6);
#2897=EDGE_CURVE('no 343708',#2867,#2858,#2896,.T.);
#2898=ORIENTED_EDGE('no 343731',*,*,#2897,.T.);
#2899=ORIENTED_EDGE('no 343734',*,*,#2864,.T.);
#2900=ORIENTED_EDGE('no 343732',*,*,#639,.F.);
#2901=EDGE_LOOP('',(#2891,#2898,#2899,#2900));
#2902=FACE_OUTER_BOUND('',#2901,.T.);
#2903=CARTESIAN_POINT('',(-15.1126464844,1.5,0.3));
#2904=DIRECTION('',(0.0,0.0,-1.0));
#2905=DIRECTION('',(0.8660254038,0.5,0.0));
#2906=AXIS2_PLACEMENT_3D('',#2903,#2904,#2905);
#2907=TOROIDAL_SURFACE('',#2906,0.6,0.1);
#2908=ADVANCED_FACE('no 343736',(#2902),#2907,.T.);
#2909=ORIENTED_EDGE('no 342042',*,*,#716,.F.);
#2910=ORIENTED_EDGE('no 341996',*,*,#796,.T.);
#2911=ORIENTED_EDGE('no 341950',*,*,#876,.F.);
#2912=ORIENTED_EDGE('no 342088',*,*,#954,.T.);
#2913=EDGE_LOOP('',(#2909,#2910,#2911,#2912));
#2914=FACE_OUTER_BOUND('',#2913,.T.);
#2915=ORIENTED_EDGE('no 343674',*,*,#2897,.F.);
#2916=ORIENTED_EDGE('no 343640',*,*,#2873,.F.);
#2917=EDGE_LOOP('',(#2915,#2916));
#2918=FACE_BOUND('',#2917,.T.);
#2919=CARTESIAN_POINT('',(0.0,0.0,0.2));
#2920=DIRECTION('',(0.0,0.0,-1.0));
#2921=DIRECTION('',(1.0,0.0,0.0));
#2922=AXIS2_PLACEMENT_3D('',#2919,#2920,#2921);
#2923=PLANE('',#2922);
#2924=ADVANCED_FACE('no 343749',(#2914,#2918),#2923,.T.);
#2925=ORIENTED_EDGE('no 343846',*,*,#616,.F.);
#2926=CARTESIAN_POINT('',(-15.1126464844,1.5,0.7288675135));
#2927=DIRECTION('',(-0.0,0.0,1.0));
#2928=DIRECTION('',(0.6832541976,-0.7301805951,0.0));
#2929=AXIS2_PLACEMENT_3D('',#2926,#2927,#2928);
#2930=CIRCLE('',#2929,0.45);
#2931=EDGE_CURVE('no 343810',#531,#539,#2930,.T.);
#2932=ORIENTED_EDGE('no 343843',*,*,#2931,.F.);
#2933=ORIENTED_EDGE('no 343845',*,*,#608,.T.);
#2934=ORIENTED_EDGE('no 343844',*,*,#593,.T.);
#2935=EDGE_LOOP('',(#2925,#2932,#2933,#2934));
#2936=FACE_OUTER_BOUND('',#2935,.F.);
#2937=CARTESIAN_POINT('',(-15.1126464844,1.5,0.6422649731));
#2938=DIRECTION('',(-0.0,0.0,1.0));
#2939=DIRECTION('',(0.6832541976,-0.7301805951,0.0));
#2940=AXIS2_PLACEMENT_3D('',#2937,#2938,#2939);
#2941=TOROIDAL_SURFACE('',#2940,0.4,0.1);
#2942=ADVANCED_FACE('no 343848',(#2936),#2941,.F.);
#2943=ORIENTED_EDGE('no 343457',*,*,#544,.F.);
#2944=ORIENTED_EDGE('no 343453',*,*,#536,.T.);
#2945=ORIENTED_EDGE('no 343802',*,*,#2931,.T.);
#2946=EDGE_LOOP('',(#2943,#2944,#2945));
#2947=FACE_OUTER_BOUND('',#2946,.F.);
#2948=CARTESIAN_POINT('',(-15.1126464844,1.5,0.9886751346));
#2949=DIRECTION('',(0.0,0.0,-1.0));
#2950=DIRECTION('',(1.0,0.0,0.0));
#2951=AXIS2_PLACEMENT_3D('',#2948,#2949,#2950);
#2952=CONICAL_SURFACE('',#2951,0.0,1.0471975512);
#2953=ADVANCED_FACE('no 343860',(#2947),#2952,.F.);
#2954=CLOSED_SHELL('PartBody',(
    #55,#102,#126,#166,#183,#200,#217,#527,#560,#602,
    #632,#650,#788,#868,#948,#970,#1070,#1126,#1157,#1182,
    #1238,#1263,#1287,#1313,#1338,#1415,#1441,#1481,#1514,#1545,
    #1577,#1610,#1652,#1676,#1715,#1771,#1795,#1813,#1837,#1869,
    #1886,#1903,#1921,#1961,#1992,#2023,#2040,#2121,#2153,#2186,
    #2203,#2236,#2253,#2286,#2303,#2336,#2353,#2386,#2403,#2436,
    #2453,#2470,#2492,#2504,#2526,#2538,#2560,#2572,#2594,#2606,
    #2628,#2640,#2662,#2674,#2696,#2708,#2730,#2742,#2764,#2776,
    #2788,#2844,#2856,#2890,#2908,#2924,#2942,#2953));
#2955=MANIFOLD_SOLID_BREP('PartBody',#2954);
#2956=COLOUR_RGB('',0.99216,0.92157,0.00784);
#2957=FILL_AREA_STYLE_COLOUR('',#2956);
#2958=FILL_AREA_STYLE('',(#2957));
#2959=SURFACE_STYLE_FILL_AREA(#2958);
#2960=SURFACE_SIDE_STYLE('',(#2959));
#2961=SURFACE_STYLE_USAGE(.BOTH.,#2960);
#2962=PRESENTATION_STYLE_ASSIGNMENT((#2961));
#2963=STYLED_ITEM('',(#2962),#2955);
#2964=CARTESIAN_POINT('',(0.,0.,0.));
#2965=DIRECTION('',(0.,0.,1.));
#2966=DIRECTION('',(1.,0.,0.));
#2967=AXIS2_PLACEMENT_3D('Reference Axes',#2964,#2965,#2966);
#2968=SHAPE_REPRESENTATION('',(#2967,#2955),#5);
#2969=SHAPE_DEFINITION_REPRESENTATION(#12,#2968);
#2970=GENERAL_PROPERTY('','Density',$);
#2971=(MASS_UNIT()NAMED_UNIT(*)SI_UNIT(.KILO.,.GRAM.));
#2972=DERIVED_UNIT_ELEMENT(#2971,1.0);
#2973=(LENGTH_UNIT()NAMED_UNIT(*)SI_UNIT($,.METRE.));
#2974=DERIVED_UNIT_ELEMENT(#2973,-3.0);
#2975=DERIVED_UNIT((#2972,#2974));
#2976=MEASURE_REPRESENTATION_ITEM('',NUMERIC_MEASURE(1000.0),#2975);
#2977=PROPERTY_DEFINITION('Density','system property',#11);
#2978=REPRESENTATION('',(#2976),#5);
#2979=PROPERTY_DEFINITION_REPRESENTATION(#2977,#2978);
#2980=ID_ATTRIBUTE('mass property',#2977);
#2981=GENERAL_PROPERTY_ASSOCIATION('',$,#2970,#2977);
#2982=GENERAL_PROPERTY('','Volume',$);
#2983=DERIVED_UNIT_ELEMENT(#2973,3.0);
#2984=DERIVED_UNIT((#2983));
#2985=MEASURE_REPRESENTATION_ITEM('',VOLUME_MEASURE(0.0),#2984);
#2986=PROPERTY_DEFINITION('Volume','system property',#11);
#2987=REPRESENTATION('',(#2985),#5);
#2988=PROPERTY_DEFINITION_REPRESENTATION(#2986,#2987);
#2989=ID_ATTRIBUTE('mass property',#2986);
#2990=GENERAL_PROPERTY_ASSOCIATION('',$,#2982,#2986);
#2991=GENERAL_PROPERTY('','Mass',$);
#2992=MEASURE_REPRESENTATION_ITEM('',MASS_MEASURE(0.0),#2971);
#2993=PROPERTY_DEFINITION('Mass','system property',#11);
#2994=REPRESENTATION('',(#2992),#5);
#2995=PROPERTY_DEFINITION_REPRESENTATION(#2993,#2994);
#2996=ID_ATTRIBUTE('mass property',#2993);
#2997=GENERAL_PROPERTY_ASSOCIATION('',$,#2991,#2993);
#2998=GENERAL_PROPERTY('','Surface',$);
#2999=DERIVED_UNIT_ELEMENT(#2973,2.0);
#3000=DERIVED_UNIT((#2999));
#3001=MEASURE_REPRESENTATION_ITEM('',AREA_MEASURE(0.0),#3000);
#3002=PROPERTY_DEFINITION('Surface','system property',#11);
#3003=REPRESENTATION('',(#3001),#5);
#3004=PROPERTY_DEFINITION_REPRESENTATION(#3002,#3003);
#3005=ID_ATTRIBUTE('mass property',#3002);
#3006=GENERAL_PROPERTY_ASSOCIATION('',$,#2998,#3002);
#3007=GENERAL_PROPERTY('','xCenterOfGravity',$);
#3008=MEASURE_REPRESENTATION_ITEM('',LENGTH_MEASURE(0.0),#2973);
#3009=PROPERTY_DEFINITION('xCenterOfGravity','system property',#11);
#3010=REPRESENTATION('',(#3008),#5);
#3011=PROPERTY_DEFINITION_REPRESENTATION(#3009,#3010);
#3012=ID_ATTRIBUTE('mass property',#3009);
#3013=GENERAL_PROPERTY_ASSOCIATION('',$,#3007,#3009);
#3014=GENERAL_PROPERTY('','yCenterOfGravity',$);
#3015=MEASURE_REPRESENTATION_ITEM('',LENGTH_MEASURE(0.0),#2973);
#3016=PROPERTY_DEFINITION('yCenterOfGravity','system property',#11);
#3017=REPRESENTATION('',(#3015),#5);
#3018=PROPERTY_DEFINITION_REPRESENTATION(#3016,#3017);
#3019=ID_ATTRIBUTE('mass property',#3016);
#3020=GENERAL_PROPERTY_ASSOCIATION('',$,#3014,#3016);
#3021=GENERAL_PROPERTY('','zCenterOfGravity',$);
#3022=MEASURE_REPRESENTATION_ITEM('',LENGTH_MEASURE(0.0),#2973);
#3023=PROPERTY_DEFINITION('zCenterOfGravity','system property',#11);
#3024=REPRESENTATION('',(#3022),#5);
#3025=PROPERTY_DEFINITION_REPRESENTATION(#3023,#3024);
#3026=ID_ATTRIBUTE('mass property',#3023);
#3027=GENERAL_PROPERTY_ASSOCIATION('',$,#3021,#3023);
#3028=GENERAL_PROPERTY('','Ixx',$);
#3029=MASS_MEASURE_WITH_UNIT(MASS_MEASURE(1000.0),#2971);
#3030=DIMENSIONAL_EXPONENTS(0.,1.,0.,0.,0.,0.,0.);
#3031=(CONVERSION_BASED_UNIT('ton',#3029)MASS_UNIT()NAMED_UNIT(#3030));
#3032=DERIVED_UNIT_ELEMENT(#3031,1.0);
#3033=DERIVED_UNIT_ELEMENT(#2973,2.0);
#3034=DERIVED_UNIT((#3032,#3033));
#3035=MEASURE_REPRESENTATION_ITEM('',NUMERIC_MEASURE(1.0),#3034);
#3036=PROPERTY_DEFINITION('Ixx','system property',#11);
#3037=REPRESENTATION('',(#3035),#5);
#3038=PROPERTY_DEFINITION_REPRESENTATION(#3036,#3037);
#3039=ID_ATTRIBUTE('mass property',#3036);
#3040=GENERAL_PROPERTY_ASSOCIATION('',$,#3028,#3036);
#3041=GENERAL_PROPERTY('','Iyx',$);
#3042=MEASURE_REPRESENTATION_ITEM('',NUMERIC_MEASURE(0.0),#3034);
#3043=PROPERTY_DEFINITION('Iyx','system property',#11);
#3044=REPRESENTATION('',(#3042),#5);
#3045=PROPERTY_DEFINITION_REPRESENTATION(#3043,#3044);
#3046=ID_ATTRIBUTE('mass property',#3043);
#3047=GENERAL_PROPERTY_ASSOCIATION('',$,#3041,#3043);
#3048=GENERAL_PROPERTY('','Izx',$);
#3049=MEASURE_REPRESENTATION_ITEM('',NUMERIC_MEASURE(0.0),#3034);
#3050=PROPERTY_DEFINITION('Izx','system property',#11);
#3051=REPRESENTATION('',(#3049),#5);
#3052=PROPERTY_DEFINITION_REPRESENTATION(#3050,#3051);
#3053=ID_ATTRIBUTE('mass property',#3050);
#3054=GENERAL_PROPERTY_ASSOCIATION('',$,#3048,#3050);
#3055=GENERAL_PROPERTY('','Ixy',$);
#3056=MEASURE_REPRESENTATION_ITEM('',NUMERIC_MEASURE(0.0),#3034);
#3057=PROPERTY_DEFINITION('Ixy','system property',#11);
#3058=REPRESENTATION('',(#3056),#5);
#3059=PROPERTY_DEFINITION_REPRESENTATION(#3057,#3058);
#3060=ID_ATTRIBUTE('mass property',#3057);
#3061=GENERAL_PROPERTY_ASSOCIATION('',$,#3055,#3057);
#3062=GENERAL_PROPERTY('','Iyy',$);
#3063=MEASURE_REPRESENTATION_ITEM('',NUMERIC_MEASURE(1.0),#3034);
#3064=PROPERTY_DEFINITION('Iyy','system property',#11);
#3065=REPRESENTATION('',(#3063),#5);
#3066=PROPERTY_DEFINITION_REPRESENTATION(#3064,#3065);
#3067=ID_ATTRIBUTE('mass property',#3064);
#3068=GENERAL_PROPERTY_ASSOCIATION('',$,#3062,#3064);
#3069=GENERAL_PROPERTY('','Izy',$);
#3070=MEASURE_REPRESENTATION_ITEM('',NUMERIC_MEASURE(0.0),#3034);
#3071=PROPERTY_DEFINITION('Izy','system property',#11);
#3072=REPRESENTATION('',(#3070),#5);
#3073=PROPERTY_DEFINITION_REPRESENTATION(#3071,#3072);
#3074=ID_ATTRIBUTE('mass property',#3071);
#3075=GENERAL_PROPERTY_ASSOCIATION('',$,#3069,#3071);
#3076=GENERAL_PROPERTY('','Ixz',$);
#3077=MEASURE_REPRESENTATION_ITEM('',NUMERIC_MEASURE(0.0),#3034);
#3078=PROPERTY_DEFINITION('Ixz','system property',#11);
#3079=REPRESENTATION('',(#3077),#5);
#3080=PROPERTY_DEFINITION_REPRESENTATION(#3078,#3079);
#3081=ID_ATTRIBUTE('mass property',#3078);
#3082=GENERAL_PROPERTY_ASSOCIATION('',$,#3076,#3078);
#3083=GENERAL_PROPERTY('','Iyz',$);
#3084=MEASURE_REPRESENTATION_ITEM('',NUMERIC_MEASURE(0.0),#3034);
#3085=PROPERTY_DEFINITION('Iyz','system property',#11);
#3086=REPRESENTATION('',(#3084),#5);
#3087=PROPERTY_DEFINITION_REPRESENTATION(#3085,#3086);
#3088=ID_ATTRIBUTE('mass property',#3085);
#3089=GENERAL_PROPERTY_ASSOCIATION('',$,#3083,#3085);
#3090=GENERAL_PROPERTY('','Izz',$);
#3091=MEASURE_REPRESENTATION_ITEM('',NUMERIC_MEASURE(1.0),#3034);
#3092=PROPERTY_DEFINITION('Izz','system property',#11);
#3093=REPRESENTATION('',(#3091),#5);
#3094=PROPERTY_DEFINITION_REPRESENTATION(#3092,#3093);
#3095=ID_ATTRIBUTE('mass property',#3092);
#3096=GENERAL_PROPERTY_ASSOCIATION('',$,#3090,#3092);
#3097=GENERAL_PROPERTY('','TOLERANCE',$);
#3098=DESCRIPTIVE_REPRESENTATION_ITEM('','0.001000');
#3099=PROPERTY_DEFINITION('TOLERANCE','',#11);
#3100=REPRESENTATION('',(#3098),#5);
#3101=PROPERTY_DEFINITION_REPRESENTATION(#3099,#3100);
#3102=GENERAL_PROPERTY_ASSOCIATION('',$,#3097,#3099);
#3103=( GEOMETRIC_REPRESENTATION_CONTEXT(3)
       GLOBAL_UNCERTAINTY_ASSIGNED_CONTEXT((#3104)) GLOBAL_UNIT_ASSIGNED_CONTEXT
  ((#3,#4)) REPRESENTATION_CONTEXT('Context #2',
  '3D Context with UNIT and UNCERTAINTY') );
#3104=UNCERTAINTY_MEASURE_WITH_UNIT(LENGTH_MEASURE(0.005),#3,'distance_accuracy_value','Confusion accuracy');
#3105=PRODUCT_CONTEXT('',#1,'mechanical');
#3106=PRODUCT('Yellow casing 2','','',(#3105));
#3107=PRODUCT_DEFINITION_FORMATION('','',#3106);
#3108=PRODUCT_DEFINITION_CONTEXT('part definition',#1,'design');
#3109=PRODUCT_DEFINITION('design','',#3107,#3108);
#3110=PRODUCT_DEFINITION_SHAPE('','',#3109);
#3111=PRODUCT_CATEGORY('part',$);
#3112=PRODUCT_RELATED_PRODUCT_CATEGORY('part',$,(#3106));
#3113=PRODUCT_CATEGORY_RELATIONSHIP('','',#3111,#3112);
#3114=CARTESIAN_POINT('',(-28.1837789709,-1.5,-0.05));
#3115=VERTEX_POINT('',#3114);
#3116=CARTESIAN_POINT('',(-27.0141637286,-1.5,-2.0758330249));
#3117=VERTEX_POINT('',#3116);
#3118=CARTESIAN_POINT('',(-28.2126464844,-1.5,0.0));
#3119=DIRECTION('',(0.5,0.0,-0.8660254038));
#3120=VECTOR('',#3119,1.0);
#3121=LINE('',#3118,#3120);
#3122=EDGE_CURVE('no 251086',#3115,#3117,#3121,.T.);
#3123=ORIENTED_EDGE('no 250410',*,*,#3122,.T.);
#3124=CARTESIAN_POINT('',(-27.0141637286,3.5,-2.0758330249));
#3125=VERTEX_POINT('',#3124);
#3126=CARTESIAN_POINT('',(-27.0141637286,-10.0,-2.0758330249));
#3127=DIRECTION('',(0.0,1.0,0.0));
#3128=VECTOR('',#3127,1.0);
#3129=LINE('',#3126,#3128);
#3130=EDGE_CURVE('no 250630',#3117,#3125,#3129,.T.);
#3131=ORIENTED_EDGE('no 250603',*,*,#3130,.T.);
#3132=CARTESIAN_POINT('',(-28.1837789709,3.5,-0.05));
#3133=VERTEX_POINT('',#3132);
#3134=CARTESIAN_POINT('',(-28.2126464844,3.5,0.0));
#3135=DIRECTION('',(0.5,0.0,-0.8660254038));
#3136=VECTOR('',#3135,1.0);
#3137=LINE('',#3134,#3136);
#3138=EDGE_CURVE('no 251097',#3133,#3125,#3137,.T.);
#3139=ORIENTED_EDGE('no 250416',*,*,#3138,.F.);
#3140=CARTESIAN_POINT('',(-28.1837789709,-10.0,-0.05));
#3141=DIRECTION('',(0.0,1.0,0.0));
#3142=VECTOR('',#3141,1.0);
#3143=LINE('',#3140,#3142);
#3144=EDGE_CURVE('no 250882',#3115,#3133,#3143,.T.);
#3145=ORIENTED_EDGE('no 250843',*,*,#3144,.F.);
#3146=EDGE_LOOP('',(#3123,#3131,#3139,#3145));
#3147=FACE_OUTER_BOUND('',#3146,.F.);
#3148=CARTESIAN_POINT('',(-28.2126464844,-10.0,0.0));
#3149=DIRECTION('',(0.8660254038,-0.0,0.5));
#3150=DIRECTION('',(0.5,0.0,-0.8660254038));
#3151=AXIS2_PLACEMENT_3D('',#3148,#3149,#3150);
#3152=PLANE('',#3151);
#3153=ADVANCED_FACE('no 251114',(#3147),#3152,.F.);
#3154=CARTESIAN_POINT('',(-26.9275611883,3.5,-2.1258330249));
#3155=VERTEX_POINT('',#3154);
#3156=CARTESIAN_POINT('',(-26.9275611883,3.5,-2.0258330249));
#3157=DIRECTION('',(0.0,1.0,0.0));
#3158=DIRECTION('',(-0.8660254038,0.0,-0.5));
#3159=AXIS2_PLACEMENT_3D('',#3156,#3157,#3158);
#3160=CIRCLE('',#3159,0.1);
#3161=EDGE_CURVE('no 250681',#3155,#3125,#3160,.T.);
#3162=ORIENTED_EDGE('no 250676',*,*,#3161,.F.);
#3163=CARTESIAN_POINT('',(-26.9275611883,-1.5,-2.1258330249));
#3164=VERTEX_POINT('',#3163);
#3165=CARTESIAN_POINT('',(-26.9275611883,-1.5,-2.1258330249));
#3166=DIRECTION('',(0.0,1.0,0.0));
#3167=VECTOR('',#3166,1.0);
#3168=LINE('',#3165,#3167);
#3169=EDGE_CURVE('no 250644',#3164,#3155,#3168,.T.);
#3170=ORIENTED_EDGE('no 250653',*,*,#3169,.F.);
#3171=CARTESIAN_POINT('',(-26.9275611883,-1.5,-2.0258330249));
#3172=DIRECTION('',(-0.0,-1.0,-0.0));
#3173=DIRECTION('',(-0.8660254038,0.0,-0.5));
#3174=AXIS2_PLACEMENT_3D('',#3171,#3172,#3173);
#3175=CIRCLE('',#3174,0.1);
#3176=EDGE_CURVE('no 250672',#3117,#3164,#3175,.T.);
#3177=ORIENTED_EDGE('no 250667',*,*,#3176,.F.);
#3178=ORIENTED_EDGE('no 250652',*,*,#3130,.T.);
#3179=EDGE_LOOP('',(#3162,#3170,#3177,#3178));
#3180=FACE_OUTER_BOUND('',#3179,.T.);
#3181=CARTESIAN_POINT('',(-26.9275611883,1.0,-2.0258330249));
#3182=DIRECTION('',(0.0,1.0,0.0));
#3183=DIRECTION('',(-0.8660254038,0.0,-0.5));
#3184=AXIS2_PLACEMENT_3D('',#3181,#3182,#3183);
#3185=CYLINDRICAL_SURFACE('',#3184,0.1);
#3186=ADVANCED_FACE('no 250687',(#3180),#3185,.T.);
#3187=CARTESIAN_POINT('',(-28.2703815113,-1.5,-0.0));
#3188=VERTEX_POINT('',#3187);
#3189=CARTESIAN_POINT('',(-28.2703815113,-1.5,-0.1));
#3190=DIRECTION('',(-0.0,-1.0,-0.0));
#3191=DIRECTION('',(0.0,0.0,1.0));
#3192=AXIS2_PLACEMENT_3D('',#3189,#3190,#3191);
#3193=CIRCLE('',#3192,0.1);
#3194=EDGE_CURVE('no 251015',#3115,#3188,#3193,.T.);
#3195=ORIENTED_EDGE('no 251010',*,*,#3194,.F.);
#3196=ORIENTED_EDGE('no 250918',*,*,#3144,.T.);
#3197=CARTESIAN_POINT('',(-28.2703815113,3.5,0.0));
#3198=VERTEX_POINT('',#3197);
#3199=CARTESIAN_POINT('',(-28.2703815113,3.5,-0.1));
#3200=DIRECTION('',(0.0,1.0,0.0));
#3201=DIRECTION('',(0.0,0.0,1.0));
#3202=AXIS2_PLACEMENT_3D('',#3199,#3200,#3201);
#3203=CIRCLE('',#3202,0.1);
#3204=EDGE_CURVE('no 251042',#3198,#3133,#3203,.T.);
#3205=ORIENTED_EDGE('no 251037',*,*,#3204,.F.);
#3206=CARTESIAN_POINT('',(-28.2703815113,-1.5,0.0));
#3207=DIRECTION('',(0.0,1.0,0.0));
#3208=VECTOR('',#3207,1.0);
#3209=LINE('',#3206,#3208);
#3210=EDGE_CURVE('no 251063',#3188,#3198,#3209,.T.);
#3211=ORIENTED_EDGE('no 250917',*,*,#3210,.F.);
#3212=EDGE_LOOP('',(#3195,#3196,#3205,#3211));
#3213=FACE_OUTER_BOUND('',#3212,.F.);
#3214=CARTESIAN_POINT('',(-28.2703815113,1.0,-0.1));
#3215=DIRECTION('',(0.0,1.0,0.0));
#3216=DIRECTION('',(0.0,0.0,1.0));
#3217=AXIS2_PLACEMENT_3D('',#3214,#3215,#3216);
#3218=CYLINDRICAL_SURFACE('',#3217,0.1);
#3219=ADVANCED_FACE('no 251070',(#3213),#3218,.F.);
#3220=CARTESIAN_POINT('',(-27.2126464844,-1.5,0.0));
#3221=VERTEX_POINT('',#3220);
#3222=CARTESIAN_POINT('',(-27.7126464844,-1.5,0.0));
#3223=DIRECTION('',(-1.0,0.0,0.0));
#3224=VECTOR('',#3223,1.0);
#3225=LINE('',#3222,#3224);
#3226=EDGE_CURVE('no 251119',#3221,#3188,#3225,.T.);
#3227=ORIENTED_EDGE('no 250427',*,*,#3226,.T.);
#3228=ORIENTED_EDGE('no 251011',*,*,#3194,.F.);
#3229=ORIENTED_EDGE('no 250422',*,*,#3122,.T.);
#3230=ORIENTED_EDGE('no 250668',*,*,#3176,.T.);
#3231=CARTESIAN_POINT('',(-25.5852962152,-1.5,-2.1258330249));
#3232=VERTEX_POINT('',#3231);
#3233=CARTESIAN_POINT('',(0.0,-1.5,-2.1258330249));
#3234=DIRECTION('',(1.0,0.0,0.0));
#3235=VECTOR('',#3234,1.0);
#3236=LINE('',#3233,#3235);
#3237=EDGE_CURVE('no 250825',#3164,#3232,#3236,.T.);
#3238=ORIENTED_EDGE('no 250423',*,*,#3237,.T.);
#3239=CARTESIAN_POINT('',(-25.4852962152,-1.5,-2.0258330249));
#3240=VERTEX_POINT('',#3239);
#3241=CARTESIAN_POINT('',(-25.5852962152,-1.5,-2.0258330249));
#3242=DIRECTION('',(0.0,-1.0,0.0));
#3243=DIRECTION('',(0.0,0.0,-1.0));
#3244=AXIS2_PLACEMENT_3D('',#3241,#3242,#3243);
#3245=CIRCLE('',#3244,0.1);
#3246=EDGE_CURVE('no 250794',#3232,#3240,#3245,.T.);
#3247=ORIENTED_EDGE('no 250790',*,*,#3246,.T.);
#3248=CARTESIAN_POINT('',(-25.4852962152,-1.5,-1.1258330249));
#3249=VERTEX_POINT('',#3248);
#3250=CARTESIAN_POINT('',(-25.4852962152,-1.5,0.0));
#3251=DIRECTION('',(0.0,0.0,1.0));
#3252=VECTOR('',#3251,1.0);
#3253=LINE('',#3250,#3252);
#3254=EDGE_CURVE('no 250818',#3240,#3249,#3253,.T.);
#3255=ORIENTED_EDGE('no 250424',*,*,#3254,.T.);
#3256=CARTESIAN_POINT('',(-26.5626464844,-1.5,-1.1258330249));
#3257=VERTEX_POINT('',#3256);
#3258=CARTESIAN_POINT('',(-26.0239713498,-1.5,-1.1258330249));
#3259=DIRECTION('',(-1.0,0.0,0.0));
#3260=VECTOR('',#3259,1.0);
#3261=LINE('',#3258,#3260);
#3262=EDGE_CURVE('no 250366',#3249,#3257,#3261,.T.);
#3263=ORIENTED_EDGE('no 250425',*,*,#3262,.T.);
#3264=CARTESIAN_POINT('',(-26.8876464844,-1.5,-0.5629165125));
#3265=DIRECTION('',(-0.5,0.0,0.8660254038));
#3266=VECTOR('',#3265,1.0);
#3267=LINE('',#3264,#3266);
#3268=EDGE_CURVE('no 250575',#3257,#3221,#3267,.T.);
#3269=ORIENTED_EDGE('no 250426',*,*,#3268,.T.);
#3270=EDGE_LOOP('',(#3227,#3228,#3229,#3230,#3238,#3247,#3255,#3263,#3269));
#3271=FACE_OUTER_BOUND('',#3270,.T.);
#3272=CARTESIAN_POINT('',(18.2873535156,-1.5,10.0));
#3273=DIRECTION('',(0.0,-1.0,0.0));
#3274=DIRECTION('',(0.0,0.0,-1.0));
#3275=AXIS2_PLACEMENT_3D('',#3272,#3273,#3274);
#3276=PLANE('',#3275);
#3277=ADVANCED_FACE('no 251093',(#3271),#3276,.T.);
#3278=CARTESIAN_POINT('',(-25.5852962152,3.5,-2.1258330249));
#3279=VERTEX_POINT('',#3278);
#3280=CARTESIAN_POINT('',(-26.9852962152,3.5,-2.1258330249));
#3281=DIRECTION('',(1.0,0.0,0.0));
#3282=VECTOR('',#3281,1.0);
#3283=LINE('',#3280,#3282);
#3284=EDGE_CURVE('no 250831',#3155,#3279,#3283,.T.);
#3285=ORIENTED_EDGE('no 250417',*,*,#3284,.F.);
#3286=ORIENTED_EDGE('no 250605',*,*,#3169,.F.);
#3287=ORIENTED_EDGE('no 250411',*,*,#3237,.T.);
#3288=CARTESIAN_POINT('',(-25.5852962152,-10.0,-2.1258330249));
#3289=DIRECTION('',(0.0,1.0,0.0));
#3290=VECTOR('',#3289,1.0);
#3291=LINE('',#3288,#3290);
#3292=EDGE_CURVE('no 250752',#3232,#3279,#3291,.T.);
#3293=ORIENTED_EDGE('no 250725',*,*,#3292,.T.);
#3294=EDGE_LOOP('',(#3285,#3286,#3287,#3293));
#3295=FACE_OUTER_BOUND('',#3294,.F.);
#3296=CARTESIAN_POINT('',(-26.9852962152,-10.0,-2.1258330249));
#3297=DIRECTION('',(0.0,0.0,1.0));
#3298=DIRECTION('',(1.0,0.0,0.0));
#3299=AXIS2_PLACEMENT_3D('',#3296,#3297,#3298);
#3300=PLANE('',#3299);
#3301=ADVANCED_FACE('no 250833',(#3295),#3300,.F.);
#3302=CARTESIAN_POINT('',(-25.4852962152,3.5,-2.0258330249));
#3303=VERTEX_POINT('',#3302);
#3304=CARTESIAN_POINT('',(-25.5852962152,3.5,-2.0258330249));
#3305=DIRECTION('',(0.0,1.0,0.0));
#3306=DIRECTION('',(0.0,0.0,-1.0));
#3307=AXIS2_PLACEMENT_3D('',#3304,#3305,#3306);
#3308=CIRCLE('',#3307,0.1);
#3309=EDGE_CURVE('no 250803',#3303,#3279,#3308,.T.);
#3310=ORIENTED_EDGE('no 250798',*,*,#3309,.F.);
#3311=CARTESIAN_POINT('',(-25.4852962152,-1.5,-2.0258330249));
#3312=DIRECTION('',(0.0,1.0,0.0));
#3313=VECTOR('',#3312,1.0);
#3314=LINE('',#3311,#3313);
#3315=EDGE_CURVE('no 250766',#3240,#3303,#3314,.T.);
#3316=ORIENTED_EDGE('no 250775',*,*,#3315,.F.);
#3317=ORIENTED_EDGE('no 250789',*,*,#3246,.F.);
#3318=ORIENTED_EDGE('no 250774',*,*,#3292,.T.);
#3319=EDGE_LOOP('',(#3310,#3316,#3317,#3318));
#3320=FACE_OUTER_BOUND('',#3319,.T.);
#3321=CARTESIAN_POINT('',(-25.5852962152,1.0,-2.0258330249));
#3322=DIRECTION('',(0.0,1.0,0.0));
#3323=DIRECTION('',(0.0,0.0,-1.0));
#3324=AXIS2_PLACEMENT_3D('',#3321,#3322,#3323);
#3325=CYLINDRICAL_SURFACE('',#3324,0.1);
#3326=ADVANCED_FACE('no 250809',(#3320),#3325,.T.);
#3327=ORIENTED_EDGE('no 251038',*,*,#3204,.F.);
#3328=CARTESIAN_POINT('',(-27.2126464844,3.5,0.0));
#3329=VERTEX_POINT('',#3328);
#3330=CARTESIAN_POINT('',(-27.7126464844,3.5,0.0));
#3331=DIRECTION('',(-1.0,0.0,0.0));
#3332=VECTOR('',#3331,1.0);
#3333=LINE('',#3330,#3332);
#3334=EDGE_CURVE('no 251118',#3329,#3198,#3333,.T.);
#3335=ORIENTED_EDGE('no 250433',*,*,#3334,.F.);
#3336=CARTESIAN_POINT('',(-26.5626464844,3.5,-1.1258330249));
#3337=VERTEX_POINT('',#3336);
#3338=CARTESIAN_POINT('',(-26.8876464844,3.5,-0.5629165125));
#3339=DIRECTION('',(-0.5,0.0,0.8660254038));
#3340=VECTOR('',#3339,1.0);
#3341=LINE('',#3338,#3340);
#3342=EDGE_CURVE('no 250576',#3337,#3329,#3341,.T.);
#3343=ORIENTED_EDGE('no 250432',*,*,#3342,.F.);
#3344=CARTESIAN_POINT('',(-25.4852962152,3.5,-1.1258330249));
#3345=VERTEX_POINT('',#3344);
#3346=CARTESIAN_POINT('',(-26.0239713498,3.5,-1.1258330249));
#3347=DIRECTION('',(-1.0,0.0,0.0));
#3348=VECTOR('',#3347,1.0);
#3349=LINE('',#3346,#3348);
#3350=EDGE_CURVE('no 250367',#3345,#3337,#3349,.T.);
#3351=ORIENTED_EDGE('no 250431',*,*,#3350,.F.);
#3352=CARTESIAN_POINT('',(-25.4852962152,3.5,0.0));
#3353=DIRECTION('',(0.0,0.0,1.0));
#3354=VECTOR('',#3353,1.0);
#3355=LINE('',#3352,#3354);
#3356=EDGE_CURVE('no 250820',#3303,#3345,#3355,.T.);
#3357=ORIENTED_EDGE('no 250430',*,*,#3356,.F.);
#3358=ORIENTED_EDGE('no 250799',*,*,#3309,.T.);
#3359=ORIENTED_EDGE('no 250429',*,*,#3284,.F.);
#3360=ORIENTED_EDGE('no 250677',*,*,#3161,.T.);
#3361=ORIENTED_EDGE('no 250428',*,*,#3138,.F.);
#3362=EDGE_LOOP('',(#3327,#3335,#3343,#3351,#3357,#3358,#3359,#3360,#3361));
#3363=FACE_OUTER_BOUND('',#3362,.T.);
#3364=CARTESIAN_POINT('',(18.2873535156,3.5,9.0));
#3365=DIRECTION('',(0.0,1.0,0.0));
#3366=DIRECTION('',(0.0,0.0,1.0));
#3367=AXIS2_PLACEMENT_3D('',#3364,#3365,#3366);
#3368=PLANE('',#3367);
#3369=ADVANCED_FACE('no 251104',(#3363),#3368,.T.);
#3370=ORIENTED_EDGE('no 250412',*,*,#3254,.T.);
#3371=CARTESIAN_POINT('',(-25.4852962152,-10.0,-1.1258330249));
#3372=DIRECTION('',(0.0,1.0,0.0));
#3373=VECTOR('',#3372,1.0);
#3374=LINE('',#3371,#3373);
#3375=EDGE_CURVE('no 250355',#3249,#3345,#3374,.T.);
#3376=ORIENTED_EDGE('no 250398',*,*,#3375,.T.);
#3377=ORIENTED_EDGE('no 250418',*,*,#3356,.F.);
#3378=ORIENTED_EDGE('no 250727',*,*,#3315,.F.);
#3379=EDGE_LOOP('',(#3370,#3376,#3377,#3378));
#3380=FACE_OUTER_BOUND('',#3379,.F.);
#3381=CARTESIAN_POINT('',(-25.4852962152,-10.0,-2.1258330249));
#3382=DIRECTION('',(-1.0,0.0,0.0));
#3383=DIRECTION('',(0.0,0.0,1.0));
#3384=AXIS2_PLACEMENT_3D('',#3381,#3382,#3383);
#3385=PLANE('',#3384);
#3386=ADVANCED_FACE('no 250823',(#3380),#3385,.F.);
#3387=ORIENTED_EDGE('no 250399',*,*,#3375,.F.);
#3388=ORIENTED_EDGE('no 250413',*,*,#3262,.T.);
#3389=CARTESIAN_POINT('',(-26.5626464844,-10.0,-1.1258330249));
#3390=DIRECTION('',(0.0,1.0,0.0));
#3391=VECTOR('',#3390,1.0);
#3392=LINE('',#3389,#3391);
#3393=EDGE_CURVE('no 250363',#3257,#3337,#3392,.T.);
#3394=ORIENTED_EDGE('no 250400',*,*,#3393,.T.);
#3395=ORIENTED_EDGE('no 250419',*,*,#3350,.F.);
#3396=EDGE_LOOP('',(#3387,#3388,#3394,#3395));
#3397=FACE_OUTER_BOUND('',#3396,.F.);
#3398=CARTESIAN_POINT('',(-25.4852962152,-10.0,-1.1258330249));
#3399=DIRECTION('',(0.0,0.0,-1.0));
#3400=DIRECTION('',(-1.0,0.0,0.0));
#3401=AXIS2_PLACEMENT_3D('',#3398,#3399,#3400);
#3402=PLANE('',#3401);
#3403=ADVANCED_FACE('no 250361',(#3397),#3402,.F.);
#3404=ORIENTED_EDGE('no 250401',*,*,#3393,.F.);
#3405=ORIENTED_EDGE('no 250414',*,*,#3268,.T.);
#3406=CARTESIAN_POINT('',(-27.2126464844,-10.0,0.0));
#3407=DIRECTION('',(0.0,1.0,0.0));
#3408=VECTOR('',#3407,1.0);
#3409=LINE('',#3406,#3408);
#3410=EDGE_CURVE('no 250498',#3221,#3329,#3409,.T.);
#3411=ORIENTED_EDGE('no 250402',*,*,#3410,.T.);
#3412=ORIENTED_EDGE('no 250420',*,*,#3342,.F.);
#3413=EDGE_LOOP('',(#3404,#3405,#3411,#3412));
#3414=FACE_OUTER_BOUND('',#3413,.F.);
#3415=CARTESIAN_POINT('',(-26.5626464844,-10.0,-1.1258330249));
#3416=DIRECTION('',(-0.8660254038,0.0,-0.5));
#3417=DIRECTION('',(-0.5,0.0,0.8660254038));
#3418=AXIS2_PLACEMENT_3D('',#3415,#3416,#3417);
#3419=PLANE('',#3418);
#3420=ADVANCED_FACE('no 250565',(#3414),#3419,.F.);
#3421=CARTESIAN_POINT('',(14.2873535156,-10.0,0.0));
#3422=VERTEX_POINT('',#3421);
#3423=CARTESIAN_POINT('',(-19.7126464844,-10.0,0.0));
#3424=VERTEX_POINT('',#3423);
#3425=CARTESIAN_POINT('',(-0.7126464844,-10.0,0.0));
#3426=DIRECTION('',(-1.0,0.0,0.0));
#3427=VECTOR('',#3426,1.0);
#3428=LINE('',#3425,#3427);
#3429=EDGE_CURVE('no 192078',#3422,#3424,#3428,.T.);
#3430=ORIENTED_EDGE('no 228',*,*,#3429,.F.);
#3431=CARTESIAN_POINT('',(18.2873535156,-6.0,0.0));
#3432=VERTEX_POINT('',#3431);
#3433=CARTESIAN_POINT('',(14.2873535156,-6.0,0.0));
#3434=DIRECTION('',(0.0,0.0,1.0));
#3435=DIRECTION('',(1.0,0.0,0.0));
#3436=AXIS2_PLACEMENT_3D('',#3433,#3434,#3435);
#3437=CIRCLE('',#3436,4.0);
#3438=EDGE_CURVE('no 192052',#3422,#3432,#3437,.T.);
#3439=ORIENTED_EDGE('no 192048',*,*,#3438,.T.);
#3440=CARTESIAN_POINT('',(18.2873535156,8.0,0.0));
#3441=VERTEX_POINT('',#3440);
#3442=CARTESIAN_POINT('',(18.2873535156,0.0,0.0));
#3443=DIRECTION('',(0.0,1.0,0.0));
#3444=VECTOR('',#3443,1.0);
#3445=LINE('',#3442,#3444);
#3446=EDGE_CURVE('no 192086',#3432,#3441,#3445,.T.);
#3447=ORIENTED_EDGE('no 227',*,*,#3446,.T.);
#3448=CARTESIAN_POINT('',(14.2873535156,12.0,0.0));
#3449=VERTEX_POINT('',#3448);
#3450=CARTESIAN_POINT('',(14.2873535156,8.0,0.0));
#3451=DIRECTION('',(0.0,0.0,1.0));
#3452=DIRECTION('',(1.0,0.0,0.0));
#3453=AXIS2_PLACEMENT_3D('',#3450,#3451,#3452);
#3454=CIRCLE('',#3453,4.0);
#3455=EDGE_CURVE('no 191930',#3441,#3449,#3454,.T.);
#3456=ORIENTED_EDGE('no 191926',*,*,#3455,.T.);
#3457=CARTESIAN_POINT('',(-19.7126464844,12.0,0.0));
#3458=VERTEX_POINT('',#3457);
#3459=CARTESIAN_POINT('',(0.0,12.0,0.0));
#3460=DIRECTION('',(1.0,0.0,0.0));
#3461=VECTOR('',#3460,1.0);
#3462=LINE('',#3459,#3461);
#3463=EDGE_CURVE('no 191969',#3458,#3449,#3462,.T.);
#3464=ORIENTED_EDGE('no 226',*,*,#3463,.F.);
#3465=CARTESIAN_POINT('',(-19.7126464844,7.9915082826,0.0));
#3466=VERTEX_POINT('',#3465);
#3467=CARTESIAN_POINT('',(-19.7126464844,1.0,0.0));
#3468=DIRECTION('',(0.0,-1.0,0.0));
#3469=VECTOR('',#3468,1.0);
#3470=LINE('',#3467,#3469);
#3471=EDGE_CURVE('no 194477',#3458,#3466,#3470,.T.);
#3472=ORIENTED_EDGE('no 229',*,*,#3471,.T.);
#3473=CARTESIAN_POINT('',(-31.2126464844,7.9915082826,0.0));
#3474=VERTEX_POINT('',#3473);
#3475=CARTESIAN_POINT('',(-6.4626464844,7.9915082826,0.0));
#3476=DIRECTION('',(-1.0,0.0,0.0));
#3477=VECTOR('',#3476,1.0);
#3478=LINE('',#3475,#3477);
#3479=EDGE_CURVE('no 194428',#3466,#3474,#3478,.T.);
#3480=ORIENTED_EDGE('no 194276',*,*,#3479,.T.);
#3481=CARTESIAN_POINT('',(-31.2126464844,-5.9915082826,0.0));
#3482=VERTEX_POINT('',#3481);
#3483=CARTESIAN_POINT('',(-31.2126464844,1.0,0.0));
#3484=DIRECTION('',(0.0,-1.0,0.0));
#3485=VECTOR('',#3484,1.0);
#3486=LINE('',#3483,#3485);
#3487=EDGE_CURVE('no 194664',#3474,#3482,#3486,.T.);
#3488=ORIENTED_EDGE('no 193666',*,*,#3487,.T.);
#3489=CARTESIAN_POINT('',(-19.7126464844,-5.9915082826,0.0));
#3490=VERTEX_POINT('',#3489);
#3491=CARTESIAN_POINT('',(-6.4626464844,-5.9915082826,0.0));
#3492=DIRECTION('',(-1.0,0.0,0.0));
#3493=VECTOR('',#3492,1.0);
#3494=LINE('',#3491,#3493);
#3495=EDGE_CURVE('no 194631',#3490,#3482,#3494,.T.);
#3496=ORIENTED_EDGE('no 194478',*,*,#3495,.F.);
#3497=CARTESIAN_POINT('',(-19.7126464844,1.0,0.0));
#3498=DIRECTION('',(0.0,-1.0,0.0));
#3499=VECTOR('',#3498,1.0);
#3500=LINE('',#3497,#3499);
#3501=EDGE_CURVE('no 194674',#3490,#3424,#3500,.T.);
#3502=ORIENTED_EDGE('no 229',*,*,#3501,.T.);
#3503=EDGE_LOOP('',(#3430,#3439,#3447,#3456,#3464,#3472,#3480,#3488,#3496,#3502));
#3504=FACE_OUTER_BOUND('',#3503,.F.);
#3505=ORIENTED_EDGE('no 250841',*,*,#3210,.T.);
#3506=ORIENTED_EDGE('no 250421',*,*,#3334,.F.);
#3507=ORIENTED_EDGE('no 250403',*,*,#3410,.F.);
#3508=ORIENTED_EDGE('no 250415',*,*,#3226,.T.);
#3509=EDGE_LOOP('',(#3505,#3506,#3507,#3508));
#3510=FACE_BOUND('',#3509,.F.);
#3511=CARTESIAN_POINT('',(-7.3126464844,1.0,0.0));
#3512=VERTEX_POINT('',#3511);
#3513=CARTESIAN_POINT('',(-3.1126464844,1.0,0.0));
#3514=VERTEX_POINT('',#3513);
#3515=CARTESIAN_POINT('',(-5.2126464844,1.0,0.0));
#3516=DIRECTION('',(0.0,0.0,1.0));
#3517=DIRECTION('',(1.0,0.0,0.0));
#3518=AXIS2_PLACEMENT_3D('',#3515,#3516,#3517);
#3519=CIRCLE('',#3518,2.1);
#3520=EDGE_CURVE('no 248942',#3512,#3514,#3519,.T.);
#3521=ORIENTED_EDGE('no 248934',*,*,#3520,.F.);
#3522=CARTESIAN_POINT('',(-5.2126464844,1.0,0.0));
#3523=DIRECTION('',(0.0,0.0,1.0));
#3524=DIRECTION('',(1.0,0.0,0.0));
#3525=AXIS2_PLACEMENT_3D('',#3522,#3523,#3524);
#3526=CIRCLE('',#3525,2.1);
#3527=EDGE_CURVE('no 248953',#3514,#3512,#3526,.T.);
#3528=ORIENTED_EDGE('no 248900',*,*,#3527,.F.);
#3529=EDGE_LOOP('',(#3521,#3528));
#3530=FACE_BOUND('',#3529,.F.);
#3531=CARTESIAN_POINT('',(-1.2126464844,11.0,0.0));
#3532=VERTEX_POINT('',#3531);
#3533=CARTESIAN_POINT('',(-2.2126464844,11.0,0.0));
#3534=VERTEX_POINT('',#3533);
#3535=CARTESIAN_POINT('',(-1.7126464844,11.0,0.0));
#3536=DIRECTION('',(0.0,0.0,1.0));
#3537=DIRECTION('',(1.0,0.0,0.0));
#3538=AXIS2_PLACEMENT_3D('',#3535,#3536,#3537);
#3539=CIRCLE('',#3538,0.5);
#3540=EDGE_CURVE('no 248518',#3532,#3534,#3539,.T.);
#3541=ORIENTED_EDGE('no 248494',*,*,#3540,.F.);
#3542=CARTESIAN_POINT('',(-1.7126464844,11.0,0.0));
#3543=DIRECTION('',(0.0,0.0,1.0));
#3544=DIRECTION('',(1.0,0.0,0.0));
#3545=AXIS2_PLACEMENT_3D('',#3542,#3543,#3544);
#3546=CIRCLE('',#3545,0.5);
#3547=EDGE_CURVE('no 248528',#3534,#3532,#3546,.T.);
#3548=ORIENTED_EDGE('no 248494',*,*,#3547,.F.);
#3549=EDGE_LOOP('',(#3541,#3548));
#3550=FACE_BOUND('',#3549,.F.);
#3551=CARTESIAN_POINT('',(-1.2126464844,-9.0,0.0));
#3552=VERTEX_POINT('',#3551);
#3553=CARTESIAN_POINT('',(-2.2126464844,-9.0,0.0));
#3554=VERTEX_POINT('',#3553);
#3555=CARTESIAN_POINT('',(-1.7126464844,-9.0,0.0));
#3556=DIRECTION('',(0.0,0.0,1.0));
#3557=DIRECTION('',(1.0,0.0,0.0));
#3558=AXIS2_PLACEMENT_3D('',#3555,#3556,#3557);
#3559=CIRCLE('',#3558,0.5);
#3560=EDGE_CURVE('no 248179',#3552,#3554,#3559,.T.);
#3561=ORIENTED_EDGE('no 248155',*,*,#3560,.F.);
#3562=CARTESIAN_POINT('',(-1.7126464844,-9.0,0.0));
#3563=DIRECTION('',(0.0,0.0,1.0));
#3564=DIRECTION('',(1.0,0.0,0.0));
#3565=AXIS2_PLACEMENT_3D('',#3562,#3563,#3564);
#3566=CIRCLE('',#3565,0.5);
#3567=EDGE_CURVE('no 248189',#3554,#3552,#3566,.T.);
#3568=ORIENTED_EDGE('no 248155',*,*,#3567,.F.);
#3569=EDGE_LOOP('',(#3561,#3568));
#3570=FACE_BOUND('',#3569,.F.);
#3571=CARTESIAN_POINT('',(16.8873535156,-8.0,0.0));
#3572=VERTEX_POINT('',#3571);
#3573=CARTESIAN_POINT('',(15.6873535156,-8.0,0.0));
#3574=VERTEX_POINT('',#3573);
#3575=CARTESIAN_POINT('',(16.2873535156,-8.0,0.0));
#3576=DIRECTION('',(0.0,0.0,1.0));
#3577=DIRECTION('',(1.0,0.0,0.0));
#3578=AXIS2_PLACEMENT_3D('',#3575,#3576,#3577);
#3579=CIRCLE('',#3578,0.6);
#3580=EDGE_CURVE('no 247840',#3572,#3574,#3579,.T.);
#3581=ORIENTED_EDGE('no 247816',*,*,#3580,.F.);
#3582=CARTESIAN_POINT('',(16.2873535156,-8.0,0.0));
#3583=DIRECTION('',(0.0,0.0,1.0));
#3584=DIRECTION('',(1.0,0.0,0.0));
#3585=AXIS2_PLACEMENT_3D('',#3582,#3583,#3584);
#3586=CIRCLE('',#3585,0.6);
#3587=EDGE_CURVE('no 247850',#3574,#3572,#3586,.T.);
#3588=ORIENTED_EDGE('no 247816',*,*,#3587,.F.);
#3589=EDGE_LOOP('',(#3581,#3588));
#3590=FACE_BOUND('',#3589,.F.);
#3591=CARTESIAN_POINT('',(16.8873535156,10.0,0.0));
#3592=VERTEX_POINT('',#3591);
#3593=CARTESIAN_POINT('',(15.6873535156,10.0,0.0));
#3594=VERTEX_POINT('',#3593);
#3595=CARTESIAN_POINT('',(16.2873535156,10.0,0.0));
#3596=DIRECTION('',(0.0,0.0,1.0));
#3597=DIRECTION('',(1.0,0.0,0.0));
#3598=AXIS2_PLACEMENT_3D('',#3595,#3596,#3597);
#3599=CIRCLE('',#3598,0.6);
#3600=EDGE_CURVE('no 247501',#3592,#3594,#3599,.T.);
#3601=ORIENTED_EDGE('no 247477',*,*,#3600,.F.);
#3602=CARTESIAN_POINT('',(16.2873535156,10.0,0.0));
#3603=DIRECTION('',(0.0,0.0,1.0));
#3604=DIRECTION('',(1.0,0.0,0.0));
#3605=AXIS2_PLACEMENT_3D('',#3602,#3603,#3604);
#3606=CIRCLE('',#3605,0.6);
#3607=EDGE_CURVE('no 247511',#3594,#3592,#3606,.T.);
#3608=ORIENTED_EDGE('no 247477',*,*,#3607,.F.);
#3609=EDGE_LOOP('',(#3601,#3608));
#3610=FACE_BOUND('',#3609,.F.);
#3611=CARTESIAN_POINT('',(9.0873535156,1.0,0.0));
#3612=VERTEX_POINT('',#3611);
#3613=CARTESIAN_POINT('',(4.4873535156,1.0,0.0));
#3614=VERTEX_POINT('',#3613);
#3615=CARTESIAN_POINT('',(6.7873535156,1.0,0.0));
#3616=DIRECTION('',(0.0,0.0,1.0));
#3617=DIRECTION('',(1.0,0.0,0.0));
#3618=AXIS2_PLACEMENT_3D('',#3615,#3616,#3617);
#3619=CIRCLE('',#3618,2.3);
#3620=EDGE_CURVE('no 244731',#3612,#3614,#3619,.T.);
#3621=ORIENTED_EDGE('no 244682',*,*,#3620,.F.);
#3622=CARTESIAN_POINT('',(6.7873535156,1.0,0.0));
#3623=DIRECTION('',(0.0,0.0,1.0));
#3624=DIRECTION('',(1.0,0.0,0.0));
#3625=AXIS2_PLACEMENT_3D('',#3622,#3623,#3624);
#3626=CIRCLE('',#3625,2.3);
#3627=EDGE_CURVE('no 244750',#3614,#3612,#3626,.T.);
#3628=ORIENTED_EDGE('no 244682',*,*,#3627,.F.);
#3629=EDGE_LOOP('',(#3621,#3628));
#3630=FACE_BOUND('',#3629,.F.);
#3631=CARTESIAN_POINT('',(-12.9126464844,-7.5,0.0));
#3632=VERTEX_POINT('',#3631);
#3633=CARTESIAN_POINT('',(-14.9937873098,-6.1171495594,0.0));
#3634=VERTEX_POINT('',#3633);
#3635=CARTESIAN_POINT('',(-14.4126464844,-7.5,0.0));
#3636=DIRECTION('',(0.0,0.0,1.0));
#3637=DIRECTION('',(1.0,0.0,0.0));
#3638=AXIS2_PLACEMENT_3D('',#3635,#3636,#3637);
#3639=CIRCLE('',#3638,1.5);
#3640=EDGE_CURVE('no 246158',#3632,#3634,#3639,.T.);
#3641=ORIENTED_EDGE('no 243803',*,*,#3640,.F.);
#3642=CARTESIAN_POINT('',(-15.9126464844,-7.5,0.0));
#3643=VERTEX_POINT('',#3642);
#3644=CARTESIAN_POINT('',(-14.4126464844,-7.5,0.0));
#3645=DIRECTION('',(0.0,0.0,1.0));
#3646=DIRECTION('',(1.0,0.0,0.0));
#3647=AXIS2_PLACEMENT_3D('',#3644,#3645,#3646);
#3648=CIRCLE('',#3647,1.5);
#3649=EDGE_CURVE('no 243863',#3643,#3632,#3648,.T.);
#3650=ORIENTED_EDGE('no 243803',*,*,#3649,.F.);
#3651=CARTESIAN_POINT('',(-15.7423592118,-6.8058357092,0.0));
#3652=VERTEX_POINT('',#3651);
#3653=CARTESIAN_POINT('',(-14.4126464844,-7.5,0.0));
#3654=DIRECTION('',(0.0,0.0,1.0));
#3655=DIRECTION('',(1.0,0.0,0.0));
#3656=AXIS2_PLACEMENT_3D('',#3653,#3654,#3655);
#3657=CIRCLE('',#3656,1.5);
#3658=EDGE_CURVE('no 246160',#3652,#3643,#3657,.T.);
#3659=ORIENTED_EDGE('no 243803',*,*,#3658,.F.);
#3660=CARTESIAN_POINT('',(-18.7626464844,-5.0,0.0));
#3661=VERTEX_POINT('',#3660);
#3662=CARTESIAN_POINT('',(-16.7126464844,-5.0,0.0));
#3663=DIRECTION('',(0.0,0.0,1.0));
#3664=DIRECTION('',(1.0,0.0,0.0));
#3665=AXIS2_PLACEMENT_3D('',#3662,#3663,#3664);
#3666=CIRCLE('',#3665,2.05);
#3667=EDGE_CURVE('no 245995',#3661,#3652,#3666,.T.);
#3668=ORIENTED_EDGE('no 245739',*,*,#3667,.F.);
#3669=CARTESIAN_POINT('',(-14.6626464844,-5.0,0.0));
#3670=VERTEX_POINT('',#3669);
#3671=CARTESIAN_POINT('',(-16.7126464844,-5.0,0.0));
#3672=DIRECTION('',(0.0,0.0,1.0));
#3673=DIRECTION('',(1.0,0.0,0.0));
#3674=AXIS2_PLACEMENT_3D('',#3671,#3672,#3673);
#3675=CIRCLE('',#3674,2.05);
#3676=EDGE_CURVE('no 245958',#3670,#3661,#3675,.T.);
#3677=ORIENTED_EDGE('no 245739',*,*,#3676,.F.);
#3678=CARTESIAN_POINT('',(-16.7126464844,-5.0,0.0));
#3679=DIRECTION('',(0.0,0.0,1.0));
#3680=DIRECTION('',(1.0,0.0,0.0));
#3681=AXIS2_PLACEMENT_3D('',#3678,#3679,#3680);
#3682=CIRCLE('',#3681,2.05);
#3683=EDGE_CURVE('no 245989',#3634,#3670,#3682,.T.);
#3684=ORIENTED_EDGE('no 245739',*,*,#3683,.F.);
#3685=EDGE_LOOP('',(#3641,#3650,#3659,#3668,#3677,#3684));
#3686=FACE_BOUND('',#3685,.F.);
#3687=CARTESIAN_POINT('',(-15.9126464844,9.5,0.0));
#3688=VERTEX_POINT('',#3687);
#3689=CARTESIAN_POINT('',(-15.7423592118,8.8058357092,0.0));
#3690=VERTEX_POINT('',#3689);
#3691=CARTESIAN_POINT('',(-14.4126464844,9.5,0.0));
#3692=DIRECTION('',(0.0,0.0,1.0));
#3693=DIRECTION('',(1.0,0.0,0.0));
#3694=AXIS2_PLACEMENT_3D('',#3691,#3692,#3693);
#3695=CIRCLE('',#3694,1.5);
#3696=EDGE_CURVE('no 247145',#3688,#3690,#3695,.T.);
#3697=ORIENTED_EDGE('no 242924',*,*,#3696,.F.);
#3698=CARTESIAN_POINT('',(-12.9126464844,9.5,0.0));
#3699=VERTEX_POINT('',#3698);
#3700=CARTESIAN_POINT('',(-14.4126464844,9.5,0.0));
#3701=DIRECTION('',(0.0,0.0,1.0));
#3702=DIRECTION('',(1.0,0.0,0.0));
#3703=AXIS2_PLACEMENT_3D('',#3700,#3701,#3702);
#3704=CIRCLE('',#3703,1.5);
#3705=EDGE_CURVE('no 242966',#3699,#3688,#3704,.T.);
#3706=ORIENTED_EDGE('no 242924',*,*,#3705,.F.);
#3707=CARTESIAN_POINT('',(-14.9937873098,8.1171495594,0.0));
#3708=VERTEX_POINT('',#3707);
#3709=CARTESIAN_POINT('',(-14.4126464844,9.5,0.0));
#3710=DIRECTION('',(0.0,0.0,1.0));
#3711=DIRECTION('',(1.0,0.0,0.0));
#3712=AXIS2_PLACEMENT_3D('',#3709,#3710,#3711);
#3713=CIRCLE('',#3712,1.5);
#3714=EDGE_CURVE('no 247147',#3708,#3699,#3713,.T.);
#3715=ORIENTED_EDGE('no 242924',*,*,#3714,.F.);
#3716=CARTESIAN_POINT('',(-14.6626464844,7.0,0.0));
#3717=VERTEX_POINT('',#3716);
#3718=CARTESIAN_POINT('',(-16.7126464844,7.0,0.0));
#3719=DIRECTION('',(0.0,0.0,1.0));
#3720=DIRECTION('',(1.0,0.0,0.0));
#3721=AXIS2_PLACEMENT_3D('',#3718,#3719,#3720);
#3722=CIRCLE('',#3721,2.05);
#3723=EDGE_CURVE('no 246929',#3717,#3708,#3722,.T.);
#3724=ORIENTED_EDGE('no 246720',*,*,#3723,.F.);
#3725=CARTESIAN_POINT('',(-18.7626464844,7.0,0.0));
#3726=VERTEX_POINT('',#3725);
#3727=CARTESIAN_POINT('',(-16.7126464844,7.0,0.0));
#3728=DIRECTION('',(0.0,0.0,1.0));
#3729=DIRECTION('',(1.0,0.0,0.0));
#3730=AXIS2_PLACEMENT_3D('',#3727,#3728,#3729);
#3731=CIRCLE('',#3730,2.05);
#3732=EDGE_CURVE('no 246979',#3726,#3717,#3731,.T.);
#3733=ORIENTED_EDGE('no 246720',*,*,#3732,.F.);
#3734=CARTESIAN_POINT('',(-16.7126464844,7.0,0.0));
#3735=DIRECTION('',(0.0,0.0,1.0));
#3736=DIRECTION('',(1.0,0.0,0.0));
#3737=AXIS2_PLACEMENT_3D('',#3734,#3735,#3736);
#3738=CIRCLE('',#3737,2.05);
#3739=EDGE_CURVE('no 246939',#3690,#3726,#3738,.T.);
#3740=ORIENTED_EDGE('no 246720',*,*,#3739,.F.);
#3741=EDGE_LOOP('',(#3697,#3706,#3715,#3724,#3733,#3740));
#3742=FACE_BOUND('',#3741,.F.);
#3743=CARTESIAN_POINT('',(0.0,0.0,0.0));
#3744=DIRECTION('',(0.0,0.0,1.0));
#3745=DIRECTION('',(1.0,0.0,0.0));
#3746=AXIS2_PLACEMENT_3D('',#3743,#3744,#3745);
#3747=PLANE('',#3746);
#3748=ADVANCED_FACE('no 251109',(#3504,#3510,#3530,#3550,#3570,#3590,#3610,#3630,#3686,#3742),#3747,.F.);
#3749=CARTESIAN_POINT('',(22.2873535156,-1.0,9.0));
#3750=VERTEX_POINT('',#3749);
#3751=CARTESIAN_POINT('',(22.2873535156,3.0,9.0));
#3752=VERTEX_POINT('',#3751);
#3753=CARTESIAN_POINT('',(22.2873535156,0.0,9.0));
#3754=DIRECTION('',(0.0,1.0,0.0));
#3755=VECTOR('',#3754,1.0);
#3756=LINE('',#3753,#3755);
#3757=EDGE_CURVE('no 242606',#3750,#3752,#3756,.T.);
#3758=ORIENTED_EDGE('no 241563',*,*,#3757,.T.);
#3759=CARTESIAN_POINT('',(22.2873535156,3.0,10.0));
#3760=VERTEX_POINT('',#3759);
#3761=CARTESIAN_POINT('',(22.2873535156,3.0,0.0));
#3762=DIRECTION('',(0.0,0.0,1.0));
#3763=VECTOR('',#3762,1.0);
#3764=LINE('',#3761,#3763);
#3765=EDGE_CURVE('no 242424',#3752,#3760,#3764,.T.);
#3766=ORIENTED_EDGE('no 242385',*,*,#3765,.T.);
#3767=CARTESIAN_POINT('',(22.2873535156,-1.0,10.0));
#3768=VERTEX_POINT('',#3767);
#3769=CARTESIAN_POINT('',(22.2873535156,1.0,10.0));
#3770=DIRECTION('',(0.0,-1.0,0.0));
#3771=VECTOR('',#3770,1.0);
#3772=LINE('',#3769,#3771);
#3773=EDGE_CURVE('no 242611',#3760,#3768,#3772,.T.);
#3774=ORIENTED_EDGE('no 241565',*,*,#3773,.T.);
#3775=CARTESIAN_POINT('',(22.2873535156,-1.0,9.5));
#3776=DIRECTION('',(0.0,0.0,-1.0));
#3777=VECTOR('',#3776,1.0);
#3778=LINE('',#3775,#3777);
#3779=EDGE_CURVE('no 242546',#3768,#3750,#3778,.T.);
#3780=ORIENTED_EDGE('no 242507',*,*,#3779,.T.);
#3781=EDGE_LOOP('',(#3758,#3766,#3774,#3780));
#3782=FACE_OUTER_BOUND('',#3781,.T.);
#3783=CARTESIAN_POINT('',(22.2873535156,0.0,0.0));
#3784=DIRECTION('',(1.0,0.0,0.0));
#3785=DIRECTION('',(0.0,1.0,0.0));
#3786=AXIS2_PLACEMENT_3D('',#3783,#3784,#3785);
#3787=PLANE('',#3786);
#3788=ADVANCED_FACE('no 242613',(#3782),#3787,.T.);
#3789=CARTESIAN_POINT('',(21.7873535156,3.5,10.0));
#3790=VERTEX_POINT('',#3789);
#3791=CARTESIAN_POINT('',(21.7873535156,3.0,10.0));
#3792=DIRECTION('',(0.0,-0.0,1.0));
#3793=DIRECTION('',(0.0,1.0,0.0));
#3794=AXIS2_PLACEMENT_3D('',#3791,#3792,#3793);
#3795=CIRCLE('',#3794,0.5);
#3796=EDGE_CURVE('no 242461',#3760,#3790,#3795,.T.);
#3797=ORIENTED_EDGE('no 242456',*,*,#3796,.F.);
#3798=ORIENTED_EDGE('no 242433',*,*,#3765,.F.);
#3799=CARTESIAN_POINT('',(21.7873535156,3.5,9.0));
#3800=VERTEX_POINT('',#3799);
#3801=CARTESIAN_POINT('',(21.7873535156,3.0,9.0));
#3802=DIRECTION('',(-0.0,0.0,-1.0));
#3803=DIRECTION('',(0.0,1.0,0.0));
#3804=AXIS2_PLACEMENT_3D('',#3801,#3802,#3803);
#3805=CIRCLE('',#3804,0.5);
#3806=EDGE_CURVE('no 242452',#3800,#3752,#3805,.T.);
#3807=ORIENTED_EDGE('no 242447',*,*,#3806,.F.);
#3808=CARTESIAN_POINT('',(21.7873535156,3.5,9.0));
#3809=DIRECTION('',(0.0,0.0,1.0));
#3810=VECTOR('',#3809,1.0);
#3811=LINE('',#3808,#3810);
#3812=EDGE_CURVE('no 242410',#3800,#3790,#3811,.T.);
#3813=ORIENTED_EDGE('no 242432',*,*,#3812,.T.);
#3814=EDGE_LOOP('',(#3797,#3798,#3807,#3813));
#3815=FACE_OUTER_BOUND('',#3814,.T.);
#3816=CARTESIAN_POINT('',(21.7873535156,3.0,9.5));
#3817=DIRECTION('',(0.0,-0.0,1.0));
#3818=DIRECTION('',(0.0,1.0,0.0));
#3819=AXIS2_PLACEMENT_3D('',#3816,#3817,#3818);
#3820=CYLINDRICAL_SURFACE('',#3819,0.5);
#3821=ADVANCED_FACE('no 242467',(#3815),#3820,.T.);
#3822=CARTESIAN_POINT('',(19.2873535156,3.5,9.0));
#3823=VERTEX_POINT('',#3822);
#3824=CARTESIAN_POINT('',(18.2873535156,3.5,9.0));
#3825=DIRECTION('',(1.0,0.0,0.0));
#3826=VECTOR('',#3825,1.0);
#3827=LINE('',#3824,#3826);
#3828=EDGE_CURVE('no 242481',#3823,#3800,#3827,.T.);
#3829=ORIENTED_EDGE('no 241542',*,*,#3828,.F.);
#3830=CARTESIAN_POINT('',(19.2873535156,3.5,10.0));
#3831=VERTEX_POINT('',#3830);
#3832=CARTESIAN_POINT('',(19.2873535156,3.5,9.0));
#3833=DIRECTION('',(0.0,0.0,1.0));
#3834=VECTOR('',#3833,1.0);
#3835=LINE('',#3832,#3834);
#3836=EDGE_CURVE('no 242354',#3823,#3831,#3835,.T.);
#3837=ORIENTED_EDGE('no 241807',*,*,#3836,.T.);
#3838=CARTESIAN_POINT('',(18.2873535156,3.5,10.0));
#3839=DIRECTION('',(1.0,0.0,0.0));
#3840=VECTOR('',#3839,1.0);
#3841=LINE('',#3838,#3840);
#3842=EDGE_CURVE('no 242489',#3831,#3790,#3841,.T.);
#3843=ORIENTED_EDGE('no 241543',*,*,#3842,.T.);
#3844=ORIENTED_EDGE('no 242383',*,*,#3812,.F.);
#3845=EDGE_LOOP('',(#3829,#3837,#3843,#3844));
#3846=FACE_OUTER_BOUND('',#3845,.T.);
#3847=CARTESIAN_POINT('',(18.2873535156,3.5,9.0));
#3848=DIRECTION('',(0.0,1.0,0.0));
#3849=DIRECTION('',(0.0,0.0,1.0));
#3850=AXIS2_PLACEMENT_3D('',#3847,#3848,#3849);
#3851=PLANE('',#3850);
#3852=ADVANCED_FACE('no 242491',(#3846),#3851,.T.);
#3853=CARTESIAN_POINT('',(18.2873535156,8.0,10.0));
#3854=VERTEX_POINT('',#3853);
#3855=CARTESIAN_POINT('',(14.2873535156,12.0,10.0));
#3856=VERTEX_POINT('',#3855);
#3857=CARTESIAN_POINT('',(14.2873535156,8.0,10.0));
#3858=DIRECTION('',(0.0,-0.0,1.0));
#3859=DIRECTION('',(0.0,1.0,0.0));
#3860=AXIS2_PLACEMENT_3D('',#3857,#3858,#3859);
#3861=CIRCLE('',#3860,4.0);
#3862=EDGE_CURVE('no 191939',#3854,#3856,#3861,.T.);
#3863=ORIENTED_EDGE('no 191934',*,*,#3862,.F.);
#3864=CARTESIAN_POINT('',(18.2873535156,8.0,0.0));
#3865=DIRECTION('',(0.0,0.0,1.0));
#3866=VECTOR('',#3865,1.0);
#3867=LINE('',#3864,#3866);
#3868=EDGE_CURVE('no 191902',#3441,#3854,#3867,.T.);
#3869=ORIENTED_EDGE('no 191911',*,*,#3868,.F.);
#3870=ORIENTED_EDGE('no 191925',*,*,#3455,.T.);
#3871=CARTESIAN_POINT('',(14.2873535156,12.0,0.0));
#3872=DIRECTION('',(0.0,0.0,1.0));
#3873=VECTOR('',#3872,1.0);
#3874=LINE('',#3871,#3873);
#3875=EDGE_CURVE('no 191888',#3449,#3856,#3874,.T.);
#3876=ORIENTED_EDGE('no 191910',*,*,#3875,.T.);
#3877=EDGE_LOOP('',(#3863,#3869,#3870,#3876));
#3878=FACE_OUTER_BOUND('',#3877,.T.);
#3879=CARTESIAN_POINT('',(14.2873535156,8.0,5.0));
#3880=DIRECTION('',(0.0,-0.0,1.0));
#3881=DIRECTION('',(0.0,1.0,0.0));
#3882=AXIS2_PLACEMENT_3D('',#3879,#3880,#3881);
#3883=CYLINDRICAL_SURFACE('',#3882,4.0);
#3884=ADVANCED_FACE('no 191945',(#3878),#3883,.T.);
#3885=CARTESIAN_POINT('',(-31.2126464844,10.49932761,10.0));
#3886=VERTEX_POINT('',#3885);
#3887=CARTESIAN_POINT('',(-31.2126464844,12.0,10.0));
#3888=VERTEX_POINT('',#3887);
#3889=CARTESIAN_POINT('',(-31.2126464844,1.0,10.0));
#3890=DIRECTION('',(0.0,1.0,0.0));
#3891=VECTOR('',#3890,1.0);
#3892=LINE('',#3889,#3891);
#3893=EDGE_CURVE('no 240661',#3886,#3888,#3892,.T.);
#3894=ORIENTED_EDGE('no 193676',*,*,#3893,.T.);
#3895=CARTESIAN_POINT('',(-31.2126464844,8.8084248726,0.4232441722));
#3896=VERTEX_POINT('',#3895);
#3897=CARTESIAN_POINT('',(-31.2126464844,-5.4642857143,10.5));
#3898=DIRECTION('',(-1.0,0.0,0.0));
#3899=DIRECTION('',(0.0,-1.0,0.0));
#3900=AXIS2_PLACEMENT_3D('',#3897,#3898,#3899);
#3901=CIRCLE('',#3900,17.4714417124);
#3902=EDGE_CURVE('no 194461',#3888,#3896,#3901,.T.);
#3903=ORIENTED_EDGE('no 193677',*,*,#3902,.T.);
#3904=CARTESIAN_POINT('',(-31.2126464844,7.9915082826,1.0));
#3905=DIRECTION('',(-1.0,0.0,0.0));
#3906=DIRECTION('',(0.0,-1.0,0.0));
#3907=AXIS2_PLACEMENT_3D('',#3904,#3905,#3906);
#3908=CIRCLE('',#3907,1.0);
#3909=EDGE_CURVE('no 194355',#3896,#3474,#3908,.T.);
#3910=ORIENTED_EDGE('no 194351',*,*,#3909,.T.);
#3911=ORIENTED_EDGE('no 193674',*,*,#3487,.T.);
#3912=CARTESIAN_POINT('',(-31.2126464844,-6.8084248726,0.4232441722));
#3913=VERTEX_POINT('',#3912);
#3914=CARTESIAN_POINT('',(-31.2126464844,-5.9915082826,1.0));
#3915=DIRECTION('',(-1.0,0.0,0.0));
#3916=DIRECTION('',(0.0,-1.0,0.0));
#3917=AXIS2_PLACEMENT_3D('',#3914,#3915,#3916);
#3918=CIRCLE('',#3917,1.0);
#3919=EDGE_CURVE('no 194626',#3482,#3913,#3918,.T.);
#3920=ORIENTED_EDGE('no 194622',*,*,#3919,.T.);
#3921=CARTESIAN_POINT('',(-31.2126464844,-10.0,10.0));
#3922=VERTEX_POINT('',#3921);
#3923=CARTESIAN_POINT('',(-31.2126464844,7.4642857143,10.5));
#3924=DIRECTION('',(-1.0,0.0,0.0));
#3925=DIRECTION('',(0.0,-1.0,0.0));
#3926=AXIS2_PLACEMENT_3D('',#3923,#3924,#3925);
#3927=CIRCLE('',#3926,17.4714417124);
#3928=EDGE_CURVE('no 194659',#3913,#3922,#3927,.T.);
#3929=ORIENTED_EDGE('no 193675',*,*,#3928,.T.);
#3930=CARTESIAN_POINT('',(-31.2126464844,-8.4993276102,10.0));
#3931=VERTEX_POINT('',#3930);
#3932=CARTESIAN_POINT('',(-31.2126464844,1.0,10.0));
#3933=DIRECTION('',(0.0,1.0,0.0));
#3934=VECTOR('',#3933,1.0);
#3935=LINE('',#3932,#3934);
#3936=EDGE_CURVE('no 240659',#3922,#3931,#3935,.T.);
#3937=ORIENTED_EDGE('no 193676',*,*,#3936,.T.);
#3938=CARTESIAN_POINT('',(-31.2126464844,-5.5,1.5));
#3939=VERTEX_POINT('',#3938);
#3940=CARTESIAN_POINT('',(-31.2126464844,6.3640293134,10.4655404405));
#3941=DIRECTION('',(-1.0,0.0,0.0));
#3942=DIRECTION('',(0.0,-1.0,0.0));
#3943=AXIS2_PLACEMENT_3D('',#3940,#3941,#3942);
#3944=CIRCLE('',#3943,14.8706458145);
#3945=EDGE_CURVE('no 240718',#3939,#3931,#3944,.T.);
#3946=ORIENTED_EDGE('no 240178',*,*,#3945,.F.);
#3947=CARTESIAN_POINT('',(-31.2126464844,7.5,1.5));
#3948=VERTEX_POINT('',#3947);
#3949=CARTESIAN_POINT('',(-31.2126464844,0.0,1.5));
#3950=DIRECTION('',(0.0,-1.0,0.0));
#3951=VECTOR('',#3950,1.0);
#3952=LINE('',#3949,#3951);
#3953=EDGE_CURVE('no 240428',#3948,#3939,#3952,.T.);
#3954=ORIENTED_EDGE('no 240177',*,*,#3953,.F.);
#3955=CARTESIAN_POINT('',(-31.2126464844,-4.3642205352,10.4656079154));
#3956=DIRECTION('',(-1.0,0.0,0.0));
#3957=DIRECTION('',(0.0,-1.0,0.0));
#3958=AXIS2_PLACEMENT_3D('',#3955,#3956,#3957);
#3959=CIRCLE('',#3958,14.8708390549);
#3960=EDGE_CURVE('no 240719',#3886,#3948,#3959,.T.);
#3961=ORIENTED_EDGE('no 240176',*,*,#3960,.F.);
#3962=EDGE_LOOP('',(#3894,#3903,#3910,#3911,#3920,#3929,#3937,#3946,#3954,#3961));
#3963=FACE_OUTER_BOUND('',#3962,.T.);
#3964=CARTESIAN_POINT('',(-31.2126464844,0.0,0.0));
#3965=DIRECTION('',(-1.0,0.0,0.0));
#3966=DIRECTION('',(0.0,-1.0,0.0));
#3967=AXIS2_PLACEMENT_3D('',#3964,#3965,#3966);
#3968=PLANE('',#3967);
#3969=ADVANCED_FACE('no 240686',(#3963),#3968,.T.);
#3970=CARTESIAN_POINT('',(-18.7626464844,7.0,2.0));
#3971=VERTEX_POINT('',#3970);
#3972=CARTESIAN_POINT('',(-17.7126464844,7.0,2.0));
#3973=VERTEX_POINT('',#3972);
#3974=CARTESIAN_POINT('',(-19.7126464844,7.0,2.0));
#3975=DIRECTION('',(1.0,0.0,0.0));
#3976=VECTOR('',#3975,1.0);
#3977=LINE('',#3974,#3976);
#3978=EDGE_CURVE('no 247197',#3971,#3973,#3977,.T.);
#3979=ORIENTED_EDGE('no 192953',*,*,#3978,.F.);
#3980=CARTESIAN_POINT('',(-19.2126464844,7.0,2.0));
#3981=VERTEX_POINT('',#3980);
#3982=CARTESIAN_POINT('',(-19.7126464844,7.0,2.0));
#3983=DIRECTION('',(1.0,0.0,0.0));
#3984=VECTOR('',#3983,1.0);
#3985=LINE('',#3982,#3984);
#3986=EDGE_CURVE('no 247140',#3981,#3971,#3985,.T.);
#3987=ORIENTED_EDGE('no 192953',*,*,#3986,.F.);
#3988=CARTESIAN_POINT('',(-19.2126464844,7.0,10.0));
#3989=VERTEX_POINT('',#3988);
#3990=CARTESIAN_POINT('',(-19.2126464844,7.0,6.0));
#3991=DIRECTION('',(0.0,0.0,1.0));
#3992=VECTOR('',#3991,1.0);
#3993=LINE('',#3990,#3992);
#3994=EDGE_CURVE('no 240305',#3981,#3989,#3993,.T.);
#3995=ORIENTED_EDGE('no 240300',*,*,#3994,.T.);
#3996=CARTESIAN_POINT('',(14.2873535156,7.0,10.0));
#3997=VERTEX_POINT('',#3996);
#3998=CARTESIAN_POINT('',(-19.7126464844,7.0,10.0));
#3999=DIRECTION('',(1.0,0.0,0.0));
#4000=VECTOR('',#3999,1.0);
#4001=LINE('',#3998,#4000);
#4002=EDGE_CURVE('no 240665',#3989,#3997,#4001,.T.);
#4003=ORIENTED_EDGE('no 192949',*,*,#4002,.T.);
#4004=CARTESIAN_POINT('',(14.2873535156,7.0,2.0));
#4005=VERTEX_POINT('',#4004);
#4006=CARTESIAN_POINT('',(14.2873535156,7.0,10.0));
#4007=DIRECTION('',(0.0,0.0,-1.0));
#4008=VECTOR('',#4007,1.0);
#4009=LINE('',#4006,#4008);
#4010=EDGE_CURVE('no 193132',#3997,#4005,#4009,.T.);
#4011=ORIENTED_EDGE('no 192941',*,*,#4010,.T.);
#4012=CARTESIAN_POINT('',(-14.6626464844,7.0,2.0));
#4013=VERTEX_POINT('',#4012);
#4014=CARTESIAN_POINT('',(-19.7126464844,7.0,2.0));
#4015=DIRECTION('',(1.0,0.0,0.0));
#4016=VECTOR('',#4015,1.0);
#4017=LINE('',#4014,#4016);
#4018=EDGE_CURVE('no 247144',#4013,#4005,#4017,.T.);
#4019=ORIENTED_EDGE('no 192953',*,*,#4018,.F.);
#4020=CARTESIAN_POINT('',(-15.7126464844,7.0,2.0));
#4021=VERTEX_POINT('',#4020);
#4022=CARTESIAN_POINT('',(-19.7126464844,7.0,2.0));
#4023=DIRECTION('',(1.0,0.0,0.0));
#4024=VECTOR('',#4023,1.0);
#4025=LINE('',#4022,#4024);
#4026=EDGE_CURVE('no 247201',#4021,#4013,#4025,.T.);
#4027=ORIENTED_EDGE('no 192953',*,*,#4026,.F.);
#4028=CARTESIAN_POINT('',(-15.7126464844,7.0,5.0));
#4029=VERTEX_POINT('',#4028);
#4030=CARTESIAN_POINT('',(-15.7126464844,7.0,3.5));
#4031=DIRECTION('',(0.0,0.0,1.0));
#4032=VECTOR('',#4031,1.0);
#4033=LINE('',#4030,#4032);
#4034=EDGE_CURVE('no 247204',#4021,#4029,#4033,.T.);
#4035=ORIENTED_EDGE('no 246667',*,*,#4034,.T.);
#4036=CARTESIAN_POINT('',(-16.7126464844,7.0,5.5773502692));
#4037=VERTEX_POINT('',#4036);
#4038=CARTESIAN_POINT('',(-16.2126464844,7.0,5.2886751346));
#4039=DIRECTION('',(0.8660254038,0.0,-0.5));
#4040=VECTOR('',#4039,1.0);
#4041=LINE('',#4038,#4040);
#4042=EDGE_CURVE('no 247188',#4037,#4029,#4041,.T.);
#4043=ORIENTED_EDGE('no 246587',*,*,#4042,.F.);
#4044=CARTESIAN_POINT('',(-17.7126464844,7.0,5.0));
#4045=VERTEX_POINT('',#4044);
#4046=CARTESIAN_POINT('',(-17.2126464844,7.0,5.2886751346));
#4047=DIRECTION('',(-0.8660254038,0.0,-0.5));
#4048=VECTOR('',#4047,1.0);
#4049=LINE('',#4046,#4048);
#4050=EDGE_CURVE('no 247192',#4037,#4045,#4049,.T.);
#4051=ORIENTED_EDGE('no 246584',*,*,#4050,.T.);
#4052=CARTESIAN_POINT('',(-17.7126464844,7.0,3.5));
#4053=DIRECTION('',(0.0,0.0,1.0));
#4054=VECTOR('',#4053,1.0);
#4055=LINE('',#4052,#4054);
#4056=EDGE_CURVE('no 247205',#3973,#4045,#4055,.T.);
#4057=ORIENTED_EDGE('no 246673',*,*,#4056,.F.);
#4058=EDGE_LOOP('',(
    #3979,#3987,#3995,#4003,#4011,#4019,#4027,#4035,#4043,#4051,
    #4057));
#4059=FACE_OUTER_BOUND('',#4058,.F.);
#4060=CARTESIAN_POINT('',(-19.7126464844,7.0,10.0));
#4061=DIRECTION('',(-0.0,1.0,0.0));
#4062=DIRECTION('',(1.0,0.0,0.0));
#4063=AXIS2_PLACEMENT_3D('',#4060,#4061,#4062);
#4064=PLANE('',#4063);
#4065=ADVANCED_FACE('no 247166',(#4059),#4064,.F.);
#4066=CARTESIAN_POINT('',(14.2873535156,-5.0000005043,10.0));
#4067=VERTEX_POINT('',#4066);
#4068=CARTESIAN_POINT('',(14.2873535156,-5.0000005043,2.0));
#4069=VERTEX_POINT('',#4068);
#4070=CARTESIAN_POINT('',(14.2873535156,-5.0000005043,10.0));
#4071=DIRECTION('',(0.0,0.0,-1.0));
#4072=VECTOR('',#4071,1.0);
#4073=LINE('',#4070,#4072);
#4074=EDGE_CURVE('no 193131',#4067,#4069,#4073,.T.);
#4075=ORIENTED_EDGE('no 192939',*,*,#4074,.F.);
#4076=CARTESIAN_POINT('',(14.2873535156,-5.0000005043,10.0));
#4077=DIRECTION('',(0.0,1.0,0.0));
#4078=VECTOR('',#4077,1.0);
#4079=LINE('',#4076,#4078);
#4080=EDGE_CURVE('no 193068',#4067,#3997,#4079,.T.);
#4081=ORIENTED_EDGE('no 192948',*,*,#4080,.T.);
#4082=ORIENTED_EDGE('no 192940',*,*,#4010,.T.);
#4083=CARTESIAN_POINT('',(14.2873535156,-5.0000005043,2.0));
#4084=DIRECTION('',(0.0,1.0,0.0));
#4085=VECTOR('',#4084,1.0);
#4086=LINE('',#4083,#4085);
#4087=EDGE_CURVE('no 192918',#4069,#4005,#4086,.T.);
#4088=ORIENTED_EDGE('no 192952',*,*,#4087,.F.);
#4089=EDGE_LOOP('',(#4075,#4081,#4082,#4088));
#4090=FACE_OUTER_BOUND('',#4089,.T.);
#4091=CARTESIAN_POINT('',(14.2873535156,-5.0000005043,10.0));
#4092=DIRECTION('',(-1.0,0.0,0.0));
#4093=DIRECTION('',(0.0,1.0,0.0));
#4094=AXIS2_PLACEMENT_3D('',#4091,#4092,#4093);
#4095=PLANE('',#4094);
#4096=ADVANCED_FACE('no 193121',(#4090),#4095,.T.);
#4097=CARTESIAN_POINT('',(-14.6626464844,-5.0,2.0));
#4098=VERTEX_POINT('',#4097);
#4099=CARTESIAN_POINT('',(-15.7126464844,-5.0,2.0));
#4100=VERTEX_POINT('',#4099);
#4101=CARTESIAN_POINT('',(14.2873535156,-5.0,2.0));
#4102=DIRECTION('',(-1.0,0.0,0.0));
#4103=VECTOR('',#4102,1.0);
#4104=LINE('',#4101,#4103);
#4105=EDGE_CURVE('no 246210',#4098,#4100,#4104,.T.);
#4106=ORIENTED_EDGE('no 192951',*,*,#4105,.F.);
#4107=CARTESIAN_POINT('',(14.2873535156,-5.0,2.0));
#4108=DIRECTION('',(-1.0,0.0,0.0));
#4109=VECTOR('',#4108,1.0);
#4110=LINE('',#4107,#4109);
#4111=EDGE_CURVE('no 246153',#4069,#4098,#4110,.T.);
#4112=ORIENTED_EDGE('no 192951',*,*,#4111,.F.);
#4113=ORIENTED_EDGE('no 192938',*,*,#4074,.F.);
#4114=CARTESIAN_POINT('',(-19.2126464844,-5.0,10.0));
#4115=VERTEX_POINT('',#4114);
#4116=CARTESIAN_POINT('',(14.2873535156,-5.0,10.0));
#4117=DIRECTION('',(-1.0,0.0,0.0));
#4118=VECTOR('',#4117,1.0);
#4119=LINE('',#4116,#4118);
#4120=EDGE_CURVE('no 240668',#4067,#4115,#4119,.T.);
#4121=ORIENTED_EDGE('no 192947',*,*,#4120,.T.);
#4122=CARTESIAN_POINT('',(-19.2126464844,-5.0,2.0));
#4123=VERTEX_POINT('',#4122);
#4124=CARTESIAN_POINT('',(-19.2126464844,-5.0,6.0));
#4125=DIRECTION('',(0.0,0.0,1.0));
#4126=VECTOR('',#4125,1.0);
#4127=LINE('',#4124,#4126);
#4128=EDGE_CURVE('no 240315',#4123,#4115,#4127,.T.);
#4129=ORIENTED_EDGE('no 240310',*,*,#4128,.F.);
#4130=CARTESIAN_POINT('',(-18.7626464844,-5.0,2.0));
#4131=VERTEX_POINT('',#4130);
#4132=CARTESIAN_POINT('',(14.2873535156,-5.0,2.0));
#4133=DIRECTION('',(-1.0,0.0,0.0));
#4134=VECTOR('',#4133,1.0);
#4135=LINE('',#4132,#4134);
#4136=EDGE_CURVE('no 246157',#4131,#4123,#4135,.T.);
#4137=ORIENTED_EDGE('no 192951',*,*,#4136,.F.);
#4138=CARTESIAN_POINT('',(-17.7126464844,-5.0,2.0));
#4139=VERTEX_POINT('',#4138);
#4140=CARTESIAN_POINT('',(14.2873535156,-5.0,2.0));
#4141=DIRECTION('',(-1.0,0.0,0.0));
#4142=VECTOR('',#4141,1.0);
#4143=LINE('',#4140,#4142);
#4144=EDGE_CURVE('no 246214',#4139,#4131,#4143,.T.);
#4145=ORIENTED_EDGE('no 192951',*,*,#4144,.F.);
#4146=CARTESIAN_POINT('',(-17.7126464844,-5.0,5.0));
#4147=VERTEX_POINT('',#4146);
#4148=CARTESIAN_POINT('',(-17.7126464844,-5.0,3.5));
#4149=DIRECTION('',(0.0,0.0,-1.0));
#4150=VECTOR('',#4149,1.0);
#4151=LINE('',#4148,#4150);
#4152=EDGE_CURVE('no 246217',#4147,#4139,#4151,.T.);
#4153=ORIENTED_EDGE('no 245692',*,*,#4152,.F.);
#4154=CARTESIAN_POINT('',(-16.7126464844,-5.0,5.5773502692));
#4155=VERTEX_POINT('',#4154);
#4156=CARTESIAN_POINT('',(-17.2126464844,-5.0,5.2886751346));
#4157=DIRECTION('',(-0.8660254038,0.0,-0.5));
#4158=VECTOR('',#4157,1.0);
#4159=LINE('',#4156,#4158);
#4160=EDGE_CURVE('no 246201',#4155,#4147,#4159,.T.);
#4161=ORIENTED_EDGE('no 245603',*,*,#4160,.F.);
#4162=CARTESIAN_POINT('',(-15.7126464844,-5.0,5.0));
#4163=VERTEX_POINT('',#4162);
#4164=CARTESIAN_POINT('',(-16.2126464844,-5.0,5.2886751346));
#4165=DIRECTION('',(0.8660254038,0.0,-0.5));
#4166=VECTOR('',#4165,1.0);
#4167=LINE('',#4164,#4166);
#4168=EDGE_CURVE('no 246205',#4155,#4163,#4167,.T.);
#4169=ORIENTED_EDGE('no 245606',*,*,#4168,.T.);
#4170=CARTESIAN_POINT('',(-15.7126464844,-5.0,3.5));
#4171=DIRECTION('',(0.0,0.0,-1.0));
#4172=VECTOR('',#4171,1.0);
#4173=LINE('',#4170,#4172);
#4174=EDGE_CURVE('no 246218',#4163,#4100,#4173,.T.);
#4175=ORIENTED_EDGE('no 245686',*,*,#4174,.T.);
#4176=EDGE_LOOP('',(
    #4106,#4112,#4113,#4121,#4129,#4137,#4145,#4153,#4161,#4169,
    #4175));
#4177=FACE_OUTER_BOUND('',#4176,.F.);
#4178=CARTESIAN_POINT('',(14.2873535156,-5.0,10.0));
#4179=DIRECTION('',(-0.0,-1.0,-0.0));
#4180=DIRECTION('',(-1.0,0.0,0.0));
#4181=AXIS2_PLACEMENT_3D('',#4178,#4179,#4180);
#4182=PLANE('',#4181);
#4183=ADVANCED_FACE('no 246173',(#4177),#4182,.F.);
#4184=CARTESIAN_POINT('',(-19.2126464844,-5.5,1.5));
#4185=VERTEX_POINT('',#4184);
#4186=CARTESIAN_POINT('',(-31.2126464844,-5.5,1.5));
#4187=DIRECTION('',(1.0,0.0,0.0));
#4188=VECTOR('',#4187,1.0);
#4189=LINE('',#4186,#4188);
#4190=EDGE_CURVE('no 240647',#3939,#4185,#4189,.T.);
#4191=ORIENTED_EDGE('no 240152',*,*,#4190,.F.);
#4192=ORIENTED_EDGE('no 240166',*,*,#3945,.T.);
#4193=CARTESIAN_POINT('',(-19.2126464844,-8.4993276102,10.0));
#4194=VERTEX_POINT('',#4193);
#4195=CARTESIAN_POINT('',(-19.2126464844,-8.4993276102,10.0));
#4196=DIRECTION('',(-1.0,0.0,0.0));
#4197=VECTOR('',#4196,1.0);
#4198=LINE('',#4195,#4197);
#4199=EDGE_CURVE('no 240717',#4194,#3931,#4198,.T.);
#4200=ORIENTED_EDGE('no 240371',*,*,#4199,.F.);
#4201=CARTESIAN_POINT('',(-19.2126464844,6.3640293134,10.4655404405));
#4202=DIRECTION('',(-1.0,0.0,0.0));
#4203=DIRECTION('',(0.0,-1.0,0.0));
#4204=AXIS2_PLACEMENT_3D('',#4201,#4202,#4203);
#4205=CIRCLE('',#4204,14.8706458145);
#4206=EDGE_CURVE('no 240725',#4185,#4194,#4205,.T.);
#4207=ORIENTED_EDGE('no 240172',*,*,#4206,.F.);
#4208=EDGE_LOOP('',(#4191,#4192,#4200,#4207));
#4209=FACE_OUTER_BOUND('',#4208,.T.);
#4210=CARTESIAN_POINT('',(-25.2126464844,6.3640293134,10.4655404405));
#4211=DIRECTION('',(-1.0,0.0,0.0));
#4212=DIRECTION('',(0.0,-1.0,0.0));
#4213=AXIS2_PLACEMENT_3D('',#4210,#4211,#4212);
#4214=CYLINDRICAL_SURFACE('',#4213,14.8706458145);
#4215=ADVANCED_FACE('no 240726',(#4209),#4214,.F.);
#4216=CARTESIAN_POINT('',(-19.7126464844,-6.8084248726,0.4232441722));
#4217=VERTEX_POINT('',#4216);
#4218=CARTESIAN_POINT('',(-19.7126464844,-10.0,10.0));
#4219=VERTEX_POINT('',#4218);
#4220=CARTESIAN_POINT('',(-19.7126464844,7.4642857143,10.5));
#4221=DIRECTION('',(-1.0,0.0,0.0));
#4222=DIRECTION('',(0.0,-1.0,0.0));
#4223=AXIS2_PLACEMENT_3D('',#4220,#4221,#4222);
#4224=CIRCLE('',#4223,17.4714417124);
#4225=EDGE_CURVE('no 194649',#4217,#4219,#4224,.T.);
#4226=ORIENTED_EDGE('no 193663',*,*,#4225,.T.);
#4227=CARTESIAN_POINT('',(-19.7126464844,-10.0,10.0));
#4228=DIRECTION('',(-1.0,0.0,0.0));
#4229=VECTOR('',#4228,1.0);
#4230=LINE('',#4227,#4229);
#4231=EDGE_CURVE('no 194247',#4219,#3922,#4230,.T.);
#4232=ORIENTED_EDGE('no 193654',*,*,#4231,.T.);
#4233=ORIENTED_EDGE('no 193667',*,*,#3928,.F.);
#4234=CARTESIAN_POINT('',(-19.7126464844,-6.8084248726,0.4232441722));
#4235=DIRECTION('',(-1.0,0.0,0.0));
#4236=VECTOR('',#4235,1.0);
#4237=LINE('',#4234,#4236);
#4238=EDGE_CURVE('no 194505',#4217,#3913,#4237,.T.);
#4239=ORIENTED_EDGE('no 194480',*,*,#4238,.F.);
#4240=EDGE_LOOP('',(#4226,#4232,#4233,#4239));
#4241=FACE_OUTER_BOUND('',#4240,.T.);
#4242=CARTESIAN_POINT('',(-25.4626464844,7.4642857143,10.5));
#4243=DIRECTION('',(-1.0,0.0,0.0));
#4244=DIRECTION('',(0.0,-1.0,0.0));
#4245=AXIS2_PLACEMENT_3D('',#4242,#4243,#4244);
#4246=CYLINDRICAL_SURFACE('',#4245,17.4714417124);
#4247=ADVANCED_FACE('no 194662',(#4241),#4246,.T.);
#4248=CARTESIAN_POINT('',(14.2873535156,-10.0,10.0));
#4249=VERTEX_POINT('',#4248);
#4250=CARTESIAN_POINT('',(18.2873535156,-6.0,10.0));
#4251=VERTEX_POINT('',#4250);
#4252=CARTESIAN_POINT('',(14.2873535156,-6.0,10.0));
#4253=DIRECTION('',(0.0,0.0,1.0));
#4254=DIRECTION('',(1.0,0.0,0.0));
#4255=AXIS2_PLACEMENT_3D('',#4252,#4253,#4254);
#4256=CIRCLE('',#4255,4.0);
#4257=EDGE_CURVE('no 192061',#4249,#4251,#4256,.T.);
#4258=ORIENTED_EDGE('no 192056',*,*,#4257,.F.);
#4259=CARTESIAN_POINT('',(14.2873535156,-10.0,0.0));
#4260=DIRECTION('',(0.0,0.0,1.0));
#4261=VECTOR('',#4260,1.0);
#4262=LINE('',#4259,#4261);
#4263=EDGE_CURVE('no 192024',#3422,#4249,#4262,.T.);
#4264=ORIENTED_EDGE('no 192033',*,*,#4263,.F.);
#4265=ORIENTED_EDGE('no 192047',*,*,#3438,.T.);
#4266=CARTESIAN_POINT('',(18.2873535156,-6.0,0.0));
#4267=DIRECTION('',(0.0,0.0,1.0));
#4268=VECTOR('',#4267,1.0);
#4269=LINE('',#4266,#4268);
#4270=EDGE_CURVE('no 192010',#3432,#4251,#4269,.T.);
#4271=ORIENTED_EDGE('no 192032',*,*,#4270,.T.);
#4272=EDGE_LOOP('',(#4258,#4264,#4265,#4271));
#4273=FACE_OUTER_BOUND('',#4272,.T.);
#4274=CARTESIAN_POINT('',(14.2873535156,-6.0,5.0));
#4275=DIRECTION('',(0.0,0.0,1.0));
#4276=DIRECTION('',(1.0,0.0,0.0));
#4277=AXIS2_PLACEMENT_3D('',#4274,#4275,#4276);
#4278=CYLINDRICAL_SURFACE('',#4277,4.0);
#4279=ADVANCED_FACE('no 192067',(#4273),#4278,.T.);
#4280=CARTESIAN_POINT('',(21.7873535156,-1.5,9.0));
#4281=VERTEX_POINT('',#4280);
#4282=CARTESIAN_POINT('',(21.7873535156,-1.0,9.0));
#4283=DIRECTION('',(0.0,0.0,-1.0));
#4284=DIRECTION('',(0.0,-1.0,0.0));
#4285=AXIS2_PLACEMENT_3D('',#4282,#4283,#4284);
#4286=CIRCLE('',#4285,0.5);
#4287=EDGE_CURVE('no 242583',#3750,#4281,#4286,.T.);
#4288=ORIENTED_EDGE('no 242578',*,*,#4287,.F.);
#4289=ORIENTED_EDGE('no 242555',*,*,#3779,.F.);
#4290=CARTESIAN_POINT('',(21.7873535156,-1.5,10.0));
#4291=VERTEX_POINT('',#4290);
#4292=CARTESIAN_POINT('',(21.7873535156,-1.0,10.0));
#4293=DIRECTION('',(-0.0,-0.0,1.0));
#4294=DIRECTION('',(0.0,-1.0,0.0));
#4295=AXIS2_PLACEMENT_3D('',#4292,#4293,#4294);
#4296=CIRCLE('',#4295,0.5);
#4297=EDGE_CURVE('no 242574',#4291,#3768,#4296,.T.);
#4298=ORIENTED_EDGE('no 242569',*,*,#4297,.F.);
#4299=CARTESIAN_POINT('',(21.7873535156,-1.5,10.0));
#4300=DIRECTION('',(0.0,0.0,-1.0));
#4301=VECTOR('',#4300,1.0);
#4302=LINE('',#4299,#4301);
#4303=EDGE_CURVE('no 242532',#4291,#4281,#4302,.T.);
#4304=ORIENTED_EDGE('no 242554',*,*,#4303,.T.);
#4305=EDGE_LOOP('',(#4288,#4289,#4298,#4304));
#4306=FACE_OUTER_BOUND('',#4305,.T.);
#4307=CARTESIAN_POINT('',(21.7873535156,-1.0,9.5));
#4308=DIRECTION('',(0.0,0.0,-1.0));
#4309=DIRECTION('',(0.0,-1.0,0.0));
#4310=AXIS2_PLACEMENT_3D('',#4307,#4308,#4309);
#4311=CYLINDRICAL_SURFACE('',#4310,0.5);
#4312=ADVANCED_FACE('no 242589',(#4306),#4311,.T.);
#4313=ORIENTED_EDGE('no 243802',*,*,#3658,.T.);
#4314=CARTESIAN_POINT('',(-15.9126464844,-7.5,10.0));
#4315=VERTEX_POINT('',#4314);
#4316=CARTESIAN_POINT('',(-15.9126464844,-7.5,10.0));
#4317=DIRECTION('',(0.0,0.0,-1.0));
#4318=VECTOR('',#4317,1.0);
#4319=LINE('',#4316,#4318);
#4320=EDGE_CURVE('no 243872',#4315,#3643,#4319,.T.);
#4321=ORIENTED_EDGE('no 243707',*,*,#4320,.F.);
#4322=CARTESIAN_POINT('',(-12.9126464844,-7.5,10.0));
#4323=VERTEX_POINT('',#4322);
#4324=CARTESIAN_POINT('',(-14.4126464844,-7.5,10.0));
#4325=DIRECTION('',(0.0,-0.0,1.0));
#4326=DIRECTION('',(1.0,0.0,0.0));
#4327=AXIS2_PLACEMENT_3D('',#4324,#4325,#4326);
#4328=CIRCLE('',#4327,1.5);
#4329=EDGE_CURVE('no 243835',#4323,#4315,#4328,.T.);
#4330=ORIENTED_EDGE('no 243792',*,*,#4329,.F.);
#4331=CARTESIAN_POINT('',(-12.9126464844,-7.5,10.0));
#4332=DIRECTION('',(0.0,0.0,-1.0));
#4333=VECTOR('',#4332,1.0);
#4334=LINE('',#4331,#4333);
#4335=EDGE_CURVE('no 243869',#4323,#3632,#4334,.T.);
#4336=ORIENTED_EDGE('no 243705',*,*,#4335,.T.);
#4337=ORIENTED_EDGE('no 243802',*,*,#3640,.T.);
#4338=CARTESIAN_POINT('',(-14.9937873098,-6.1171495594,2.0));
#4339=VERTEX_POINT('',#4338);
#4340=CARTESIAN_POINT('',(-14.9937873098,-6.1171495594,2.0));
#4341=DIRECTION('',(0.0,0.0,-1.0));
#4342=VECTOR('',#4341,1.0);
#4343=LINE('',#4340,#4342);
#4344=EDGE_CURVE('no 245667',#4339,#3634,#4343,.T.);
#4345=ORIENTED_EDGE('no 245656',*,*,#4344,.F.);
#4346=CARTESIAN_POINT('',(-15.7423592118,-6.8058357092,2.0));
#4347=VERTEX_POINT('',#4346);
#4348=CARTESIAN_POINT('',(-14.4126464844,-7.5,2.0));
#4349=DIRECTION('',(0.0,-0.0,1.0));
#4350=DIRECTION('',(1.0,0.0,0.0));
#4351=AXIS2_PLACEMENT_3D('',#4348,#4349,#4350);
#4352=CIRCLE('',#4351,1.5);
#4353=EDGE_CURVE('no 246070',#4339,#4347,#4352,.T.);
#4354=ORIENTED_EDGE('no 245748',*,*,#4353,.T.);
#4355=CARTESIAN_POINT('',(-15.7423592118,-6.8058357092,2.0));
#4356=DIRECTION('',(0.0,0.0,-1.0));
#4357=VECTOR('',#4356,1.0);
#4358=LINE('',#4355,#4357);
#4359=EDGE_CURVE('no 245660',#4347,#3652,#4358,.T.);
#4360=ORIENTED_EDGE('no 245653',*,*,#4359,.T.);
#4361=EDGE_LOOP('',(#4313,#4321,#4330,#4336,#4337,#4345,#4354,#4360));
#4362=FACE_OUTER_BOUND('',#4361,.F.);
#4363=CARTESIAN_POINT('',(-14.4126464844,-7.5,0.0));
#4364=DIRECTION('',(0.0,-0.0,1.0));
#4365=DIRECTION('',(1.0,0.0,0.0));
#4366=AXIS2_PLACEMENT_3D('',#4363,#4364,#4365);
#4367=CYLINDRICAL_SURFACE('',#4366,1.5);
#4368=ADVANCED_FACE('no 246167',(#4362),#4367,.F.);
#4369=ORIENTED_EDGE('no 243802',*,*,#3649,.T.);
#4370=ORIENTED_EDGE('no 243706',*,*,#4335,.F.);
#4371=CARTESIAN_POINT('',(-14.4126464844,-7.5,10.0));
#4372=DIRECTION('',(0.0,-0.0,1.0));
#4373=DIRECTION('',(1.0,0.0,0.0));
#4374=AXIS2_PLACEMENT_3D('',#4371,#4372,#4373);
#4375=CIRCLE('',#4374,1.5);
#4376=EDGE_CURVE('no 243854',#4315,#4323,#4375,.T.);
#4377=ORIENTED_EDGE('no 243792',*,*,#4376,.F.);
#4378=ORIENTED_EDGE('no 243707',*,*,#4320,.T.);
#4379=EDGE_LOOP('',(#4369,#4370,#4377,#4378));
#4380=FACE_OUTER_BOUND('',#4379,.F.);
#4381=CARTESIAN_POINT('',(-14.4126464844,-7.5,0.0));
#4382=DIRECTION('',(0.0,-0.0,1.0));
#4383=DIRECTION('',(1.0,0.0,0.0));
#4384=AXIS2_PLACEMENT_3D('',#4381,#4382,#4383);
#4385=CYLINDRICAL_SURFACE('',#4384,1.5);
#4386=ADVANCED_FACE('no 243876',(#4380),#4385,.F.);
#4387=ORIENTED_EDGE('no 242923',*,*,#3705,.T.);
#4388=CARTESIAN_POINT('',(-15.9126464844,9.5,10.0));
#4389=VERTEX_POINT('',#4388);
#4390=CARTESIAN_POINT('',(-15.9126464844,9.5,10.0));
#4391=DIRECTION('',(0.0,0.0,-1.0));
#4392=VECTOR('',#4391,1.0);
#4393=LINE('',#4390,#4392);
#4394=EDGE_CURVE('no 243003',#4389,#3688,#4393,.T.);
#4395=ORIENTED_EDGE('no 242838',*,*,#4394,.F.);
#4396=CARTESIAN_POINT('',(-12.9126464844,9.5,10.0));
#4397=VERTEX_POINT('',#4396);
#4398=CARTESIAN_POINT('',(-14.4126464844,9.5,10.0));
#4399=DIRECTION('',(0.0,-0.0,1.0));
#4400=DIRECTION('',(1.0,0.0,0.0));
#4401=AXIS2_PLACEMENT_3D('',#4398,#4399,#4400);
#4402=CIRCLE('',#4401,1.5);
#4403=EDGE_CURVE('no 242975',#4397,#4389,#4402,.T.);
#4404=ORIENTED_EDGE('no 242933',*,*,#4403,.F.);
#4405=CARTESIAN_POINT('',(-12.9126464844,9.5,10.0));
#4406=DIRECTION('',(0.0,0.0,-1.0));
#4407=VECTOR('',#4406,1.0);
#4408=LINE('',#4405,#4407);
#4409=EDGE_CURVE('no 243000',#4397,#3699,#4408,.T.);
#4410=ORIENTED_EDGE('no 242836',*,*,#4409,.T.);
#4411=EDGE_LOOP('',(#4387,#4395,#4404,#4410));
#4412=FACE_OUTER_BOUND('',#4411,.F.);
#4413=CARTESIAN_POINT('',(-14.4126464844,9.5,0.0));
#4414=DIRECTION('',(0.0,-0.0,1.0));
#4415=DIRECTION('',(1.0,0.0,0.0));
#4416=AXIS2_PLACEMENT_3D('',#4413,#4414,#4415);
#4417=CYLINDRICAL_SURFACE('',#4416,1.5);
#4418=ADVANCED_FACE('no 243013',(#4412),#4417,.F.);
#4419=ORIENTED_EDGE('no 242923',*,*,#3714,.T.);
#4420=ORIENTED_EDGE('no 242837',*,*,#4409,.F.);
#4421=CARTESIAN_POINT('',(-14.4126464844,9.5,10.0));
#4422=DIRECTION('',(0.0,-0.0,1.0));
#4423=DIRECTION('',(1.0,0.0,0.0));
#4424=AXIS2_PLACEMENT_3D('',#4421,#4422,#4423);
#4425=CIRCLE('',#4424,1.5);
#4426=EDGE_CURVE('no 242994',#4389,#4397,#4425,.T.);
#4427=ORIENTED_EDGE('no 242933',*,*,#4426,.F.);
#4428=ORIENTED_EDGE('no 242838',*,*,#4394,.T.);
#4429=ORIENTED_EDGE('no 242923',*,*,#3696,.T.);
#4430=CARTESIAN_POINT('',(-15.7423592118,8.8058357092,2.0));
#4431=VERTEX_POINT('',#4430);
#4432=CARTESIAN_POINT('',(-15.7423592118,8.8058357092,2.0));
#4433=DIRECTION('',(0.0,0.0,-1.0));
#4434=VECTOR('',#4433,1.0);
#4435=LINE('',#4432,#4434);
#4436=EDGE_CURVE('no 246648',#4431,#3690,#4435,.T.);
#4437=ORIENTED_EDGE('no 246637',*,*,#4436,.F.);
#4438=CARTESIAN_POINT('',(-14.9937873098,8.1171495594,2.0));
#4439=VERTEX_POINT('',#4438);
#4440=CARTESIAN_POINT('',(-14.4126464844,9.5,2.0));
#4441=DIRECTION('',(0.0,-0.0,1.0));
#4442=DIRECTION('',(1.0,0.0,0.0));
#4443=AXIS2_PLACEMENT_3D('',#4440,#4441,#4442);
#4444=CIRCLE('',#4443,1.5);
#4445=EDGE_CURVE('no 246992',#4431,#4439,#4444,.T.);
#4446=ORIENTED_EDGE('no 246729',*,*,#4445,.T.);
#4447=CARTESIAN_POINT('',(-14.9937873098,8.1171495594,2.0));
#4448=DIRECTION('',(0.0,0.0,-1.0));
#4449=VECTOR('',#4448,1.0);
#4450=LINE('',#4447,#4449);
#4451=EDGE_CURVE('no 246641',#4439,#3708,#4450,.T.);
#4452=ORIENTED_EDGE('no 246634',*,*,#4451,.T.);
#4453=EDGE_LOOP('',(#4419,#4420,#4427,#4428,#4429,#4437,#4446,#4452));
#4454=FACE_OUTER_BOUND('',#4453,.F.);
#4455=CARTESIAN_POINT('',(-14.4126464844,9.5,0.0));
#4456=DIRECTION('',(0.0,-0.0,1.0));
#4457=DIRECTION('',(1.0,0.0,0.0));
#4458=AXIS2_PLACEMENT_3D('',#4455,#4456,#4457);
#4459=CYLINDRICAL_SURFACE('',#4458,1.5);
#4460=ADVANCED_FACE('no 247156',(#4454),#4459,.F.);
#4461=ORIENTED_EDGE('no 192961',*,*,#3986,.F.);
#4462=CARTESIAN_POINT('',(-19.2126464844,1.0000000191,2.0));
#4463=DIRECTION('',(0.0,-1.0,0.0));
#4464=VECTOR('',#4463,1.0);
#4465=LINE('',#4462,#4464);
#4466=EDGE_CURVE('no 240325',#3981,#4123,#4465,.T.);
#4467=ORIENTED_EDGE('no 240320',*,*,#4466,.T.);
#4468=ORIENTED_EDGE('no 192959',*,*,#4136,.F.);
#4469=CARTESIAN_POINT('',(-16.7126464844,-5.0,2.0));
#4470=DIRECTION('',(0.0,0.0,1.0));
#4471=DIRECTION('',(1.0,0.0,0.0));
#4472=AXIS2_PLACEMENT_3D('',#4469,#4470,#4471);
#4473=CIRCLE('',#4472,2.05);
#4474=EDGE_CURVE('no 246004',#4098,#4131,#4473,.T.);
#4475=ORIENTED_EDGE('no 245469',*,*,#4474,.F.);
#4476=ORIENTED_EDGE('no 192959',*,*,#4111,.F.);
#4477=ORIENTED_EDGE('no 192960',*,*,#4087,.T.);
#4478=ORIENTED_EDGE('no 192961',*,*,#4018,.F.);
#4479=CARTESIAN_POINT('',(-16.7126464844,7.0,2.0));
#4480=DIRECTION('',(0.0,0.0,1.0));
#4481=DIRECTION('',(1.0,0.0,0.0));
#4482=AXIS2_PLACEMENT_3D('',#4479,#4480,#4481);
#4483=CIRCLE('',#4482,2.05);
#4484=EDGE_CURVE('no 246996',#3971,#4013,#4483,.T.);
#4485=ORIENTED_EDGE('no 246450',*,*,#4484,.F.);
#4486=EDGE_LOOP('',(#4461,#4467,#4468,#4475,#4476,#4477,#4478,#4485));
#4487=FACE_OUTER_BOUND('',#4486,.T.);
#4488=CARTESIAN_POINT('',(9.0873535156,1.0,2.0));
#4489=VERTEX_POINT('',#4488);
#4490=CARTESIAN_POINT('',(4.4873535156,1.0,2.0));
#4491=VERTEX_POINT('',#4490);
#4492=CARTESIAN_POINT('',(6.7873535156,1.0,2.0));
#4493=DIRECTION('',(0.0,0.0,1.0));
#4494=DIRECTION('',(1.0,0.0,0.0));
#4495=AXIS2_PLACEMENT_3D('',#4492,#4493,#4494);
#4496=CIRCLE('',#4495,2.3);
#4497=EDGE_CURVE('no 244722',#4489,#4491,#4496,.T.);
#4498=ORIENTED_EDGE('no 244672',*,*,#4497,.F.);
#4499=CARTESIAN_POINT('',(6.7873535156,1.0,2.0));
#4500=DIRECTION('',(0.0,0.0,1.0));
#4501=DIRECTION('',(1.0,0.0,0.0));
#4502=AXIS2_PLACEMENT_3D('',#4499,#4500,#4501);
#4503=CIRCLE('',#4502,2.3);
#4504=EDGE_CURVE('no 244741',#4491,#4489,#4503,.T.);
#4505=ORIENTED_EDGE('no 244672',*,*,#4504,.F.);
#4506=EDGE_LOOP('',(#4498,#4505));
#4507=FACE_BOUND('',#4506,.T.);
#4508=CARTESIAN_POINT('',(0.0,0.0,2.0));
#4509=DIRECTION('',(0.0,0.0,1.0));
#4510=DIRECTION('',(1.0,0.0,0.0));
#4511=AXIS2_PLACEMENT_3D('',#4508,#4509,#4510);
#4512=PLANE('',#4511);
#4513=ADVANCED_FACE('no 247154',(#4487,#4507),#4512,.T.);
#4514=CARTESIAN_POINT('',(-19.7126464844,-5.9915082826,1.0));
#4515=DIRECTION('',(-1.0,0.0,0.0));
#4516=DIRECTION('',(0.0,-1.0,0.0));
#4517=AXIS2_PLACEMENT_3D('',#4514,#4515,#4516);
#4518=CIRCLE('',#4517,1.0);
#4519=EDGE_CURVE('no 194596',#3490,#4217,#4518,.T.);
#4520=ORIENTED_EDGE('no 194592',*,*,#4519,.F.);
#4521=ORIENTED_EDGE('no 191669',*,*,#3501,.T.);
#4522=CARTESIAN_POINT('',(-19.7126464844,-10.0,0.0));
#4523=DIRECTION('',(0.0,0.0,1.0));
#4524=VECTOR('',#4523,1.0);
#4525=LINE('',#4522,#4524);
#4526=EDGE_CURVE('no 194192',#3424,#4219,#4525,.T.);
#4527=ORIENTED_EDGE('no 191659',*,*,#4526,.T.);
#4528=ORIENTED_EDGE('no 193671',*,*,#4225,.F.);
#4529=EDGE_LOOP('',(#4520,#4521,#4527,#4528));
#4530=FACE_OUTER_BOUND('',#4529,.T.);
#4531=CARTESIAN_POINT('',(-19.7126464844,12.0,0.0));
#4532=DIRECTION('',(-1.0,0.0,0.0));
#4533=DIRECTION('',(0.0,-1.0,0.0));
#4534=AXIS2_PLACEMENT_3D('',#4531,#4532,#4533);
#4535=PLANE('',#4534);
#4536=ADVANCED_FACE('no 194656',(#4530),#4535,.T.);
#4537=CARTESIAN_POINT('',(-3.3126464844,1.0,-1.0));
#4538=VERTEX_POINT('',#4537);
#4539=CARTESIAN_POINT('',(-3.8126464844,1.0,-1.5));
#4540=VERTEX_POINT('',#4539);
#4541=CARTESIAN_POINT('',(-3.8126464844,1.0,-1.0));
#4542=DIRECTION('',(0.0,1.0,0.0));
#4543=DIRECTION('',(1.0,-0.0,0.0));
#4544=AXIS2_PLACEMENT_3D('',#4541,#4542,#4543);
#4545=CIRCLE('',#4544,0.5);
#4546=EDGE_CURVE('no 248852',#4538,#4540,#4545,.T.);
#4547=ORIENTED_EDGE('no 248860',*,*,#4546,.F.);
#4548=CARTESIAN_POINT('',(-7.1126464844,1.0,-1.0));
#4549=VERTEX_POINT('',#4548);
#4550=CARTESIAN_POINT('',(-5.2126464844,1.0,-1.0));
#4551=DIRECTION('',(0.0,0.0,-1.0));
#4552=DIRECTION('',(0.8660254038,0.5,0.0));
#4553=AXIS2_PLACEMENT_3D('',#4550,#4551,#4552);
#4554=CIRCLE('',#4553,1.9);
#4555=EDGE_CURVE('no 248826',#4538,#4549,#4554,.T.);
#4556=ORIENTED_EDGE('no 248858',*,*,#4555,.T.);
#4557=CARTESIAN_POINT('',(-6.6126464844,1.0,-1.5));
#4558=VERTEX_POINT('',#4557);
#4559=CARTESIAN_POINT('',(-6.6126464844,1.0,-1.0));
#4560=DIRECTION('',(0.0,-1.0,-0.0));
#4561=DIRECTION('',(-1.0,-0.0,0.0));
#4562=AXIS2_PLACEMENT_3D('',#4559,#4560,#4561);
#4563=CIRCLE('',#4562,0.5);
#4564=EDGE_CURVE('no 248848',#4549,#4558,#4563,.T.);
#4565=ORIENTED_EDGE('no 248861',*,*,#4564,.T.);
#4566=CARTESIAN_POINT('',(-5.2126464844,1.0,-1.5));
#4567=DIRECTION('',(0.0,0.0,-1.0));
#4568=DIRECTION('',(0.8660254038,0.5,0.0));
#4569=AXIS2_PLACEMENT_3D('',#4566,#4567,#4568);
#4570=CIRCLE('',#4569,1.4);
#4571=EDGE_CURVE('no 248835',#4540,#4558,#4570,.T.);
#4572=ORIENTED_EDGE('no 248859',*,*,#4571,.F.);
#4573=EDGE_LOOP('',(#4547,#4556,#4565,#4572));
#4574=FACE_OUTER_BOUND('',#4573,.T.);
#4575=CARTESIAN_POINT('',(-5.2126464844,1.0,-1.0));
#4576=DIRECTION('',(0.0,0.0,-1.0));
#4577=DIRECTION('',(0.8660254038,0.5,0.0));
#4578=AXIS2_PLACEMENT_3D('',#4575,#4576,#4577);
#4579=TOROIDAL_SURFACE('',#4578,1.4,0.5);
#4580=ADVANCED_FACE('no 248863',(#4574),#4579,.T.);
#4581=ORIENTED_EDGE('no 248844',*,*,#4564,.F.);
#4582=CARTESIAN_POINT('',(-5.2126464844,1.0,-1.0));
#4583=DIRECTION('',(-0.0,0.0,-1.0));
#4584=DIRECTION('',(-0.5,-0.8660254038,0.0));
#4585=AXIS2_PLACEMENT_3D('',#4582,#4583,#4584);
#4586=CIRCLE('',#4585,1.9);
#4587=EDGE_CURVE('no 248793',#4549,#4538,#4586,.T.);
#4588=ORIENTED_EDGE('no 248842',*,*,#4587,.T.);
#4589=ORIENTED_EDGE('no 248845',*,*,#4546,.T.);
#4590=CARTESIAN_POINT('',(-5.2126464844,1.0,-1.5));
#4591=DIRECTION('',(-0.0,0.0,-1.0));
#4592=DIRECTION('',(-0.5,-0.8660254038,0.0));
#4593=AXIS2_PLACEMENT_3D('',#4590,#4591,#4592);
#4594=CIRCLE('',#4593,1.4);
#4595=EDGE_CURVE('no 248838',#4558,#4540,#4594,.T.);
#4596=ORIENTED_EDGE('no 248843',*,*,#4595,.F.);
#4597=EDGE_LOOP('',(#4581,#4588,#4589,#4596));
#4598=FACE_OUTER_BOUND('',#4597,.T.);
#4599=CARTESIAN_POINT('',(-5.2126464844,1.0,-1.0));
#4600=DIRECTION('',(-0.0,0.0,-1.0));
#4601=DIRECTION('',(-0.5,-0.8660254038,0.0));
#4602=AXIS2_PLACEMENT_3D('',#4599,#4600,#4601);
#4603=TOROIDAL_SURFACE('',#4602,1.4,0.5);
#4604=ADVANCED_FACE('no 248847',(#4598),#4603,.T.);
#4605=ORIENTED_EDGE('no 248767',*,*,#4595,.T.);
#4606=ORIENTED_EDGE('no 248801',*,*,#4571,.T.);
#4607=EDGE_LOOP('',(#4605,#4606));
#4608=FACE_OUTER_BOUND('',#4607,.T.);
#4609=CARTESIAN_POINT('',(-4.5126464844,1.0,-1.5));
#4610=VERTEX_POINT('',#4609);
#4611=CARTESIAN_POINT('',(-5.9126464844,1.0,-1.5));
#4612=VERTEX_POINT('',#4611);
#4613=CARTESIAN_POINT('',(-5.2126464844,1.0,-1.5));
#4614=DIRECTION('',(0.0,0.0,-1.0));
#4615=DIRECTION('',(1.0,0.0,0.0));
#4616=AXIS2_PLACEMENT_3D('',#4613,#4614,#4615);
#4617=CIRCLE('',#4616,0.7);
#4618=EDGE_CURVE('no 249490',#4610,#4612,#4617,.T.);
#4619=ORIENTED_EDGE('no 249456',*,*,#4618,.F.);
#4620=CARTESIAN_POINT('',(-5.2126464844,1.0,-1.5));
#4621=DIRECTION('',(0.0,0.0,-1.0));
#4622=DIRECTION('',(1.0,0.0,0.0));
#4623=AXIS2_PLACEMENT_3D('',#4620,#4621,#4622);
#4624=CIRCLE('',#4623,0.7);
#4625=EDGE_CURVE('no 249493',#4612,#4610,#4624,.T.);
#4626=ORIENTED_EDGE('no 249422',*,*,#4625,.F.);
#4627=EDGE_LOOP('',(#4619,#4626));
#4628=FACE_BOUND('',#4627,.T.);
#4629=CARTESIAN_POINT('',(0.0,0.0,-1.5));
#4630=DIRECTION('',(0.0,0.0,-1.0));
#4631=DIRECTION('',(1.0,0.0,0.0));
#4632=AXIS2_PLACEMENT_3D('',#4629,#4630,#4631);
#4633=PLANE('',#4632);
#4634=ADVANCED_FACE('no 249531',(#4608,#4628),#4633,.T.);
#4635=CARTESIAN_POINT('',(-4.7126464844,1.0,-1.3));
#4636=VERTEX_POINT('',#4635);
#4637=CARTESIAN_POINT('',(-4.5126464844,1.0,-1.3));
#4638=DIRECTION('',(0.0,1.0,0.0));
#4639=DIRECTION('',(1.0,-0.0,0.0));
#4640=AXIS2_PLACEMENT_3D('',#4637,#4638,#4639);
#4641=CIRCLE('',#4640,0.2);
#4642=EDGE_CURVE('no 249507',#4610,#4636,#4641,.T.);
#4643=ORIENTED_EDGE('no 249515',*,*,#4642,.F.);
#4644=ORIENTED_EDGE('no 249513',*,*,#4618,.T.);
#4645=CARTESIAN_POINT('',(-5.7126464844,1.0,-1.3));
#4646=VERTEX_POINT('',#4645);
#4647=CARTESIAN_POINT('',(-5.9126464844,1.0,-1.3));
#4648=DIRECTION('',(0.0,-1.0,-0.0));
#4649=DIRECTION('',(-1.0,-0.0,0.0));
#4650=AXIS2_PLACEMENT_3D('',#4647,#4648,#4649);
#4651=CIRCLE('',#4650,0.2);
#4652=EDGE_CURVE('no 249503',#4612,#4646,#4651,.T.);
#4653=ORIENTED_EDGE('no 249516',*,*,#4652,.T.);
#4654=CARTESIAN_POINT('',(-5.2126464844,1.0,-1.3));
#4655=DIRECTION('',(0.0,0.0,-1.0));
#4656=DIRECTION('',(0.8660254038,0.5,0.0));
#4657=AXIS2_PLACEMENT_3D('',#4654,#4655,#4656);
#4658=CIRCLE('',#4657,0.5);
#4659=EDGE_CURVE('no 249481',#4636,#4646,#4658,.T.);
#4660=ORIENTED_EDGE('no 249514',*,*,#4659,.F.);
#4661=EDGE_LOOP('',(#4643,#4644,#4653,#4660));
#4662=FACE_OUTER_BOUND('',#4661,.T.);
#4663=CARTESIAN_POINT('',(-5.2126464844,1.0,-1.3));
#4664=DIRECTION('',(0.0,0.0,-1.0));
#4665=DIRECTION('',(0.8660254038,0.5,0.0));
#4666=AXIS2_PLACEMENT_3D('',#4663,#4664,#4665);
#4667=TOROIDAL_SURFACE('',#4666,0.7,0.2);
#4668=ADVANCED_FACE('no 249518',(#4662),#4667,.T.);
#4669=ORIENTED_EDGE('no 249499',*,*,#4652,.F.);
#4670=ORIENTED_EDGE('no 249497',*,*,#4625,.T.);
#4671=ORIENTED_EDGE('no 249500',*,*,#4642,.T.);
#4672=CARTESIAN_POINT('',(-5.2126464844,1.0,-1.3));
#4673=DIRECTION('',(-0.0,0.0,-1.0));
#4674=DIRECTION('',(-0.5,-0.8660254038,0.0));
#4675=AXIS2_PLACEMENT_3D('',#4672,#4673,#4674);
#4676=CIRCLE('',#4675,0.5);
#4677=EDGE_CURVE('no 249448',#4646,#4636,#4676,.T.);
#4678=ORIENTED_EDGE('no 249498',*,*,#4677,.F.);
#4679=EDGE_LOOP('',(#4669,#4670,#4671,#4678));
#4680=FACE_OUTER_BOUND('',#4679,.T.);
#4681=CARTESIAN_POINT('',(-5.2126464844,1.0,-1.3));
#4682=DIRECTION('',(-0.0,0.0,-1.0));
#4683=DIRECTION('',(-0.5,-0.8660254038,0.0));
#4684=AXIS2_PLACEMENT_3D('',#4681,#4682,#4683);
#4685=TOROIDAL_SURFACE('',#4684,0.7,0.2);
#4686=ADVANCED_FACE('no 249502',(#4680),#4685,.T.);
#4687=CARTESIAN_POINT('',(-4.7126464844,1.0,-0.5));
#4688=VERTEX_POINT('',#4687);
#4689=CARTESIAN_POINT('',(-4.7126464844,1.0,-0.5));
#4690=DIRECTION('',(0.0,0.0,-1.0));
#4691=VECTOR('',#4690,1.0);
#4692=LINE('',#4689,#4691);
#4693=EDGE_CURVE('no 249532',#4688,#4636,#4692,.T.);
#4694=ORIENTED_EDGE('no 249259',*,*,#4693,.F.);
#4695=CARTESIAN_POINT('',(-5.7126464844,1.0,-0.5));
#4696=VERTEX_POINT('',#4695);
#4697=CARTESIAN_POINT('',(-5.2126464844,1.0,-0.5));
#4698=DIRECTION('',(0.0,-0.0,1.0));
#4699=DIRECTION('',(1.0,0.0,0.0));
#4700=AXIS2_PLACEMENT_3D('',#4697,#4698,#4699);
#4701=CIRCLE('',#4700,0.5);
#4702=EDGE_CURVE('no 249231',#4696,#4688,#4701,.T.);
#4703=ORIENTED_EDGE('no 249251',*,*,#4702,.F.);
#4704=CARTESIAN_POINT('',(-5.7126464844,1.0,-0.5));
#4705=DIRECTION('',(0.0,0.0,-1.0));
#4706=VECTOR('',#4705,1.0);
#4707=LINE('',#4704,#4706);
#4708=EDGE_CURVE('no 249534',#4696,#4646,#4707,.T.);
#4709=ORIENTED_EDGE('no 249261',*,*,#4708,.T.);
#4710=ORIENTED_EDGE('no 249458',*,*,#4659,.F.);
#4711=EDGE_LOOP('',(#4694,#4703,#4709,#4710));
#4712=FACE_OUTER_BOUND('',#4711,.F.);
#4713=CARTESIAN_POINT('',(-5.2126464844,1.0,-1.5));
#4714=DIRECTION('',(0.0,-0.0,1.0));
#4715=DIRECTION('',(1.0,0.0,0.0));
#4716=AXIS2_PLACEMENT_3D('',#4713,#4714,#4715);
#4717=CYLINDRICAL_SURFACE('',#4716,0.5);
#4718=ADVANCED_FACE('no 249538',(#4712),#4717,.F.);
#4719=ORIENTED_EDGE('no 249261',*,*,#4708,.F.);
#4720=CARTESIAN_POINT('',(-5.2126464844,1.0,-0.5));
#4721=DIRECTION('',(0.0,-0.0,1.0));
#4722=DIRECTION('',(1.0,0.0,0.0));
#4723=AXIS2_PLACEMENT_3D('',#4720,#4721,#4722);
#4724=CIRCLE('',#4723,0.5);
#4725=EDGE_CURVE('no 249199',#4688,#4696,#4724,.T.);
#4726=ORIENTED_EDGE('no 249251',*,*,#4725,.F.);
#4727=ORIENTED_EDGE('no 249258',*,*,#4693,.T.);
#4728=ORIENTED_EDGE('no 249424',*,*,#4677,.F.);
#4729=EDGE_LOOP('',(#4719,#4726,#4727,#4728));
#4730=FACE_OUTER_BOUND('',#4729,.F.);
#4731=CARTESIAN_POINT('',(-5.2126464844,1.0,-1.5));
#4732=DIRECTION('',(0.0,-0.0,1.0));
#4733=DIRECTION('',(1.0,0.0,0.0));
#4734=AXIS2_PLACEMENT_3D('',#4731,#4732,#4733);
#4735=CYLINDRICAL_SURFACE('',#4734,0.5);
#4736=ADVANCED_FACE('no 249542',(#4730),#4735,.F.);
#4737=CARTESIAN_POINT('',(-5.2126464844,1.0,-0.2113248654));
#4738=VERTEX_POINT('',#4737);
#4739=CARTESIAN_POINT('',(-5.2126464844,1.0,-0.2113248654));
#4740=DIRECTION('',(0.8660254038,0.0,-0.5));
#4741=VECTOR('',#4740,1.0);
#4742=LINE('',#4739,#4741);
#4743=EDGE_CURVE('no 249202',#4738,#4688,#4742,.T.);
#4744=ORIENTED_EDGE('no 249256',*,*,#4743,.T.);
#4745=ORIENTED_EDGE('no 249250',*,*,#4725,.T.);
#4746=CARTESIAN_POINT('',(-5.2126464844,1.0,-0.2113248654));
#4747=DIRECTION('',(-0.8660254038,-0.0,-0.5));
#4748=VECTOR('',#4747,1.0);
#4749=LINE('',#4746,#4748);
#4750=EDGE_CURVE('no 249203',#4738,#4696,#4749,.T.);
#4751=ORIENTED_EDGE('no 249260',*,*,#4750,.F.);
#4752=EDGE_LOOP('',(#4744,#4745,#4751));
#4753=FACE_OUTER_BOUND('',#4752,.F.);
#4754=CARTESIAN_POINT('',(-5.2126464844,1.0,-0.2113248654));
#4755=DIRECTION('',(0.0,0.0,-1.0));
#4756=DIRECTION('',(1.0,0.0,0.0));
#4757=AXIS2_PLACEMENT_3D('',#4754,#4755,#4756);
#4758=CONICAL_SURFACE('',#4757,0.0,1.0471975512);
#4759=ADVANCED_FACE('no 249194',(#4753),#4758,.F.);
#4760=ORIENTED_EDGE('no 249260',*,*,#4750,.T.);
#4761=ORIENTED_EDGE('no 249250',*,*,#4702,.T.);
#4762=ORIENTED_EDGE('no 249257',*,*,#4743,.F.);
#4763=EDGE_LOOP('',(#4760,#4761,#4762));
#4764=FACE_OUTER_BOUND('',#4763,.F.);
#4765=CARTESIAN_POINT('',(-5.2126464844,1.0,-0.2113248654));
#4766=DIRECTION('',(0.0,0.0,-1.0));
#4767=DIRECTION('',(1.0,0.0,0.0));
#4768=AXIS2_PLACEMENT_3D('',#4765,#4766,#4767);
#4769=CONICAL_SURFACE('',#4768,0.0,1.0471975512);
#4770=ADVANCED_FACE('no 249228',(#4764),#4769,.F.);
#4771=ORIENTED_EDGE('no 246586',*,*,#4042,.T.);
#4772=CARTESIAN_POINT('',(-16.7126464844,7.0,5.0));
#4773=DIRECTION('',(-0.0,-0.0,1.0));
#4774=DIRECTION('',(1.0,0.0,0.0));
#4775=AXIS2_PLACEMENT_3D('',#4772,#4773,#4774);
#4776=CIRCLE('',#4775,1.0);
#4777=EDGE_CURVE('no 247191',#4029,#4045,#4776,.T.);
#4778=ORIENTED_EDGE('no 246443',*,*,#4777,.T.);
#4779=ORIENTED_EDGE('no 246583',*,*,#4050,.F.);
#4780=EDGE_LOOP('',(#4771,#4778,#4779));
#4781=FACE_OUTER_BOUND('',#4780,.F.);
#4782=CARTESIAN_POINT('',(-16.7126464844,7.0,5.5773502692));
#4783=DIRECTION('',(0.0,0.0,-1.0));
#4784=DIRECTION('',(1.0,0.0,0.0));
#4785=AXIS2_PLACEMENT_3D('',#4782,#4783,#4784);
#4786=CONICAL_SURFACE('',#4785,0.0,1.0471975512);
#4787=ADVANCED_FACE('no 247182',(#4781),#4786,.F.);
#4788=ORIENTED_EDGE('no 245480',*,*,#4160,.T.);
#4789=CARTESIAN_POINT('',(-16.7126464844,-5.0,5.0));
#4790=DIRECTION('',(-0.0,-0.0,1.0));
#4791=DIRECTION('',(1.0,0.0,0.0));
#4792=AXIS2_PLACEMENT_3D('',#4789,#4790,#4791);
#4793=CIRCLE('',#4792,1.0);
#4794=EDGE_CURVE('no 246204',#4147,#4163,#4793,.T.);
#4795=ORIENTED_EDGE('no 245462',*,*,#4794,.T.);
#4796=ORIENTED_EDGE('no 245475',*,*,#4168,.F.);
#4797=EDGE_LOOP('',(#4788,#4795,#4796));
#4798=FACE_OUTER_BOUND('',#4797,.F.);
#4799=CARTESIAN_POINT('',(-16.7126464844,-5.0,5.5773502692));
#4800=DIRECTION('',(0.0,0.0,-1.0));
#4801=DIRECTION('',(1.0,0.0,0.0));
#4802=AXIS2_PLACEMENT_3D('',#4799,#4800,#4801);
#4803=CONICAL_SURFACE('',#4802,0.0,1.0471975512);
#4804=ADVANCED_FACE('no 246195',(#4798),#4803,.F.);
#4805=ORIENTED_EDGE('no 246444',*,*,#4777,.F.);
#4806=ORIENTED_EDGE('no 246666',*,*,#4034,.F.);
#4807=CARTESIAN_POINT('',(-16.7126464844,7.0,2.0));
#4808=DIRECTION('',(0.0,-0.0,1.0));
#4809=DIRECTION('',(1.0,0.0,0.0));
#4810=AXIS2_PLACEMENT_3D('',#4807,#4808,#4809);
#4811=CIRCLE('',#4810,1.0);
#4812=EDGE_CURVE('no 247200',#4021,#3973,#4811,.T.);
#4813=ORIENTED_EDGE('no 246445',*,*,#4812,.T.);
#4814=ORIENTED_EDGE('no 246672',*,*,#4056,.T.);
#4815=EDGE_LOOP('',(#4805,#4806,#4813,#4814));
#4816=FACE_OUTER_BOUND('',#4815,.F.);
#4817=CARTESIAN_POINT('',(-16.7126464844,7.0,0.0));
#4818=DIRECTION('',(0.0,-0.0,1.0));
#4819=DIRECTION('',(1.0,0.0,0.0));
#4820=AXIS2_PLACEMENT_3D('',#4817,#4818,#4819);
#4821=CYLINDRICAL_SURFACE('',#4820,1.0);
#4822=ADVANCED_FACE('no 247202',(#4816),#4821,.F.);
#4823=ORIENTED_EDGE('no 245463',*,*,#4794,.F.);
#4824=ORIENTED_EDGE('no 245481',*,*,#4152,.T.);
#4825=CARTESIAN_POINT('',(-16.7126464844,-5.0,2.0));
#4826=DIRECTION('',(0.0,-0.0,1.0));
#4827=DIRECTION('',(1.0,0.0,0.0));
#4828=AXIS2_PLACEMENT_3D('',#4825,#4826,#4827);
#4829=CIRCLE('',#4828,1.0);
#4830=EDGE_CURVE('no 246213',#4139,#4100,#4829,.T.);
#4831=ORIENTED_EDGE('no 245464',*,*,#4830,.T.);
#4832=ORIENTED_EDGE('no 245477',*,*,#4174,.F.);
#4833=EDGE_LOOP('',(#4823,#4824,#4831,#4832));
#4834=FACE_OUTER_BOUND('',#4833,.F.);
#4835=CARTESIAN_POINT('',(-16.7126464844,-5.0,0.0));
#4836=DIRECTION('',(0.0,-0.0,1.0));
#4837=DIRECTION('',(1.0,0.0,0.0));
#4838=AXIS2_PLACEMENT_3D('',#4835,#4836,#4837);
#4839=CYLINDRICAL_SURFACE('',#4838,1.0);
#4840=ADVANCED_FACE('no 246215',(#4834),#4839,.F.);
#4841=CARTESIAN_POINT('',(-16.7126464844,7.0,2.0));
#4842=DIRECTION('',(0.0,0.0,1.0));
#4843=DIRECTION('',(1.0,0.0,0.0));
#4844=AXIS2_PLACEMENT_3D('',#4841,#4842,#4843);
#4845=CIRCLE('',#4844,2.05);
#4846=EDGE_CURVE('no 247078',#4013,#4439,#4845,.T.);
#4847=ORIENTED_EDGE('no 246450',*,*,#4846,.T.);
#4848=ORIENTED_EDGE('no 246730',*,*,#4445,.F.);
#4849=CARTESIAN_POINT('',(-16.7126464844,7.0,2.0));
#4850=DIRECTION('',(0.0,0.0,1.0));
#4851=DIRECTION('',(1.0,0.0,0.0));
#4852=AXIS2_PLACEMENT_3D('',#4849,#4850,#4851);
#4853=CIRCLE('',#4852,2.05);
#4854=EDGE_CURVE('no 247080',#4431,#3971,#4853,.T.);
#4855=ORIENTED_EDGE('no 246450',*,*,#4854,.T.);
#4856=ORIENTED_EDGE('no 192961',*,*,#3978,.T.);
#4857=ORIENTED_EDGE('no 246449',*,*,#4812,.F.);
#4858=ORIENTED_EDGE('no 192961',*,*,#4026,.T.);
#4859=EDGE_LOOP('',(#4847,#4848,#4855,#4856,#4857,#4858));
#4860=FACE_OUTER_BOUND('',#4859,.F.);
#4861=CARTESIAN_POINT('',(0.0,0.0,2.0));
#4862=DIRECTION('',(0.0,0.0,1.0));
#4863=DIRECTION('',(1.0,0.0,0.0));
#4864=AXIS2_PLACEMENT_3D('',#4861,#4862,#4863);
#4865=PLANE('',#4864);
#4866=ADVANCED_FACE('no 247193',(#4860),#4865,.F.);
#4867=CARTESIAN_POINT('',(-16.7126464844,-5.0,2.0));
#4868=DIRECTION('',(0.0,0.0,1.0));
#4869=DIRECTION('',(1.0,0.0,0.0));
#4870=AXIS2_PLACEMENT_3D('',#4867,#4868,#4869);
#4871=CIRCLE('',#4870,2.05);
#4872=EDGE_CURVE('no 246095',#4131,#4347,#4871,.T.);
#4873=ORIENTED_EDGE('no 245469',*,*,#4872,.T.);
#4874=ORIENTED_EDGE('no 245749',*,*,#4353,.F.);
#4875=CARTESIAN_POINT('',(-16.7126464844,-5.0,2.0));
#4876=DIRECTION('',(0.0,0.0,1.0));
#4877=DIRECTION('',(1.0,0.0,0.0));
#4878=AXIS2_PLACEMENT_3D('',#4875,#4876,#4877);
#4879=CIRCLE('',#4878,2.05);
#4880=EDGE_CURVE('no 246097',#4339,#4098,#4879,.T.);
#4881=ORIENTED_EDGE('no 245469',*,*,#4880,.T.);
#4882=ORIENTED_EDGE('no 192959',*,*,#4105,.T.);
#4883=ORIENTED_EDGE('no 245468',*,*,#4830,.F.);
#4884=ORIENTED_EDGE('no 192959',*,*,#4144,.T.);
#4885=EDGE_LOOP('',(#4873,#4874,#4881,#4882,#4883,#4884));
#4886=FACE_OUTER_BOUND('',#4885,.F.);
#4887=CARTESIAN_POINT('',(0.0,0.0,2.0));
#4888=DIRECTION('',(0.0,0.0,1.0));
#4889=DIRECTION('',(1.0,0.0,0.0));
#4890=AXIS2_PLACEMENT_3D('',#4887,#4888,#4889);
#4891=PLANE('',#4890);
#4892=ADVANCED_FACE('no 246206',(#4886),#4891,.F.);
#4893=CARTESIAN_POINT('',(16.2873535156,10.0,1.3464101615));
#4894=VERTEX_POINT('',#4893);
#4895=CARTESIAN_POINT('',(15.6873535156,10.0,1.0));
#4896=VERTEX_POINT('',#4895);
#4897=CARTESIAN_POINT('',(16.2873535156,10.0,1.3464101615));
#4898=DIRECTION('',(-0.8660254038,0.0,-0.5));
#4899=VECTOR('',#4898,1.0);
#4900=LINE('',#4897,#4899);
#4901=EDGE_CURVE('no 247341',#4894,#4896,#4900,.T.);
#4902=ORIENTED_EDGE('no 247398',*,*,#4901,.T.);
#4903=CARTESIAN_POINT('',(16.8873535156,10.0,1.0));
#4904=VERTEX_POINT('',#4903);
#4905=CARTESIAN_POINT('',(16.2873535156,10.0,1.0));
#4906=DIRECTION('',(-0.0,-0.0,1.0));
#4907=DIRECTION('',(1.0,0.0,0.0));
#4908=AXIS2_PLACEMENT_3D('',#4905,#4906,#4907);
#4909=CIRCLE('',#4908,0.6);
#4910=EDGE_CURVE('no 247369',#4896,#4904,#4909,.T.);
#4911=ORIENTED_EDGE('no 247388',*,*,#4910,.T.);
#4912=CARTESIAN_POINT('',(16.2873535156,10.0,1.3464101615));
#4913=DIRECTION('',(0.8660254038,0.0,-0.5));
#4914=VECTOR('',#4913,1.0);
#4915=LINE('',#4912,#4914);
#4916=EDGE_CURVE('no 247340',#4894,#4904,#4915,.T.);
#4917=ORIENTED_EDGE('no 247395',*,*,#4916,.F.);
#4918=EDGE_LOOP('',(#4902,#4911,#4917));
#4919=FACE_OUTER_BOUND('',#4918,.F.);
#4920=CARTESIAN_POINT('',(16.2873535156,10.0,1.3464101615));
#4921=DIRECTION('',(0.0,0.0,-1.0));
#4922=DIRECTION('',(1.0,0.0,0.0));
#4923=AXIS2_PLACEMENT_3D('',#4920,#4921,#4922);
#4924=CONICAL_SURFACE('',#4923,0.0,1.0471975512);
#4925=ADVANCED_FACE('no 247366',(#4919),#4924,.F.);
#4926=ORIENTED_EDGE('no 247394',*,*,#4916,.T.);
#4927=CARTESIAN_POINT('',(16.2873535156,10.0,1.0));
#4928=DIRECTION('',(-0.0,-0.0,1.0));
#4929=DIRECTION('',(1.0,0.0,0.0));
#4930=AXIS2_PLACEMENT_3D('',#4927,#4928,#4929);
#4931=CIRCLE('',#4930,0.6);
#4932=EDGE_CURVE('no 247337',#4904,#4896,#4931,.T.);
#4933=ORIENTED_EDGE('no 247388',*,*,#4932,.T.);
#4934=ORIENTED_EDGE('no 247398',*,*,#4901,.F.);
#4935=EDGE_LOOP('',(#4926,#4933,#4934));
#4936=FACE_OUTER_BOUND('',#4935,.F.);
#4937=CARTESIAN_POINT('',(16.2873535156,10.0,1.3464101615));
#4938=DIRECTION('',(0.0,0.0,-1.0));
#4939=DIRECTION('',(1.0,0.0,0.0));
#4940=AXIS2_PLACEMENT_3D('',#4937,#4938,#4939);
#4941=CONICAL_SURFACE('',#4940,0.0,1.0471975512);
#4942=ADVANCED_FACE('no 247332',(#4936),#4941,.F.);
#4943=CARTESIAN_POINT('',(16.2873535156,-8.0,1.3464101615));
#4944=VERTEX_POINT('',#4943);
#4945=CARTESIAN_POINT('',(15.6873535156,-8.0,1.0));
#4946=VERTEX_POINT('',#4945);
#4947=CARTESIAN_POINT('',(16.2873535156,-8.0,1.3464101615));
#4948=DIRECTION('',(-0.8660254038,0.0,-0.5));
#4949=VECTOR('',#4948,1.0);
#4950=LINE('',#4947,#4949);
#4951=EDGE_CURVE('no 247680',#4944,#4946,#4950,.T.);
#4952=ORIENTED_EDGE('no 247737',*,*,#4951,.T.);
#4953=CARTESIAN_POINT('',(16.8873535156,-8.0,1.0));
#4954=VERTEX_POINT('',#4953);
#4955=CARTESIAN_POINT('',(16.2873535156,-8.0,1.0));
#4956=DIRECTION('',(-0.0,-0.0,1.0));
#4957=DIRECTION('',(1.0,0.0,0.0));
#4958=AXIS2_PLACEMENT_3D('',#4955,#4956,#4957);
#4959=CIRCLE('',#4958,0.6);
#4960=EDGE_CURVE('no 247708',#4946,#4954,#4959,.T.);
#4961=ORIENTED_EDGE('no 247727',*,*,#4960,.T.);
#4962=CARTESIAN_POINT('',(16.2873535156,-8.0,1.3464101615));
#4963=DIRECTION('',(0.8660254038,0.0,-0.5));
#4964=VECTOR('',#4963,1.0);
#4965=LINE('',#4962,#4964);
#4966=EDGE_CURVE('no 247679',#4944,#4954,#4965,.T.);
#4967=ORIENTED_EDGE('no 247734',*,*,#4966,.F.);
#4968=EDGE_LOOP('',(#4952,#4961,#4967));
#4969=FACE_OUTER_BOUND('',#4968,.F.);
#4970=CARTESIAN_POINT('',(16.2873535156,-8.0,1.3464101615));
#4971=DIRECTION('',(0.0,0.0,-1.0));
#4972=DIRECTION('',(1.0,0.0,0.0));
#4973=AXIS2_PLACEMENT_3D('',#4970,#4971,#4972);
#4974=CONICAL_SURFACE('',#4973,0.0,1.0471975512);
#4975=ADVANCED_FACE('no 247705',(#4969),#4974,.F.);
#4976=ORIENTED_EDGE('no 247733',*,*,#4966,.T.);
#4977=CARTESIAN_POINT('',(16.2873535156,-8.0,1.0));
#4978=DIRECTION('',(-0.0,-0.0,1.0));
#4979=DIRECTION('',(1.0,0.0,0.0));
#4980=AXIS2_PLACEMENT_3D('',#4977,#4978,#4979);
#4981=CIRCLE('',#4980,0.6);
#4982=EDGE_CURVE('no 247676',#4954,#4946,#4981,.T.);
#4983=ORIENTED_EDGE('no 247727',*,*,#4982,.T.);
#4984=ORIENTED_EDGE('no 247737',*,*,#4951,.F.);
#4985=EDGE_LOOP('',(#4976,#4983,#4984));
#4986=FACE_OUTER_BOUND('',#4985,.F.);
#4987=CARTESIAN_POINT('',(16.2873535156,-8.0,1.3464101615));
#4988=DIRECTION('',(0.0,0.0,-1.0));
#4989=DIRECTION('',(1.0,0.0,0.0));
#4990=AXIS2_PLACEMENT_3D('',#4987,#4988,#4989);
#4991=CONICAL_SURFACE('',#4990,0.0,1.0471975512);
#4992=ADVANCED_FACE('no 247671',(#4986),#4991,.F.);
#4993=CARTESIAN_POINT('',(-1.7126464844,-9.0,2.2886751346));
#4994=VERTEX_POINT('',#4993);
#4995=CARTESIAN_POINT('',(-2.2126464844,-9.0,2.0));
#4996=VERTEX_POINT('',#4995);
#4997=CARTESIAN_POINT('',(-1.7126464844,-9.0,2.2886751346));
#4998=DIRECTION('',(-0.8660254038,0.0,-0.5));
#4999=VECTOR('',#4998,1.0);
#5000=LINE('',#4997,#4999);
#5001=EDGE_CURVE('no 248019',#4994,#4996,#5000,.T.);
#5002=ORIENTED_EDGE('no 248076',*,*,#5001,.T.);
#5003=CARTESIAN_POINT('',(-1.2126464844,-9.0,2.0));
#5004=VERTEX_POINT('',#5003);
#5005=CARTESIAN_POINT('',(-1.7126464844,-9.0,2.0));
#5006=DIRECTION('',(-0.0,-0.0,1.0));
#5007=DIRECTION('',(1.0,0.0,0.0));
#5008=AXIS2_PLACEMENT_3D('',#5005,#5006,#5007);
#5009=CIRCLE('',#5008,0.5);
#5010=EDGE_CURVE('no 248047',#4996,#5004,#5009,.T.);
#5011=ORIENTED_EDGE('no 248066',*,*,#5010,.T.);
#5012=CARTESIAN_POINT('',(-1.7126464844,-9.0,2.2886751346));
#5013=DIRECTION('',(0.8660254038,0.0,-0.5));
#5014=VECTOR('',#5013,1.0);
#5015=LINE('',#5012,#5014);
#5016=EDGE_CURVE('no 248018',#4994,#5004,#5015,.T.);
#5017=ORIENTED_EDGE('no 248073',*,*,#5016,.F.);
#5018=EDGE_LOOP('',(#5002,#5011,#5017));
#5019=FACE_OUTER_BOUND('',#5018,.F.);
#5020=CARTESIAN_POINT('',(-1.7126464844,-9.0,2.2886751346));
#5021=DIRECTION('',(0.0,0.0,-1.0));
#5022=DIRECTION('',(1.0,0.0,0.0));
#5023=AXIS2_PLACEMENT_3D('',#5020,#5021,#5022);
#5024=CONICAL_SURFACE('',#5023,0.0,1.0471975512);
#5025=ADVANCED_FACE('no 248044',(#5019),#5024,.F.);
#5026=ORIENTED_EDGE('no 248072',*,*,#5016,.T.);
#5027=CARTESIAN_POINT('',(-1.7126464844,-9.0,2.0));
#5028=DIRECTION('',(-0.0,-0.0,1.0));
#5029=DIRECTION('',(1.0,0.0,0.0));
#5030=AXIS2_PLACEMENT_3D('',#5027,#5028,#5029);
#5031=CIRCLE('',#5030,0.5);
#5032=EDGE_CURVE('no 248015',#5004,#4996,#5031,.T.);
#5033=ORIENTED_EDGE('no 248066',*,*,#5032,.T.);
#5034=ORIENTED_EDGE('no 248076',*,*,#5001,.F.);
#5035=EDGE_LOOP('',(#5026,#5033,#5034));
#5036=FACE_OUTER_BOUND('',#5035,.F.);
#5037=CARTESIAN_POINT('',(-1.7126464844,-9.0,2.2886751346));
#5038=DIRECTION('',(0.0,0.0,-1.0));
#5039=DIRECTION('',(1.0,0.0,0.0));
#5040=AXIS2_PLACEMENT_3D('',#5037,#5038,#5039);
#5041=CONICAL_SURFACE('',#5040,0.0,1.0471975512);
#5042=ADVANCED_FACE('no 248010',(#5036),#5041,.F.);
#5043=CARTESIAN_POINT('',(-1.7126464844,11.0,2.2886751346));
#5044=VERTEX_POINT('',#5043);
#5045=CARTESIAN_POINT('',(-2.2126464844,11.0,2.0));
#5046=VERTEX_POINT('',#5045);
#5047=CARTESIAN_POINT('',(-1.7126464844,11.0,2.2886751346));
#5048=DIRECTION('',(-0.8660254038,0.0,-0.5));
#5049=VECTOR('',#5048,1.0);
#5050=LINE('',#5047,#5049);
#5051=EDGE_CURVE('no 248358',#5044,#5046,#5050,.T.);
#5052=ORIENTED_EDGE('no 248415',*,*,#5051,.T.);
#5053=CARTESIAN_POINT('',(-1.2126464844,11.0,2.0));
#5054=VERTEX_POINT('',#5053);
#5055=CARTESIAN_POINT('',(-1.7126464844,11.0,2.0));
#5056=DIRECTION('',(-0.0,-0.0,1.0));
#5057=DIRECTION('',(1.0,0.0,0.0));
#5058=AXIS2_PLACEMENT_3D('',#5055,#5056,#5057);
#5059=CIRCLE('',#5058,0.5);
#5060=EDGE_CURVE('no 248386',#5046,#5054,#5059,.T.);
#5061=ORIENTED_EDGE('no 248405',*,*,#5060,.T.);
#5062=CARTESIAN_POINT('',(-1.7126464844,11.0,2.2886751346));
#5063=DIRECTION('',(0.8660254038,0.0,-0.5));
#5064=VECTOR('',#5063,1.0);
#5065=LINE('',#5062,#5064);
#5066=EDGE_CURVE('no 248357',#5044,#5054,#5065,.T.);
#5067=ORIENTED_EDGE('no 248412',*,*,#5066,.F.);
#5068=EDGE_LOOP('',(#5052,#5061,#5067));
#5069=FACE_OUTER_BOUND('',#5068,.F.);
#5070=CARTESIAN_POINT('',(-1.7126464844,11.0,2.2886751346));
#5071=DIRECTION('',(0.0,0.0,-1.0));
#5072=DIRECTION('',(1.0,0.0,0.0));
#5073=AXIS2_PLACEMENT_3D('',#5070,#5071,#5072);
#5074=CONICAL_SURFACE('',#5073,0.0,1.0471975512);
#5075=ADVANCED_FACE('no 248383',(#5069),#5074,.F.);
#5076=ORIENTED_EDGE('no 248411',*,*,#5066,.T.);
#5077=CARTESIAN_POINT('',(-1.7126464844,11.0,2.0));
#5078=DIRECTION('',(-0.0,-0.0,1.0));
#5079=DIRECTION('',(1.0,0.0,0.0));
#5080=AXIS2_PLACEMENT_3D('',#5077,#5078,#5079);
#5081=CIRCLE('',#5080,0.5);
#5082=EDGE_CURVE('no 248354',#5054,#5046,#5081,.T.);
#5083=ORIENTED_EDGE('no 248405',*,*,#5082,.T.);
#5084=ORIENTED_EDGE('no 248415',*,*,#5051,.F.);
#5085=EDGE_LOOP('',(#5076,#5083,#5084));
#5086=FACE_OUTER_BOUND('',#5085,.F.);
#5087=CARTESIAN_POINT('',(-1.7126464844,11.0,2.2886751346));
#5088=DIRECTION('',(0.0,0.0,-1.0));
#5089=DIRECTION('',(1.0,0.0,0.0));
#5090=AXIS2_PLACEMENT_3D('',#5087,#5088,#5089);
#5091=CONICAL_SURFACE('',#5090,0.0,1.0471975512);
#5092=ADVANCED_FACE('no 248349',(#5086),#5091,.F.);
#5093=CARTESIAN_POINT('',(-3.3126464844,1.0,-0.2));
#5094=VERTEX_POINT('',#5093);
#5095=CARTESIAN_POINT('',(-3.3126464844,1.0,-0.2));
#5096=DIRECTION('',(0.0,0.0,-1.0));
#5097=VECTOR('',#5096,1.0);
#5098=LINE('',#5095,#5097);
#5099=EDGE_CURVE('no 248990',#5094,#4538,#5098,.T.);
#5100=ORIENTED_EDGE('no 248702',*,*,#5099,.T.);
#5101=ORIENTED_EDGE('no 248769',*,*,#4587,.F.);
#5102=CARTESIAN_POINT('',(-7.1126464844,1.0,-0.2));
#5103=VERTEX_POINT('',#5102);
#5104=CARTESIAN_POINT('',(-7.1126464844,1.0,-0.2));
#5105=DIRECTION('',(0.0,0.0,-1.0));
#5106=VECTOR('',#5105,1.0);
#5107=LINE('',#5104,#5106);
#5108=EDGE_CURVE('no 248992',#5103,#4549,#5107,.T.);
#5109=ORIENTED_EDGE('no 248703',*,*,#5108,.F.);
#5110=CARTESIAN_POINT('',(-5.2126464844,1.0,-0.2));
#5111=DIRECTION('',(-0.0,-0.0,1.0));
#5112=DIRECTION('',(1.0,0.0,0.0));
#5113=AXIS2_PLACEMENT_3D('',#5110,#5111,#5112);
#5114=CIRCLE('',#5113,1.9);
#5115=EDGE_CURVE('no 248925',#5094,#5103,#5114,.T.);
#5116=ORIENTED_EDGE('no 248902',*,*,#5115,.F.);
#5117=EDGE_LOOP('',(#5100,#5101,#5109,#5116));
#5118=FACE_OUTER_BOUND('',#5117,.T.);
#5119=CARTESIAN_POINT('',(-5.2126464844,1.0,-0.75));
#5120=DIRECTION('',(0.0,0.0,-1.0));
#5121=DIRECTION('',(1.0,0.0,0.0));
#5122=AXIS2_PLACEMENT_3D('',#5119,#5120,#5121);
#5123=CYLINDRICAL_SURFACE('',#5122,1.9);
#5124=ADVANCED_FACE('no 248997',(#5118),#5123,.T.);
#5125=ORIENTED_EDGE('no 248703',*,*,#5108,.T.);
#5126=ORIENTED_EDGE('no 248803',*,*,#4555,.F.);
#5127=ORIENTED_EDGE('no 248701',*,*,#5099,.F.);
#5128=CARTESIAN_POINT('',(-5.2126464844,1.0,-0.2));
#5129=DIRECTION('',(-0.0,-0.0,1.0));
#5130=DIRECTION('',(1.0,0.0,0.0));
#5131=AXIS2_PLACEMENT_3D('',#5128,#5129,#5130);
#5132=CIRCLE('',#5131,1.9);
#5133=EDGE_CURVE('no 248946',#5103,#5094,#5132,.T.);
#5134=ORIENTED_EDGE('no 248936',*,*,#5133,.F.);
#5135=EDGE_LOOP('',(#5125,#5126,#5127,#5134));
#5136=FACE_OUTER_BOUND('',#5135,.T.);
#5137=CARTESIAN_POINT('',(-5.2126464844,1.0,-0.75));
#5138=DIRECTION('',(0.0,0.0,-1.0));
#5139=DIRECTION('',(1.0,0.0,0.0));
#5140=AXIS2_PLACEMENT_3D('',#5137,#5138,#5139);
#5141=CYLINDRICAL_SURFACE('',#5140,1.9);
#5142=ADVANCED_FACE('no 248993',(#5136),#5141,.T.);
#5143=CARTESIAN_POINT('',(-18.7626464844,7.0,2.0));
#5144=DIRECTION('',(0.0,0.0,-1.0));
#5145=VECTOR('',#5144,1.0);
#5146=LINE('',#5143,#5145);
#5147=EDGE_CURVE('no 247083',#3971,#3726,#5146,.T.);
#5148=ORIENTED_EDGE('no 246463',*,*,#5147,.F.);
#5149=ORIENTED_EDGE('no 246446',*,*,#4854,.F.);
#5150=ORIENTED_EDGE('no 246636',*,*,#4436,.T.);
#5151=ORIENTED_EDGE('no 246719',*,*,#3739,.T.);
#5152=EDGE_LOOP('',(#5148,#5149,#5150,#5151));
#5153=FACE_OUTER_BOUND('',#5152,.F.);
#5154=CARTESIAN_POINT('',(-16.7126464844,7.0,0.0));
#5155=DIRECTION('',(0.0,-0.0,1.0));
#5156=DIRECTION('',(1.0,0.0,0.0));
#5157=AXIS2_PLACEMENT_3D('',#5154,#5155,#5156);
#5158=CYLINDRICAL_SURFACE('',#5157,2.05);
#5159=ADVANCED_FACE('no 247099',(#5153),#5158,.F.);
#5160=CARTESIAN_POINT('',(-14.6626464844,7.0,2.0));
#5161=DIRECTION('',(0.0,0.0,-1.0));
#5162=VECTOR('',#5161,1.0);
#5163=LINE('',#5160,#5162);
#5164=EDGE_CURVE('no 247081',#4013,#3717,#5163,.T.);
#5165=ORIENTED_EDGE('no 246460',*,*,#5164,.F.);
#5166=ORIENTED_EDGE('no 246446',*,*,#4484,.F.);
#5167=ORIENTED_EDGE('no 246463',*,*,#5147,.T.);
#5168=ORIENTED_EDGE('no 246719',*,*,#3732,.T.);
#5169=EDGE_LOOP('',(#5165,#5166,#5167,#5168));
#5170=FACE_OUTER_BOUND('',#5169,.F.);
#5171=CARTESIAN_POINT('',(-16.7126464844,7.0,0.0));
#5172=DIRECTION('',(0.0,-0.0,1.0));
#5173=DIRECTION('',(1.0,0.0,0.0));
#5174=AXIS2_PLACEMENT_3D('',#5171,#5172,#5173);
#5175=CYLINDRICAL_SURFACE('',#5174,2.05);
#5176=ADVANCED_FACE('no 247091',(#5170),#5175,.F.);
#5177=ORIENTED_EDGE('no 246446',*,*,#4846,.F.);
#5178=ORIENTED_EDGE('no 246459',*,*,#5164,.T.);
#5179=ORIENTED_EDGE('no 246719',*,*,#3723,.T.);
#5180=ORIENTED_EDGE('no 246633',*,*,#4451,.F.);
#5181=EDGE_LOOP('',(#5177,#5178,#5179,#5180));
#5182=FACE_OUTER_BOUND('',#5181,.F.);
#5183=CARTESIAN_POINT('',(-16.7126464844,7.0,0.0));
#5184=DIRECTION('',(0.0,-0.0,1.0));
#5185=DIRECTION('',(1.0,0.0,0.0));
#5186=AXIS2_PLACEMENT_3D('',#5183,#5184,#5185);
#5187=CYLINDRICAL_SURFACE('',#5186,2.05);
#5188=ADVANCED_FACE('no 247095',(#5182),#5187,.F.);
#5189=CARTESIAN_POINT('',(-14.6626464844,-5.0,2.0));
#5190=DIRECTION('',(0.0,0.0,-1.0));
#5191=VECTOR('',#5190,1.0);
#5192=LINE('',#5189,#5191);
#5193=EDGE_CURVE('no 246091',#4098,#3670,#5192,.T.);
#5194=ORIENTED_EDGE('no 245479',*,*,#5193,.F.);
#5195=ORIENTED_EDGE('no 245465',*,*,#4880,.F.);
#5196=ORIENTED_EDGE('no 245655',*,*,#4344,.T.);
#5197=ORIENTED_EDGE('no 245738',*,*,#3683,.T.);
#5198=EDGE_LOOP('',(#5194,#5195,#5196,#5197));
#5199=FACE_OUTER_BOUND('',#5198,.F.);
#5200=CARTESIAN_POINT('',(-16.7126464844,-5.0,0.0));
#5201=DIRECTION('',(0.0,-0.0,1.0));
#5202=DIRECTION('',(1.0,0.0,0.0));
#5203=AXIS2_PLACEMENT_3D('',#5200,#5201,#5202);
#5204=CYLINDRICAL_SURFACE('',#5203,2.05);
#5205=ADVANCED_FACE('no 246108',(#5199),#5204,.F.);
#5206=CARTESIAN_POINT('',(-18.7626464844,-5.0,2.0));
#5207=DIRECTION('',(0.0,0.0,-1.0));
#5208=VECTOR('',#5207,1.0);
#5209=LINE('',#5206,#5208);
#5210=EDGE_CURVE('no 246093',#4131,#3661,#5209,.T.);
#5211=ORIENTED_EDGE('no 245482',*,*,#5210,.F.);
#5212=ORIENTED_EDGE('no 245465',*,*,#4474,.F.);
#5213=ORIENTED_EDGE('no 245478',*,*,#5193,.T.);
#5214=ORIENTED_EDGE('no 245738',*,*,#3676,.T.);
#5215=EDGE_LOOP('',(#5211,#5212,#5213,#5214));
#5216=FACE_OUTER_BOUND('',#5215,.F.);
#5217=CARTESIAN_POINT('',(-16.7126464844,-5.0,0.0));
#5218=DIRECTION('',(0.0,-0.0,1.0));
#5219=DIRECTION('',(1.0,0.0,0.0));
#5220=AXIS2_PLACEMENT_3D('',#5217,#5218,#5219);
#5221=CYLINDRICAL_SURFACE('',#5220,2.05);
#5222=ADVANCED_FACE('no 246110',(#5216),#5221,.F.);
#5223=ORIENTED_EDGE('no 245465',*,*,#4872,.F.);
#5224=ORIENTED_EDGE('no 245482',*,*,#5210,.T.);
#5225=ORIENTED_EDGE('no 245738',*,*,#3667,.T.);
#5226=ORIENTED_EDGE('no 245652',*,*,#4359,.F.);
#5227=EDGE_LOOP('',(#5223,#5224,#5225,#5226));
#5228=FACE_OUTER_BOUND('',#5227,.F.);
#5229=CARTESIAN_POINT('',(-16.7126464844,-5.0,0.0));
#5230=DIRECTION('',(0.0,-0.0,1.0));
#5231=DIRECTION('',(1.0,0.0,0.0));
#5232=AXIS2_PLACEMENT_3D('',#5229,#5230,#5231);
#5233=CYLINDRICAL_SURFACE('',#5232,2.05);
#5234=ADVANCED_FACE('no 246104',(#5228),#5233,.F.);
#5235=ORIENTED_EDGE('no 244681',*,*,#3627,.T.);
#5236=CARTESIAN_POINT('',(9.0873535156,1.0,2.0));
#5237=DIRECTION('',(0.0,0.0,-1.0));
#5238=VECTOR('',#5237,1.0);
#5239=LINE('',#5236,#5238);
#5240=EDGE_CURVE('no 244756',#4489,#3612,#5239,.T.);
#5241=ORIENTED_EDGE('no 244575',*,*,#5240,.F.);
#5242=ORIENTED_EDGE('no 244671',*,*,#4504,.F.);
#5243=CARTESIAN_POINT('',(4.4873535156,1.0,2.0));
#5244=DIRECTION('',(0.0,0.0,-1.0));
#5245=VECTOR('',#5244,1.0);
#5246=LINE('',#5243,#5245);
#5247=EDGE_CURVE('no 244759',#4491,#3614,#5246,.T.);
#5248=ORIENTED_EDGE('no 244576',*,*,#5247,.T.);
#5249=EDGE_LOOP('',(#5235,#5241,#5242,#5248));
#5250=FACE_OUTER_BOUND('',#5249,.F.);
#5251=CARTESIAN_POINT('',(6.7873535156,1.0,0.0));
#5252=DIRECTION('',(0.0,-0.0,1.0));
#5253=DIRECTION('',(1.0,0.0,0.0));
#5254=AXIS2_PLACEMENT_3D('',#5251,#5252,#5253);
#5255=CYLINDRICAL_SURFACE('',#5254,2.3);
#5256=ADVANCED_FACE('no 244763',(#5250),#5255,.F.);
#5257=ORIENTED_EDGE('no 244681',*,*,#3620,.T.);
#5258=ORIENTED_EDGE('no 244576',*,*,#5247,.F.);
#5259=ORIENTED_EDGE('no 244671',*,*,#4497,.F.);
#5260=ORIENTED_EDGE('no 244574',*,*,#5240,.T.);
#5261=EDGE_LOOP('',(#5257,#5258,#5259,#5260));
#5262=FACE_OUTER_BOUND('',#5261,.F.);
#5263=CARTESIAN_POINT('',(6.7873535156,1.0,0.0));
#5264=DIRECTION('',(0.0,-0.0,1.0));
#5265=DIRECTION('',(1.0,0.0,0.0));
#5266=AXIS2_PLACEMENT_3D('',#5263,#5264,#5265);
#5267=CYLINDRICAL_SURFACE('',#5266,2.3);
#5268=ADVANCED_FACE('no 244769',(#5262),#5267,.F.);
#5269=CARTESIAN_POINT('',(16.8873535156,10.0,1.0));
#5270=DIRECTION('',(0.0,0.0,-1.0));
#5271=VECTOR('',#5270,1.0);
#5272=LINE('',#5269,#5271);
#5273=EDGE_CURVE('no 247516',#4904,#3592,#5272,.T.);
#5274=ORIENTED_EDGE('no 247397',*,*,#5273,.F.);
#5275=ORIENTED_EDGE('no 247389',*,*,#4910,.F.);
#5276=CARTESIAN_POINT('',(15.6873535156,10.0,1.0));
#5277=DIRECTION('',(0.0,0.0,-1.0));
#5278=VECTOR('',#5277,1.0);
#5279=LINE('',#5276,#5278);
#5280=EDGE_CURVE('no 247518',#4896,#3594,#5279,.T.);
#5281=ORIENTED_EDGE('no 247399',*,*,#5280,.T.);
#5282=ORIENTED_EDGE('no 247476',*,*,#3607,.T.);
#5283=EDGE_LOOP('',(#5274,#5275,#5281,#5282));
#5284=FACE_OUTER_BOUND('',#5283,.F.);
#5285=CARTESIAN_POINT('',(16.2873535156,10.0,0.0));
#5286=DIRECTION('',(0.0,-0.0,1.0));
#5287=DIRECTION('',(1.0,0.0,0.0));
#5288=AXIS2_PLACEMENT_3D('',#5285,#5286,#5287);
#5289=CYLINDRICAL_SURFACE('',#5288,0.6);
#5290=ADVANCED_FACE('no 247520',(#5284),#5289,.F.);
#5291=ORIENTED_EDGE('no 247399',*,*,#5280,.F.);
#5292=ORIENTED_EDGE('no 247389',*,*,#4932,.F.);
#5293=ORIENTED_EDGE('no 247396',*,*,#5273,.T.);
#5294=ORIENTED_EDGE('no 247476',*,*,#3600,.T.);
#5295=EDGE_LOOP('',(#5291,#5292,#5293,#5294));
#5296=FACE_OUTER_BOUND('',#5295,.F.);
#5297=CARTESIAN_POINT('',(16.2873535156,10.0,0.0));
#5298=DIRECTION('',(0.0,-0.0,1.0));
#5299=DIRECTION('',(1.0,0.0,0.0));
#5300=AXIS2_PLACEMENT_3D('',#5297,#5298,#5299);
#5301=CYLINDRICAL_SURFACE('',#5300,0.6);
#5302=ADVANCED_FACE('no 247524',(#5296),#5301,.F.);
#5303=CARTESIAN_POINT('',(16.8873535156,-8.0,1.0));
#5304=DIRECTION('',(0.0,0.0,-1.0));
#5305=VECTOR('',#5304,1.0);
#5306=LINE('',#5303,#5305);
#5307=EDGE_CURVE('no 247855',#4954,#3572,#5306,.T.);
#5308=ORIENTED_EDGE('no 247736',*,*,#5307,.F.);
#5309=ORIENTED_EDGE('no 247728',*,*,#4960,.F.);
#5310=CARTESIAN_POINT('',(15.6873535156,-8.0,1.0));
#5311=DIRECTION('',(0.0,0.0,-1.0));
#5312=VECTOR('',#5311,1.0);
#5313=LINE('',#5310,#5312);
#5314=EDGE_CURVE('no 247857',#4946,#3574,#5313,.T.);
#5315=ORIENTED_EDGE('no 247738',*,*,#5314,.T.);
#5316=ORIENTED_EDGE('no 247815',*,*,#3587,.T.);
#5317=EDGE_LOOP('',(#5308,#5309,#5315,#5316));
#5318=FACE_OUTER_BOUND('',#5317,.F.);
#5319=CARTESIAN_POINT('',(16.2873535156,-8.0,0.0));
#5320=DIRECTION('',(0.0,-0.0,1.0));
#5321=DIRECTION('',(1.0,0.0,0.0));
#5322=AXIS2_PLACEMENT_3D('',#5319,#5320,#5321);
#5323=CYLINDRICAL_SURFACE('',#5322,0.6);
#5324=ADVANCED_FACE('no 247859',(#5318),#5323,.F.);
#5325=ORIENTED_EDGE('no 247738',*,*,#5314,.F.);
#5326=ORIENTED_EDGE('no 247728',*,*,#4982,.F.);
#5327=ORIENTED_EDGE('no 247735',*,*,#5307,.T.);
#5328=ORIENTED_EDGE('no 247815',*,*,#3580,.T.);
#5329=EDGE_LOOP('',(#5325,#5326,#5327,#5328));
#5330=FACE_OUTER_BOUND('',#5329,.F.);
#5331=CARTESIAN_POINT('',(16.2873535156,-8.0,0.0));
#5332=DIRECTION('',(0.0,-0.0,1.0));
#5333=DIRECTION('',(1.0,0.0,0.0));
#5334=AXIS2_PLACEMENT_3D('',#5331,#5332,#5333);
#5335=CYLINDRICAL_SURFACE('',#5334,0.6);
#5336=ADVANCED_FACE('no 247863',(#5330),#5335,.F.);
#5337=CARTESIAN_POINT('',(-1.2126464844,-9.0,2.0));
#5338=DIRECTION('',(0.0,0.0,-1.0));
#5339=VECTOR('',#5338,1.0);
#5340=LINE('',#5337,#5339);
#5341=EDGE_CURVE('no 248194',#5004,#3552,#5340,.T.);
#5342=ORIENTED_EDGE('no 248075',*,*,#5341,.F.);
#5343=ORIENTED_EDGE('no 248067',*,*,#5010,.F.);
#5344=CARTESIAN_POINT('',(-2.2126464844,-9.0,2.0));
#5345=DIRECTION('',(0.0,0.0,-1.0));
#5346=VECTOR('',#5345,1.0);
#5347=LINE('',#5344,#5346);
#5348=EDGE_CURVE('no 248196',#4996,#3554,#5347,.T.);
#5349=ORIENTED_EDGE('no 248077',*,*,#5348,.T.);
#5350=ORIENTED_EDGE('no 248154',*,*,#3567,.T.);
#5351=EDGE_LOOP('',(#5342,#5343,#5349,#5350));
#5352=FACE_OUTER_BOUND('',#5351,.F.);
#5353=CARTESIAN_POINT('',(-1.7126464844,-9.0,0.0));
#5354=DIRECTION('',(0.0,-0.0,1.0));
#5355=DIRECTION('',(1.0,0.0,0.0));
#5356=AXIS2_PLACEMENT_3D('',#5353,#5354,#5355);
#5357=CYLINDRICAL_SURFACE('',#5356,0.5);
#5358=ADVANCED_FACE('no 248198',(#5352),#5357,.F.);
#5359=ORIENTED_EDGE('no 248077',*,*,#5348,.F.);
#5360=ORIENTED_EDGE('no 248067',*,*,#5032,.F.);
#5361=ORIENTED_EDGE('no 248074',*,*,#5341,.T.);
#5362=ORIENTED_EDGE('no 248154',*,*,#3560,.T.);
#5363=EDGE_LOOP('',(#5359,#5360,#5361,#5362));
#5364=FACE_OUTER_BOUND('',#5363,.F.);
#5365=CARTESIAN_POINT('',(-1.7126464844,-9.0,0.0));
#5366=DIRECTION('',(0.0,-0.0,1.0));
#5367=DIRECTION('',(1.0,0.0,0.0));
#5368=AXIS2_PLACEMENT_3D('',#5365,#5366,#5367);
#5369=CYLINDRICAL_SURFACE('',#5368,0.5);
#5370=ADVANCED_FACE('no 248202',(#5364),#5369,.F.);
#5371=CARTESIAN_POINT('',(-1.2126464844,11.0,2.0));
#5372=DIRECTION('',(0.0,0.0,-1.0));
#5373=VECTOR('',#5372,1.0);
#5374=LINE('',#5371,#5373);
#5375=EDGE_CURVE('no 248533',#5054,#3532,#5374,.T.);
#5376=ORIENTED_EDGE('no 248414',*,*,#5375,.F.);
#5377=ORIENTED_EDGE('no 248406',*,*,#5060,.F.);
#5378=CARTESIAN_POINT('',(-2.2126464844,11.0,2.0));
#5379=DIRECTION('',(0.0,0.0,-1.0));
#5380=VECTOR('',#5379,1.0);
#5381=LINE('',#5378,#5380);
#5382=EDGE_CURVE('no 248535',#5046,#3534,#5381,.T.);
#5383=ORIENTED_EDGE('no 248416',*,*,#5382,.T.);
#5384=ORIENTED_EDGE('no 248493',*,*,#3547,.T.);
#5385=EDGE_LOOP('',(#5376,#5377,#5383,#5384));
#5386=FACE_OUTER_BOUND('',#5385,.F.);
#5387=CARTESIAN_POINT('',(-1.7126464844,11.0,0.0));
#5388=DIRECTION('',(0.0,-0.0,1.0));
#5389=DIRECTION('',(1.0,0.0,0.0));
#5390=AXIS2_PLACEMENT_3D('',#5387,#5388,#5389);
#5391=CYLINDRICAL_SURFACE('',#5390,0.5);
#5392=ADVANCED_FACE('no 248537',(#5386),#5391,.F.);
#5393=ORIENTED_EDGE('no 248416',*,*,#5382,.F.);
#5394=ORIENTED_EDGE('no 248406',*,*,#5082,.F.);
#5395=ORIENTED_EDGE('no 248413',*,*,#5375,.T.);
#5396=ORIENTED_EDGE('no 248493',*,*,#3540,.T.);
#5397=EDGE_LOOP('',(#5393,#5394,#5395,#5396));
#5398=FACE_OUTER_BOUND('',#5397,.F.);
#5399=CARTESIAN_POINT('',(-1.7126464844,11.0,0.0));
#5400=DIRECTION('',(0.0,-0.0,1.0));
#5401=DIRECTION('',(1.0,0.0,0.0));
#5402=AXIS2_PLACEMENT_3D('',#5399,#5400,#5401);
#5403=CYLINDRICAL_SURFACE('',#5402,0.5);
#5404=ADVANCED_FACE('no 248541',(#5398),#5403,.F.);
#5405=CARTESIAN_POINT('',(-3.1126464844,1.0,-0.2));
#5406=DIRECTION('',(-0.0,-1.0,-0.0));
#5407=DIRECTION('',(1.0,-0.0,0.0));
#5408=AXIS2_PLACEMENT_3D('',#5405,#5406,#5407);
#5409=CIRCLE('',#5408,0.2);
#5410=EDGE_CURVE('no 248964',#3514,#5094,#5409,.T.);
#5411=ORIENTED_EDGE('no 248960',*,*,#5410,.F.);
#5412=ORIENTED_EDGE('no 248958',*,*,#3527,.T.);
#5413=CARTESIAN_POINT('',(-7.3126464844,1.0,-0.2));
#5414=DIRECTION('',(-0.0,1.0,-0.0));
#5415=DIRECTION('',(-1.0,-0.0,0.0));
#5416=AXIS2_PLACEMENT_3D('',#5413,#5414,#5415);
#5417=CIRCLE('',#5416,0.2);
#5418=EDGE_CURVE('no 248968',#3512,#5103,#5417,.T.);
#5419=ORIENTED_EDGE('no 248961',*,*,#5418,.T.);
#5420=ORIENTED_EDGE('no 248959',*,*,#5115,.F.);
#5421=EDGE_LOOP('',(#5411,#5412,#5419,#5420));
#5422=FACE_OUTER_BOUND('',#5421,.F.);
#5423=CARTESIAN_POINT('',(-5.2126464844,1.0,-0.2));
#5424=DIRECTION('',(-0.0,0.0,1.0));
#5425=DIRECTION('',(0.8660254038,-0.5,0.0));
#5426=AXIS2_PLACEMENT_3D('',#5423,#5424,#5425);
#5427=TOROIDAL_SURFACE('',#5426,2.1,0.2);
#5428=ADVANCED_FACE('no 248963',(#5422),#5427,.F.);
#5429=ORIENTED_EDGE('no 248976',*,*,#5418,.F.);
#5430=ORIENTED_EDGE('no 248974',*,*,#3520,.T.);
#5431=ORIENTED_EDGE('no 248977',*,*,#5410,.T.);
#5432=ORIENTED_EDGE('no 248975',*,*,#5133,.F.);
#5433=EDGE_LOOP('',(#5429,#5430,#5431,#5432));
#5434=FACE_OUTER_BOUND('',#5433,.F.);
#5435=CARTESIAN_POINT('',(-5.2126464844,1.0,-0.2));
#5436=DIRECTION('',(0.0,-0.0,1.0));
#5437=DIRECTION('',(-0.5,0.8660254038,0.0));
#5438=AXIS2_PLACEMENT_3D('',#5435,#5436,#5437);
#5439=TOROIDAL_SURFACE('',#5438,2.1,0.2);
#5440=ADVANCED_FACE('no 248979',(#5434),#5439,.F.);
#5441=ORIENTED_EDGE('no 194621',*,*,#3919,.F.);
#5442=ORIENTED_EDGE('no 194538',*,*,#3495,.F.);
#5443=ORIENTED_EDGE('no 194591',*,*,#4519,.T.);
#5444=ORIENTED_EDGE('no 194537',*,*,#4238,.T.);
#5445=EDGE_LOOP('',(#5441,#5442,#5443,#5444));
#5446=FACE_OUTER_BOUND('',#5445,.T.);
#5447=CARTESIAN_POINT('',(-6.4626464844,-5.9915082826,1.0));
#5448=DIRECTION('',(-1.0,-0.0,0.0));
#5449=DIRECTION('',(0.0,-0.81691659,-0.5767558278));
#5450=AXIS2_PLACEMENT_3D('',#5447,#5448,#5449);
#5451=CYLINDRICAL_SURFACE('',#5450,1.0);
#5452=ADVANCED_FACE('no 235729',(#5446),#5451,.T.);
#5453=CARTESIAN_POINT('',(-19.2126464844,7.5,1.5));
#5454=VERTEX_POINT('',#5453);
#5455=CARTESIAN_POINT('',(-31.2126464844,7.5,1.5));
#5456=DIRECTION('',(1.0,0.0,0.0));
#5457=VECTOR('',#5456,1.0);
#5458=LINE('',#5455,#5457);
#5459=EDGE_CURVE('no 240646',#3948,#5454,#5458,.T.);
#5460=ORIENTED_EDGE('no 240150',*,*,#5459,.F.);
#5461=ORIENTED_EDGE('no 240165',*,*,#3953,.T.);
#5462=ORIENTED_EDGE('no 240151',*,*,#4190,.T.);
#5463=CARTESIAN_POINT('',(-19.2126464844,7.5,1.5));
#5464=DIRECTION('',(0.0,-1.0,0.0));
#5465=VECTOR('',#5464,1.0);
#5466=LINE('',#5463,#5465);
#5467=EDGE_CURVE('no 240111',#5454,#4185,#5466,.T.);
#5468=ORIENTED_EDGE('no 240171',*,*,#5467,.F.);
#5469=EDGE_LOOP('',(#5460,#5461,#5462,#5468));
#5470=FACE_OUTER_BOUND('',#5469,.T.);
#5471=CARTESIAN_POINT('',(-31.2126464844,7.5,1.5));
#5472=DIRECTION('',(-0.0,0.0,1.0));
#5473=DIRECTION('',(0.0,-1.0,0.0));
#5474=AXIS2_PLACEMENT_3D('',#5471,#5472,#5473);
#5475=PLANE('',#5474);
#5476=ADVANCED_FACE('no 240633',(#5470),#5475,.T.);
#5477=ORIENTED_EDGE('no 194350',*,*,#3909,.F.);
#5478=CARTESIAN_POINT('',(-19.7126464844,8.8084248726,0.4232441722));
#5479=VERTEX_POINT('',#5478);
#5480=CARTESIAN_POINT('',(-19.7126464844,8.8084248726,0.4232441722));
#5481=DIRECTION('',(-1.0,0.0,0.0));
#5482=VECTOR('',#5481,1.0);
#5483=LINE('',#5480,#5482);
#5484=EDGE_CURVE('no 194317',#5479,#3896,#5483,.T.);
#5485=ORIENTED_EDGE('no 194336',*,*,#5484,.F.);
#5486=CARTESIAN_POINT('',(-19.7126464844,7.9915082826,1.0));
#5487=DIRECTION('',(-1.0,0.0,0.0));
#5488=DIRECTION('',(0.0,0.0,-1.0));
#5489=AXIS2_PLACEMENT_3D('',#5486,#5487,#5488);
#5490=CIRCLE('',#5489,1.0);
#5491=EDGE_CURVE('no 194403',#5479,#3466,#5490,.T.);
#5492=ORIENTED_EDGE('no 194398',*,*,#5491,.T.);
#5493=ORIENTED_EDGE('no 194335',*,*,#3479,.T.);
#5494=EDGE_LOOP('',(#5477,#5485,#5492,#5493));
#5495=FACE_OUTER_BOUND('',#5494,.T.);
#5496=CARTESIAN_POINT('',(-6.4626464844,7.9915082826,1.0));
#5497=DIRECTION('',(-1.0,0.0,0.0));
#5498=DIRECTION('',(0.0,0.0,-1.0));
#5499=AXIS2_PLACEMENT_3D('',#5496,#5497,#5498);
#5500=CYLINDRICAL_SURFACE('',#5499,1.0);
#5501=ADVANCED_FACE('no 235731',(#5495),#5500,.T.);
#5502=ORIENTED_EDGE('no 191669',*,*,#3471,.T.);
#5503=ORIENTED_EDGE('no 194399',*,*,#5491,.F.);
#5504=CARTESIAN_POINT('',(-19.7126464844,12.0,10.0));
#5505=VERTEX_POINT('',#5504);
#5506=CARTESIAN_POINT('',(-19.7126464844,-5.4642857143,10.5));
#5507=DIRECTION('',(-1.0,0.0,0.0));
#5508=DIRECTION('',(0.0,-1.0,0.0));
#5509=AXIS2_PLACEMENT_3D('',#5506,#5507,#5508);
#5510=CIRCLE('',#5509,17.4714417124);
#5511=EDGE_CURVE('no 194451',#5505,#5479,#5510,.T.);
#5512=ORIENTED_EDGE('no 193673',*,*,#5511,.F.);
#5513=CARTESIAN_POINT('',(-19.7126464844,12.0,0.0));
#5514=DIRECTION('',(0.0,0.0,1.0));
#5515=VECTOR('',#5514,1.0);
#5516=LINE('',#5513,#5515);
#5517=EDGE_CURVE('no 194195',#3458,#5505,#5516,.T.);
#5518=ORIENTED_EDGE('no 191657',*,*,#5517,.F.);
#5519=EDGE_LOOP('',(#5502,#5503,#5512,#5518));
#5520=FACE_OUTER_BOUND('',#5519,.T.);
#5521=CARTESIAN_POINT('',(-19.7126464844,12.0,0.0));
#5522=DIRECTION('',(-1.0,0.0,0.0));
#5523=DIRECTION('',(0.0,-1.0,0.0));
#5524=AXIS2_PLACEMENT_3D('',#5521,#5522,#5523);
#5525=PLANE('',#5524);
#5526=ADVANCED_FACE('no 194459',(#5520),#5525,.T.);
#5527=CARTESIAN_POINT('',(19.2873535156,-1.5,10.0));
#5528=VERTEX_POINT('',#5527);
#5529=CARTESIAN_POINT('',(18.2873535156,-1.5,10.0));
#5530=DIRECTION('',(1.0,0.0,0.0));
#5531=VECTOR('',#5530,1.0);
#5532=LINE('',#5529,#5531);
#5533=EDGE_CURVE('no 242599',#5528,#4291,#5532,.T.);
#5534=ORIENTED_EDGE('no 241546',*,*,#5533,.F.);
#5535=CARTESIAN_POINT('',(19.2873535156,-1.5,9.0));
#5536=VERTEX_POINT('',#5535);
#5537=CARTESIAN_POINT('',(19.2873535156,-1.5,10.0));
#5538=DIRECTION('',(0.0,0.0,-1.0));
#5539=VECTOR('',#5538,1.0);
#5540=LINE('',#5537,#5539);
#5541=EDGE_CURVE('no 242336',#5528,#5536,#5540,.T.);
#5542=ORIENTED_EDGE('no 242051',*,*,#5541,.T.);
#5543=CARTESIAN_POINT('',(18.2873535156,-1.5,9.0));
#5544=DIRECTION('',(1.0,0.0,0.0));
#5545=VECTOR('',#5544,1.0);
#5546=LINE('',#5543,#5545);
#5547=EDGE_CURVE('no 242597',#5536,#4281,#5546,.T.);
#5548=ORIENTED_EDGE('no 241540',*,*,#5547,.T.);
#5549=ORIENTED_EDGE('no 242505',*,*,#4303,.F.);
#5550=EDGE_LOOP('',(#5534,#5542,#5548,#5549));
#5551=FACE_OUTER_BOUND('',#5550,.T.);
#5552=CARTESIAN_POINT('',(18.2873535156,-1.5,10.0));
#5553=DIRECTION('',(0.0,-1.0,0.0));
#5554=DIRECTION('',(0.0,0.0,-1.0));
#5555=AXIS2_PLACEMENT_3D('',#5552,#5553,#5554);
#5556=PLANE('',#5555);
#5557=ADVANCED_FACE('no 242601',(#5551),#5556,.T.);
#5558=CARTESIAN_POINT('',(18.2873535156,-2.5,10.0));
#5559=VERTEX_POINT('',#5558);
#5560=CARTESIAN_POINT('',(19.2873535156,-2.5,10.0));
#5561=DIRECTION('',(-0.0,-0.0,1.0));
#5562=DIRECTION('',(-1.0,0.0,0.0));
#5563=AXIS2_PLACEMENT_3D('',#5560,#5561,#5562);
#5564=CIRCLE('',#5563,1.0);
#5565=EDGE_CURVE('no 242339',#5528,#5559,#5564,.T.);
#5566=ORIENTED_EDGE('no 242334',*,*,#5565,.F.);
#5567=ORIENTED_EDGE('no 242296',*,*,#5541,.T.);
#5568=CARTESIAN_POINT('',(18.2873535156,-2.5,9.0));
#5569=VERTEX_POINT('',#5568);
#5570=CARTESIAN_POINT('',(19.2873535156,-2.5,9.0));
#5571=DIRECTION('',(0.0,0.0,-1.0));
#5572=DIRECTION('',(-1.0,0.0,0.0));
#5573=AXIS2_PLACEMENT_3D('',#5570,#5571,#5572);
#5574=CIRCLE('',#5573,1.0);
#5575=EDGE_CURVE('no 242289',#5569,#5536,#5574,.T.);
#5576=ORIENTED_EDGE('no 242292',*,*,#5575,.F.);
#5577=CARTESIAN_POINT('',(18.2873535156,-2.5,10.0));
#5578=DIRECTION('',(0.0,0.0,-1.0));
#5579=VECTOR('',#5578,1.0);
#5580=LINE('',#5577,#5579);
#5581=EDGE_CURVE('no 242344',#5559,#5569,#5580,.T.);
#5582=ORIENTED_EDGE('no 242303',*,*,#5581,.F.);
#5583=EDGE_LOOP('',(#5566,#5567,#5576,#5582));
#5584=FACE_OUTER_BOUND('',#5583,.F.);
#5585=CARTESIAN_POINT('',(19.2873535156,-2.5,5.0));
#5586=DIRECTION('',(0.0,0.0,-1.0));
#5587=DIRECTION('',(-1.0,0.0,0.0));
#5588=AXIS2_PLACEMENT_3D('',#5585,#5586,#5587);
#5589=CYLINDRICAL_SURFACE('',#5588,1.0);
#5590=ADVANCED_FACE('no 242337',(#5584),#5589,.F.);
#5591=ORIENTED_EDGE('no 191670',*,*,#3429,.T.);
#5592=ORIENTED_EDGE('no 191660',*,*,#4526,.T.);
#5593=CARTESIAN_POINT('',(18.2873535156,-10.0,10.0));
#5594=DIRECTION('',(-1.0,0.0,0.0));
#5595=VECTOR('',#5594,1.0);
#5596=LINE('',#5593,#5595);
#5597=EDGE_CURVE('no 194193',#4249,#4219,#5596,.T.);
#5598=ORIENTED_EDGE('no 191674',*,*,#5597,.F.);
#5599=ORIENTED_EDGE('no 191985',*,*,#4263,.F.);
#5600=EDGE_LOOP('',(#5591,#5592,#5598,#5599));
#5601=FACE_OUTER_BOUND('',#5600,.F.);
#5602=CARTESIAN_POINT('',(18.2873535156,-10.0,0.0));
#5603=DIRECTION('',(0.0,1.0,-0.0));
#5604=DIRECTION('',(-1.0,0.0,0.0));
#5605=AXIS2_PLACEMENT_3D('',#5602,#5603,#5604);
#5606=PLANE('',#5605);
#5607=ADVANCED_FACE('no 194153',(#5601),#5606,.F.);
#5608=CARTESIAN_POINT('',(-19.2126464844,10.49932761,10.0));
#5609=VERTEX_POINT('',#5608);
#5610=CARTESIAN_POINT('',(-19.2126464844,-4.3642205352,10.4656079154));
#5611=DIRECTION('',(-1.0,0.0,0.0));
#5612=DIRECTION('',(0.0,-1.0,0.0));
#5613=AXIS2_PLACEMENT_3D('',#5610,#5611,#5612);
#5614=CIRCLE('',#5613,14.8708390549);
#5615=EDGE_CURVE('no 240722',#5609,#5454,#5614,.T.);
#5616=ORIENTED_EDGE('no 240182',*,*,#5615,.T.);
#5617=ORIENTED_EDGE('no 240183',*,*,#5467,.T.);
#5618=ORIENTED_EDGE('no 240184',*,*,#4206,.T.);
#5619=CARTESIAN_POINT('',(-19.2126464844,0.0,10.0));
#5620=DIRECTION('',(0.0,-1.0,0.0));
#5621=VECTOR('',#5620,1.0);
#5622=LINE('',#5619,#5621);
#5623=EDGE_CURVE('no 240716',#4115,#4194,#5622,.T.);
#5624=ORIENTED_EDGE('no 240401',*,*,#5623,.F.);
#5625=ORIENTED_EDGE('no 240311',*,*,#4128,.F.);
#5626=ORIENTED_EDGE('no 240321',*,*,#4466,.F.);
#5627=ORIENTED_EDGE('no 240301',*,*,#3994,.T.);
#5628=CARTESIAN_POINT('',(-19.2126464844,0.0,10.0));
#5629=DIRECTION('',(0.0,-1.0,0.0));
#5630=VECTOR('',#5629,1.0);
#5631=LINE('',#5628,#5630);
#5632=EDGE_CURVE('no 240713',#5609,#3989,#5631,.T.);
#5633=ORIENTED_EDGE('no 240401',*,*,#5632,.F.);
#5634=EDGE_LOOP('',(#5616,#5617,#5618,#5624,#5625,#5626,#5627,#5633));
#5635=FACE_OUTER_BOUND('',#5634,.T.);
#5636=CARTESIAN_POINT('',(-19.2126464844,0.0,0.0));
#5637=DIRECTION('',(-1.0,0.0,0.0));
#5638=DIRECTION('',(0.0,-1.0,0.0));
#5639=AXIS2_PLACEMENT_3D('',#5636,#5637,#5638);
#5640=PLANE('',#5639);
#5641=ADVANCED_FACE('no 240723',(#5635),#5640,.T.);
#5642=CARTESIAN_POINT('',(-31.2126464844,10.49932761,10.0));
#5643=DIRECTION('',(1.0,0.0,0.0));
#5644=VECTOR('',#5643,1.0);
#5645=LINE('',#5642,#5644);
#5646=EDGE_CURVE('no 240712',#3886,#5609,#5645,.T.);
#5647=ORIENTED_EDGE('no 240148',*,*,#5646,.F.);
#5648=ORIENTED_EDGE('no 240164',*,*,#3960,.T.);
#5649=ORIENTED_EDGE('no 240149',*,*,#5459,.T.);
#5650=ORIENTED_EDGE('no 240170',*,*,#5615,.F.);
#5651=EDGE_LOOP('',(#5647,#5648,#5649,#5650));
#5652=FACE_OUTER_BOUND('',#5651,.T.);
#5653=CARTESIAN_POINT('',(-25.2126464844,-4.3642205352,10.4656079154));
#5654=DIRECTION('',(-1.0,0.0,0.0));
#5655=DIRECTION('',(0.0,-1.0,0.0));
#5656=AXIS2_PLACEMENT_3D('',#5653,#5654,#5655);
#5657=CYLINDRICAL_SURFACE('',#5656,14.8708390549);
#5658=ADVANCED_FACE('no 240720',(#5652),#5657,.F.);
#5659=ORIENTED_EDGE('no 193669',*,*,#3902,.F.);
#5660=CARTESIAN_POINT('',(-19.7126464844,12.0,10.0));
#5661=DIRECTION('',(-1.0,0.0,0.0));
#5662=VECTOR('',#5661,1.0);
#5663=LINE('',#5660,#5662);
#5664=EDGE_CURVE('no 194240',#5505,#3888,#5663,.T.);
#5665=ORIENTED_EDGE('no 193657',*,*,#5664,.F.);
#5666=ORIENTED_EDGE('no 193665',*,*,#5511,.T.);
#5667=ORIENTED_EDGE('no 194278',*,*,#5484,.T.);
#5668=EDGE_LOOP('',(#5659,#5665,#5666,#5667));
#5669=FACE_OUTER_BOUND('',#5668,.T.);
#5670=CARTESIAN_POINT('',(-25.4626464844,-5.4642857143,10.5));
#5671=DIRECTION('',(-1.0,0.0,0.0));
#5672=DIRECTION('',(0.0,-1.0,0.0));
#5673=AXIS2_PLACEMENT_3D('',#5670,#5671,#5672);
#5674=CYLINDRICAL_SURFACE('',#5673,17.4714417124);
#5675=ADVANCED_FACE('no 194463',(#5669),#5674,.T.);
#5676=CARTESIAN_POINT('',(-19.7126464844,12.0,10.0));
#5677=DIRECTION('',(1.0,0.0,0.0));
#5678=VECTOR('',#5677,1.0);
#5679=LINE('',#5676,#5678);
#5680=EDGE_CURVE('no 194194',#5505,#3856,#5679,.T.);
#5681=ORIENTED_EDGE('no 191676',*,*,#5680,.F.);
#5682=ORIENTED_EDGE('no 191658',*,*,#5517,.F.);
#5683=ORIENTED_EDGE('no 191672',*,*,#3463,.T.);
#5684=ORIENTED_EDGE('no 191861',*,*,#3875,.T.);
#5685=EDGE_LOOP('',(#5681,#5682,#5683,#5684));
#5686=FACE_OUTER_BOUND('',#5685,.F.);
#5687=CARTESIAN_POINT('',(-19.7126464844,12.0,0.0));
#5688=DIRECTION('',(0.0,-1.0,0.0));
#5689=DIRECTION('',(1.0,0.0,0.0));
#5690=AXIS2_PLACEMENT_3D('',#5687,#5688,#5689);
#5691=PLANE('',#5690);
#5692=ADVANCED_FACE('no 194155',(#5686),#5691,.F.);
#5693=CARTESIAN_POINT('',(18.2873535156,-10.0,10.0));
#5694=DIRECTION('',(0.0,1.0,0.0));
#5695=VECTOR('',#5694,1.0);
#5696=LINE('',#5693,#5695);
#5697=EDGE_CURVE('no 242365',#4251,#5559,#5696,.T.);
#5698=ORIENTED_EDGE('no 191675',*,*,#5697,.F.);
#5699=ORIENTED_EDGE('no 191983',*,*,#4270,.F.);
#5700=ORIENTED_EDGE('no 191671',*,*,#3446,.T.);
#5701=ORIENTED_EDGE('no 191863',*,*,#3868,.T.);
#5702=CARTESIAN_POINT('',(18.2873535156,4.5,10.0));
#5703=VERTEX_POINT('',#5702);
#5704=CARTESIAN_POINT('',(18.2873535156,-10.0,10.0));
#5705=DIRECTION('',(0.0,1.0,0.0));
#5706=VECTOR('',#5705,1.0);
#5707=LINE('',#5704,#5706);
#5708=EDGE_CURVE('no 242366',#5703,#3854,#5707,.T.);
#5709=ORIENTED_EDGE('no 191675',*,*,#5708,.F.);
#5710=CARTESIAN_POINT('',(18.2873535156,4.5,9.0));
#5711=VERTEX_POINT('',#5710);
#5712=CARTESIAN_POINT('',(18.2873535156,4.5,0.0));
#5713=DIRECTION('',(0.0,0.0,1.0));
#5714=VECTOR('',#5713,1.0);
#5715=LINE('',#5712,#5714);
#5716=EDGE_CURVE('no 242362',#5711,#5703,#5715,.T.);
#5717=ORIENTED_EDGE('no 208611',*,*,#5716,.F.);
#5718=CARTESIAN_POINT('',(18.2873535156,0.0,9.0));
#5719=DIRECTION('',(0.0,1.0,0.0));
#5720=VECTOR('',#5719,1.0);
#5721=LINE('',#5718,#5720);
#5722=EDGE_CURVE('no 242307',#5569,#5711,#5721,.T.);
#5723=ORIENTED_EDGE('no 208365',*,*,#5722,.F.);
#5724=ORIENTED_EDGE('no 208855',*,*,#5581,.F.);
#5725=EDGE_LOOP('',(#5698,#5699,#5700,#5701,#5709,#5717,#5723,#5724));
#5726=FACE_OUTER_BOUND('',#5725,.T.);
#5727=CARTESIAN_POINT('',(18.2873535156,-10.0,0.0));
#5728=DIRECTION('',(1.0,0.0,0.0));
#5729=DIRECTION('',(0.0,1.0,0.0));
#5730=AXIS2_PLACEMENT_3D('',#5727,#5728,#5729);
#5731=PLANE('',#5730);
#5732=ADVANCED_FACE('no 242363',(#5726),#5731,.T.);
#5733=CARTESIAN_POINT('',(19.2873535156,4.5,9.0));
#5734=DIRECTION('',(-0.0,-0.0,-1.0));
#5735=DIRECTION('',(-1.0,0.0,0.0));
#5736=AXIS2_PLACEMENT_3D('',#5733,#5734,#5735);
#5737=CIRCLE('',#5736,1.0);
#5738=EDGE_CURVE('no 242318',#3823,#5711,#5737,.T.);
#5739=ORIENTED_EDGE('no 242312',*,*,#5738,.F.);
#5740=ORIENTED_EDGE('no 242322',*,*,#3836,.T.);
#5741=CARTESIAN_POINT('',(19.2873535156,4.5,10.0));
#5742=DIRECTION('',(0.0,0.0,1.0));
#5743=DIRECTION('',(-1.0,0.0,0.0));
#5744=AXIS2_PLACEMENT_3D('',#5741,#5742,#5743);
#5745=CIRCLE('',#5744,1.0);
#5746=EDGE_CURVE('no 242357',#5703,#3831,#5745,.T.);
#5747=ORIENTED_EDGE('no 242352',*,*,#5746,.F.);
#5748=ORIENTED_EDGE('no 242315',*,*,#5716,.F.);
#5749=EDGE_LOOP('',(#5739,#5740,#5747,#5748));
#5750=FACE_OUTER_BOUND('',#5749,.F.);
#5751=CARTESIAN_POINT('',(19.2873535156,4.5,5.0));
#5752=DIRECTION('',(0.0,0.0,1.0));
#5753=DIRECTION('',(-1.0,0.0,0.0));
#5754=AXIS2_PLACEMENT_3D('',#5751,#5752,#5753);
#5755=CYLINDRICAL_SURFACE('',#5754,1.0);
#5756=ADVANCED_FACE('no 242355',(#5750),#5755,.F.);
#5757=ORIENTED_EDGE('no 241539',*,*,#5547,.F.);
#5758=ORIENTED_EDGE('no 242211',*,*,#5575,.F.);
#5759=ORIENTED_EDGE('no 241551',*,*,#5722,.T.);
#5760=ORIENTED_EDGE('no 241967',*,*,#5738,.F.);
#5761=ORIENTED_EDGE('no 241541',*,*,#3828,.T.);
#5762=ORIENTED_EDGE('no 242448',*,*,#3806,.T.);
#5763=ORIENTED_EDGE('no 241555',*,*,#3757,.F.);
#5764=ORIENTED_EDGE('no 242579',*,*,#4287,.T.);
#5765=EDGE_LOOP('',(#5757,#5758,#5759,#5760,#5761,#5762,#5763,#5764));
#5766=FACE_OUTER_BOUND('',#5765,.T.);
#5767=CARTESIAN_POINT('',(18.7873535156,1.0,9.0));
#5768=VERTEX_POINT('',#5767);
#5769=CARTESIAN_POINT('',(21.7873535156,1.0,9.0));
#5770=VERTEX_POINT('',#5769);
#5771=CARTESIAN_POINT('',(20.2873535156,1.0,9.0));
#5772=DIRECTION('',(0.0,0.0,-1.0));
#5773=DIRECTION('',(0.0,1.0,0.0));
#5774=AXIS2_PLACEMENT_3D('',#5771,#5772,#5773);
#5775=CIRCLE('',#5774,1.5);
#5776=EDGE_CURVE('no 250210',#5768,#5770,#5775,.T.);
#5777=ORIENTED_EDGE('no 250138',*,*,#5776,.F.);
#5778=CARTESIAN_POINT('',(20.2873535156,1.0,9.0));
#5779=DIRECTION('',(0.0,0.0,-1.0));
#5780=DIRECTION('',(0.0,1.0,0.0));
#5781=AXIS2_PLACEMENT_3D('',#5778,#5779,#5780);
#5782=CIRCLE('',#5781,1.5);
#5783=EDGE_CURVE('no 250233',#5770,#5768,#5782,.T.);
#5784=ORIENTED_EDGE('no 250138',*,*,#5783,.F.);
#5785=EDGE_LOOP('',(#5777,#5784));
#5786=FACE_BOUND('',#5785,.T.);
#5787=CARTESIAN_POINT('',(18.2873535156,-1.5,9.0));
#5788=DIRECTION('',(0.0,0.0,-1.0));
#5789=DIRECTION('',(0.0,1.0,0.0));
#5790=AXIS2_PLACEMENT_3D('',#5787,#5788,#5789);
#5791=PLANE('',#5790);
#5792=ADVANCED_FACE('no 250275',(#5766,#5786),#5791,.T.);
#5793=ORIENTED_EDGE('no 241557',*,*,#3773,.F.);
#5794=ORIENTED_EDGE('no 242457',*,*,#3796,.T.);
#5795=ORIENTED_EDGE('no 241544',*,*,#3842,.F.);
#5796=ORIENTED_EDGE('no 208725',*,*,#5746,.F.);
#5797=ORIENTED_EDGE('no 191679',*,*,#5708,.T.);
#5798=ORIENTED_EDGE('no 191935',*,*,#3862,.T.);
#5799=ORIENTED_EDGE('no 191680',*,*,#5680,.F.);
#5800=ORIENTED_EDGE('no 193656',*,*,#5664,.T.);
#5801=ORIENTED_EDGE('no 193668',*,*,#3893,.F.);
#5802=ORIENTED_EDGE('no 240330',*,*,#5646,.T.);
#5803=ORIENTED_EDGE('no 240400',*,*,#5632,.T.);
#5804=ORIENTED_EDGE('no 192957',*,*,#4002,.T.);
#5805=ORIENTED_EDGE('no 192956',*,*,#4080,.F.);
#5806=ORIENTED_EDGE('no 192955',*,*,#4120,.T.);
#5807=ORIENTED_EDGE('no 240400',*,*,#5623,.T.);
#5808=ORIENTED_EDGE('no 240370',*,*,#4199,.T.);
#5809=ORIENTED_EDGE('no 193668',*,*,#3936,.F.);
#5810=ORIENTED_EDGE('no 193655',*,*,#4231,.F.);
#5811=ORIENTED_EDGE('no 191678',*,*,#5597,.F.);
#5812=ORIENTED_EDGE('no 192057',*,*,#4257,.T.);
#5813=ORIENTED_EDGE('no 191679',*,*,#5697,.T.);
#5814=ORIENTED_EDGE('no 208969',*,*,#5565,.F.);
#5815=ORIENTED_EDGE('no 241545',*,*,#5533,.T.);
#5816=ORIENTED_EDGE('no 242570',*,*,#4297,.T.);
#5817=EDGE_LOOP('',(
    #5793,#5794,#5795,#5796,#5797,#5798,#5799,#5800,#5801,#5802,
    #5803,#5804,#5805,#5806,#5807,#5808,#5809,#5810,#5811,#5812,
    #5813,#5814,#5815,#5816));
#5818=FACE_OUTER_BOUND('',#5817,.T.);
#5819=CARTESIAN_POINT('',(21.7873535156,1.0,10.0));
#5820=VERTEX_POINT('',#5819);
#5821=CARTESIAN_POINT('',(18.7873535156,1.0,10.0));
#5822=VERTEX_POINT('',#5821);
#5823=CARTESIAN_POINT('',(20.2873535156,1.0,10.0));
#5824=DIRECTION('',(0.0,0.0,1.0));
#5825=DIRECTION('',(1.0,0.0,0.0));
#5826=AXIS2_PLACEMENT_3D('',#5823,#5824,#5825);
#5827=CIRCLE('',#5826,1.5);
#5828=EDGE_CURVE('no 250303',#5820,#5822,#5827,.T.);
#5829=ORIENTED_EDGE('no 250104',*,*,#5828,.F.);
#5830=CARTESIAN_POINT('',(20.2873535156,1.0,10.0));
#5831=DIRECTION('',(0.0,0.0,1.0));
#5832=DIRECTION('',(1.0,0.0,0.0));
#5833=AXIS2_PLACEMENT_3D('',#5830,#5831,#5832);
#5834=CIRCLE('',#5833,1.5);
#5835=EDGE_CURVE('no 250299',#5822,#5820,#5834,.T.);
#5836=ORIENTED_EDGE('no 250118',*,*,#5835,.F.);
#5837=EDGE_LOOP('',(#5829,#5836));
#5838=FACE_BOUND('',#5837,.T.);
#5839=ORIENTED_EDGE('no 243793',*,*,#4329,.F.);
#5840=ORIENTED_EDGE('no 243793',*,*,#4376,.F.);
#5841=EDGE_LOOP('',(#5839,#5840));
#5842=FACE_BOUND('',#5841,.T.);
#5843=ORIENTED_EDGE('no 242934',*,*,#4403,.F.);
#5844=ORIENTED_EDGE('no 242934',*,*,#4426,.F.);
#5845=EDGE_LOOP('',(#5843,#5844));
#5846=FACE_BOUND('',#5845,.T.);
#5847=CARTESIAN_POINT('',(0.0,0.0,10.0));
#5848=DIRECTION('',(0.0,0.0,1.0));
#5849=DIRECTION('',(1.0,0.0,0.0));
#5850=AXIS2_PLACEMENT_3D('',#5847,#5848,#5849);
#5851=PLANE('',#5850);
#5852=ADVANCED_FACE('no 250279',(#5818,#5838,#5842,#5846),#5851,.T.);
#5853=CARTESIAN_POINT('',(18.7873535156,1.0,10.0));
#5854=DIRECTION('',(0.0,0.0,-1.0));
#5855=VECTOR('',#5854,1.0);
#5856=LINE('',#5853,#5855);
#5857=EDGE_CURVE('no 250300',#5822,#5768,#5856,.T.);
#5858=ORIENTED_EDGE('no 250022',*,*,#5857,.F.);
#5859=ORIENTED_EDGE('no 250012',*,*,#5828,.F.);
#5860=CARTESIAN_POINT('',(21.7873535156,1.0,10.0));
#5861=DIRECTION('',(0.0,0.0,-1.0));
#5862=VECTOR('',#5861,1.0);
#5863=LINE('',#5860,#5862);
#5864=EDGE_CURVE('no 250296',#5820,#5770,#5863,.T.);
#5865=ORIENTED_EDGE('no 250019',*,*,#5864,.T.);
#5866=ORIENTED_EDGE('no 250137',*,*,#5776,.F.);
#5867=EDGE_LOOP('',(#5858,#5859,#5865,#5866));
#5868=FACE_OUTER_BOUND('',#5867,.F.);
#5869=CARTESIAN_POINT('',(20.2873535156,1.0,9.0));
#5870=DIRECTION('',(0.0,-0.0,1.0));
#5871=DIRECTION('',(1.0,0.0,0.0));
#5872=AXIS2_PLACEMENT_3D('',#5869,#5870,#5871);
#5873=CYLINDRICAL_SURFACE('',#5872,1.5);
#5874=ADVANCED_FACE('no 250301',(#5868),#5873,.F.);
#5875=ORIENTED_EDGE('no 250020',*,*,#5864,.F.);
#5876=ORIENTED_EDGE('no 250012',*,*,#5835,.F.);
#5877=ORIENTED_EDGE('no 250022',*,*,#5857,.T.);
#5878=ORIENTED_EDGE('no 250137',*,*,#5783,.F.);
#5879=EDGE_LOOP('',(#5875,#5876,#5877,#5878));
#5880=FACE_OUTER_BOUND('',#5879,.F.);
#5881=CARTESIAN_POINT('',(20.2873535156,1.0,9.0));
#5882=DIRECTION('',(0.0,-0.0,1.0));
#5883=DIRECTION('',(1.0,0.0,0.0));
#5884=AXIS2_PLACEMENT_3D('',#5881,#5882,#5883);
#5885=CYLINDRICAL_SURFACE('',#5884,1.5);
#5886=ADVANCED_FACE('no 250292',(#5880),#5885,.F.);
#5887=CLOSED_SHELL('PartBody',(
    #3153,#3186,#3219,#3277,#3301,#3326,#3369,#3386,#3403,#3420,
    #3748,#3788,#3821,#3852,#3884,#3969,#4065,#4096,#4183,#4215,
    #4247,#4279,#4312,#4368,#4386,#4418,#4460,#4513,#4536,#4580,
    #4604,#4634,#4668,#4686,#4718,#4736,#4759,#4770,#4787,#4804,
    #4822,#4840,#4866,#4892,#4925,#4942,#4975,#4992,#5025,#5042,
    #5075,#5092,#5124,#5142,#5159,#5176,#5188,#5205,#5222,#5234,
    #5256,#5268,#5290,#5302,#5324,#5336,#5358,#5370,#5392,#5404,
    #5428,#5440,#5452,#5476,#5501,#5526,#5557,#5590,#5607,#5641,
    #5658,#5675,#5692,#5732,#5756,#5792,#5852,#5874,#5886));
#5888=MANIFOLD_SOLID_BREP('PartBody',#5887);
#5889=STYLED_ITEM('',(#2962),#5888);
#5890=CARTESIAN_POINT('',(0.,0.,0.));
#5891=DIRECTION('',(0.,0.,1.));
#5892=DIRECTION('',(1.,0.,0.));
#5893=AXIS2_PLACEMENT_3D('Reference Axes',#5890,#5891,#5892);
#5894=SHAPE_REPRESENTATION('',(#5893,#5888),#3103);
#5895=SHAPE_DEFINITION_REPRESENTATION(#3110,#5894);
#5896=MEASURE_REPRESENTATION_ITEM('',NUMERIC_MEASURE(1000.0),#2975);
#5897=PROPERTY_DEFINITION('Density','system property',#3109);
#5898=REPRESENTATION('',(#5896),#3103);
#5899=PROPERTY_DEFINITION_REPRESENTATION(#5897,#5898);
#5900=ID_ATTRIBUTE('mass property',#5897);
#5901=GENERAL_PROPERTY_ASSOCIATION('',$,#2970,#5897);
#5902=MEASURE_REPRESENTATION_ITEM('',VOLUME_MEASURE(0.0),#2984);
#5903=PROPERTY_DEFINITION('Volume','system property',#3109);
#5904=REPRESENTATION('',(#5902),#3103);
#5905=PROPERTY_DEFINITION_REPRESENTATION(#5903,#5904);
#5906=ID_ATTRIBUTE('mass property',#5903);
#5907=GENERAL_PROPERTY_ASSOCIATION('',$,#2982,#5903);
#5908=MEASURE_REPRESENTATION_ITEM('',MASS_MEASURE(0.0),#2971);
#5909=PROPERTY_DEFINITION('Mass','system property',#3109);
#5910=REPRESENTATION('',(#5908),#3103);
#5911=PROPERTY_DEFINITION_REPRESENTATION(#5909,#5910);
#5912=ID_ATTRIBUTE('mass property',#5909);
#5913=GENERAL_PROPERTY_ASSOCIATION('',$,#2991,#5909);
#5914=MEASURE_REPRESENTATION_ITEM('',AREA_MEASURE(0.0),#3000);
#5915=PROPERTY_DEFINITION('Surface','system property',#3109);
#5916=REPRESENTATION('',(#5914),#3103);
#5917=PROPERTY_DEFINITION_REPRESENTATION(#5915,#5916);
#5918=ID_ATTRIBUTE('mass property',#5915);
#5919=GENERAL_PROPERTY_ASSOCIATION('',$,#2998,#5915);
#5920=MEASURE_REPRESENTATION_ITEM('',LENGTH_MEASURE(0.0),#2973);
#5921=PROPERTY_DEFINITION('xCenterOfGravity','system property',#3109);
#5922=REPRESENTATION('',(#5920),#3103);
#5923=PROPERTY_DEFINITION_REPRESENTATION(#5921,#5922);
#5924=ID_ATTRIBUTE('mass property',#5921);
#5925=GENERAL_PROPERTY_ASSOCIATION('',$,#3007,#5921);
#5926=MEASURE_REPRESENTATION_ITEM('',LENGTH_MEASURE(0.0),#2973);
#5927=PROPERTY_DEFINITION('yCenterOfGravity','system property',#3109);
#5928=REPRESENTATION('',(#5926),#3103);
#5929=PROPERTY_DEFINITION_REPRESENTATION(#5927,#5928);
#5930=ID_ATTRIBUTE('mass property',#5927);
#5931=GENERAL_PROPERTY_ASSOCIATION('',$,#3014,#5927);
#5932=MEASURE_REPRESENTATION_ITEM('',LENGTH_MEASURE(0.0),#2973);
#5933=PROPERTY_DEFINITION('zCenterOfGravity','system property',#3109);
#5934=REPRESENTATION('',(#5932),#3103);
#5935=PROPERTY_DEFINITION_REPRESENTATION(#5933,#5934);
#5936=ID_ATTRIBUTE('mass property',#5933);
#5937=GENERAL_PROPERTY_ASSOCIATION('',$,#3021,#5933);
#5938=MEASURE_REPRESENTATION_ITEM('',NUMERIC_MEASURE(1.0),#3034);
#5939=PROPERTY_DEFINITION('Ixx','system property',#3109);
#5940=REPRESENTATION('',(#5938),#3103);
#5941=PROPERTY_DEFINITION_REPRESENTATION(#5939,#5940);
#5942=ID_ATTRIBUTE('mass property',#5939);
#5943=GENERAL_PROPERTY_ASSOCIATION('',$,#3028,#5939);
#5944=MEASURE_REPRESENTATION_ITEM('',NUMERIC_MEASURE(0.0),#3034);
#5945=PROPERTY_DEFINITION('Iyx','system property',#3109);
#5946=REPRESENTATION('',(#5944),#3103);
#5947=PROPERTY_DEFINITION_REPRESENTATION(#5945,#5946);
#5948=ID_ATTRIBUTE('mass property',#5945);
#5949=GENERAL_PROPERTY_ASSOCIATION('',$,#3041,#5945);
#5950=MEASURE_REPRESENTATION_ITEM('',NUMERIC_MEASURE(0.0),#3034);
#5951=PROPERTY_DEFINITION('Izx','system property',#3109);
#5952=REPRESENTATION('',(#5950),#3103);
#5953=PROPERTY_DEFINITION_REPRESENTATION(#5951,#5952);
#5954=ID_ATTRIBUTE('mass property',#5951);
#5955=GENERAL_PROPERTY_ASSOCIATION('',$,#3048,#5951);
#5956=MEASURE_REPRESENTATION_ITEM('',NUMERIC_MEASURE(0.0),#3034);
#5957=PROPERTY_DEFINITION('Ixy','system property',#3109);
#5958=REPRESENTATION('',(#5956),#3103);
#5959=PROPERTY_DEFINITION_REPRESENTATION(#5957,#5958);
#5960=ID_ATTRIBUTE('mass property',#5957);
#5961=GENERAL_PROPERTY_ASSOCIATION('',$,#3055,#5957);
#5962=MEASURE_REPRESENTATION_ITEM('',NUMERIC_MEASURE(1.0),#3034);
#5963=PROPERTY_DEFINITION('Iyy','system property',#3109);
#5964=REPRESENTATION('',(#5962),#3103);
#5965=PROPERTY_DEFINITION_REPRESENTATION(#5963,#5964);
#5966=ID_ATTRIBUTE('mass property',#5963);
#5967=GENERAL_PROPERTY_ASSOCIATION('',$,#3062,#5963);
#5968=MEASURE_REPRESENTATION_ITEM('',NUMERIC_MEASURE(0.0),#3034);
#5969=PROPERTY_DEFINITION('Izy','system property',#3109);
#5970=REPRESENTATION('',(#5968),#3103);
#5971=PROPERTY_DEFINITION_REPRESENTATION(#5969,#5970);
#5972=ID_ATTRIBUTE('mass property',#5969);
#5973=GENERAL_PROPERTY_ASSOCIATION('',$,#3069,#5969);
#5974=MEASURE_REPRESENTATION_ITEM('',NUMERIC_MEASURE(0.0),#3034);
#5975=PROPERTY_DEFINITION('Ixz','system property',#3109);
#5976=REPRESENTATION('',(#5974),#3103);
#5977=PROPERTY_DEFINITION_REPRESENTATION(#5975,#5976);
#5978=ID_ATTRIBUTE('mass property',#5975);
#5979=GENERAL_PROPERTY_ASSOCIATION('',$,#3076,#5975);
#5980=MEASURE_REPRESENTATION_ITEM('',NUMERIC_MEASURE(0.0),#3034);
#5981=PROPERTY_DEFINITION('Iyz','system property',#3109);
#5982=REPRESENTATION('',(#5980),#3103);
#5983=PROPERTY_DEFINITION_REPRESENTATION(#5981,#5982);
#5984=ID_ATTRIBUTE('mass property',#5981);
#5985=GENERAL_PROPERTY_ASSOCIATION('',$,#3083,#5981);
#5986=MEASURE_REPRESENTATION_ITEM('',NUMERIC_MEASURE(1.0),#3034);
#5987=PROPERTY_DEFINITION('Izz','system property',#3109);
#5988=REPRESENTATION('',(#5986),#3103);
#5989=PROPERTY_DEFINITION_REPRESENTATION(#5987,#5988);
#5990=ID_ATTRIBUTE('mass property',#5987);
#5991=GENERAL_PROPERTY_ASSOCIATION('',$,#3090,#5987);
#5992=DESCRIPTIVE_REPRESENTATION_ITEM('','0.001000');
#5993=PROPERTY_DEFINITION('TOLERANCE','',#3109);
#5994=REPRESENTATION('',(#5992),#3103);
#5995=PROPERTY_DEFINITION_REPRESENTATION(#5993,#5994);
#5996=GENERAL_PROPERTY_ASSOCIATION('',$,#3097,#5993);
#5997=( GEOMETRIC_REPRESENTATION_CONTEXT(3)
       GLOBAL_UNCERTAINTY_ASSIGNED_CONTEXT((#5998)) GLOBAL_UNIT_ASSIGNED_CONTEXT
  ((#3,#4)) REPRESENTATION_CONTEXT('Context #3',
  '3D Context with UNIT and UNCERTAINTY') );
#5998=UNCERTAINTY_MEASURE_WITH_UNIT(LENGTH_MEASURE(0.005),#3,'distance_accuracy_value','Confusion accuracy');
#5999=PRODUCT_CONTEXT('',#1,'mechanical');
#6000=PRODUCT('Motor DC DG01D','','',(#5999));
#6001=PRODUCT_DEFINITION_FORMATION('','',#6000);
#6002=PRODUCT_DEFINITION_CONTEXT('part definition',#1,'design');
#6003=PRODUCT_DEFINITION('design','',#6001,#6002);
#6004=PRODUCT_DEFINITION_SHAPE('','',#6003);
#6005=PRODUCT_CATEGORY('part',$);
#6006=PRODUCT_RELATED_PRODUCT_CATEGORY('part',$,(#6000));
#6007=PRODUCT_CATEGORY_RELATIONSHIP('','',#6005,#6006);
#6008=CARTESIAN_POINT('',(-40.179031828,-5.8531688373,2.0));
#6009=VERTEX_POINT('',#6008);
#6010=CARTESIAN_POINT('',(-40.179031828,-6.0,2.0));
#6011=VERTEX_POINT('',#6010);
#6012=CARTESIAN_POINT('',(-40.179031828,0.0,2.0));
#6013=DIRECTION('',(0.0,-1.0,0.0));
#6014=VECTOR('',#6013,1.0);
#6015=LINE('',#6012,#6014);
#6016=EDGE_CURVE('no 181468',#6009,#6011,#6015,.T.);
#6017=ORIENTED_EDGE('no 180851',*,*,#6016,.T.);
#6018=CARTESIAN_POINT('',(-43.179031828,-6.0,2.0));
#6019=VERTEX_POINT('',#6018);
#6020=CARTESIAN_POINT('',(0.0,-6.0,2.0));
#6021=DIRECTION('',(1.0,0.0,0.0));
#6022=VECTOR('',#6021,1.0);
#6023=LINE('',#6020,#6022);
#6024=EDGE_CURVE('no 180753',#6019,#6011,#6023,.T.);
#6025=ORIENTED_EDGE('no 180852',*,*,#6024,.F.);
#6026=CARTESIAN_POINT('',(-43.179031828,-5.8531688373,2.0));
#6027=VERTEX_POINT('',#6026);
#6028=CARTESIAN_POINT('',(-43.179031828,-3.5,2.0));
#6029=DIRECTION('',(0.0,1.0,0.0));
#6030=VECTOR('',#6029,1.0);
#6031=LINE('',#6028,#6030);
#6032=EDGE_CURVE('no 181577',#6019,#6027,#6031,.T.);
#6033=ORIENTED_EDGE('no 180849',*,*,#6032,.T.);
#6034=CARTESIAN_POINT('',(0.0,-5.8531688373,2.0));
#6035=DIRECTION('',(1.0,0.0,0.0));
#6036=VECTOR('',#6035,1.0);
#6037=LINE('',#6034,#6036);
#6038=EDGE_CURVE('no 181584',#6027,#6009,#6037,.T.);
#6039=ORIENTED_EDGE('no 181069',*,*,#6038,.T.);
#6040=EDGE_LOOP('',(#6017,#6025,#6033,#6039));
#6041=FACE_OUTER_BOUND('',#6040,.F.);
#6042=CARTESIAN_POINT('',(0.0,0.0,2.0));
#6043=DIRECTION('',(0.0,0.0,-1.0));
#6044=DIRECTION('',(1.0,0.0,0.0));
#6045=AXIS2_PLACEMENT_3D('',#6042,#6043,#6044);
#6046=PLANE('',#6045);
#6047=ADVANCED_FACE('no 181582',(#6041),#6046,.F.);
#6048=CARTESIAN_POINT('',(-40.179031828,-5.5,1.5));
#6049=VERTEX_POINT('',#6048);
#6050=CARTESIAN_POINT('',(-40.179031828,7.4295886745,11.007383825));
#6051=DIRECTION('',(1.0,0.0,0.0));
#6052=DIRECTION('',(0.0,-1.0,0.0));
#6053=AXIS2_PLACEMENT_3D('',#6050,#6051,#6052);
#6054=CIRCLE('',#6053,16.0488195979);
#6055=EDGE_CURVE('no 214216',#6009,#6049,#6054,.T.);
#6056=ORIENTED_EDGE('no 181050',*,*,#6055,.F.);
#6057=ORIENTED_EDGE('no 180835',*,*,#6016,.T.);
#6058=CARTESIAN_POINT('',(-40.179031828,-6.0,1.5582487202));
#6059=VERTEX_POINT('',#6058);
#6060=CARTESIAN_POINT('',(-40.179031828,-6.0,1.5));
#6061=DIRECTION('',(0.0,0.0,-1.0));
#6062=VECTOR('',#6061,1.0);
#6063=LINE('',#6060,#6062);
#6064=EDGE_CURVE('no 214211',#6011,#6059,#6063,.T.);
#6065=ORIENTED_EDGE('no 180815',*,*,#6064,.T.);
#6066=CARTESIAN_POINT('',(-40.179031828,-5.799979725,1.1));
#6067=DIRECTION('',(1.0,0.0,0.0));
#6068=DIRECTION('',(0.0,-1.0,0.0));
#6069=AXIS2_PLACEMENT_3D('',#6066,#6067,#6068);
#6070=CIRCLE('',#6069,0.5);
#6071=EDGE_CURVE('no 214290',#6049,#6059,#6070,.T.);
#6072=ORIENTED_EDGE('no 213795',*,*,#6071,.F.);
#6073=EDGE_LOOP('',(#6056,#6057,#6065,#6072));
#6074=FACE_OUTER_BOUND('',#6073,.T.);
#6075=CARTESIAN_POINT('',(-40.179031828,-1.0,1.5));
#6076=DIRECTION('',(1.0,0.0,0.0));
#6077=DIRECTION('',(0.0,-1.0,0.0));
#6078=AXIS2_PLACEMENT_3D('',#6075,#6076,#6077);
#6079=PLANE('',#6078);
#6080=ADVANCED_FACE('no 214239',(#6074),#6079,.T.);
#6081=CARTESIAN_POINT('',(-43.179031828,-6.0,1.5582487202));
#6082=VERTEX_POINT('',#6081);
#6083=CARTESIAN_POINT('',(-43.179031828,-6.0,1.5));
#6084=DIRECTION('',(0.0,0.0,-1.0));
#6085=VECTOR('',#6084,1.0);
#6086=LINE('',#6083,#6085);
#6087=EDGE_CURVE('no 214209',#6019,#6082,#6086,.T.);
#6088=ORIENTED_EDGE('no 180810',*,*,#6087,.F.);
#6089=ORIENTED_EDGE('no 180836',*,*,#6024,.T.);
#6090=ORIENTED_EDGE('no 180816',*,*,#6064,.T.);
#6091=CARTESIAN_POINT('',(-43.179031828,-6.0,1.5582487202));
#6092=DIRECTION('',(1.0,0.0,0.0));
#6093=VECTOR('',#6092,1.0);
#6094=LINE('',#6091,#6093);
#6095=EDGE_CURVE('no 214291',#6082,#6059,#6094,.T.);
#6096=ORIENTED_EDGE('no 213784',*,*,#6095,.F.);
#6097=EDGE_LOOP('',(#6088,#6089,#6090,#6096));
#6098=FACE_OUTER_BOUND('',#6097,.F.);
#6099=CARTESIAN_POINT('',(-43.179031828,-6.0,1.5));
#6100=DIRECTION('',(-0.0,1.0,0.0));
#6101=DIRECTION('',(1.0,0.0,0.0));
#6102=AXIS2_PLACEMENT_3D('',#6099,#6100,#6101);
#6103=PLANE('',#6102);
#6104=ADVANCED_FACE('no 214247',(#6098),#6103,.F.);
#6105=CARTESIAN_POINT('',(-36.179031828,-5.5,1.5));
#6106=VERTEX_POINT('',#6105);
#6107=CARTESIAN_POINT('',(-40.179031828,-5.5,1.5));
#6108=DIRECTION('',(1.0,0.0,0.0));
#6109=VECTOR('',#6108,1.0);
#6110=LINE('',#6107,#6109);
#6111=EDGE_CURVE('no 214294',#6049,#6106,#6110,.T.);
#6112=ORIENTED_EDGE('no 213716',*,*,#6111,.T.);
#6113=CARTESIAN_POINT('',(-20.679031828,-5.5,1.5));
#6114=VERTEX_POINT('',#6113);
#6115=CARTESIAN_POINT('',(-20.679031828,-5.5,1.5));
#6116=DIRECTION('',(-1.0,0.0,0.0));
#6117=VECTOR('',#6116,1.0);
#6118=LINE('',#6115,#6117);
#6119=EDGE_CURVE('no 214221',#6114,#6106,#6118,.T.);
#6120=ORIENTED_EDGE('no 152562',*,*,#6119,.F.);
#6121=CARTESIAN_POINT('',(-20.679031828,-7.7581877847,5.8212429946));
#6122=VERTEX_POINT('',#6121);
#6123=CARTESIAN_POINT('',(-20.679031828,7.4295886745,11.007383825));
#6124=DIRECTION('',(-1.0,-0.0,0.0));
#6125=DIRECTION('',(0.0,-1.0,-0.0));
#6126=AXIS2_PLACEMENT_3D('',#6123,#6124,#6125);
#6127=CIRCLE('',#6126,16.0488195979);
#6128=EDGE_CURVE('no 154565',#6114,#6122,#6127,.T.);
#6129=ORIENTED_EDGE('no 42689',*,*,#6128,.T.);
#6130=CARTESIAN_POINT('',(-38.179031828,-7.7581877847,5.8212429946));
#6131=VERTEX_POINT('',#6130);
#6132=CARTESIAN_POINT('',(-38.179031828,-7.7581877847,5.8212429946));
#6133=DIRECTION('',(1.0,0.0,0.0));
#6134=VECTOR('',#6133,1.0);
#6135=LINE('',#6132,#6134);
#6136=EDGE_CURVE('no 154238',#6131,#6122,#6135,.T.);
#6137=ORIENTED_EDGE('no 42785',*,*,#6136,.F.);
#6138=CARTESIAN_POINT('',(-38.179031828,-8.2312819652,7.5));
#6139=VERTEX_POINT('',#6138);
#6140=CARTESIAN_POINT('',(-38.179031828,7.4295886745,11.007383825));
#6141=DIRECTION('',(-1.0,-0.0,0.0));
#6142=DIRECTION('',(0.0,-1.0,-0.0));
#6143=AXIS2_PLACEMENT_3D('',#6140,#6141,#6142);
#6144=CIRCLE('',#6143,16.0488195979);
#6145=EDGE_CURVE('no 158514',#6131,#6139,#6144,.T.);
#6146=ORIENTED_EDGE('no 152578',*,*,#6145,.T.);
#6147=CARTESIAN_POINT('',(-43.179031828,-8.2312819652,7.5));
#6148=VERTEX_POINT('',#6147);
#6149=CARTESIAN_POINT('',(-43.179031828,-8.2312819652,7.5));
#6150=DIRECTION('',(1.0,0.0,0.0));
#6151=VECTOR('',#6150,1.0);
#6152=LINE('',#6149,#6151);
#6153=EDGE_CURVE('no 159810',#6148,#6139,#6152,.T.);
#6154=ORIENTED_EDGE('no 158045',*,*,#6153,.F.);
#6155=CARTESIAN_POINT('',(-43.179031828,7.4295886745,11.007383825));
#6156=DIRECTION('',(-1.0,-0.0,0.0));
#6157=DIRECTION('',(0.0,-1.0,-0.0));
#6158=AXIS2_PLACEMENT_3D('',#6155,#6156,#6157);
#6159=CIRCLE('',#6158,16.0488195979);
#6160=EDGE_CURVE('no 181517',#6027,#6148,#6159,.T.);
#6161=ORIENTED_EDGE('no 130426',*,*,#6160,.F.);
#6162=ORIENTED_EDGE('no 181068',*,*,#6038,.T.);
#6163=ORIENTED_EDGE('no 181049',*,*,#6055,.T.);
#6164=EDGE_LOOP('',(#6112,#6120,#6129,#6137,#6146,#6154,#6161,#6162,#6163));
#6165=FACE_OUTER_BOUND('',#6164,.T.);
#6166=CARTESIAN_POINT('',(-30.429031828,7.4295886745,11.007383825));
#6167=DIRECTION('',(-1.0,-0.0,0.0));
#6168=DIRECTION('',(0.0,-1.0,-0.0));
#6169=AXIS2_PLACEMENT_3D('',#6166,#6167,#6168);
#6170=CYLINDRICAL_SURFACE('',#6169,16.0488195979);
#6171=ADVANCED_FACE('no 214161',(#6165),#6170,.T.);
#6172=CARTESIAN_POINT('',(-46.179031828,-3.8808334509,4.5));
#6173=VERTEX_POINT('',#6172);
#6174=CARTESIAN_POINT('',(-46.179031828,-5.460725713,8.9797034036));
#6175=VERTEX_POINT('',#6174);
#6176=CARTESIAN_POINT('',(-46.179031828,7.4295886745,11.007383825));
#6177=DIRECTION('',(-1.0,0.0,0.0));
#6178=DIRECTION('',(0.0,0.6190038171,0.785387977));
#6179=AXIS2_PLACEMENT_3D('',#6176,#6177,#6178);
#6180=CIRCLE('',#6179,13.0488195979);
#6181=EDGE_CURVE('no 159820',#6173,#6175,#6180,.T.);
#6182=ORIENTED_EDGE('no 159756',*,*,#6181,.F.);
#6183=CARTESIAN_POINT('',(-43.179031828,-5.5,1.5));
#6184=VERTEX_POINT('',#6183);
#6185=CARTESIAN_POINT('',(-43.179031828,-5.5,1.5));
#6186=CARTESIAN_POINT('',(-43.3368399778,-5.5,1.5));
#6187=CARTESIAN_POINT('',(-43.494636777,-5.4936805232,1.5124995387));
#6188=CARTESIAN_POINT('',(-43.8054703275,-5.4686426381,1.5619148767));
#6189=CARTESIAN_POINT('',(-43.9584982637,-5.4499270282,1.5988240808));
#6190=CARTESIAN_POINT('',(-44.2554798922,-5.4007704986,1.6954230429));
#6191=CARTESIAN_POINT('',(-44.3994277584,-5.3703328503,1.7551043154));
#6192=CARTESIAN_POINT('',(-44.6746023257,-5.2987430965,1.8947966694));
#6193=CARTESIAN_POINT('',(-44.8058264183,-5.2575944016,1.9747985471));
#6194=CARTESIAN_POINT('',(-45.0527007667,-5.1658291284,2.1521362528));
#6195=CARTESIAN_POINT('',(-45.1683514341,-5.1152158018,2.2494632398));
#6196=CARTESIAN_POINT('',(-45.3696552153,-5.0122439242,2.4460766464));
#6197=CARTESIAN_POINT('',(-45.4572427869,-4.9607708094,2.5438224363));
#6198=CARTESIAN_POINT('',(-45.6178160699,-4.8524588088,2.7480858019));
#6199=CARTESIAN_POINT('',(-45.6908026197,-4.7956207703,2.8546005099));
#6200=CARTESIAN_POINT('',(-45.8216591748,-4.6775382764,3.074218785));
#6201=CARTESIAN_POINT('',(-45.8795308448,-4.6162948354,3.1873198928));
#6202=CARTESIAN_POINT('',(-45.979960976,-4.4903405796,3.4180466454));
#6203=CARTESIAN_POINT('',(-46.0225218519,-4.4256307444,3.5356704216));
#6204=CARTESIAN_POINT('',(-46.0923901872,-4.2936317069,3.7735623718));
#6205=CARTESIAN_POINT('',(-46.1197006698,-4.2263432282,3.8938293825));
#6206=CARTESIAN_POINT('',(-46.1446516793,-4.1404385503,4.0460043393));
#6207=CARTESIAN_POINT('',(-46.1492941603,-4.1226466436,4.0774495151));
#6208=CARTESIAN_POINT('',(-46.157568717,-4.0869561959,4.140381831));
#6209=CARTESIAN_POINT('',(-46.1612007835,-4.0690576696,4.1718689399));
#6210=CARTESIAN_POINT('',(-46.1674597041,-4.0331682189,4.2348575869));
#6211=CARTESIAN_POINT('',(-46.1700865547,-4.0151773112,4.2663590944));
#6212=CARTESIAN_POINT('',(-46.1743406236,-3.9791174763,4.329349254));
#6213=CARTESIAN_POINT('',(-46.1759678441,-3.9610485671,4.3608378763));
#6214=CARTESIAN_POINT('',(-46.1782286383,-3.9248467283,4.4237761366));
#6215=CARTESIAN_POINT('',(-46.17886222,-3.9067138176,4.4552257462));
#6216=CARTESIAN_POINT('',(-46.1790060613,-3.888040731,4.4875343543));
#6217=CARTESIAN_POINT('',(-46.1790096295,-3.8875260133,4.4884248701));
#6218=CARTESIAN_POINT('',(-46.1790159726,-3.886496537,4.4902058506));
#6219=CARTESIAN_POINT('',(-46.1790187475,-3.8859817785,4.4910963152));
#6220=CARTESIAN_POINT('',(-46.1790235044,-3.8849522209,4.4928771929));
#6221=CARTESIAN_POINT('',(-46.1790254863,-3.8844374219,4.4937676059));
#6222=CARTESIAN_POINT('',(-46.1790286573,-3.8834077839,4.4955483798));
#6223=CARTESIAN_POINT('',(-46.1790298464,-3.8828929449,4.4964387406));
#6224=CARTESIAN_POINT('',(-46.1790314317,-3.8818632274,4.4982194098));
#6225=CARTESIAN_POINT('',(-46.179031828,-3.8813483489,4.4991097181));
#6226=CARTESIAN_POINT('',(-46.179031828,-3.8808334509,4.5));
#6227=B_SPLINE_CURVE_WITH_KNOTS('',3,(#6185,#6186,#6187,#6188,#6189,#6190,#6191,#6192,#6193,#6194,
    #6195,#6196,#6197,#6198,#6199,#6200,#6201,#6202,#6203,#6204,
    #6205,#6206,#6207,#6208,#6209,#6210,#6211,#6212,#6213,#6214,
    #6215,#6216,#6217,#6218,#6219,#6220,#6221,#6222,#6223,#6224,
    #6225,#6226),.UNSPECIFIED.,.F.,.U.,
 (4,2,2,2,2,2,2,2,2,2,2,2,2,2,2,2,2,2,2,2,4),
 (0.0,0.6695232772,1.3390465543,2.0085698315,2.6780931087,3.3476163858,3.9394594678,4.5313025498,5.1231456318,5.7149887138,6.3068317957,6.4607703661,6.6147089365,6.7686475069,6.9225860773,7.0765246477,7.0808880166,7.0852513855,7.0896147544,7.0939781233,7.0983414922),.UNSPECIFIED.);
#6228=EDGE_CURVE('no 214214',#6184,#6173,#6227,.T.);
#6229=ORIENTED_EDGE('no 130722',*,*,#6228,.F.);
#6230=CARTESIAN_POINT('',(-43.179031828,7.4295886745,11.007383825));
#6231=DIRECTION('',(-1.0,0.0,0.0));
#6232=DIRECTION('',(0.0,0.6190038171,0.785387977));
#6233=AXIS2_PLACEMENT_3D('',#6230,#6231,#6232);
#6234=CIRCLE('',#6233,16.0488195979);
#6235=EDGE_CURVE('no 214213',#6184,#6027,#6234,.T.);
#6236=ORIENTED_EDGE('no 180956',*,*,#6235,.T.);
#6237=ORIENTED_EDGE('no 130666',*,*,#6160,.T.);
#6238=CARTESIAN_POINT('',(-46.1595339558,-5.4931943946,7.5));
#6239=VERTEX_POINT('',#6238);
#6240=CARTESIAN_POINT('',(-43.179031828,-8.2312819652,7.5));
#6241=CARTESIAN_POINT('',(-43.273783736,-8.2312819652,7.5));
#6242=CARTESIAN_POINT('',(-43.3685354604,-8.226677895,7.5000000125));
#6243=CARTESIAN_POINT('',(-43.5571541686,-8.2083085756,7.5000000881));
#6244=CARTESIAN_POINT('',(-43.6510207801,-8.1945433744,7.5000001418));
#6245=CARTESIAN_POINT('',(-43.8369952273,-8.1579919955,7.5000001989));
#6246=CARTESIAN_POINT('',(-43.9291027033,-8.1352059184,7.5000001993));
#6247=CARTESIAN_POINT('',(-44.1107069464,-8.0808440017,7.500000143));
#6248=CARTESIAN_POINT('',(-44.2002033747,-8.0492683126,7.5000000894));
#6249=CARTESIAN_POINT('',(-44.3757662031,-7.9776456139,7.5000000133));
#6250=CARTESIAN_POINT('',(-44.4618322928,-7.9375988002,7.5));
#6251=CARTESIAN_POINT('',(-44.644012778,-7.8419499729,7.5));
#6252=CARTESIAN_POINT('',(-44.7393507482,-7.7848601717,7.5000000353));
#6253=CARTESIAN_POINT('',(-44.923113725,-7.6604050558,7.5000002411));
#6254=CARTESIAN_POINT('',(-45.0115382144,-7.5930403214,7.5000003859));
#6255=CARTESIAN_POINT('',(-45.180431848,-7.4489327588,7.5000005384));
#6256=CARTESIAN_POINT('',(-45.2609005962,-7.3721905798,7.5000005379));
#6257=CARTESIAN_POINT('',(-45.4129661343,-7.2103325263,7.500000385));
#6258=CARTESIAN_POINT('',(-45.4845626588,-7.1252173431,7.5000002413));
#6259=CARTESIAN_POINT('',(-45.6181028639,-6.9477044402,7.5000000369));
#6260=CARTESIAN_POINT('',(-45.6800464129,-6.8553074259,7.5));
#6261=CARTESIAN_POINT('',(-45.7827278349,-6.6827303203,7.5));
#6262=CARTESIAN_POINT('',(-45.8252546922,-6.6036149218,7.5000000092));
#6263=CARTESIAN_POINT('',(-45.903325815,-6.4420190121,7.500000046));
#6264=CARTESIAN_POINT('',(-45.9388701006,-6.3595387283,7.500000069));
#6265=CARTESIAN_POINT('',(-46.0027679995,-6.1918576523,7.5000000876));
#6266=CARTESIAN_POINT('',(-46.031121669,-6.1066570753,7.5000000821));
#6267=CARTESIAN_POINT('',(-46.080489579,-5.9341863157,7.5000000504));
#6268=CARTESIAN_POINT('',(-46.1015039088,-5.8469163296,7.5000000263));
#6269=CARTESIAN_POINT('',(-46.1361015126,-5.6709577544,7.4999999989));
#6270=CARTESIAN_POINT('',(-46.1496849049,-5.5822693373,7.5));
#6271=CARTESIAN_POINT('',(-46.1595339558,-5.4931943946,7.5));
#6272=B_SPLINE_CURVE_WITH_KNOTS('',3,(#6240,#6241,#6242,#6243,#6244,#6245,#6246,#6247,#6248,#6249,
    #6250,#6251,#6252,#6253,#6254,#6255,#6256,#6257,#6258,#6259,
    #6260,#6261,#6262,#6263,#6264,#6265,#6266,#6267,#6268,#6269,
    #6270,#6271),.UNSPECIFIED.,.F.,.U.,
 (4,2,2,2,2,2,2,2,2,2,2,2,2,2,2,4),
 (0.0,0.4019983002,0.8039966005,1.2059949007,1.607993201,2.0099915012,2.480241551,2.9504916008,3.4207416507,3.8909917005,4.3612417503,4.7411332956,5.1210248408,5.5009163861,5.8808079314,6.2606994767),.UNSPECIFIED.);
#6273=EDGE_CURVE('no 159829',#6148,#6239,#6272,.T.);
#6274=ORIENTED_EDGE('no 159815',*,*,#6273,.T.);
#6275=CARTESIAN_POINT('',(-46.1788691168,-5.4931943946,8.9850674234));
#6276=VERTEX_POINT('',#6275);
#6277=CARTESIAN_POINT('',(-46.1595339558,-5.4931943946,7.5));
#6278=CARTESIAN_POINT('',(-46.1625210255,-5.4931943946,7.5995357923));
#6279=CARTESIAN_POINT('',(-46.1650403992,-5.4931943934,7.698960969));
#6280=CARTESIAN_POINT('',(-46.1693092362,-5.4931943931,7.897590228));
#6281=CARTESIAN_POINT('',(-46.171058686,-5.4931943934,7.9967943667));
#6282=CARTESIAN_POINT('',(-46.1739382829,-5.4931943933,8.1949888004));
#6283=CARTESIAN_POINT('',(-46.175068421,-5.493194393,8.2939791476));
#6284=CARTESIAN_POINT('',(-46.1768454995,-5.4931943926,8.4917586177));
#6285=CARTESIAN_POINT('',(-46.1774924349,-5.4931943926,8.5905477893));
#6286=CARTESIAN_POINT('',(-46.1784249173,-5.4931943935,8.7879413883));
#6287=CARTESIAN_POINT('',(-46.1787104628,-5.4931943943,8.886545862));
#6288=CARTESIAN_POINT('',(-46.1788691168,-5.4931943946,8.9850674234));
#6289=B_SPLINE_CURVE_WITH_KNOTS('',3,(#6277,#6278,#6279,#6280,#6281,#6282,#6283,#6284,#6285,#6286,
    #6287,#6288),.UNSPECIFIED.,.F.,.U.,
 (4,2,2,2,2,4),(0.0,0.4175063508,0.8350127015,1.2525190523,1.6700254031,2.0875317539),.UNSPECIFIED.);
#6290=EDGE_CURVE('no 159836',#6239,#6276,#6289,.T.);
#6291=ORIENTED_EDGE('no 159834',*,*,#6290,.T.);
#6292=CARTESIAN_POINT('',(-46.1788691168,-5.4931943946,8.9850674234));
#6293=CARTESIAN_POINT('',(-46.1788886457,-5.4912462305,8.9847455831));
#6294=CARTESIAN_POINT('',(-46.178906416,-5.4892980715,8.9844237417));
#6295=CARTESIAN_POINT('',(-46.1789384401,-5.4854017762,8.983780058));
#6296=CARTESIAN_POINT('',(-46.1789526939,-5.4834536398,8.9834582157));
#6297=CARTESIAN_POINT('',(-46.1789776858,-5.4795573914,8.982814532));
#6298=CARTESIAN_POINT('',(-46.1789884239,-5.4776092793,8.9824926907));
#6299=CARTESIAN_POINT('',(-46.1790063851,-5.473713078,8.9818490106));
#6300=CARTESIAN_POINT('',(-46.1790136083,-5.4717649886,8.9815271718));
#6301=CARTESIAN_POINT('',(-46.1790245403,-5.4678688343,8.9808834988));
#6302=CARTESIAN_POINT('',(-46.1790282491,-5.4659207692,8.9805616645));
#6303=CARTESIAN_POINT('',(-46.1790304181,-5.4637562541,8.980204071));
#6304=CARTESIAN_POINT('',(-46.1790306133,-5.4635397858,8.9801683088));
#6305=CARTESIAN_POINT('',(-46.1790309604,-5.4631068497,8.9800967847));
#6306=CARTESIAN_POINT('',(-46.1790311122,-5.4628903819,8.9800610226));
#6307=CARTESIAN_POINT('',(-46.1790313725,-5.4624574468,8.9799894986));
#6308=CARTESIAN_POINT('',(-46.1790314809,-5.4622409795,8.9799537366));
#6309=CARTESIAN_POINT('',(-46.1790316545,-5.4618080453,8.9798822128));
#6310=CARTESIAN_POINT('',(-46.1790317195,-5.4615915785,8.9798464509));
#6311=CARTESIAN_POINT('',(-46.1790318063,-5.4611586454,8.9797749272));
#6312=CARTESIAN_POINT('',(-46.179031828,-5.4609421791,8.9797391654));
#6313=CARTESIAN_POINT('',(-46.179031828,-5.460725713,8.9797034036));
#6314=B_SPLINE_CURVE_WITH_KNOTS('',3,(#6292,#6293,#6294,#6295,#6296,#6297,#6298,#6299,#6300,#6301,
    #6302,#6303,#6304,#6305,#6306,#6307,#6308,#6309,#6310,#6311,
    #6312,#6313),.UNSPECIFIED.,.F.,.U.,
 (4,2,2,2,2,2,2,2,2,2,4),
 (0.0,0.0083767955,0.016753591,0.0251303865,0.033507182,0.0418839775,0.0428148138,0.0437456501,0.0446764865,0.0456073228,0.0465381591),.UNSPECIFIED.);
#6315=EDGE_CURVE('no 159844',#6276,#6175,#6314,.T.);
#6316=ORIENTED_EDGE('no 159826',*,*,#6315,.T.);
#6317=EDGE_LOOP('',(#6182,#6229,#6236,#6237,#6274,#6291,#6316));
#6318=FACE_OUTER_BOUND('',#6317,.T.);
#6319=CARTESIAN_POINT('',(-43.179031828,7.4295886745,11.007383825));
#6320=DIRECTION('',(-1.0,0.0,0.0));
#6321=DIRECTION('',(0.0,0.6190038171,0.785387977));
#6322=AXIS2_PLACEMENT_3D('',#6319,#6320,#6321);
#6323=TOROIDAL_SURFACE('',#6322,13.0488195979,3.0);
#6324=ADVANCED_FACE('no 214157',(#6318),#6323,.T.);
#6325=CARTESIAN_POINT('',(-40.179031828,-1.0,1.5));
#6326=VERTEX_POINT('',#6325);
#6327=CARTESIAN_POINT('',(-40.179031828,7.5,1.5));
#6328=DIRECTION('',(0.0,-1.0,0.0));
#6329=VECTOR('',#6328,1.0);
#6330=LINE('',#6327,#6329);
#6331=EDGE_CURVE('no 214218',#6326,#6049,#6330,.T.);
#6332=ORIENTED_EDGE('no 181029',*,*,#6331,.F.);
#6333=CARTESIAN_POINT('',(-43.179031828,-1.0,1.5));
#6334=VERTEX_POINT('',#6333);
#6335=CARTESIAN_POINT('',(-41.679031828,-1.0,1.5));
#6336=DIRECTION('',(1.0,0.0,0.0));
#6337=VECTOR('',#6336,1.0);
#6338=LINE('',#6335,#6337);
#6339=EDGE_CURVE('no 197371',#6334,#6326,#6338,.T.);
#6340=ORIENTED_EDGE('no 181019',*,*,#6339,.F.);
#6341=CARTESIAN_POINT('',(-43.179031828,3.0,1.5));
#6342=VERTEX_POINT('',#6341);
#6343=CARTESIAN_POINT('',(-43.179031828,7.5,1.5));
#6344=DIRECTION('',(0.0,-1.0,0.0));
#6345=VECTOR('',#6344,1.0);
#6346=LINE('',#6343,#6345);
#6347=EDGE_CURVE('no 197370',#6342,#6334,#6346,.T.);
#6348=ORIENTED_EDGE('no 130509',*,*,#6347,.F.);
#6349=CARTESIAN_POINT('',(-40.179031828,3.0,1.5));
#6350=VERTEX_POINT('',#6349);
#6351=CARTESIAN_POINT('',(-41.679031828,3.0,1.5));
#6352=DIRECTION('',(1.0,0.0,0.0));
#6353=VECTOR('',#6352,1.0);
#6354=LINE('',#6351,#6353);
#6355=EDGE_CURVE('no 196758',#6342,#6350,#6354,.T.);
#6356=ORIENTED_EDGE('no 181300',*,*,#6355,.T.);
#6357=CARTESIAN_POINT('',(-40.179031828,7.5,1.5));
#6358=VERTEX_POINT('',#6357);
#6359=CARTESIAN_POINT('',(-40.179031828,7.5,1.5));
#6360=DIRECTION('',(0.0,-1.0,0.0));
#6361=VECTOR('',#6360,1.0);
#6362=LINE('',#6359,#6361);
#6363=EDGE_CURVE('no 205555',#6358,#6350,#6362,.T.);
#6364=ORIENTED_EDGE('no 181029',*,*,#6363,.F.);
#6365=CARTESIAN_POINT('',(-36.179031828,7.5,1.5));
#6366=VERTEX_POINT('',#6365);
#6367=CARTESIAN_POINT('',(-31.679031828,7.5,1.5));
#6368=DIRECTION('',(1.0,0.0,0.0));
#6369=VECTOR('',#6368,1.0);
#6370=LINE('',#6367,#6369);
#6371=EDGE_CURVE('no 205627',#6358,#6366,#6370,.T.);
#6372=ORIENTED_EDGE('no 152559',*,*,#6371,.T.);
#6373=CARTESIAN_POINT('',(-20.679031828,7.5,1.5));
#6374=VERTEX_POINT('',#6373);
#6375=CARTESIAN_POINT('',(-31.679031828,7.5,1.5));
#6376=DIRECTION('',(-1.0,0.0,0.0));
#6377=VECTOR('',#6376,1.0);
#6378=LINE('',#6375,#6377);
#6379=EDGE_CURVE('no 205558',#6374,#6366,#6378,.T.);
#6380=ORIENTED_EDGE('no 152559',*,*,#6379,.F.);
#6381=CARTESIAN_POINT('',(-20.679031828,7.5,1.5));
#6382=DIRECTION('',(0.0,-1.0,0.0));
#6383=VECTOR('',#6382,1.0);
#6384=LINE('',#6381,#6383);
#6385=EDGE_CURVE('no 154561',#6374,#6114,#6384,.T.);
#6386=ORIENTED_EDGE('no 42688',*,*,#6385,.T.);
#6387=ORIENTED_EDGE('no 152561',*,*,#6119,.T.);
#6388=ORIENTED_EDGE('no 152561',*,*,#6111,.F.);
#6389=EDGE_LOOP('',(#6332,#6340,#6348,#6356,#6364,#6372,#6380,#6386,#6387,#6388));
#6390=FACE_OUTER_BOUND('',#6389,.T.);
#6391=CARTESIAN_POINT('',(-31.679031828,7.5,1.5));
#6392=DIRECTION('',(-0.0,-0.0,-1.0));
#6393=DIRECTION('',(0.0,-1.0,0.0));
#6394=AXIS2_PLACEMENT_3D('',#6391,#6392,#6393);
#6395=PLANE('',#6394);
#6396=ADVANCED_FACE('no 214169',(#6390),#6395,.T.);
#6397=CARTESIAN_POINT('',(-20.679031828,9.855155759,5.9517992383));
#6398=VERTEX_POINT('',#6397);
#6399=CARTESIAN_POINT('',(-20.679031828,-4.0313126068,10.4493422133));
#6400=DIRECTION('',(-1.0,0.0,0.0));
#6401=DIRECTION('',(0.0,-1.0,0.0));
#6402=AXIS2_PLACEMENT_3D('',#6399,#6400,#6401);
#6403=CIRCLE('',#6402,14.5966399039);
#6404=EDGE_CURVE('no 154557',#6398,#6374,#6403,.T.);
#6405=ORIENTED_EDGE('no 42705',*,*,#6404,.T.);
#6406=ORIENTED_EDGE('no 42700',*,*,#6385,.T.);
#6407=ORIENTED_EDGE('no 42701',*,*,#6128,.T.);
#6408=CARTESIAN_POINT('',(-20.679031828,-7.9645862042,11.6009269609));
#6409=VERTEX_POINT('',#6408);
#6410=CARTESIAN_POINT('',(-20.679031828,1.7052972813,9.0527210474));
#6411=DIRECTION('',(-1.0,0.0,0.0));
#6412=DIRECTION('',(0.0,-1.0,0.0));
#6413=AXIS2_PLACEMENT_3D('',#6410,#6411,#6412);
#6414=CIRCLE('',#6413,10.0);
#6415=EDGE_CURVE('no 42852',#6122,#6409,#6414,.T.);
#6416=ORIENTED_EDGE('no 42848',*,*,#6415,.T.);
#6417=CARTESIAN_POINT('',(-20.679031828,-5.4999435369,17.499966624));
#6418=VERTEX_POINT('',#6417);
#6419=CARTESIAN_POINT('',(-20.679031828,14.4900001155,5.6836985133));
#6420=DIRECTION('',(-1.0,0.0,0.0));
#6421=DIRECTION('',(0.0,-1.0,0.0));
#6422=AXIS2_PLACEMENT_3D('',#6419,#6420,#6421);
#6423=CIRCLE('',#6422,23.2211549947);
#6424=EDGE_CURVE('no 154566',#6409,#6418,#6423,.T.);
#6425=ORIENTED_EDGE('no 42702',*,*,#6424,.T.);
#6426=CARTESIAN_POINT('',(-20.679031828,7.5,17.5));
#6427=VERTEX_POINT('',#6426);
#6428=CARTESIAN_POINT('',(-20.679031828,0.0,17.5));
#6429=DIRECTION('',(0.0,-1.0,0.0));
#6430=VECTOR('',#6429,1.0);
#6431=LINE('',#6428,#6430);
#6432=EDGE_CURVE('no 154570',#6427,#6418,#6431,.T.);
#6433=ORIENTED_EDGE('no 42703',*,*,#6432,.F.);
#6434=CARTESIAN_POINT('',(-20.679031828,10.0619048111,11.3819229051));
#6435=VERTEX_POINT('',#6434);
#6436=CARTESIAN_POINT('',(-20.679031828,-10.2407085077,6.475765223));
#6437=DIRECTION('',(-1.0,0.0,0.0));
#6438=DIRECTION('',(0.0,-1.0,0.0));
#6439=AXIS2_PLACEMENT_3D('',#6436,#6437,#6438);
#6440=CIRCLE('',#6439,20.8869933397);
#6441=EDGE_CURVE('no 154574',#6427,#6435,#6440,.T.);
#6442=ORIENTED_EDGE('no 42704',*,*,#6441,.T.);
#6443=CARTESIAN_POINT('',(-20.679031828,0.3416865927,9.0330172478));
#6444=DIRECTION('',(-1.0,0.0,0.0));
#6445=DIRECTION('',(0.0,-1.0,0.0));
#6446=AXIS2_PLACEMENT_3D('',#6443,#6444,#6445);
#6447=CIRCLE('',#6446,10.0);
#6448=EDGE_CURVE('no 42974',#6435,#6398,#6447,.T.);
#6449=ORIENTED_EDGE('no 42970',*,*,#6448,.T.);
#6450=EDGE_LOOP('',(#6405,#6406,#6407,#6416,#6425,#6433,#6442,#6449));
#6451=FACE_OUTER_BOUND('',#6450,.F.);
#6452=CARTESIAN_POINT('',(-20.679031828,0.0,0.0));
#6453=DIRECTION('',(-1.0,0.0,0.0));
#6454=DIRECTION('',(0.0,-1.0,0.0));
#6455=AXIS2_PLACEMENT_3D('',#6452,#6453,#6454);
#6456=PLANE('',#6455);
#6457=ADVANCED_FACE('no 154555',(#6451),#6456,.F.);
#6458=CARTESIAN_POINT('',(-38.179031828,-7.9906204872,11.5000008898));
#6459=VERTEX_POINT('',#6458);
#6460=CARTESIAN_POINT('',(-38.179031828,-7.9645862042,11.6009269609));
#6461=VERTEX_POINT('',#6460);
#6462=CARTESIAN_POINT('',(-38.179031828,1.7052972813,9.0527210474));
#6463=DIRECTION('',(-1.0,-0.0,-0.0));
#6464=DIRECTION('',(0.0,-0.9669883485,0.2548205913));
#6465=AXIS2_PLACEMENT_3D('',#6462,#6463,#6464);
#6466=CIRCLE('',#6465,10.0);
#6467=EDGE_CURVE('no 158512',#6459,#6461,#6466,.T.);
#6468=ORIENTED_EDGE('no 153071',*,*,#6467,.F.);
#6469=CARTESIAN_POINT('',(-38.179031828,-8.1734201126,7.5));
#6470=VERTEX_POINT('',#6469);
#6471=CARTESIAN_POINT('',(-38.179031828,1.7052972813,9.0527210474));
#6472=DIRECTION('',(-1.0,-0.0,-0.0));
#6473=DIRECTION('',(0.0,-0.9669883485,0.2548205913));
#6474=AXIS2_PLACEMENT_3D('',#6471,#6472,#6473);
#6475=CIRCLE('',#6474,10.0);
#6476=EDGE_CURVE('no 158158',#6470,#6459,#6475,.T.);
#6477=ORIENTED_EDGE('no 43765',*,*,#6476,.F.);
#6478=CARTESIAN_POINT('',(-38.179031828,1.7052972813,9.0527210474));
#6479=DIRECTION('',(-1.0,-0.0,-0.0));
#6480=DIRECTION('',(0.0,-0.9669883485,0.2548205913));
#6481=AXIS2_PLACEMENT_3D('',#6478,#6479,#6480);
#6482=CIRCLE('',#6481,10.0);
#6483=EDGE_CURVE('no 158513',#6131,#6470,#6482,.T.);
#6484=ORIENTED_EDGE('no 153071',*,*,#6483,.F.);
#6485=ORIENTED_EDGE('no 42833',*,*,#6136,.T.);
#6486=ORIENTED_EDGE('no 42847',*,*,#6415,.T.);
#6487=CARTESIAN_POINT('',(-38.179031828,-7.9645862042,11.6009269609));
#6488=DIRECTION('',(1.0,0.0,0.0));
#6489=VECTOR('',#6488,1.0);
#6490=LINE('',#6487,#6489);
#6491=EDGE_CURVE('no 154242',#6461,#6409,#6490,.T.);
#6492=ORIENTED_EDGE('no 42832',*,*,#6491,.F.);
#6493=EDGE_LOOP('',(#6468,#6477,#6484,#6485,#6486,#6492));
#6494=FACE_OUTER_BOUND('',#6493,.T.);
#6495=CARTESIAN_POINT('',(-30.429031828,1.7052972813,9.0527210474));
#6496=DIRECTION('',(1.0,0.0,0.0));
#6497=DIRECTION('',(0.0,-0.9669883485,0.2548205913));
#6498=AXIS2_PLACEMENT_3D('',#6495,#6496,#6497);
#6499=CYLINDRICAL_SURFACE('',#6498,10.0);
#6500=ADVANCED_FACE('no 158382',(#6494),#6499,.T.);
#6501=ORIENTED_EDGE('no 153072',*,*,#6483,.F.);
#6502=ORIENTED_EDGE('no 152590',*,*,#6145,.T.);
#6503=CARTESIAN_POINT('',(-38.179031828,0.0,7.5));
#6504=DIRECTION('',(0.0,-1.0,0.0));
#6505=VECTOR('',#6504,1.0);
#6506=LINE('',#6503,#6505);
#6507=EDGE_CURVE('no 158197',#6470,#6139,#6506,.T.);
#6508=ORIENTED_EDGE('no 157415',*,*,#6507,.F.);
#6509=EDGE_LOOP('',(#6501,#6502,#6508));
#6510=FACE_OUTER_BOUND('',#6509,.F.);
#6511=CARTESIAN_POINT('',(-38.179031828,0.0,0.0));
#6512=DIRECTION('',(-1.0,0.0,0.0));
#6513=DIRECTION('',(0.0,-1.0,0.0));
#6514=AXIS2_PLACEMENT_3D('',#6511,#6512,#6513);
#6515=PLANE('',#6514);
#6516=ADVANCED_FACE('no 158542',(#6510),#6515,.F.);
#6517=CARTESIAN_POINT('',(-38.179031828,-5.4931943946,7.5));
#6518=VERTEX_POINT('',#6517);
#6519=CARTESIAN_POINT('',(-46.179031828,-5.4931943946,7.5));
#6520=DIRECTION('',(1.0,0.0,0.0));
#6521=VECTOR('',#6520,1.0);
#6522=LINE('',#6519,#6521);
#6523=EDGE_CURVE('no 159900',#6239,#6518,#6522,.T.);
#6524=ORIENTED_EDGE('no 157375',*,*,#6523,.T.);
#6525=CARTESIAN_POINT('',(-38.179031828,-6.9931943946,7.5));
#6526=DIRECTION('',(0.0,-1.0,0.0));
#6527=VECTOR('',#6526,1.0);
#6528=LINE('',#6525,#6527);
#6529=EDGE_CURVE('no 158475',#6518,#6470,#6528,.T.);
#6530=ORIENTED_EDGE('no 157399',*,*,#6529,.T.);
#6531=ORIENTED_EDGE('no 157399',*,*,#6507,.T.);
#6532=ORIENTED_EDGE('no 158046',*,*,#6153,.F.);
#6533=ORIENTED_EDGE('no 158974',*,*,#6273,.T.);
#6534=EDGE_LOOP('',(#6524,#6530,#6531,#6532,#6533));
#6535=FACE_OUTER_BOUND('',#6534,.F.);
#6536=CARTESIAN_POINT('',(-46.179031828,7.4931943946,7.5));
#6537=DIRECTION('',(0.0,0.0,-1.0));
#6538=DIRECTION('',(0.0,1.0,0.0));
#6539=AXIS2_PLACEMENT_3D('',#6536,#6537,#6538);
#6540=PLANE('',#6539);
#6541=ADVANCED_FACE('no 159902',(#6535),#6540,.F.);
#6542=CARTESIAN_POINT('',(-46.179031828,7.4710336934,8.973507991));
#6543=VERTEX_POINT('',#6542);
#6544=CARTESIAN_POINT('',(-46.179031828,5.9229520216,4.5));
#6545=VERTEX_POINT('',#6544);
#6546=CARTESIAN_POINT('',(-46.179031828,-4.0313126068,10.4493422133));
#6547=DIRECTION('',(-1.0,0.0,0.0));
#6548=DIRECTION('',(0.0,-1.0,0.0));
#6549=AXIS2_PLACEMENT_3D('',#6546,#6547,#6548);
#6550=CIRCLE('',#6549,11.5966399039);
#6551=EDGE_CURVE('no 159783',#6543,#6545,#6550,.T.);
#6552=ORIENTED_EDGE('no 130574',*,*,#6551,.T.);
#6553=CARTESIAN_POINT('',(-46.179031828,0.0,4.5));
#6554=DIRECTION('',(0.0,-1.0,0.0));
#6555=VECTOR('',#6554,1.0);
#6556=LINE('',#6553,#6555);
#6557=EDGE_CURVE('no 159762',#6545,#6173,#6556,.T.);
#6558=ORIENTED_EDGE('no 130511',*,*,#6557,.T.);
#6559=ORIENTED_EDGE('no 130424',*,*,#6181,.T.);
#6560=CARTESIAN_POINT('',(-46.179031828,-3.7080200355,14.5));
#6561=VERTEX_POINT('',#6560);
#6562=CARTESIAN_POINT('',(-46.179031828,14.4900001155,5.6836985133));
#6563=DIRECTION('',(-1.0,0.0,0.0));
#6564=DIRECTION('',(0.0,-1.0,0.0));
#6565=AXIS2_PLACEMENT_3D('',#6562,#6563,#6564);
#6566=CIRCLE('',#6565,20.2211549947);
#6567=EDGE_CURVE('no 159857',#6175,#6561,#6566,.T.);
#6568=ORIENTED_EDGE('no 131097',*,*,#6567,.T.);
#6569=CARTESIAN_POINT('',(-46.179031828,5.7454163191,14.5));
#6570=VERTEX_POINT('',#6569);
#6571=CARTESIAN_POINT('',(-46.179031828,0.0,14.5));
#6572=DIRECTION('',(0.0,-1.0,0.0));
#6573=VECTOR('',#6572,1.0);
#6574=LINE('',#6571,#6573);
#6575=EDGE_CURVE('no 159732',#6570,#6561,#6574,.T.);
#6576=ORIENTED_EDGE('no 131034',*,*,#6575,.F.);
#6577=CARTESIAN_POINT('',(-46.179031828,-10.2407085077,6.475765223));
#6578=DIRECTION('',(-1.0,0.0,0.0));
#6579=DIRECTION('',(0.0,-1.0,0.0));
#6580=AXIS2_PLACEMENT_3D('',#6577,#6578,#6579);
#6581=CIRCLE('',#6580,17.8869933397);
#6582=EDGE_CURVE('no 159887',#6570,#6543,#6581,.T.);
#6583=ORIENTED_EDGE('no 130967',*,*,#6582,.T.);
#6584=EDGE_LOOP('',(#6552,#6558,#6559,#6568,#6576,#6583));
#6585=FACE_OUTER_BOUND('',#6584,.T.);
#6586=CARTESIAN_POINT('',(-46.179031828,-1.4931943946,6.0));
#6587=VERTEX_POINT('',#6586);
#6588=CARTESIAN_POINT('',(-46.179031828,3.5068056054,6.0));
#6589=VERTEX_POINT('',#6588);
#6590=CARTESIAN_POINT('',(-46.179031828,1.0068056054,9.1224989992));
#6591=DIRECTION('',(-1.0,0.0,0.0));
#6592=DIRECTION('',(0.0,-1.0,0.0));
#6593=AXIS2_PLACEMENT_3D('',#6590,#6591,#6592);
#6594=CIRCLE('',#6593,4.0);
#6595=EDGE_CURVE('no 164544',#6587,#6589,#6594,.T.);
#6596=ORIENTED_EDGE('no 164516',*,*,#6595,.F.);
#6597=CARTESIAN_POINT('',(-46.179031828,0.0,6.0));
#6598=DIRECTION('',(0.0,-1.0,0.0));
#6599=VECTOR('',#6598,1.0);
#6600=LINE('',#6597,#6599);
#6601=EDGE_CURVE('no 164547',#6589,#6587,#6600,.T.);
#6602=ORIENTED_EDGE('no 164517',*,*,#6601,.F.);
#6603=EDGE_LOOP('',(#6596,#6602));
#6604=FACE_BOUND('',#6603,.T.);
#6605=CARTESIAN_POINT('',(-46.179031828,0.0,0.0));
#6606=DIRECTION('',(-1.0,0.0,0.0));
#6607=DIRECTION('',(0.0,-1.0,0.0));
#6608=AXIS2_PLACEMENT_3D('',#6605,#6606,#6607);
#6609=PLANE('',#6608);
#6610=ADVANCED_FACE('no 164564',(#6585,#6604),#6609,.T.);
#6611=ORIENTED_EDGE('no 130721',*,*,#6228,.T.);
#6612=ORIENTED_EDGE('no 159760',*,*,#6557,.F.);
#6613=CARTESIAN_POINT('',(-43.179031828,7.5,1.5));
#6614=VERTEX_POINT('',#6613);
#6615=CARTESIAN_POINT('',(-43.179031828,7.5,1.5));
#6616=CARTESIAN_POINT('',(-43.336606472,7.5,1.5));
#6617=CARTESIAN_POINT('',(-43.4941710238,7.4939016296,1.5124607935));
#6618=CARTESIAN_POINT('',(-43.8046284064,7.4697236185,1.5617467529));
#6619=CARTESIAN_POINT('',(-43.9575128212,7.451646714,1.59856603));
#6620=CARTESIAN_POINT('',(-44.2543436179,7.4041238719,1.6949944218));
#6621=CARTESIAN_POINT('',(-44.3982842115,7.3746806704,1.7545958496));
#6622=CARTESIAN_POINT('',(-44.6735823313,7.3053466824,1.8942104619));
#6623=CARTESIAN_POINT('',(-44.8049369604,7.265458632,1.9742151952));
#6624=CARTESIAN_POINT('',(-45.0521703238,7.1763835223,2.1517009229));
#6625=CARTESIAN_POINT('',(-45.1680489393,7.1271991991,2.2491736787));
#6626=CARTESIAN_POINT('',(-45.3939511479,7.0150059673,2.4697999582));
#6627=CARTESIAN_POINT('',(-45.5019513026,6.9510747995,2.5945910537));
#6628=CARTESIAN_POINT('',(-45.6946182363,6.8151321828,2.8573304775));
#6629=CARTESIAN_POINT('',(-45.7792868292,6.7431231095,2.9952712579));
#6630=CARTESIAN_POINT('',(-45.9244196884,6.5928375799,3.2800081333));
#6631=CARTESIAN_POINT('',(-45.9848887584,6.5145634993,3.4267973246));
#6632=CARTESIAN_POINT('',(-46.0814980689,6.3535281061,3.7252182135));
#6633=CARTESIAN_POINT('',(-46.1176457801,6.270769169,3.8768449058));
#6634=CARTESIAN_POINT('',(-46.1660484968,6.1024401971,4.1814004847));
#6635=CARTESIAN_POINT('',(-46.1783129297,6.0168725378,4.3343273063));
#6636=CARTESIAN_POINT('',(-46.1790052152,5.9301366879,4.4873313304));
#6637=CARTESIAN_POINT('',(-46.1790089006,5.9296235986,4.488236362));
#6638=CARTESIAN_POINT('',(-46.179015452,5.9285973732,4.4900463676));
#6639=CARTESIAN_POINT('',(-46.1790183181,5.9280842372,4.4909513417));
#6640=CARTESIAN_POINT('',(-46.1790232312,5.9270579189,4.4927612319));
#6641=CARTESIAN_POINT('',(-46.1790252782,5.9265447366,4.4936661479));
#6642=CARTESIAN_POINT('',(-46.1790285533,5.9255183258,4.4954759214));
#6643=CARTESIAN_POINT('',(-46.1790297813,5.9250050973,4.4963807788));
#6644=CARTESIAN_POINT('',(-46.1790314187,5.923978594,4.4981904341));
#6645=CARTESIAN_POINT('',(-46.179031828,5.9234653193,4.4990952321));
#6646=CARTESIAN_POINT('',(-46.179031828,5.9229520216,4.5));
#6647=B_SPLINE_CURVE_WITH_KNOTS('',3,(#6615,#6616,#6617,#6618,#6619,#6620,#6621,#6622,#6623,#6624,
    #6625,#6626,#6627,#6628,#6629,#6630,#6631,#6632,#6633,#6634,
    #6635,#6636,#6637,#6638,#6639,#6640,#6641,#6642,#6643,#6644,
    #6645,#6646),.UNSPECIFIED.,.F.,.U.,
 (4,2,2,2,2,2,2,2,2,2,2,2,2,2,2,4),
 (0.0,0.6685325957,1.3370651915,2.0055977872,2.6741303829,3.3426629787,4.0843398,4.8260166214,5.5676934427,6.3093702641,7.0510470855,7.0554604092,7.059873733,7.0642870568,7.0687003805,7.0731137043),.UNSPECIFIED.);
#6648=EDGE_CURVE('no 205550',#6614,#6545,#6647,.T.);
#6649=ORIENTED_EDGE('no 130750',*,*,#6648,.F.);
#6650=CARTESIAN_POINT('',(-43.179031828,7.5,1.5));
#6651=DIRECTION('',(0.0,-1.0,0.0));
#6652=VECTOR('',#6651,1.0);
#6653=LINE('',#6650,#6652);
#6654=EDGE_CURVE('no 205549',#6614,#6342,#6653,.T.);
#6655=ORIENTED_EDGE('no 180989',*,*,#6654,.T.);
#6656=ORIENTED_EDGE('no 130682',*,*,#6347,.T.);
#6657=CARTESIAN_POINT('',(-43.179031828,-1.0,1.5));
#6658=DIRECTION('',(0.0,-1.0,0.0));
#6659=VECTOR('',#6658,1.0);
#6660=LINE('',#6657,#6659);
#6661=EDGE_CURVE('no 214215',#6334,#6184,#6660,.T.);
#6662=ORIENTED_EDGE('no 180989',*,*,#6661,.T.);
#6663=EDGE_LOOP('',(#6611,#6612,#6649,#6655,#6656,#6662));
#6664=FACE_OUTER_BOUND('',#6663,.T.);
#6665=CARTESIAN_POINT('',(-43.179031828,1.0164869335,4.5));
#6666=DIRECTION('',(0.0,-1.0,0.0));
#6667=DIRECTION('',(0.0,0.0,-1.0));
#6668=AXIS2_PLACEMENT_3D('',#6665,#6666,#6667);
#6669=CYLINDRICAL_SURFACE('',#6668,3.0);
#6670=ADVANCED_FACE('no 214167',(#6664),#6669,.T.);
#6671=CARTESIAN_POINT('',(-46.1201861355,-5.4931943946,11.5));
#6672=VERTEX_POINT('',#6671);
#6673=CARTESIAN_POINT('',(-38.179031828,-5.4931943946,11.5));
#6674=VERTEX_POINT('',#6673);
#6675=CARTESIAN_POINT('',(-46.179031828,-5.4931943946,11.5));
#6676=DIRECTION('',(1.0,0.0,0.0));
#6677=VECTOR('',#6676,1.0);
#6678=LINE('',#6675,#6677);
#6679=EDGE_CURVE('no 159901',#6672,#6674,#6678,.T.);
#6680=ORIENTED_EDGE('no 157373',*,*,#6679,.T.);
#6681=CARTESIAN_POINT('',(-38.179031828,-5.4931943946,7.5));
#6682=DIRECTION('',(0.0,0.0,1.0));
#6683=VECTOR('',#6682,1.0);
#6684=LINE('',#6681,#6683);
#6685=EDGE_CURVE('no 157341',#6518,#6674,#6684,.T.);
#6686=ORIENTED_EDGE('no 157398',*,*,#6685,.F.);
#6687=ORIENTED_EDGE('no 157374',*,*,#6523,.F.);
#6688=ORIENTED_EDGE('no 159010',*,*,#6290,.T.);
#6689=CARTESIAN_POINT('',(-46.1782444295,-5.4931943946,9.1981348209));
#6690=VERTEX_POINT('',#6689);
#6691=CARTESIAN_POINT('',(-46.1201861355,-5.4931943946,11.5));
#6692=CARTESIAN_POINT('',(-46.1485968068,-5.4931943946,10.9943121449));
#6693=CARTESIAN_POINT('',(-46.1652667659,-5.4931943946,10.489750608));
#6694=CARTESIAN_POINT('',(-46.1741232785,-5.4931943946,9.9869209818));
#6695=CARTESIAN_POINT('',(-46.1779566888,-5.4931943946,9.4853870706));
#6696=CARTESIAN_POINT('',(-46.1788513245,-5.4931943946,8.9850674657));
#6697=B_SPLINE_CURVE_WITH_KNOTS('',5,(#6691,#6692,#6693,#6694,#6695,#6696),.UNSPECIFIED.,.F.,.U.,
 (6,6),(0.0,3.5350029385),.UNSPECIFIED.);
#6698=EDGE_CURVE('no 159858',#6690,#6276,#6697,.T.);
#6699=ORIENTED_EDGE('no 159540',*,*,#6698,.F.);
#6700=CARTESIAN_POINT('',(-46.1201861355,-5.4931943946,11.5));
#6701=CARTESIAN_POINT('',(-46.1485968068,-5.4931943946,10.9943121449));
#6702=CARTESIAN_POINT('',(-46.1652667659,-5.4931943946,10.489750608));
#6703=CARTESIAN_POINT('',(-46.1741232785,-5.4931943946,9.9869209818));
#6704=CARTESIAN_POINT('',(-46.1779566888,-5.4931943946,9.4853870706));
#6705=CARTESIAN_POINT('',(-46.1788513245,-5.4931943946,8.9850674657));
#6706=B_SPLINE_CURVE_WITH_KNOTS('',5,(#6700,#6701,#6702,#6703,#6704,#6705),.UNSPECIFIED.,.F.,.U.,
 (6,6),(0.0,3.5350029385),.UNSPECIFIED.);
#6707=EDGE_CURVE('no 159863',#6672,#6690,#6706,.T.);
#6708=ORIENTED_EDGE('no 159540',*,*,#6707,.F.);
#6709=EDGE_LOOP('',(#6680,#6686,#6687,#6688,#6699,#6708));
#6710=FACE_OUTER_BOUND('',#6709,.F.);
#6711=CARTESIAN_POINT('',(-46.179031828,-5.4931943946,7.5));
#6712=DIRECTION('',(0.0,1.0,0.0));
#6713=DIRECTION('',(0.0,0.0,1.0));
#6714=AXIS2_PLACEMENT_3D('',#6711,#6712,#6713);
#6715=PLANE('',#6714);
#6716=ADVANCED_FACE('no 159898',(#6710),#6715,.F.);
#6717=CARTESIAN_POINT('',(-43.179031828,-7.9909401741,11.5));
#6718=VERTEX_POINT('',#6717);
#6719=CARTESIAN_POINT('',(-43.179031828,-5.4999435369,17.499966624));
#6720=VERTEX_POINT('',#6719);
#6721=CARTESIAN_POINT('',(-43.179031828,14.4900001155,5.6836985133));
#6722=DIRECTION('',(-1.0,-0.0,0.0));
#6723=DIRECTION('',(0.0,-0.6995397355,-0.7145937016));
#6724=AXIS2_PLACEMENT_3D('',#6721,#6722,#6723);
#6725=CIRCLE('',#6724,23.2211549947);
#6726=EDGE_CURVE('no 159854',#6718,#6720,#6725,.T.);
#6727=ORIENTED_EDGE('no 131205',*,*,#6726,.T.);
#6728=CARTESIAN_POINT('',(-46.179031828,-3.7080200355,14.5));
#6729=CARTESIAN_POINT('',(-46.179031828,-3.7851151293,14.6230158781));
#6730=CARTESIAN_POINT('',(-46.1714664199,-3.8619620583,14.7464203142));
#6731=CARTESIAN_POINT('',(-46.1409075216,-4.0143344115,14.992625427));
#6732=CARTESIAN_POINT('',(-46.1179109614,-4.0898595755,15.1154257716));
#6733=CARTESIAN_POINT('',(-46.0562188875,-4.2386601627,15.3588085005));
#6734=CARTESIAN_POINT('',(-46.0175209833,-4.3119349128,15.4793900427));
#6735=CARTESIAN_POINT('',(-45.9242713845,-4.4552177735,15.7165050826));
#6736=CARTESIAN_POINT('',(-45.8697180547,-4.5252251593,15.8330373484));
#6737=CARTESIAN_POINT('',(-45.7447793919,-4.6608901092,16.0600395003));
#6738=CARTESIAN_POINT('',(-45.6743931476,-4.7265472445,16.1705079321));
#6739=CARTESIAN_POINT('',(-45.5070037571,-4.8612499783,16.3982176985));
#6740=CARTESIAN_POINT('',(-45.4076249236,-4.9294760504,16.514232333));
#6741=CARTESIAN_POINT('',(-45.1894502817,-5.0569712464,16.7320324813));
#6742=CARTESIAN_POINT('',(-45.0706465911,-5.1162338475,16.8338056588));
#6743=CARTESIAN_POINT('',(-44.8155253012,-5.2238264455,17.0192716564));
#6744=CARTESIAN_POINT('',(-44.6792048476,-5.2721487586,17.102949619));
#6745=CARTESIAN_POINT('',(-44.3921154923,-5.3559725561,17.2485082608));
#6746=CARTESIAN_POINT('',(-44.2413497774,-5.3914663389,17.3103730777));
#6747=CARTESIAN_POINT('',(-43.9295960923,-5.4480677211,17.4091901898));
#6748=CARTESIAN_POINT('',(-43.7686175431,-5.4691688532,17.4461276734));
#6749=CARTESIAN_POINT('',(-43.5804915201,-5.4845828422,17.4731211714));
#6750=CARTESIAN_POINT('',(-43.5557996083,-5.48642701,17.4763512192));
#6751=CARTESIAN_POINT('',(-43.5063163038,-5.4897648894,17.4821979281));
#6752=CARTESIAN_POINT('',(-43.4815250836,-5.4912585588,17.4848145545));
#6753=CARTESIAN_POINT('',(-43.4318657197,-5.4938931705,17.4894304501));
#6754=CARTESIAN_POINT('',(-43.406997753,-5.4950340931,17.4914296978));
#6755=CARTESIAN_POINT('',(-43.3572103397,-5.4969615932,17.4948077092));
#6756=CARTESIAN_POINT('',(-43.3322910724,-5.4977481737,17.496186465));
#6757=CARTESIAN_POINT('',(-43.2824240386,-5.4989662751,17.4983216496));
#6758=CARTESIAN_POINT('',(-43.2574764511,-5.4993978219,17.4990780841));
#6759=CARTESIAN_POINT('',(-43.230739412,-5.4996698545,17.4995548845));
#6760=CARTESIAN_POINT('',(-43.2289566042,-5.4996870864,17.4995850873));
#6761=CARTESIAN_POINT('',(-43.2253909205,-5.4997197365,17.4996423143));
#6762=CARTESIAN_POINT('',(-43.2236080448,-5.4997351547,17.4996693385));
#6763=CARTESIAN_POINT('',(-43.220042234,-5.4997641775,17.4997202079));
#6764=CARTESIAN_POINT('',(-43.2182592989,-5.4997777821,17.4997440532));
#6765=CARTESIAN_POINT('',(-43.2146933787,-5.4998031774,17.4997885647));
#6766=CARTESIAN_POINT('',(-43.2129103937,-5.4998149682,17.499809231));
#6767=CARTESIAN_POINT('',(-43.2093443819,-5.4998367359,17.4998473842));
#6768=CARTESIAN_POINT('',(-43.2075613553,-5.4998467128,17.4998648712));
#6769=CARTESIAN_POINT('',(-43.2039952659,-5.4998648527,17.4998966659));
#6770=CARTESIAN_POINT('',(-43.2022122037,-5.4998731482,17.4999107493));
#6771=CARTESIAN_POINT('',(-43.1986460588,-5.4998896805,17.4999327676));
#6772=CARTESIAN_POINT('',(-43.196862976,-5.4998978666,17.4999407879));
#6773=CARTESIAN_POINT('',(-43.1932967928,-5.4999132962,17.4999521751));
#6774=CARTESIAN_POINT('',(-43.1915136922,-5.4999204891,17.4999556275));
#6775=CARTESIAN_POINT('',(-43.1879474725,-5.4999322907,17.4999606558));
#6776=CARTESIAN_POINT('',(-43.1861643532,-5.4999368489,17.4999623171));
#6777=CARTESIAN_POINT('',(-43.182598099,-5.4999424973,17.4999652585));
#6778=CARTESIAN_POINT('',(-43.1808149638,-5.4999435369,17.499966624));
#6779=CARTESIAN_POINT('',(-43.179031828,-5.4999435369,17.499966624));
#6780=B_SPLINE_CURVE_WITH_KNOTS('',3,(#6728,#6729,#6730,#6731,#6732,#6733,#6734,#6735,#6736,#6737,
    #6738,#6739,#6740,#6741,#6742,#6743,#6744,#6745,#6746,#6747,
    #6748,#6749,#6750,#6751,#6752,#6753,#6754,#6755,#6756,#6757,
    #6758,#6759,#6760,#6761,#6762,#6763,#6764,#6765,#6766,#6767,
    #6768,#6769,#6770,#6771,#6772,#6773,#6774,#6775,#6776,#6777,
    #6778,#6779),.UNSPECIFIED.,.F.,.U.,
 (4,2,2,2,2,2,2,2,2,2,2,2,2,2,2,2,2,2,2,2,
  2,2,2,2,2,4),
 (0.0,0.6159367464,1.2318734928,1.8478102392,2.4637469857,3.0796837321,3.7824463618,4.4852089916,5.1879716214,5.8907342511,6.5934968809,6.6993905225,6.8052841641,6.9111778057,7.0170714473,7.1229650889,7.1305302935,7.1380954981,7.1456607027,7.1532259073,
  7.1607911119,7.1683563165,7.1759215212,7.1834867258,7.1910519304,7.198617135),.UNSPECIFIED.);
#6781=EDGE_CURVE('no 159740',#6561,#6720,#6780,.T.);
#6782=ORIENTED_EDGE('no 131268',*,*,#6781,.F.);
#6783=ORIENTED_EDGE('no 159737',*,*,#6567,.F.);
#6784=ORIENTED_EDGE('no 159827',*,*,#6315,.F.);
#6785=ORIENTED_EDGE('no 159842',*,*,#6698,.F.);
#6786=ORIENTED_EDGE('no 159842',*,*,#6707,.F.);
#6787=CARTESIAN_POINT('',(-43.179031828,-7.9909401741,11.5));
#6788=CARTESIAN_POINT('',(-43.273829467,-7.9909401741,11.5));
#6789=CARTESIAN_POINT('',(-43.3686268148,-7.9862947269,11.4999999896));
#6790=CARTESIAN_POINT('',(-43.5573201764,-7.9677634934,11.4999999271));
#6791=CARTESIAN_POINT('',(-43.651215784,-7.9538777942,11.4999998829));
#6792=CARTESIAN_POINT('',(-43.8372183937,-7.9170163328,11.4999998357));
#6793=CARTESIAN_POINT('',(-43.9293250118,-7.8940407135,11.4999998353));
#6794=CARTESIAN_POINT('',(-44.1108885801,-7.8392458897,11.499999881));
#6795=CARTESIAN_POINT('',(-44.2003451767,-7.8074268789,11.4999999247));
#6796=CARTESIAN_POINT('',(-44.3757849442,-7.7352828838,11.4999999877));
#6797=CARTESIAN_POINT('',(-44.461767799,-7.6949581375,11.5));
#6798=CARTESIAN_POINT('',(-44.6379773097,-7.6017312175,11.5));
#6799=CARTESIAN_POINT('',(-44.7277506813,-7.5479684715,11.4999999912));
#6800=CARTESIAN_POINT('',(-44.9011868843,-7.4313067625,11.4999999523));
#6801=CARTESIAN_POINT('',(-44.9848493763,-7.3684083331,11.4999999263));
#6802=CARTESIAN_POINT('',(-45.1452045675,-7.2342409373,11.4999998983));
#6803=CARTESIAN_POINT('',(-45.2218970365,-7.162972537,11.4999998974));
#6804=CARTESIAN_POINT('',(-45.367557293,-7.0129103623,11.4999999228));
#6805=CARTESIAN_POINT('',(-45.4365249616,-6.9341171636,11.4999999479));
#6806=CARTESIAN_POINT('',(-45.5660903329,-6.7699128175,11.499999988));
#6807=CARTESIAN_POINT('',(-45.6266880255,-6.6845022328,11.5));
#6808=CARTESIAN_POINT('',(-45.7255605912,-6.5291061624,11.5));
#6809=CARTESIAN_POINT('',(-45.7657103769,-6.4603133783,11.4999999972));
#6810=CARTESIAN_POINT('',(-45.8406635287,-6.3198788005,11.500000001));
#6811=CARTESIAN_POINT('',(-45.8754669158,-6.24823713,11.5000000066));
#6812=CARTESIAN_POINT('',(-45.9395703021,-6.1025432383,11.5000000169));
#6813=CARTESIAN_POINT('',(-45.96887034,-6.0284911327,11.500000021));
#6814=CARTESIAN_POINT('',(-46.0218447068,-5.8784184276,11.5000000215));
#6815=CARTESIAN_POINT('',(-46.0455190907,-5.8023979333,11.5000000176));
#6816=CARTESIAN_POINT('',(-46.0871530668,-5.6488307831,11.5000000068));
#6817=CARTESIAN_POINT('',(-46.1051127284,-5.5712842193,11.5));
#6818=CARTESIAN_POINT('',(-46.1201861355,-5.4931943946,11.5));
#6819=B_SPLINE_CURVE_WITH_KNOTS('',3,(#6787,#6788,#6789,#6790,#6791,#6792,#6793,#6794,#6795,#6796,
    #6797,#6798,#6799,#6800,#6801,#6802,#6803,#6804,#6805,#6806,
    #6807,#6808,#6809,#6810,#6811,#6812,#6813,#6814,#6815,#6816,
    #6817,#6818),.UNSPECIFIED.,.F.,.U.,
 (4,2,2,2,2,2,2,2,2,2,2,2,2,2,2,4),
 (0.0,0.4021923201,0.8043846401,1.2065769602,1.6087692803,2.0109616003,2.4538902253,2.8968188502,3.3397474751,3.7826761,4.225604725,4.5626715199,4.8997383148,5.2368051097,5.5738719047,5.9109386996),.UNSPECIFIED.);
#6820=EDGE_CURVE('no 159868',#6718,#6672,#6819,.T.);
#6821=ORIENTED_EDGE('no 159852',*,*,#6820,.F.);
#6822=EDGE_LOOP('',(#6727,#6782,#6783,#6784,#6785,#6786,#6821));
#6823=FACE_OUTER_BOUND('',#6822,.T.);
#6824=CARTESIAN_POINT('',(-43.179031828,14.4900001155,5.6836985133));
#6825=DIRECTION('',(-1.0,-0.0,0.0));
#6826=DIRECTION('',(0.0,-0.6995397355,-0.7145937016));
#6827=AXIS2_PLACEMENT_3D('',#6824,#6825,#6826);
#6828=TOROIDAL_SURFACE('',#6827,20.2211549947,3.0);
#6829=ADVANCED_FACE('no 159855',(#6823),#6828,.T.);
#6830=CARTESIAN_POINT('',(-40.679031828,-1.5,1.0));
#6831=VERTEX_POINT('',#6830);
#6832=CARTESIAN_POINT('',(-40.679031828,-5.3100817765,1.0));
#6833=VERTEX_POINT('',#6832);
#6834=CARTESIAN_POINT('',(-40.679031828,-1.5,1.0));
#6835=DIRECTION('',(0.0,-1.0,0.0));
#6836=VECTOR('',#6835,1.0);
#6837=LINE('',#6834,#6836);
#6838=EDGE_CURVE('no 214223',#6831,#6833,#6837,.T.);
#6839=ORIENTED_EDGE('no 197140',*,*,#6838,.F.);
#6840=CARTESIAN_POINT('',(-40.679031828,-1.5,1.0));
#6841=CARTESIAN_POINT('',(-40.6737957767,-1.4947639487,1.0));
#6842=CARTESIAN_POINT('',(-40.668556815,-1.4895308235,1.0000822811));
#6843=CARTESIAN_POINT('',(-40.6580831322,-1.4790654753,1.0004115656));
#6844=CARTESIAN_POINT('',(-40.6528483075,-1.4738333566,1.0006585398));
#6845=CARTESIAN_POINT('',(-40.6423865375,-1.4633715798,1.0013171416));
#6846=CARTESIAN_POINT('',(-40.6371594873,-1.458142026,1.0017287594));
#6847=CARTESIAN_POINT('',(-40.6267138183,-1.4476901068,1.0027170342));
#6848=CARTESIAN_POINT('',(-40.6214950953,-1.4424678458,1.0032937011));
#6849=CARTESIAN_POINT('',(-40.6110666906,-1.43203528,1.0046129159));
#6850=CARTESIAN_POINT('',(-40.6058569075,-1.4268250795,1.005355493));
#6851=CARTESIAN_POINT('',(-40.5721583415,-1.3931265135,1.0107040892));
#6852=CARTESIAN_POINT('',(-40.5438443861,-1.3648117871,1.0177141119));
#6853=CARTESIAN_POINT('',(-40.4879115379,-1.3088770686,1.0370222931));
#6854=CARTESIAN_POINT('',(-40.4602919598,-1.281257178,1.049326886));
#6855=CARTESIAN_POINT('',(-40.4065037984,-1.2274709756,1.0796645879));
#6856=CARTESIAN_POINT('',(-40.3803355986,-1.2013047654,1.0977029214));
#6857=CARTESIAN_POINT('',(-40.33063534,-1.1516065398,1.1398857624));
#6858=CARTESIAN_POINT('',(-40.3071036599,-1.128074626,1.1640347788));
#6859=CARTESIAN_POINT('',(-40.2642752093,-1.0852443328,1.2186103425));
#6860=CARTESIAN_POINT('',(-40.244977883,-1.065946055,1.2490418753));
#6861=CARTESIAN_POINT('',(-40.2226316999,-1.0435998719,1.295304379));
#6862=CARTESIAN_POINT('',(-40.2169166845,-1.0378848799,1.3085263578));
#6863=CARTESIAN_POINT('',(-40.2065449749,-1.0275132794,1.3357783961));
#6864=CARTESIAN_POINT('',(-40.201888825,-1.022857232,1.3498085331));
#6865=CARTESIAN_POINT('',(-40.1937772036,-1.0147458065,1.3785468339));
#6866=CARTESIAN_POINT('',(-40.19032231,-1.0112909895,1.3932549376));
#6867=CARTESIAN_POINT('',(-40.1847360016,-1.0057046304,1.4231681225));
#6868=CARTESIAN_POINT('',(-40.1826051551,-1.0035736495,1.4383729912));
#6869=CARTESIAN_POINT('',(-40.1797528151,-1.0007210537,1.4690517027));
#6870=CARTESIAN_POINT('',(-40.179031828,-1.0,1.4845251822));
#6871=CARTESIAN_POINT('',(-40.179031828,-1.0,1.5));
#6872=B_SPLINE_CURVE_WITH_KNOTS('',3,(#6840,#6841,#6842,#6843,#6844,#6845,#6846,#6847,#6848,#6849,
    #6850,#6851,#6852,#6853,#6854,#6855,#6856,#6857,#6858,#6859,
    #6860,#6861,#6862,#6863,#6864,#6865,#6866,#6867,#6868,#6869,
    #6870,#6871),.UNSPECIFIED.,.F.,.U.,
 (4,2,2,2,2,2,2,2,2,2,2,2,2,2,2,4),
 (0.0,0.0314163078,0.0628326155,0.0942489233,0.1256652311,0.1570815388,0.329126027,0.5011705152,0.6732150034,0.8452594916,1.0173039798,1.0829580713,1.1486121628,1.2142662543,1.2799203457,1.3455744372),.UNSPECIFIED.);
#6873=EDGE_CURVE('no 197168',#6831,#6326,#6872,.T.);
#6874=ORIENTED_EDGE('no 197164',*,*,#6873,.T.);
#6875=ORIENTED_EDGE('no 197139',*,*,#6331,.T.);
#6876=CARTESIAN_POINT('',(-40.379031828,-5.299979725,1.1));
#6877=VERTEX_POINT('',#6876);
#6878=CARTESIAN_POINT('',(-40.179031828,-5.499979725,1.5));
#6879=CARTESIAN_POINT('',(-40.179031828,-5.4875656635,1.4906894539));
#6880=CARTESIAN_POINT('',(-40.1792916443,-5.475584456,1.4807993174));
#6881=CARTESIAN_POINT('',(-40.1805280892,-5.4526091248,1.4599632684));
#6882=CARTESIAN_POINT('',(-40.1815051641,-5.4416155458,1.4490172125));
#6883=CARTESIAN_POINT('',(-40.1843723619,-5.4207431001,1.4262162722));
#6884=CARTESIAN_POINT('',(-40.186263013,-5.410864778,1.4143613498));
#6885=CARTESIAN_POINT('',(-40.1911372694,-5.3923392973,1.3899364588));
#6886=CARTESIAN_POINT('',(-40.1941214551,-5.3836926834,1.3773665952));
#6887=CARTESIAN_POINT('',(-40.2013295931,-5.3677195538,1.351751572));
#6888=CARTESIAN_POINT('',(-40.2055541324,-5.3603935828,1.3387066881));
#6889=CARTESIAN_POINT('',(-40.2122979432,-5.3512362229,1.3205908512));
#6890=CARTESIAN_POINT('',(-40.2142448731,-5.348819462,1.3156030037));
#6891=CARTESIAN_POINT('',(-40.2183362041,-5.3441778945,1.3056068218));
#6892=CARTESIAN_POINT('',(-40.2204805625,-5.3419531903,1.3005987795));
#6893=CARTESIAN_POINT('',(-40.2249671306,-5.3376966603,1.2905832853));
#6894=CARTESIAN_POINT('',(-40.227309246,-5.335664937,1.2855761088));
#6895=CARTESIAN_POINT('',(-40.2321877402,-5.3317954142,1.2755868599));
#6896=CARTESIAN_POINT('',(-40.2347239726,-5.3299577173,1.2706050391));
#6897=CARTESIAN_POINT('',(-40.2399867527,-5.3264743381,1.2606865229));
#6898=CARTESIAN_POINT('',(-40.2427131034,-5.3248287583,1.2557500481));
#6899=CARTESIAN_POINT('',(-40.2520945025,-5.3196640708,1.2394279575));
#6900=CARTESIAN_POINT('',(-40.2591734631,-5.3165496846,1.2281577347));
#6901=CARTESIAN_POINT('',(-40.2743234431,-5.3112294696,1.2060775834));
#6902=CARTESIAN_POINT('',(-40.2823941994,-5.3090233595,1.1952677746));
#6903=CARTESIAN_POINT('',(-40.2994583772,-5.3054092951,1.1742591013));
#6904=CARTESIAN_POINT('',(-40.308451501,-5.3040010596,1.1640602796));
#6905=CARTESIAN_POINT('',(-40.3272774757,-5.3018559004,1.1443960768));
#6906=CARTESIAN_POINT('',(-40.3371100188,-5.3011186954,1.1349306561));
#6907=CARTESIAN_POINT('',(-40.3575275316,-5.3001807484,1.1168275364));
#6908=CARTESIAN_POINT('',(-40.3681122063,-5.299979725,1.1081897163));
#6909=CARTESIAN_POINT('',(-40.379031828,-5.299979725,1.1));
#6910=B_SPLINE_CURVE_WITH_KNOTS('',3,(#6878,#6879,#6880,#6881,#6882,#6883,#6884,#6885,#6886,#6887,
    #6888,#6889,#6890,#6891,#6892,#6893,#6894,#6895,#6896,#6897,
    #6898,#6899,#6900,#6901,#6902,#6903,#6904,#6905,#6906,#6907,
    #6908,#6909),.UNSPECIFIED.,.F.,.U.,
 (4,2,2,2,2,2,2,2,2,2,2,2,2,2,2,4),
 (0.0,0.065835503,0.1316710059,0.1975065089,0.2633420118,0.3291775148,0.3540908733,0.3790042319,0.4039175905,0.4288309491,0.4537443077,0.5116543468,0.5695643858,0.6274744249,0.6853844639,0.743294503),.UNSPECIFIED.);
#6911=EDGE_CURVE('no 214295',#6049,#6877,#6910,.T.);
#6912=ORIENTED_EDGE('no 213734',*,*,#6911,.T.);
#6913=CARTESIAN_POINT('',(-40.679031828,-5.3100817765,1.0));
#6914=CARTESIAN_POINT('',(-40.6632473118,-5.3100817765,1.0));
#6915=CARTESIAN_POINT('',(-40.6474631091,-5.3099272198,1.0007481122));
#6916=CARTESIAN_POINT('',(-40.6160430588,-5.3093318708,1.003732485));
#6917=CARTESIAN_POINT('',(-40.6004071996,-5.3088912691,1.0059686547));
#6918=CARTESIAN_POINT('',(-40.5694241807,-5.3077912622,1.0119068061));
#6919=CARTESIAN_POINT('',(-40.5540769913,-5.3071320477,1.0156087267));
#6920=CARTESIAN_POINT('',(-40.5238048946,-5.3057007032,1.0244443082));
#6921=CARTESIAN_POINT('',(-40.5088799505,-5.3049287639,1.02957794));
#6922=CARTESIAN_POINT('',(-40.479580201,-5.3034105958,1.0412324941));
#6923=CARTESIAN_POINT('',(-40.4652053624,-5.3026645576,1.0477534184));
#6924=CARTESIAN_POINT('',(-40.4461196659,-5.3017803555,1.0575250506));
#6925=CARTESIAN_POINT('',(-40.4411153009,-5.3015589854,1.060195582));
#6926=CARTESIAN_POINT('',(-40.4311951867,-5.3011494564,1.0657083939));
#6927=CARTESIAN_POINT('',(-40.4262795728,-5.3009613028,1.06855064));
#6928=CARTESIAN_POINT('',(-40.4165449759,-5.30062697,1.0744028839));
#6929=CARTESIAN_POINT('',(-40.4117261165,-5.3004807962,1.0774128223));
#6930=CARTESIAN_POINT('',(-40.4021946038,-5.3002395115,1.0835946477));
#6931=CARTESIAN_POINT('',(-40.3974820595,-5.300144406,1.0867664516));
#6932=CARTESIAN_POINT('',(-40.3881708082,-5.3000145101,1.0932665433));
#6933=CARTESIAN_POINT('',(-40.3835721931,-5.299979725,1.0965947262));
#6934=CARTESIAN_POINT('',(-40.379031828,-5.299979725,1.1));
#6935=B_SPLINE_CURVE_WITH_KNOTS('',3,(#6913,#6914,#6915,#6916,#6917,#6918,#6919,#6920,#6921,#6922,
    #6923,#6924,#6925,#6926,#6927,#6928,#6929,#6930,#6931,#6932,
    #6933,#6934),.UNSPECIFIED.,.F.,.U.,
 (4,2,2,2,2,2,2,2,2,2,4),
 (0.0,0.0669680305,0.1339360609,0.2009040914,0.2678721219,0.3348401523,0.3589190745,0.3829979966,0.4070769187,0.4311558409,0.455234763),.UNSPECIFIED.);
#6936=EDGE_CURVE('no 213757',#6833,#6877,#6935,.T.);
#6937=ORIENTED_EDGE('no 213752',*,*,#6936,.F.);
#6938=EDGE_LOOP('',(#6839,#6874,#6875,#6912,#6937));
#6939=FACE_OUTER_BOUND('',#6938,.T.);
#6940=CARTESIAN_POINT('',(-40.679031828,-3.5,1.5));
#6941=DIRECTION('',(0.0,-1.0,0.0));
#6942=DIRECTION('',(1.0,0.0,0.0));
#6943=AXIS2_PLACEMENT_3D('',#6940,#6941,#6942);
#6944=CYLINDRICAL_SURFACE('',#6943,0.5);
#6945=ADVANCED_FACE('no 214231',(#6939),#6944,.T.);
#6946=ORIENTED_EDGE('no 196848',*,*,#6339,.T.);
#6947=ORIENTED_EDGE('no 197163',*,*,#6873,.F.);
#6948=CARTESIAN_POINT('',(-42.679031828,-1.5,1.0));
#6949=VERTEX_POINT('',#6948);
#6950=CARTESIAN_POINT('',(-40.679031828,-1.5,1.0));
#6951=DIRECTION('',(-1.0,0.0,0.0));
#6952=VECTOR('',#6951,1.0);
#6953=LINE('',#6950,#6952);
#6954=EDGE_CURVE('no 197380',#6831,#6949,#6953,.T.);
#6955=ORIENTED_EDGE('no 196849',*,*,#6954,.T.);
#6956=CARTESIAN_POINT('',(-42.679031828,-1.5,1.0));
#6957=CARTESIAN_POINT('',(-42.6842678793,-1.4947639487,1.0));
#6958=CARTESIAN_POINT('',(-42.6895010045,-1.489524987,1.0000822811));
#6959=CARTESIAN_POINT('',(-42.6999663527,-1.4790513042,1.0004115656));
#6960=CARTESIAN_POINT('',(-42.7051984714,-1.4738164795,1.0006585398));
#6961=CARTESIAN_POINT('',(-42.7156602482,-1.4633547095,1.0013171416));
#6962=CARTESIAN_POINT('',(-42.720889802,-1.4581276593,1.0017287594));
#6963=CARTESIAN_POINT('',(-42.7313417212,-1.4476819903,1.0027170342));
#6964=CARTESIAN_POINT('',(-42.7365639822,-1.4424632673,1.0032937011));
#6965=CARTESIAN_POINT('',(-42.746996548,-1.4320348626,1.0046129159));
#6966=CARTESIAN_POINT('',(-42.7522067484,-1.4268250795,1.005355493));
#6967=CARTESIAN_POINT('',(-42.7859053145,-1.3931265135,1.0107040892));
#6968=CARTESIAN_POINT('',(-42.8142200409,-1.3648125581,1.0177141119));
#6969=CARTESIAN_POINT('',(-42.8701547594,-1.3088797099,1.0370222931));
#6970=CARTESIAN_POINT('',(-42.89777465,-1.2812601318,1.049326886));
#6971=CARTESIAN_POINT('',(-42.9515608524,-1.2274719704,1.0796645879));
#6972=CARTESIAN_POINT('',(-42.9777270626,-1.2013037706,1.0977029214));
#6973=CARTESIAN_POINT('',(-43.0274252882,-1.151603512,1.1398857624));
#6974=CARTESIAN_POINT('',(-43.050957202,-1.1280718319,1.1640347788));
#6975=CARTESIAN_POINT('',(-43.0937874952,-1.0852433813,1.2186103425));
#6976=CARTESIAN_POINT('',(-43.113085773,-1.065946055,1.2490418753));
#6977=CARTESIAN_POINT('',(-43.1354319561,-1.0435998719,1.295304379));
#6978=CARTESIAN_POINT('',(-43.1411469481,-1.0378848565,1.3085263578));
#6979=CARTESIAN_POINT('',(-43.1515185486,-1.0275131469,1.3357783961));
#6980=CARTESIAN_POINT('',(-43.156174596,-1.022856997,1.3498085331));
#6981=CARTESIAN_POINT('',(-43.1642860215,-1.0147453756,1.3785468339));
#6982=CARTESIAN_POINT('',(-43.1677408385,-1.011290482,1.3932549376));
#6983=CARTESIAN_POINT('',(-43.1733271976,-1.0057041736,1.4231681225));
#6984=CARTESIAN_POINT('',(-43.1754581785,-1.0035733271,1.4383729912));
#6985=CARTESIAN_POINT('',(-43.1783107743,-1.0007209871,1.4690517027));
#6986=CARTESIAN_POINT('',(-43.179031828,-1.0,1.4845251822));
#6987=CARTESIAN_POINT('',(-43.179031828,-1.0,1.5));
#6988=B_SPLINE_CURVE_WITH_KNOTS('',3,(#6956,#6957,#6958,#6959,#6960,#6961,#6962,#6963,#6964,#6965,
    #6966,#6967,#6968,#6969,#6970,#6971,#6972,#6973,#6974,#6975,
    #6976,#6977,#6978,#6979,#6980,#6981,#6982,#6983,#6984,#6985,
    #6986,#6987),.UNSPECIFIED.,.F.,.U.,
 (4,2,2,2,2,2,2,2,2,2,2,2,2,2,2,4),
 (0.0,0.0314163078,0.0628326155,0.0942489233,0.1256652311,0.1570815388,0.329126027,0.5011705152,0.6732150034,0.8452594916,1.0173039798,1.0829580713,1.1486121628,1.2142662543,1.2799203457,1.3455744372),.UNSPECIFIED.);
#6989=EDGE_CURVE('no 197331',#6949,#6334,#6988,.T.);
#6990=ORIENTED_EDGE('no 197326',*,*,#6989,.T.);
#6991=EDGE_LOOP('',(#6946,#6947,#6955,#6990));
#6992=FACE_OUTER_BOUND('',#6991,.T.);
#6993=CARTESIAN_POINT('',(-41.679031828,-1.5,1.5));
#6994=DIRECTION('',(-1.0,0.0,0.0));
#6995=DIRECTION('',(0.0,1.0,0.0));
#6996=AXIS2_PLACEMENT_3D('',#6993,#6994,#6995);
#6997=CYLINDRICAL_SURFACE('',#6996,0.5);
#6998=ADVANCED_FACE('no 197382',(#6992),#6997,.T.);
#6999=CARTESIAN_POINT('',(-40.679031828,3.5,1.0));
#7000=VERTEX_POINT('',#6999);
#7001=CARTESIAN_POINT('',(-42.679031828,3.5,1.0));
#7002=VERTEX_POINT('',#7001);
#7003=CARTESIAN_POINT('',(-40.679031828,3.5,1.0));
#7004=DIRECTION('',(-1.0,0.0,0.0));
#7005=VECTOR('',#7004,1.0);
#7006=LINE('',#7003,#7005);
#7007=EDGE_CURVE('no 196773',#7000,#7002,#7006,.T.);
#7008=ORIENTED_EDGE('no 196363',*,*,#7007,.F.);
#7009=CARTESIAN_POINT('',(-40.679031828,3.5,1.0));
#7010=CARTESIAN_POINT('',(-40.6737957767,3.4947639487,1.0));
#7011=CARTESIAN_POINT('',(-40.6685626515,3.489524987,1.0000822811));
#7012=CARTESIAN_POINT('',(-40.6580973033,3.4790513042,1.0004115656));
#7013=CARTESIAN_POINT('',(-40.6528651846,3.4738164795,1.0006585398));
#7014=CARTESIAN_POINT('',(-40.6424034078,3.4633547095,1.0013171416));
#7015=CARTESIAN_POINT('',(-40.637173854,3.4581276593,1.0017287594));
#7016=CARTESIAN_POINT('',(-40.6267219348,3.4476819903,1.0027170342));
#7017=CARTESIAN_POINT('',(-40.6214996738,3.4424632673,1.0032937011));
#7018=CARTESIAN_POINT('',(-40.611067108,3.4320348626,1.0046129159));
#7019=CARTESIAN_POINT('',(-40.6058569075,3.4268250795,1.005355493));
#7020=CARTESIAN_POINT('',(-40.5721583415,3.3931265135,1.0107040892));
#7021=CARTESIAN_POINT('',(-40.5438436151,3.3648125581,1.0177141119));
#7022=CARTESIAN_POINT('',(-40.4879088966,3.3088797099,1.0370222931));
#7023=CARTESIAN_POINT('',(-40.460289006,3.2812601318,1.049326886));
#7024=CARTESIAN_POINT('',(-40.4065028036,3.2274719704,1.0796645879));
#7025=CARTESIAN_POINT('',(-40.3803365934,3.2013037706,1.0977029214));
#7026=CARTESIAN_POINT('',(-40.3306383678,3.151603512,1.1398857624));
#7027=CARTESIAN_POINT('',(-40.307106454,3.1280718319,1.1640347788));
#7028=CARTESIAN_POINT('',(-40.2642761608,3.0852433813,1.2186103425));
#7029=CARTESIAN_POINT('',(-40.244977883,3.065946055,1.2490418753));
#7030=CARTESIAN_POINT('',(-40.2226316999,3.0435998719,1.295304379));
#7031=CARTESIAN_POINT('',(-40.2169167079,3.0378848565,1.3085263578));
#7032=CARTESIAN_POINT('',(-40.2065451074,3.0275131469,1.3357783961));
#7033=CARTESIAN_POINT('',(-40.20188906,3.022856997,1.3498085331));
#7034=CARTESIAN_POINT('',(-40.1937776345,3.0147453756,1.3785468339));
#7035=CARTESIAN_POINT('',(-40.1903228175,3.011290482,1.3932549376));
#7036=CARTESIAN_POINT('',(-40.1847364584,3.0057041736,1.4231681225));
#7037=CARTESIAN_POINT('',(-40.1826054775,3.0035733271,1.4383729912));
#7038=CARTESIAN_POINT('',(-40.1797528817,3.0007209871,1.4690517027));
#7039=CARTESIAN_POINT('',(-40.179031828,3.0,1.4845251822));
#7040=CARTESIAN_POINT('',(-40.179031828,3.0,1.5));
#7041=B_SPLINE_CURVE_WITH_KNOTS('',3,(#7009,#7010,#7011,#7012,#7013,#7014,#7015,#7016,#7017,#7018,
    #7019,#7020,#7021,#7022,#7023,#7024,#7025,#7026,#7027,#7028,
    #7029,#7030,#7031,#7032,#7033,#7034,#7035,#7036,#7037,#7038,
    #7039,#7040),.UNSPECIFIED.,.F.,.U.,
 (4,2,2,2,2,2,2,2,2,2,2,2,2,2,2,4),
 (0.0,0.0314163078,0.0628326155,0.0942489233,0.1256652311,0.1570815388,0.329126027,0.5011705152,0.6732150034,0.8452594916,1.0173039798,1.0829580713,1.1486121628,1.2142662543,1.2799203457,1.3455744372),.UNSPECIFIED.);
#7042=EDGE_CURVE('no 196546',#7000,#6350,#7041,.T.);
#7043=ORIENTED_EDGE('no 196541',*,*,#7042,.T.);
#7044=ORIENTED_EDGE('no 196362',*,*,#6355,.F.);
#7045=CARTESIAN_POINT('',(-42.679031828,3.5,1.0));
#7046=CARTESIAN_POINT('',(-42.6842678793,3.4947639487,1.0));
#7047=CARTESIAN_POINT('',(-42.6895010045,3.489524987,1.0000822811));
#7048=CARTESIAN_POINT('',(-42.6999663527,3.4790513042,1.0004115656));
#7049=CARTESIAN_POINT('',(-42.7051984714,3.4738164795,1.0006585398));
#7050=CARTESIAN_POINT('',(-42.7156602482,3.4633547095,1.0013171416));
#7051=CARTESIAN_POINT('',(-42.720889802,3.4581276593,1.0017287594));
#7052=CARTESIAN_POINT('',(-42.7313417212,3.4476819903,1.0027170342));
#7053=CARTESIAN_POINT('',(-42.7365639822,3.4424632673,1.0032937011));
#7054=CARTESIAN_POINT('',(-42.746996548,3.4320348626,1.0046129159));
#7055=CARTESIAN_POINT('',(-42.7522067485,3.4268250795,1.005355493));
#7056=CARTESIAN_POINT('',(-42.7859053145,3.3931265135,1.0107040892));
#7057=CARTESIAN_POINT('',(-42.8142200409,3.3648125581,1.0177141119));
#7058=CARTESIAN_POINT('',(-42.8701547594,3.3088797099,1.0370222931));
#7059=CARTESIAN_POINT('',(-42.89777465,3.2812601318,1.049326886));
#7060=CARTESIAN_POINT('',(-42.9515608524,3.2274719704,1.0796645879));
#7061=CARTESIAN_POINT('',(-42.9777270626,3.2013037706,1.0977029214));
#7062=CARTESIAN_POINT('',(-43.0274252882,3.151603512,1.1398857624));
#7063=CARTESIAN_POINT('',(-43.050957202,3.1280718319,1.1640347788));
#7064=CARTESIAN_POINT('',(-43.0937874952,3.0852433813,1.2186103425));
#7065=CARTESIAN_POINT('',(-43.113085773,3.065946055,1.2490418753));
#7066=CARTESIAN_POINT('',(-43.1354319561,3.0435998719,1.295304379));
#7067=CARTESIAN_POINT('',(-43.1411469481,3.0378848565,1.3085263578));
#7068=CARTESIAN_POINT('',(-43.1515185486,3.0275131469,1.3357783961));
#7069=CARTESIAN_POINT('',(-43.156174596,3.022856997,1.3498085331));
#7070=CARTESIAN_POINT('',(-43.1642860215,3.0147453756,1.3785468339));
#7071=CARTESIAN_POINT('',(-43.1677408385,3.011290482,1.3932549376));
#7072=CARTESIAN_POINT('',(-43.1733271976,3.0057041736,1.4231681225));
#7073=CARTESIAN_POINT('',(-43.1754581785,3.0035733271,1.4383729912));
#7074=CARTESIAN_POINT('',(-43.1783107743,3.0007209871,1.4690517027));
#7075=CARTESIAN_POINT('',(-43.179031828,3.0,1.4845251822));
#7076=CARTESIAN_POINT('',(-43.179031828,3.0,1.5));
#7077=B_SPLINE_CURVE_WITH_KNOTS('',3,(#7045,#7046,#7047,#7048,#7049,#7050,#7051,#7052,#7053,#7054,
    #7055,#7056,#7057,#7058,#7059,#7060,#7061,#7062,#7063,#7064,
    #7065,#7066,#7067,#7068,#7069,#7070,#7071,#7072,#7073,#7074,
    #7075,#7076),.UNSPECIFIED.,.F.,.U.,
 (4,2,2,2,2,2,2,2,2,2,2,2,2,2,2,4),
 (0.0,0.0314163078,0.0628326155,0.0942489233,0.1256652311,0.1570815388,0.329126027,0.5011705152,0.6732150034,0.8452594916,1.0173039798,1.0829580713,1.1486121628,1.2142662542,1.2799203457,1.3455744372),.UNSPECIFIED.);
#7078=EDGE_CURVE('no 196727',#7002,#6342,#7077,.T.);
#7079=ORIENTED_EDGE('no 196722',*,*,#7078,.F.);
#7080=EDGE_LOOP('',(#7008,#7043,#7044,#7079));
#7081=FACE_OUTER_BOUND('',#7080,.T.);
#7082=CARTESIAN_POINT('',(-41.679031828,3.5,1.5));
#7083=DIRECTION('',(-1.0,0.0,0.0));
#7084=DIRECTION('',(0.0,-1.0,0.0));
#7085=AXIS2_PLACEMENT_3D('',#7082,#7083,#7084);
#7086=CYLINDRICAL_SURFACE('',#7085,0.5);
#7087=ADVANCED_FACE('no 196779',(#7081),#7086,.T.);
#7088=ORIENTED_EDGE('no 196526',*,*,#6363,.T.);
#7089=ORIENTED_EDGE('no 196542',*,*,#7042,.F.);
#7090=CARTESIAN_POINT('',(-40.679031828,7.3100817763,1.0));
#7091=VERTEX_POINT('',#7090);
#7092=CARTESIAN_POINT('',(-40.679031828,3.5,1.0));
#7093=DIRECTION('',(0.0,1.0,0.0));
#7094=VECTOR('',#7093,1.0);
#7095=LINE('',#7092,#7094);
#7096=EDGE_CURVE('no 205556',#7000,#7091,#7095,.T.);
#7097=ORIENTED_EDGE('no 196527',*,*,#7096,.T.);
#7098=CARTESIAN_POINT('',(-40.379031828,7.2999797249,1.1));
#7099=VERTEX_POINT('',#7098);
#7100=CARTESIAN_POINT('',(-40.679031828,7.3100817763,1.0));
#7101=CARTESIAN_POINT('',(-40.6632473118,7.3100817763,1.0));
#7102=CARTESIAN_POINT('',(-40.6474631091,7.3099272197,1.0007481122));
#7103=CARTESIAN_POINT('',(-40.6160430588,7.3093318707,1.003732485));
#7104=CARTESIAN_POINT('',(-40.6004071996,7.3088912689,1.0059686547));
#7105=CARTESIAN_POINT('',(-40.5694241807,7.3077912621,1.0119068061));
#7106=CARTESIAN_POINT('',(-40.5540769913,7.3071320476,1.0156087267));
#7107=CARTESIAN_POINT('',(-40.5238048946,7.3057007031,1.0244443082));
#7108=CARTESIAN_POINT('',(-40.5088799505,7.3049287637,1.02957794));
#7109=CARTESIAN_POINT('',(-40.479580201,7.3034105956,1.0412324941));
#7110=CARTESIAN_POINT('',(-40.4652053624,7.3026645574,1.0477534184));
#7111=CARTESIAN_POINT('',(-40.4461196659,7.3017803553,1.0575250506));
#7112=CARTESIAN_POINT('',(-40.4411153009,7.3015589853,1.060195582));
#7113=CARTESIAN_POINT('',(-40.4311951867,7.3011494563,1.0657083939));
#7114=CARTESIAN_POINT('',(-40.4262795728,7.3009613027,1.06855064));
#7115=CARTESIAN_POINT('',(-40.4165449759,7.3006269699,1.0744028839));
#7116=CARTESIAN_POINT('',(-40.4117261165,7.3004807961,1.0774128223));
#7117=CARTESIAN_POINT('',(-40.4021946038,7.3002395114,1.0835946477));
#7118=CARTESIAN_POINT('',(-40.3974820595,7.3001444059,1.0867664516));
#7119=CARTESIAN_POINT('',(-40.3881708082,7.3000145099,1.0932665433));
#7120=CARTESIAN_POINT('',(-40.3835721931,7.2999797249,1.0965947262));
#7121=CARTESIAN_POINT('',(-40.379031828,7.2999797249,1.1));
#7122=B_SPLINE_CURVE_WITH_KNOTS('',3,(#7100,#7101,#7102,#7103,#7104,#7105,#7106,#7107,#7108,#7109,
    #7110,#7111,#7112,#7113,#7114,#7115,#7116,#7117,#7118,#7119,
    #7120,#7121),.UNSPECIFIED.,.F.,.U.,
 (4,2,2,2,2,2,2,2,2,2,4),
 (0.0,0.0669680305,0.1339360609,0.2009040914,0.2678721218,0.3348401523,0.3589190745,0.3829979966,0.4070769187,0.4311558409,0.455234763),.UNSPECIFIED.);
#7123=EDGE_CURVE('no 205038',#7091,#7099,#7122,.T.);
#7124=ORIENTED_EDGE('no 205033',*,*,#7123,.T.);
#7125=CARTESIAN_POINT('',(-40.179031828,7.4999797249,1.5));
#7126=CARTESIAN_POINT('',(-40.179031828,7.4875656634,1.4906894539));
#7127=CARTESIAN_POINT('',(-40.1792916443,7.4755844558,1.4807993174));
#7128=CARTESIAN_POINT('',(-40.1805280892,7.4526091246,1.4599632684));
#7129=CARTESIAN_POINT('',(-40.1815051641,7.4416155457,1.4490172125));
#7130=CARTESIAN_POINT('',(-40.1843723619,7.4207431,1.4262162722));
#7131=CARTESIAN_POINT('',(-40.186263013,7.4108647779,1.4143613498));
#7132=CARTESIAN_POINT('',(-40.1911372694,7.3923392972,1.3899364588));
#7133=CARTESIAN_POINT('',(-40.1941214552,7.3836926832,1.3773665952));
#7134=CARTESIAN_POINT('',(-40.2013295931,7.3677195537,1.351751572));
#7135=CARTESIAN_POINT('',(-40.2055541324,7.3603935827,1.3387066881));
#7136=CARTESIAN_POINT('',(-40.2122979432,7.3512362228,1.3205908512));
#7137=CARTESIAN_POINT('',(-40.2142448731,7.3488194619,1.3156030037));
#7138=CARTESIAN_POINT('',(-40.2183362041,7.3441778944,1.3056068218));
#7139=CARTESIAN_POINT('',(-40.2204805625,7.3419531902,1.3005987795));
#7140=CARTESIAN_POINT('',(-40.2249671306,7.3376966602,1.2905832853));
#7141=CARTESIAN_POINT('',(-40.227309246,7.3356649369,1.2855761088));
#7142=CARTESIAN_POINT('',(-40.2321877402,7.3317954141,1.2755868599));
#7143=CARTESIAN_POINT('',(-40.2347239726,7.3299577172,1.2706050391));
#7144=CARTESIAN_POINT('',(-40.2399867527,7.326474338,1.2606865229));
#7145=CARTESIAN_POINT('',(-40.2427131034,7.3248287582,1.2557500481));
#7146=CARTESIAN_POINT('',(-40.2520945025,7.3196640707,1.2394279575));
#7147=CARTESIAN_POINT('',(-40.2591734631,7.3165496845,1.2281577347));
#7148=CARTESIAN_POINT('',(-40.2743234431,7.3112294694,1.2060775834));
#7149=CARTESIAN_POINT('',(-40.2823941994,7.3090233594,1.1952677745));
#7150=CARTESIAN_POINT('',(-40.2994583772,7.305409295,1.1742591013));
#7151=CARTESIAN_POINT('',(-40.308451501,7.3040010595,1.1640602796));
#7152=CARTESIAN_POINT('',(-40.3272774757,7.3018559003,1.1443960768));
#7153=CARTESIAN_POINT('',(-40.3371100188,7.3011186953,1.1349306561));
#7154=CARTESIAN_POINT('',(-40.3575275316,7.3001807482,1.1168275364));
#7155=CARTESIAN_POINT('',(-40.3681122063,7.2999797249,1.1081897163));
#7156=CARTESIAN_POINT('',(-40.379031828,7.2999797249,1.1));
#7157=B_SPLINE_CURVE_WITH_KNOTS('',3,(#7125,#7126,#7127,#7128,#7129,#7130,#7131,#7132,#7133,#7134,
    #7135,#7136,#7137,#7138,#7139,#7140,#7141,#7142,#7143,#7144,
    #7145,#7146,#7147,#7148,#7149,#7150,#7151,#7152,#7153,#7154,
    #7155,#7156),.UNSPECIFIED.,.F.,.U.,
 (4,2,2,2,2,2,2,2,2,2,2,2,2,2,2,4),
 (0.0,0.0658355029,0.1316710059,0.1975065088,0.2633420118,0.3291775147,0.3540908733,0.3790042319,0.4039175905,0.4288309491,0.4537443077,0.5116543467,0.5695643858,0.6274744249,0.6853844639,0.743294503),.UNSPECIFIED.);
#7158=EDGE_CURVE('no 205629',#6358,#7099,#7157,.T.);
#7159=ORIENTED_EDGE('no 205015',*,*,#7158,.F.);
#7160=EDGE_LOOP('',(#7088,#7089,#7097,#7124,#7159));
#7161=FACE_OUTER_BOUND('',#7160,.T.);
#7162=CARTESIAN_POINT('',(-40.679031828,5.5,1.5));
#7163=DIRECTION('',(-0.0,1.0,0.0));
#7164=DIRECTION('',(1.0,0.0,0.0));
#7165=AXIS2_PLACEMENT_3D('',#7162,#7163,#7164);
#7166=CYLINDRICAL_SURFACE('',#7165,0.5);
#7167=ADVANCED_FACE('no 205564',(#7161),#7166,.T.);
#7168=CARTESIAN_POINT('',(-43.179031828,10.2642558322,7.5));
#7169=VERTEX_POINT('',#7168);
#7170=CARTESIAN_POINT('',(-43.179031828,7.8712296699,2.0));
#7171=VERTEX_POINT('',#7170);
#7172=CARTESIAN_POINT('',(-43.179031828,-4.0313126068,10.4493422133));
#7173=DIRECTION('',(-1.0,-0.0,0.0));
#7174=DIRECTION('',(0.0,-1.0,-0.0));
#7175=AXIS2_PLACEMENT_3D('',#7172,#7173,#7174);
#7176=CIRCLE('',#7175,14.5966399039);
#7177=EDGE_CURVE('no 181510',#7169,#7171,#7176,.T.);
#7178=ORIENTED_EDGE('no 130576',*,*,#7177,.F.);
#7179=CARTESIAN_POINT('',(-38.179031828,10.2642558322,7.5));
#7180=VERTEX_POINT('',#7179);
#7181=CARTESIAN_POINT('',(-43.179031828,10.2642558322,7.5));
#7182=DIRECTION('',(1.0,0.0,0.0));
#7183=VECTOR('',#7182,1.0);
#7184=LINE('',#7181,#7183);
#7185=EDGE_CURVE('no 159773',#7169,#7180,#7184,.T.);
#7186=ORIENTED_EDGE('no 157613',*,*,#7185,.T.);
#7187=CARTESIAN_POINT('',(-38.179031828,9.855155759,5.9517992383));
#7188=VERTEX_POINT('',#7187);
#7189=CARTESIAN_POINT('',(-38.179031828,-4.0313126068,10.4493422133));
#7190=DIRECTION('',(-1.0,-0.0,0.0));
#7191=DIRECTION('',(0.0,-1.0,-0.0));
#7192=AXIS2_PLACEMENT_3D('',#7189,#7190,#7191);
#7193=CIRCLE('',#7192,14.5966399039);
#7194=EDGE_CURVE('no 158519',#7180,#7188,#7193,.T.);
#7195=ORIENTED_EDGE('no 152582',*,*,#7194,.T.);
#7196=CARTESIAN_POINT('',(-38.179031828,9.855155759,5.9517992383));
#7197=DIRECTION('',(1.0,0.0,0.0));
#7198=VECTOR('',#7197,1.0);
#7199=LINE('',#7196,#7198);
#7200=EDGE_CURVE('no 154247',#7188,#6398,#7199,.T.);
#7201=ORIENTED_EDGE('no 42905',*,*,#7200,.T.);
#7202=ORIENTED_EDGE('no 42693',*,*,#6404,.T.);
#7203=ORIENTED_EDGE('no 152560',*,*,#6379,.T.);
#7204=ORIENTED_EDGE('no 205100',*,*,#6371,.F.);
#7205=CARTESIAN_POINT('',(-40.179031828,7.8712296699,2.0));
#7206=VERTEX_POINT('',#7205);
#7207=CARTESIAN_POINT('',(-40.179031828,-4.0313126068,10.4493422133));
#7208=DIRECTION('',(1.0,0.0,-0.0));
#7209=DIRECTION('',(0.0,-1.0,-0.0));
#7210=AXIS2_PLACEMENT_3D('',#7207,#7208,#7209);
#7211=CIRCLE('',#7210,14.5966399039);
#7212=EDGE_CURVE('no 205553',#6358,#7206,#7211,.T.);
#7213=ORIENTED_EDGE('no 181261',*,*,#7212,.T.);
#7214=CARTESIAN_POINT('',(-43.179031828,7.8712296699,2.0));
#7215=DIRECTION('',(1.0,0.0,0.0));
#7216=VECTOR('',#7215,1.0);
#7217=LINE('',#7214,#7216);
#7218=EDGE_CURVE('no 181602',#7171,#7206,#7217,.T.);
#7219=ORIENTED_EDGE('no 181290',*,*,#7218,.F.);
#7220=EDGE_LOOP('',(#7178,#7186,#7195,#7201,#7202,#7203,#7204,#7213,#7219));
#7221=FACE_OUTER_BOUND('',#7220,.T.);
#7222=CARTESIAN_POINT('',(-30.429031828,-4.0313126068,10.4493422133));
#7223=DIRECTION('',(-1.0,-0.0,0.0));
#7224=DIRECTION('',(0.0,-1.0,-0.0));
#7225=AXIS2_PLACEMENT_3D('',#7222,#7223,#7224);
#7226=CYLINDRICAL_SURFACE('',#7225,14.5966399039);
#7227=ADVANCED_FACE('no 205502',(#7221),#7226,.T.);
#7228=ORIENTED_EDGE('no 205101',*,*,#6371,.T.);
#7229=CARTESIAN_POINT('',(-36.179031828,8.2999797249,1.1));
#7230=VERTEX_POINT('',#7229);
#7231=CARTESIAN_POINT('',(-36.179031828,7.7999797249,1.1));
#7232=DIRECTION('',(1.0,0.0,0.0));
#7233=DIRECTION('',(0.0,1.0,-0.0));
#7234=AXIS2_PLACEMENT_3D('',#7231,#7232,#7233);
#7235=CIRCLE('',#7234,0.5);
#7236=EDGE_CURVE('no 205634',#7230,#6366,#7235,.T.);
#7237=ORIENTED_EDGE('no 204947',*,*,#7236,.F.);
#7238=CARTESIAN_POINT('',(-43.179031828,8.2999797249,1.1));
#7239=VERTEX_POINT('',#7238);
#7240=CARTESIAN_POINT('',(-43.179031828,8.2999797249,1.1));
#7241=DIRECTION('',(1.0,0.0,0.0));
#7242=VECTOR('',#7241,1.0);
#7243=LINE('',#7240,#7242);
#7244=EDGE_CURVE('no 204921',#7239,#7230,#7243,.T.);
#7245=ORIENTED_EDGE('no 204941',*,*,#7244,.F.);
#7246=CARTESIAN_POINT('',(-43.179031828,8.0,1.5582487202));
#7247=VERTEX_POINT('',#7246);
#7248=CARTESIAN_POINT('',(-43.179031828,7.7999797249,1.1));
#7249=DIRECTION('',(1.0,0.0,0.0));
#7250=DIRECTION('',(0.0,1.0,-0.0));
#7251=AXIS2_PLACEMENT_3D('',#7248,#7249,#7250);
#7252=CIRCLE('',#7251,0.5);
#7253=EDGE_CURVE('no 205638',#7239,#7247,#7252,.T.);
#7254=ORIENTED_EDGE('no 204946',*,*,#7253,.T.);
#7255=CARTESIAN_POINT('',(-40.179031828,8.0,1.5582487202));
#7256=VERTEX_POINT('',#7255);
#7257=CARTESIAN_POINT('',(-43.179031828,8.0,1.5582487202));
#7258=DIRECTION('',(1.0,0.0,0.0));
#7259=VECTOR('',#7258,1.0);
#7260=LINE('',#7257,#7259);
#7261=EDGE_CURVE('no 205631',#7247,#7256,#7260,.T.);
#7262=ORIENTED_EDGE('no 205120',*,*,#7261,.T.);
#7263=CARTESIAN_POINT('',(-40.179031828,7.7999797249,1.1));
#7264=DIRECTION('',(1.0,0.0,0.0));
#7265=DIRECTION('',(0.0,1.0,-0.0));
#7266=AXIS2_PLACEMENT_3D('',#7263,#7264,#7265);
#7267=CIRCLE('',#7266,0.5);
#7268=EDGE_CURVE('no 205630',#7256,#6358,#7267,.T.);
#7269=ORIENTED_EDGE('no 205158',*,*,#7268,.T.);
#7270=EDGE_LOOP('',(#7228,#7237,#7245,#7254,#7262,#7269));
#7271=FACE_OUTER_BOUND('',#7270,.T.);
#7272=CARTESIAN_POINT('',(-39.679031828,7.7999797249,1.1));
#7273=DIRECTION('',(1.0,0.0,0.0));
#7274=DIRECTION('',(0.0,1.0,-0.0));
#7275=AXIS2_PLACEMENT_3D('',#7272,#7273,#7274);
#7276=CYLINDRICAL_SURFACE('',#7275,0.5);
#7277=ADVANCED_FACE('no 205636',(#7271),#7276,.T.);
#7278=CARTESIAN_POINT('',(-36.179031828,7.2999797249,1.1));
#7279=VERTEX_POINT('',#7278);
#7280=CARTESIAN_POINT('',(-40.379031828,7.2999797249,1.1));
#7281=DIRECTION('',(1.0,0.0,0.0));
#7282=VECTOR('',#7281,1.0);
#7283=LINE('',#7280,#7282);
#7284=EDGE_CURVE('no 205521',#7099,#7279,#7283,.T.);
#7285=ORIENTED_EDGE('no 204943',*,*,#7284,.T.);
#7286=CARTESIAN_POINT('',(-36.179031828,7.7999797249,1.1));
#7287=DIRECTION('',(1.0,0.0,0.0));
#7288=DIRECTION('',(0.0,1.0,-0.0));
#7289=AXIS2_PLACEMENT_3D('',#7286,#7287,#7288);
#7290=CIRCLE('',#7289,0.5);
#7291=EDGE_CURVE('no 205635',#6366,#7279,#7290,.T.);
#7292=ORIENTED_EDGE('no 204947',*,*,#7291,.F.);
#7293=ORIENTED_EDGE('no 205101',*,*,#6371,.F.);
#7294=ORIENTED_EDGE('no 205016',*,*,#7158,.T.);
#7295=EDGE_LOOP('',(#7285,#7292,#7293,#7294));
#7296=FACE_OUTER_BOUND('',#7295,.T.);
#7297=CARTESIAN_POINT('',(-39.679031828,7.7999797249,1.1));
#7298=DIRECTION('',(1.0,0.0,0.0));
#7299=DIRECTION('',(0.0,1.0,-0.0));
#7300=AXIS2_PLACEMENT_3D('',#7297,#7298,#7299);
#7301=CYLINDRICAL_SURFACE('',#7300,0.5);
#7302=ADVANCED_FACE('no 205639',(#7296),#7301,.T.);
#7303=CARTESIAN_POINT('',(-43.179031828,-7.9909401741,11.5));
#7304=DIRECTION('',(1.0,0.0,0.0));
#7305=VECTOR('',#7304,1.0);
#7306=LINE('',#7303,#7305);
#7307=EDGE_CURVE('no 159847',#6718,#6459,#7306,.T.);
#7308=ORIENTED_EDGE('no 157987',*,*,#7307,.T.);
#7309=ORIENTED_EDGE('no 152579',*,*,#6467,.T.);
#7310=ORIENTED_EDGE('no 42783',*,*,#6491,.T.);
#7311=ORIENTED_EDGE('no 42690',*,*,#6424,.T.);
#7312=CARTESIAN_POINT('',(-20.679031828,-5.4999435369,17.499966624));
#7313=DIRECTION('',(-1.0,0.0,0.0));
#7314=VECTOR('',#7313,1.0);
#7315=LINE('',#7312,#7314);
#7316=EDGE_CURVE('no 159718',#6418,#6720,#7315,.T.);
#7317=ORIENTED_EDGE('no 42676',*,*,#7316,.T.);
#7318=ORIENTED_EDGE('no 131099',*,*,#6726,.F.);
#7319=EDGE_LOOP('',(#7308,#7309,#7310,#7311,#7317,#7318));
#7320=FACE_OUTER_BOUND('',#7319,.T.);
#7321=CARTESIAN_POINT('',(-30.429031828,14.4900001155,5.6836985133));
#7322=DIRECTION('',(-1.0,-0.0,0.0));
#7323=DIRECTION('',(0.0,-1.0,-0.0));
#7324=AXIS2_PLACEMENT_3D('',#7321,#7322,#7323);
#7325=CYLINDRICAL_SURFACE('',#7324,23.2211549947);
#7326=ADVANCED_FACE('no 159845',(#7320),#7325,.T.);
#7327=CARTESIAN_POINT('',(-43.179031828,7.5,17.5));
#7328=VERTEX_POINT('',#7327);
#7329=CARTESIAN_POINT('',(-31.679031828,7.5,17.5));
#7330=DIRECTION('',(-1.0,0.0,0.0));
#7331=VECTOR('',#7330,1.0);
#7332=LINE('',#7329,#7331);
#7333=EDGE_CURVE('no 159719',#6427,#7328,#7332,.T.);
#7334=ORIENTED_EDGE('no 42678',*,*,#7333,.F.);
#7335=ORIENTED_EDGE('no 42691',*,*,#6432,.T.);
#7336=ORIENTED_EDGE('no 42677',*,*,#7316,.T.);
#7337=CARTESIAN_POINT('',(-43.179031828,7.5,17.5));
#7338=DIRECTION('',(0.0,-1.0,0.0));
#7339=VECTOR('',#7338,1.0);
#7340=LINE('',#7337,#7339);
#7341=EDGE_CURVE('no 159713',#7328,#6720,#7340,.T.);
#7342=ORIENTED_EDGE('no 131032',*,*,#7341,.F.);
#7343=EDGE_LOOP('',(#7334,#7335,#7336,#7342));
#7344=FACE_OUTER_BOUND('',#7343,.F.);
#7345=CARTESIAN_POINT('',(-31.679031828,7.5,17.5));
#7346=DIRECTION('',(-0.0,-0.0,-1.0));
#7347=DIRECTION('',(0.0,-1.0,0.0));
#7348=AXIS2_PLACEMENT_3D('',#7345,#7346,#7347);
#7349=PLANE('',#7348);
#7350=ADVANCED_FACE('no 159711',(#7344),#7349,.F.);
#7351=ORIENTED_EDGE('no 42679',*,*,#7333,.F.);
#7352=ORIENTED_EDGE('no 42692',*,*,#6441,.T.);
#7353=CARTESIAN_POINT('',(-38.179031828,10.0619048111,11.3819229051));
#7354=VERTEX_POINT('',#7353);
#7355=CARTESIAN_POINT('',(-38.179031828,10.0619048111,11.3819229051));
#7356=DIRECTION('',(1.0,0.0,0.0));
#7357=VECTOR('',#7356,1.0);
#7358=LINE('',#7355,#7357);
#7359=EDGE_CURVE('no 158517',#7354,#6435,#7358,.T.);
#7360=ORIENTED_EDGE('no 42907',*,*,#7359,.F.);
#7361=CARTESIAN_POINT('',(-38.179031828,10.0330073747,11.5));
#7362=VERTEX_POINT('',#7361);
#7363=CARTESIAN_POINT('',(-38.179031828,-10.2407085077,6.475765223));
#7364=DIRECTION('',(-1.0,-0.0,0.0));
#7365=DIRECTION('',(0.0,-1.0,-0.0));
#7366=AXIS2_PLACEMENT_3D('',#7363,#7364,#7365);
#7367=CIRCLE('',#7366,20.8869933397);
#7368=EDGE_CURVE('no 157846',#7362,#7354,#7367,.T.);
#7369=ORIENTED_EDGE('no 157575',*,*,#7368,.F.);
#7370=CARTESIAN_POINT('',(-43.179031828,10.0330073747,11.5));
#7371=VERTEX_POINT('',#7370);
#7372=CARTESIAN_POINT('',(-43.179031828,10.0330073747,11.5));
#7373=DIRECTION('',(1.0,0.0,0.0));
#7374=VECTOR('',#7373,1.0);
#7375=LINE('',#7372,#7374);
#7376=EDGE_CURVE('no 159871',#7371,#7362,#7375,.T.);
#7377=ORIENTED_EDGE('no 157555',*,*,#7376,.F.);
#7378=CARTESIAN_POINT('',(-43.179031828,-10.2407085077,6.475765223));
#7379=DIRECTION('',(-1.0,-0.0,0.0));
#7380=DIRECTION('',(0.0,-1.0,-0.0));
#7381=AXIS2_PLACEMENT_3D('',#7378,#7379,#7380);
#7382=CIRCLE('',#7381,20.8869933397);
#7383=EDGE_CURVE('no 159878',#7328,#7371,#7382,.T.);
#7384=ORIENTED_EDGE('no 130969',*,*,#7383,.F.);
#7385=EDGE_LOOP('',(#7351,#7352,#7360,#7369,#7377,#7384));
#7386=FACE_OUTER_BOUND('',#7385,.T.);
#7387=CARTESIAN_POINT('',(-30.429031828,-10.2407085077,6.475765223));
#7388=DIRECTION('',(-1.0,-0.0,0.0));
#7389=DIRECTION('',(0.0,-1.0,-0.0));
#7390=AXIS2_PLACEMENT_3D('',#7387,#7388,#7389);
#7391=CYLINDRICAL_SURFACE('',#7390,20.8869933397);
#7392=ADVANCED_FACE('no 159869',(#7386),#7391,.T.);
#7393=CARTESIAN_POINT('',(-38.179031828,10.2234808689,7.5));
#7394=VERTEX_POINT('',#7393);
#7395=CARTESIAN_POINT('',(-38.179031828,0.3416865927,9.0330172478));
#7396=DIRECTION('',(-1.0,-0.0,-0.0));
#7397=DIRECTION('',(0.0,0.9513469166,-0.3081218009));
#7398=AXIS2_PLACEMENT_3D('',#7395,#7396,#7397);
#7399=CIRCLE('',#7398,10.0);
#7400=EDGE_CURVE('no 157722',#7354,#7394,#7399,.T.);
#7401=ORIENTED_EDGE('no 43842',*,*,#7400,.F.);
#7402=ORIENTED_EDGE('no 42955',*,*,#7359,.T.);
#7403=ORIENTED_EDGE('no 42969',*,*,#6448,.T.);
#7404=ORIENTED_EDGE('no 42954',*,*,#7200,.F.);
#7405=CARTESIAN_POINT('',(-38.179031828,0.3416865927,9.0330172478));
#7406=DIRECTION('',(-1.0,-0.0,-0.0));
#7407=DIRECTION('',(0.0,0.9513469166,-0.3081218009));
#7408=AXIS2_PLACEMENT_3D('',#7405,#7406,#7407);
#7409=CIRCLE('',#7408,10.0);
#7410=EDGE_CURVE('no 158516',#7394,#7188,#7409,.T.);
#7411=ORIENTED_EDGE('no 153030',*,*,#7410,.F.);
#7412=EDGE_LOOP('',(#7401,#7402,#7403,#7404,#7411));
#7413=FACE_OUTER_BOUND('',#7412,.T.);
#7414=CARTESIAN_POINT('',(-30.429031828,0.3416865927,9.0330172478));
#7415=DIRECTION('',(1.0,0.0,0.0));
#7416=DIRECTION('',(0.0,0.9513469166,-0.3081218009));
#7417=AXIS2_PLACEMENT_3D('',#7414,#7415,#7416);
#7418=CYLINDRICAL_SURFACE('',#7417,10.0);
#7419=ADVANCED_FACE('no 158384',(#7413),#7418,.T.);
#7420=CARTESIAN_POINT('',(-38.179031828,-6.9931943946,11.5));
#7421=DIRECTION('',(0.0,1.0,0.0));
#7422=VECTOR('',#7421,1.0);
#7423=LINE('',#7420,#7422);
#7424=EDGE_CURVE('no 158471',#6459,#6674,#7423,.T.);
#7425=ORIENTED_EDGE('no 157413',*,*,#7424,.T.);
#7426=ORIENTED_EDGE('no 157414',*,*,#6685,.F.);
#7427=ORIENTED_EDGE('no 157415',*,*,#6529,.T.);
#7428=ORIENTED_EDGE('no 43766',*,*,#6476,.T.);
#7429=EDGE_LOOP('',(#7425,#7426,#7427,#7428));
#7430=FACE_OUTER_BOUND('',#7429,.T.);
#7431=CARTESIAN_POINT('',(-38.179031828,0.0,0.0));
#7432=DIRECTION('',(-1.0,0.0,0.0));
#7433=DIRECTION('',(0.0,-1.0,0.0));
#7434=AXIS2_PLACEMENT_3D('',#7431,#7432,#7433);
#7435=PLANE('',#7434);
#7436=ADVANCED_FACE('no 158478',(#7430),#7435,.T.);
#7437=ORIENTED_EDGE('no 130749',*,*,#6648,.T.);
#7438=ORIENTED_EDGE('no 159768',*,*,#6551,.F.);
#7439=CARTESIAN_POINT('',(-46.179031828,7.4931942886,9.1579097214));
#7440=VERTEX_POINT('',#7439);
#7441=CARTESIAN_POINT('',(-46.179031828,7.4931942886,9.1579097214));
#7442=CARTESIAN_POINT('',(-46.179031828,7.4919526454,9.1468295252));
#7443=CARTESIAN_POINT('',(-46.179031828,7.4906950271,9.1357511694));
#7444=CARTESIAN_POINT('',(-46.179031828,7.4881481368,9.1136006507));
#7445=CARTESIAN_POINT('',(-46.179031828,7.4868588655,9.1025284881));
#7446=CARTESIAN_POINT('',(-46.179031828,7.4842488507,9.0803916685));
#7447=CARTESIAN_POINT('',(-46.179031828,7.4829281078,9.0693270118));
#7448=CARTESIAN_POINT('',(-46.179031828,7.4802551962,9.047205306));
#7449=CARTESIAN_POINT('',(-46.179031828,7.4789030281,9.0361482572));
#7450=CARTESIAN_POINT('',(-46.179031828,7.4761671579,9.014040647));
#7451=CARTESIAN_POINT('',(-46.179031828,7.4747834564,9.0029900861));
#7452=CARTESIAN_POINT('',(-46.179031828,7.4732281448,8.9907124824));
#7453=CARTESIAN_POINT('',(-46.179031828,7.4730722457,8.9894833974));
#7454=CARTESIAN_POINT('',(-46.179031828,7.4727600576,8.9870253089));
#7455=CARTESIAN_POINT('',(-46.179031828,7.4726037686,8.9857963053));
#7456=CARTESIAN_POINT('',(-46.179031828,7.4722908026,8.9833383948));
#7457=CARTESIAN_POINT('',(-46.179031828,7.4721341257,8.9821094878));
#7458=CARTESIAN_POINT('',(-46.179031828,7.4718203838,8.9796517707));
#7459=CARTESIAN_POINT('',(-46.179031828,7.471663319,8.9784229605));
#7460=CARTESIAN_POINT('',(-46.179031828,7.4713487995,8.9759654219));
#7461=CARTESIAN_POINT('',(-46.179031828,7.4711913449,8.9747366935));
#7462=CARTESIAN_POINT('',(-46.179031828,7.4710336934,8.973507991));
#7463=B_SPLINE_CURVE_WITH_KNOTS('',3,(#7441,#7442,#7443,#7444,#7445,#7446,#7447,#7448,#7449,#7450,
    #7451,#7452,#7453,#7454,#7455,#7456,#7457,#7458,#7459,#7460,
    #7461,#7462),.UNSPECIFIED.,.F.,.U.,
 (4,2,2,2,2,2,2,2,2,2,4),
 (0.0,0.0472433657,0.0944867313,0.141730097,0.1889734627,0.2362168284,0.2414725061,0.2467281838,0.2519838615,0.2572395393,0.262495217),.UNSPECIFIED.);
#7464=EDGE_CURVE('no 159792',#7440,#6543,#7463,.T.);
#7465=ORIENTED_EDGE('no 159789',*,*,#7464,.F.);
#7466=CARTESIAN_POINT('',(-46.1640665376,7.4931943946,7.5));
#7467=VERTEX_POINT('',#7466);
#7468=CARTESIAN_POINT('',(-46.1640665376,7.4931943946,7.5));
#7469=CARTESIAN_POINT('',(-46.1668311904,7.4931943946,7.6112210254));
#7470=CARTESIAN_POINT('',(-46.1690605013,7.493194394,7.7222878061));
#7471=CARTESIAN_POINT('',(-46.1726892995,7.4931943995,7.944123452));
#7472=CARTESIAN_POINT('',(-46.1740887766,7.4931944044,8.0548924253));
#7473=CARTESIAN_POINT('',(-46.1762705386,7.4931944103,8.2761545197));
#7474=CARTESIAN_POINT('',(-46.177052821,7.493194411,8.3866477397));
#7475=CARTESIAN_POINT('',(-46.1781848247,7.4931944071,8.6073885431));
#7476=CARTESIAN_POINT('',(-46.1785345499,7.4931944028,8.717636219));
#7477=CARTESIAN_POINT('',(-46.1789580473,7.4931943962,8.9379214361));
#7478=CARTESIAN_POINT('',(-46.179031828,7.4931943946,9.047959066));
#7479=CARTESIAN_POINT('',(-46.179031828,7.4931943946,9.157910668));
#7480=B_SPLINE_CURVE_WITH_KNOTS('',3,(#7468,#7469,#7470,#7471,#7472,#7473,#7474,#7475,#7476,#7477,
    #7478,#7479),.UNSPECIFIED.,.F.,.U.,
 (4,2,2,2,2,4),(0.0,0.4664851405,0.9329702811,1.3994554216,1.8659405622,2.3324257027),.UNSPECIFIED.);
#7481=EDGE_CURVE('no 159802',#7467,#7440,#7480,.T.);
#7482=ORIENTED_EDGE('no 159796',*,*,#7481,.F.);
#7483=CARTESIAN_POINT('',(-43.179031828,10.2642558322,7.5));
#7484=CARTESIAN_POINT('',(-43.2737650375,10.2642558322,7.5));
#7485=CARTESIAN_POINT('',(-43.3684980968,10.2596703395,7.5000000109));
#7486=CARTESIAN_POINT('',(-43.5570860896,10.2413740069,7.5000000769));
#7487=CARTESIAN_POINT('',(-43.6509406651,10.227663204,7.500000124));
#7488=CARTESIAN_POINT('',(-43.8369031724,10.1912527008,7.5000001744));
#7489=CARTESIAN_POINT('',(-43.9290107558,10.1685530886,7.5000001749));
#7490=CARTESIAN_POINT('',(-44.1106314165,10.1143903748,7.5000001255));
#7491=CARTESIAN_POINT('',(-44.2001441633,10.08292741,7.5000000784));
#7492=CARTESIAN_POINT('',(-44.375758159,10.0115489715,7.5000000115));
#7493=CARTESIAN_POINT('',(-44.4618591032,9.9716336793,7.5));
#7494=CARTESIAN_POINT('',(-44.6450024376,9.8758278006,7.5));
#7495=CARTESIAN_POINT('',(-44.741221117,9.8183533974,7.5000000443));
#7496=CARTESIAN_POINT('',(-44.9266354128,9.6929533883,7.5000003098));
#7497=CARTESIAN_POINT('',(-45.01583047,9.6250283314,7.5000004981));
#7498=CARTESIAN_POINT('',(-45.1861196332,9.4796360595,7.5000006981));
#7499=CARTESIAN_POINT('',(-45.2672132931,9.4021694744,7.5000006988));
#7500=CARTESIAN_POINT('',(-45.4203479162,9.2387163932,7.5000005007));
#7501=CARTESIAN_POINT('',(-45.4923885591,9.1527305825,7.5000003131));
#7502=CARTESIAN_POINT('',(-45.6266030864,8.9733546677,7.5000000466));
#7503=CARTESIAN_POINT('',(-45.6887767831,8.8799652773,7.5));
#7504=CARTESIAN_POINT('',(-45.7920006121,8.7049246842,7.5));
#7505=CARTESIAN_POINT('',(-45.8348300055,8.6243233178,7.5000000151));
#7506=CARTESIAN_POINT('',(-45.9132239538,8.4596695883,7.5000000901));
#7507=CARTESIAN_POINT('',(-45.9487885141,8.3756174704,7.5000001402));
#7508=CARTESIAN_POINT('',(-46.01243023,8.2047441283,7.5000001868));
#7509=CARTESIAN_POINT('',(-46.0405074301,8.1179231395,7.5000001809));
#7510=CARTESIAN_POINT('',(-46.0890164729,7.942202367,7.5000001205));
#7511=CARTESIAN_POINT('',(-46.1094483965,7.8533028019,7.5000000698));
#7512=CARTESIAN_POINT('',(-46.1425716551,7.6741167696,7.5000000052));
#7513=CARTESIAN_POINT('',(-46.1552631034,7.5838304978,7.5));
#7514=CARTESIAN_POINT('',(-46.1640665376,7.4931943946,7.5));
#7515=B_SPLINE_CURVE_WITH_KNOTS('',3,(#7483,#7484,#7485,#7486,#7487,#7488,#7489,#7490,#7491,#7492,
    #7493,#7494,#7495,#7496,#7497,#7498,#7499,#7500,#7501,#7502,
    #7503,#7504,#7505,#7506,#7507,#7508,#7509,#7510,#7511,#7512,
    #7513,#7514),.UNSPECIFIED.,.F.,.U.,
 (4,2,2,2,2,2,2,2,2,2,2,2,2,2,2,4),
 (0.0,0.4019189692,0.8038379384,1.2057569076,1.6076758768,2.009594846,2.4838987732,2.9582027005,3.4325066277,3.906810555,4.3811144822,4.7671682,5.1532219179,5.5392756357,5.9253293535,6.3113830713),.UNSPECIFIED.);
#7516=EDGE_CURVE('no 159807',#7169,#7467,#7515,.T.);
#7517=ORIENTED_EDGE('no 159778',*,*,#7516,.F.);
#7518=ORIENTED_EDGE('no 130702',*,*,#7177,.T.);
#7519=CARTESIAN_POINT('',(-43.179031828,-4.0313126068,10.4493422133));
#7520=DIRECTION('',(-1.0,0.0,0.0));
#7521=DIRECTION('',(0.0,0.6194943626,0.7850011049));
#7522=AXIS2_PLACEMENT_3D('',#7519,#7520,#7521);
#7523=CIRCLE('',#7522,14.5966399039);
#7524=EDGE_CURVE('no 205548',#7171,#6614,#7523,.T.);
#7525=ORIENTED_EDGE('no 181228',*,*,#7524,.T.);
#7526=EDGE_LOOP('',(#7437,#7438,#7465,#7482,#7517,#7518,#7525));
#7527=FACE_OUTER_BOUND('',#7526,.T.);
#7528=CARTESIAN_POINT('',(-43.179031828,-4.0313126068,10.4493422133));
#7529=DIRECTION('',(-1.0,0.0,0.0));
#7530=DIRECTION('',(0.0,0.6194943626,0.7850011049));
#7531=AXIS2_PLACEMENT_3D('',#7528,#7529,#7530);
#7532=TOROIDAL_SURFACE('',#7531,11.5966399039,3.0);
#7533=ADVANCED_FACE('no 205498',(#7527),#7532,.T.);
#7534=CARTESIAN_POINT('',(-43.179031828,7.5,17.5));
#7535=CARTESIAN_POINT('',(-43.3375541553,7.5,17.5));
#7536=CARTESIAN_POINT('',(-43.4960612935,7.4929877758,17.48738091));
#7537=CARTESIAN_POINT('',(-43.8080359948,7.4652592352,17.4375680659));
#7538=CARTESIAN_POINT('',(-43.9614933361,7.4445480199,17.4003834864));
#7539=CARTESIAN_POINT('',(-44.2589013293,7.3903090132,17.3032752701));
#7540=CARTESIAN_POINT('',(-44.4028459454,7.3567863231,17.2433628847));
#7541=CARTESIAN_POINT('',(-44.6775771192,7.2782158028,17.1034828444));
#7542=CARTESIAN_POINT('',(-44.8083619762,7.233173074,17.0235268296));
#7543=CARTESIAN_POINT('',(-45.054053984,7.1331047947,16.8467416361));
#7544=CARTESIAN_POINT('',(-45.1689633071,7.0780843455,16.7499230294));
#7545=CARTESIAN_POINT('',(-45.3699916017,6.9659035467,16.5536092067));
#7546=CARTESIAN_POINT('',(-45.4578801462,6.9095718877,16.45545864));
#7547=CARTESIAN_POINT('',(-45.6187983502,6.7913402045,16.2505734682));
#7548=CARTESIAN_POINT('',(-45.691828949,6.7294412519,16.1438413061));
#7549=CARTESIAN_POINT('',(-45.822640829,6.601173286,15.9239715801));
#7550=CARTESIAN_POINT('',(-45.8804239287,6.5348053443,15.8108363404));
#7551=CARTESIAN_POINT('',(-45.9806415437,6.3986448086,15.580182482));
#7552=CARTESIAN_POINT('',(-46.0230787286,6.3288532861,15.4626657353));
#7553=CARTESIAN_POINT('',(-46.0927288831,6.186805955,15.225050041));
#7554=CARTESIAN_POINT('',(-46.1199452578,6.1145512179,15.1049522099));
#7555=CARTESIAN_POINT('',(-46.1448096003,6.0224835522,14.9529598819));
#7556=CARTESIAN_POINT('',(-46.149435485,6.0034259433,14.9215530543));
#7557=CARTESIAN_POINT('',(-46.1576799657,5.9652145555,14.8586922564));
#7558=CARTESIAN_POINT('',(-46.1612985557,5.9460607888,14.8272383052));
#7559=CARTESIAN_POINT('',(-46.1675332123,5.9076717861,14.7643089471));
#7560=CARTESIAN_POINT('',(-46.1701492768,5.8884365624,14.73283356));
#7561=CARTESIAN_POINT('',(-46.1743838217,5.8498993588,14.6698867073));
#7562=CARTESIAN_POINT('',(-46.1760023039,5.830597391,14.6384152617));
#7563=CARTESIAN_POINT('',(-46.1782468009,5.7919410585,14.5755007573));
#7564=CARTESIAN_POINT('',(-46.1788728215,5.7725867059,14.5440577183));
#7565=CARTESIAN_POINT('',(-46.1790087492,5.7526932662,14.5117975641));
#7566=CARTESIAN_POINT('',(-46.179011945,5.752173544,14.5109547987));
#7567=CARTESIAN_POINT('',(-46.1790176263,5.7511340719,14.5092693051));
#7568=CARTESIAN_POINT('',(-46.1790201118,5.7506143221,14.508426577));
#7569=CARTESIAN_POINT('',(-46.1790243725,5.7495747951,14.5067411583));
#7570=CARTESIAN_POINT('',(-46.1790261477,5.749055018,14.5058984678));
#7571=CARTESIAN_POINT('',(-46.1790289879,5.7480154364,14.5042131251));
#7572=CARTESIAN_POINT('',(-46.179030053,5.747495632,14.5033704729));
#7573=CARTESIAN_POINT('',(-46.179031473,5.746455996,14.5016852072));
#7574=CARTESIAN_POINT('',(-46.179031828,5.7459361643,14.5008425938));
#7575=CARTESIAN_POINT('',(-46.179031828,5.7454163191,14.5));
#7576=B_SPLINE_CURVE_WITH_KNOTS('',3,(#7534,#7535,#7536,#7537,#7538,#7539,#7540,#7541,#7542,#7543,
    #7544,#7545,#7546,#7547,#7548,#7549,#7550,#7551,#7552,#7553,
    #7554,#7555,#7556,#7557,#7558,#7559,#7560,#7561,#7562,#7563,
    #7564,#7565,#7566,#7567,#7568,#7569,#7570,#7571,#7572,#7573,
    #7574,#7575),.UNSPECIFIED.,.F.,.U.,
 (4,2,2,2,2,2,2,2,2,2,2,2,2,2,2,2,2,2,2,2,4),
 (0.0,0.6725532757,1.3451065514,2.017659827,2.6902131027,3.3627663784,3.964842207,4.5669180356,5.1689938643,5.7710696929,6.3731455215,6.529729727,6.6863139325,6.8428981381,6.9994823436,7.1560665491,7.1602669844,7.1644674198,7.1686678551,7.1728682904,7.1770687257),.UNSPECIFIED.);
#7577=EDGE_CURVE('no 159722',#7328,#6570,#7576,.T.);
#7578=ORIENTED_EDGE('no 131224',*,*,#7577,.T.);
#7579=ORIENTED_EDGE('no 159730',*,*,#6575,.T.);
#7580=ORIENTED_EDGE('no 131267',*,*,#6781,.T.);
#7581=ORIENTED_EDGE('no 131185',*,*,#7341,.F.);
#7582=EDGE_LOOP('',(#7578,#7579,#7580,#7581));
#7583=FACE_OUTER_BOUND('',#7582,.T.);
#7584=CARTESIAN_POINT('',(-43.179031828,1.0210336003,14.5));
#7585=DIRECTION('',(0.0,-1.0,0.0));
#7586=DIRECTION('',(0.0,0.0,1.0));
#7587=AXIS2_PLACEMENT_3D('',#7584,#7585,#7586);
#7588=CYLINDRICAL_SURFACE('',#7587,3.0);
#7589=ADVANCED_FACE('no 159720',(#7583),#7588,.T.);
#7590=CARTESIAN_POINT('',(-46.1291330365,7.4931943946,11.5));
#7591=VERTEX_POINT('',#7590);
#7592=CARTESIAN_POINT('',(-43.179031828,10.0330073747,11.5));
#7593=CARTESIAN_POINT('',(-43.2738145191,10.0330073747,11.5));
#7594=CARTESIAN_POINT('',(-43.3685969546,10.0283755098,11.4999999884));
#7595=CARTESIAN_POINT('',(-43.557265921,10.0098974319,11.4999999186));
#7596=CARTESIAN_POINT('',(-43.6511520567,9.9960512926,11.4999998691));
#7597=CARTESIAN_POINT('',(-43.8371454755,9.959291654,11.4999998166));
#7598=CARTESIAN_POINT('',(-43.9292523823,9.9363782834,11.4999998163));
#7599=CARTESIAN_POINT('',(-44.1108292555,9.8817256904,11.4999998678));
#7600=CARTESIAN_POINT('',(-44.2002988729,9.8499866473,11.4999999167));
#7601=CARTESIAN_POINT('',(-44.375778848,9.7780140981,11.4999999869));
#7602=CARTESIAN_POINT('',(-44.4617888911,9.7377808161,11.5));
#7603=CARTESIAN_POINT('',(-44.6391082955,9.6442029404,11.5));
#7604=CARTESIAN_POINT('',(-44.729907741,9.5898873754,11.4999999868));
#7605=CARTESIAN_POINT('',(-44.9052611861,9.471917578,11.4999999207));
#7606=CARTESIAN_POINT('',(-44.9898148126,9.4082638748,11.4999998755));
#7607=CARTESIAN_POINT('',(-45.1517833925,9.2724026875,11.499999828));
#7608=CARTESIAN_POINT('',(-45.2291980811,9.2001957727,11.4999998279));
#7609=CARTESIAN_POINT('',(-45.3761026546,9.0480978916,11.4999998744));
#7610=CARTESIAN_POINT('',(-45.445592387,8.9682075115,11.4999999186));
#7611=CARTESIAN_POINT('',(-45.5759742814,8.8016798489,11.4999999845));
#7612=CARTESIAN_POINT('',(-45.6368664021,8.7150431463,11.5));
#7613=CARTESIAN_POINT('',(-45.7365341659,8.5566144512,11.5));
#7614=CARTESIAN_POINT('',(-45.7771755824,8.4859961894,11.499999997));
#7615=CARTESIAN_POINT('',(-45.8528287588,8.3418107646,11.4999999988));
#7616=CARTESIAN_POINT('',(-45.887840538,8.2682437402,11.5000000028));
#7617=CARTESIAN_POINT('',(-45.9520667953,8.118633075,11.5000000115));
#7618=CARTESIAN_POINT('',(-45.9812813129,8.0425895647,11.5000000157));
#7619=CARTESIAN_POINT('',(-46.033784005,7.8885026126,11.5000000177));
#7620=CARTESIAN_POINT('',(-46.0570722376,7.8104592898,11.5000000153));
#7621=CARTESIAN_POINT('',(-46.0976304484,7.6528500401,11.5000000065));
#7622=CARTESIAN_POINT('',(-46.1149005012,7.5732842178,11.5));
#7623=CARTESIAN_POINT('',(-46.1291330365,7.4931943946,11.5));
#7624=B_SPLINE_CURVE_WITH_KNOTS('',3,(#7592,#7593,#7594,#7595,#7596,#7597,#7598,#7599,#7600,#7601,
    #7602,#7603,#7604,#7605,#7606,#7607,#7608,#7609,#7610,#7611,
    #7612,#7613,#7614,#7615,#7616,#7617,#7618,#7619,#7620,#7621,
    #7622,#7623),.UNSPECIFIED.,.F.,.U.,
 (4,2,2,2,2,2,2,2,2,2,2,2,2,2,2,4),
 (0.0,0.4021289017,0.8042578034,1.2063867052,1.6085156069,2.0106445086,2.4584792456,2.9063139825,3.3541487195,3.8019834565,4.2498181934,4.5945719407,4.939325688,5.2840794352,5.6288331825,5.9735869298),.UNSPECIFIED.);
#7625=EDGE_CURVE('no 159881',#7371,#7591,#7624,.T.);
#7626=ORIENTED_EDGE('no 159876',*,*,#7625,.T.);
#7627=CARTESIAN_POINT('',(-46.1291330365,7.4931943946,11.5));
#7628=CARTESIAN_POINT('',(-46.1370388876,7.4931943946,11.3429716416));
#7629=CARTESIAN_POINT('',(-46.1436327627,7.4931943913,11.1861070792));
#7630=CARTESIAN_POINT('',(-46.154711515,7.4931943454,10.8727486337));
#7631=CARTESIAN_POINT('',(-46.1591962095,7.4931942993,10.716254292));
#7632=CARTESIAN_POINT('',(-46.166512014,7.4931942083,10.4036404895));
#7633=CARTESIAN_POINT('',(-46.1693429856,7.493194169,10.2475206139));
#7634=CARTESIAN_POINT('',(-46.1737524892,7.4931941686,9.9356351373));
#7635=CARTESIAN_POINT('',(-46.1753309259,7.4931942099,9.7798691516));
#7636=CARTESIAN_POINT('',(-46.1775857371,7.4931943169,9.4686579863));
#7637=CARTESIAN_POINT('',(-46.1782620552,7.4931943729,9.3132124418));
#7638=CARTESIAN_POINT('',(-46.1786382765,7.4931943882,9.1579097365));
#7639=B_SPLINE_CURVE_WITH_KNOTS('',3,(#7627,#7628,#7629,#7630,#7631,#7632,#7633,#7634,#7635,#7636,
    #7637,#7638),.UNSPECIFIED.,.F.,.U.,
 (4,2,2,2,2,4),(0.0,0.6580279708,1.3160559416,1.9740839124,2.6321118832,3.290139854),.UNSPECIFIED.);
#7640=EDGE_CURVE('no 159886',#7591,#7440,#7639,.T.);
#7641=ORIENTED_EDGE('no 159799',*,*,#7640,.T.);
#7642=ORIENTED_EDGE('no 159790',*,*,#7464,.T.);
#7643=ORIENTED_EDGE('no 159726',*,*,#6582,.F.);
#7644=ORIENTED_EDGE('no 131225',*,*,#7577,.F.);
#7645=ORIENTED_EDGE('no 131169',*,*,#7383,.T.);
#7646=EDGE_LOOP('',(#7626,#7641,#7642,#7643,#7644,#7645));
#7647=FACE_OUTER_BOUND('',#7646,.T.);
#7648=CARTESIAN_POINT('',(-43.179031828,-10.2407085077,6.475765223));
#7649=DIRECTION('',(-1.0,-0.0,0.0));
#7650=DIRECTION('',(0.0,-0.6507843993,-0.7592625802));
#7651=AXIS2_PLACEMENT_3D('',#7648,#7649,#7650);
#7652=TOROIDAL_SURFACE('',#7651,17.8869933397,3.0);
#7653=ADVANCED_FACE('no 159879',(#7647),#7652,.T.);
#7654=CARTESIAN_POINT('',(-47.679031828,-1.4931943946,6.0));
#7655=VERTEX_POINT('',#7654);
#7656=CARTESIAN_POINT('',(-46.179031828,-1.4931943946,6.0));
#7657=DIRECTION('',(-1.0,0.0,0.0));
#7658=VECTOR('',#7657,1.0);
#7659=LINE('',#7656,#7658);
#7660=EDGE_CURVE('no 164559',#6587,#7655,#7659,.T.);
#7661=ORIENTED_EDGE('no 164506',*,*,#7660,.F.);
#7662=ORIENTED_EDGE('no 164512',*,*,#6595,.T.);
#7663=CARTESIAN_POINT('',(-47.679031828,3.5068056054,6.0));
#7664=VERTEX_POINT('',#7663);
#7665=CARTESIAN_POINT('',(-46.179031828,3.5068056054,6.0));
#7666=DIRECTION('',(-1.0,0.0,0.0));
#7667=VECTOR('',#7666,1.0);
#7668=LINE('',#7665,#7667);
#7669=EDGE_CURVE('no 164560',#6589,#7664,#7668,.T.);
#7670=ORIENTED_EDGE('no 164508',*,*,#7669,.T.);
#7671=CARTESIAN_POINT('',(-47.679031828,1.0068056054,9.1224989992));
#7672=DIRECTION('',(-1.0,0.0,0.0));
#7673=DIRECTION('',(0.0,-1.0,0.0));
#7674=AXIS2_PLACEMENT_3D('',#7671,#7672,#7673);
#7675=CIRCLE('',#7674,4.0);
#7676=EDGE_CURVE('no 164492',#7655,#7664,#7675,.T.);
#7677=ORIENTED_EDGE('no 164514',*,*,#7676,.F.);
#7678=EDGE_LOOP('',(#7661,#7662,#7670,#7677));
#7679=FACE_OUTER_BOUND('',#7678,.T.);
#7680=CARTESIAN_POINT('',(-46.929031828,1.0068056054,9.1224989992));
#7681=DIRECTION('',(-1.0,0.0,0.0));
#7682=DIRECTION('',(0.0,-1.0,0.0));
#7683=AXIS2_PLACEMENT_3D('',#7680,#7681,#7682);
#7684=CYLINDRICAL_SURFACE('',#7683,4.0);
#7685=ADVANCED_FACE('no 164553',(#7679),#7684,.T.);
#7686=ORIENTED_EDGE('no 164509',*,*,#7669,.F.);
#7687=ORIENTED_EDGE('no 164513',*,*,#6601,.T.);
#7688=ORIENTED_EDGE('no 164507',*,*,#7660,.T.);
#7689=CARTESIAN_POINT('',(-47.679031828,3.5068056054,6.0));
#7690=DIRECTION('',(0.0,-1.0,0.0));
#7691=VECTOR('',#7690,1.0);
#7692=LINE('',#7689,#7691);
#7693=EDGE_CURVE('no 164497',#7664,#7655,#7692,.T.);
#7694=ORIENTED_EDGE('no 164515',*,*,#7693,.F.);
#7695=EDGE_LOOP('',(#7686,#7687,#7688,#7694));
#7696=FACE_OUTER_BOUND('',#7695,.T.);
#7697=CARTESIAN_POINT('',(-46.179031828,3.5068056054,6.0));
#7698=DIRECTION('',(-0.0,-0.0,-1.0));
#7699=DIRECTION('',(0.0,-1.0,0.0));
#7700=AXIS2_PLACEMENT_3D('',#7697,#7698,#7699);
#7701=PLANE('',#7700);
#7702=ADVANCED_FACE('no 164555',(#7696),#7701,.T.);
#7703=CARTESIAN_POINT('',(-42.679031828,7.3100817763,1.0));
#7704=VERTEX_POINT('',#7703);
#7705=CARTESIAN_POINT('',(-42.679031828,7.3100817763,1.0));
#7706=DIRECTION('',(0.0,-1.0,0.0));
#7707=VECTOR('',#7706,1.0);
#7708=LINE('',#7705,#7707);
#7709=EDGE_CURVE('no 205552',#7704,#7002,#7708,.T.);
#7710=ORIENTED_EDGE('no 196699',*,*,#7709,.T.);
#7711=ORIENTED_EDGE('no 196723',*,*,#7078,.T.);
#7712=ORIENTED_EDGE('no 196698',*,*,#6654,.F.);
#7713=CARTESIAN_POINT('',(-42.979031828,7.2999797249,1.1));
#7714=VERTEX_POINT('',#7713);
#7715=CARTESIAN_POINT('',(-43.179031828,7.4999797249,1.5));
#7716=CARTESIAN_POINT('',(-43.179031828,7.4875656634,1.4906894539));
#7717=CARTESIAN_POINT('',(-43.1787720117,7.4755844558,1.4807993174));
#7718=CARTESIAN_POINT('',(-43.1775355668,7.4526091246,1.4599632684));
#7719=CARTESIAN_POINT('',(-43.1765584919,7.4416155457,1.4490172125));
#7720=CARTESIAN_POINT('',(-43.1736912941,7.4207431,1.4262162722));
#7721=CARTESIAN_POINT('',(-43.171800643,7.4108647779,1.4143613498));
#7722=CARTESIAN_POINT('',(-43.1669263866,7.3923392972,1.3899364588));
#7723=CARTESIAN_POINT('',(-43.1639422008,7.3836926832,1.3773665952));
#7724=CARTESIAN_POINT('',(-43.1567340629,7.3677195537,1.351751572));
#7725=CARTESIAN_POINT('',(-43.1525095236,7.3603935827,1.3387066881));
#7726=CARTESIAN_POINT('',(-43.1457657128,7.3512362228,1.3205908512));
#7727=CARTESIAN_POINT('',(-43.1438187829,7.3488194619,1.3156030037));
#7728=CARTESIAN_POINT('',(-43.1397274519,7.3441778944,1.3056068218));
#7729=CARTESIAN_POINT('',(-43.1375830935,7.3419531902,1.3005987795));
#7730=CARTESIAN_POINT('',(-43.1330965254,7.3376966602,1.2905832853));
#7731=CARTESIAN_POINT('',(-43.13075441,7.3356649369,1.2855761088));
#7732=CARTESIAN_POINT('',(-43.1258759157,7.3317954141,1.2755868599));
#7733=CARTESIAN_POINT('',(-43.1233396834,7.3299577172,1.2706050391));
#7734=CARTESIAN_POINT('',(-43.1180769033,7.326474338,1.2606865229));
#7735=CARTESIAN_POINT('',(-43.1153505526,7.3248287582,1.2557500481));
#7736=CARTESIAN_POINT('',(-43.1059691535,7.3196640707,1.2394279575));
#7737=CARTESIAN_POINT('',(-43.0988901929,7.3165496845,1.2281577347));
#7738=CARTESIAN_POINT('',(-43.0837402129,7.3112294694,1.2060775834));
#7739=CARTESIAN_POINT('',(-43.0756694566,7.3090233594,1.1952677745));
#7740=CARTESIAN_POINT('',(-43.0586052787,7.305409295,1.1742591013));
#7741=CARTESIAN_POINT('',(-43.049612155,7.3040010595,1.1640602796));
#7742=CARTESIAN_POINT('',(-43.0307861803,7.3018559003,1.1443960768));
#7743=CARTESIAN_POINT('',(-43.0209536372,7.3011186953,1.1349306561));
#7744=CARTESIAN_POINT('',(-43.0005361244,7.3001807482,1.1168275364));
#7745=CARTESIAN_POINT('',(-42.9899514497,7.2999797249,1.1081897163));
#7746=CARTESIAN_POINT('',(-42.979031828,7.2999797249,1.1));
#7747=B_SPLINE_CURVE_WITH_KNOTS('',3,(#7715,#7716,#7717,#7718,#7719,#7720,#7721,#7722,#7723,#7724,
    #7725,#7726,#7727,#7728,#7729,#7730,#7731,#7732,#7733,#7734,
    #7735,#7736,#7737,#7738,#7739,#7740,#7741,#7742,#7743,#7744,
    #7745,#7746),.UNSPECIFIED.,.F.,.U.,
 (4,2,2,2,2,2,2,2,2,2,2,2,2,2,2,4),
 (0.0,0.0658355029,0.1316710059,0.1975065088,0.2633420118,0.3291775147,0.3540908733,0.3790042319,0.4039175905,0.4288309491,0.4537443077,0.5116543467,0.5695643858,0.6274744249,0.6853844639,0.743294503),.UNSPECIFIED.);
#7748=EDGE_CURVE('no 205628',#6614,#7714,#7747,.T.);
#7749=ORIENTED_EDGE('no 204979',*,*,#7748,.T.);
#7750=CARTESIAN_POINT('',(-42.679031828,7.3100817763,1.0));
#7751=CARTESIAN_POINT('',(-42.6948163442,7.3100817763,1.0));
#7752=CARTESIAN_POINT('',(-42.7106005469,7.3099272197,1.0007481122));
#7753=CARTESIAN_POINT('',(-42.7420205972,7.3093318707,1.003732485));
#7754=CARTESIAN_POINT('',(-42.7576564564,7.3088912689,1.0059686547));
#7755=CARTESIAN_POINT('',(-42.7886394753,7.3077912621,1.0119068061));
#7756=CARTESIAN_POINT('',(-42.8039866647,7.3071320476,1.0156087267));
#7757=CARTESIAN_POINT('',(-42.8342587614,7.3057007031,1.0244443082));
#7758=CARTESIAN_POINT('',(-42.8491837055,7.3049287637,1.02957794));
#7759=CARTESIAN_POINT('',(-42.878483455,7.3034105956,1.0412324941));
#7760=CARTESIAN_POINT('',(-42.8928582936,7.3026645574,1.0477534184));
#7761=CARTESIAN_POINT('',(-42.9119439901,7.3017803553,1.0575250506));
#7762=CARTESIAN_POINT('',(-42.9169483551,7.3015589853,1.060195582));
#7763=CARTESIAN_POINT('',(-42.9268684693,7.3011494563,1.0657083939));
#7764=CARTESIAN_POINT('',(-42.9317840832,7.3009613027,1.06855064));
#7765=CARTESIAN_POINT('',(-42.9415186801,7.3006269699,1.0744028839));
#7766=CARTESIAN_POINT('',(-42.9463375395,7.3004807961,1.0774128223));
#7767=CARTESIAN_POINT('',(-42.9558690522,7.3002395114,1.0835946477));
#7768=CARTESIAN_POINT('',(-42.9605815965,7.3001444059,1.0867664516));
#7769=CARTESIAN_POINT('',(-42.9698928478,7.3000145099,1.0932665433));
#7770=CARTESIAN_POINT('',(-42.9744914629,7.2999797249,1.0965947262));
#7771=CARTESIAN_POINT('',(-42.979031828,7.2999797249,1.1));
#7772=B_SPLINE_CURVE_WITH_KNOTS('',3,(#7750,#7751,#7752,#7753,#7754,#7755,#7756,#7757,#7758,#7759,
    #7760,#7761,#7762,#7763,#7764,#7765,#7766,#7767,#7768,#7769,
    #7770,#7771),.UNSPECIFIED.,.F.,.U.,
 (4,2,2,2,2,2,2,2,2,2,4),
 (0.0,0.0669680305,0.1339360609,0.2009040914,0.2678721218,0.3348401523,0.3589190745,0.3829979966,0.4070769187,0.4311558409,0.455234763),.UNSPECIFIED.);
#7773=EDGE_CURVE('no 205002',#7704,#7714,#7772,.T.);
#7774=ORIENTED_EDGE('no 204997',*,*,#7773,.F.);
#7775=EDGE_LOOP('',(#7710,#7711,#7712,#7749,#7774));
#7776=FACE_OUTER_BOUND('',#7775,.T.);
#7777=CARTESIAN_POINT('',(-42.679031828,5.5,1.5));
#7778=DIRECTION('',(0.0,-1.0,0.0));
#7779=DIRECTION('',(-1.0,0.0,0.0));
#7780=AXIS2_PLACEMENT_3D('',#7777,#7778,#7779);
#7781=CYLINDRICAL_SURFACE('',#7780,0.5);
#7782=ADVANCED_FACE('no 205574',(#7776),#7781,.T.);
#7783=ORIENTED_EDGE('no 197311',*,*,#6661,.F.);
#7784=ORIENTED_EDGE('no 197327',*,*,#6989,.F.);
#7785=CARTESIAN_POINT('',(-42.679031828,-5.3100817765,1.0));
#7786=VERTEX_POINT('',#7785);
#7787=CARTESIAN_POINT('',(-42.679031828,-5.3100817765,1.0));
#7788=DIRECTION('',(0.0,1.0,0.0));
#7789=VECTOR('',#7788,1.0);
#7790=LINE('',#7787,#7789);
#7791=EDGE_CURVE('no 214220',#7786,#6949,#7790,.T.);
#7792=ORIENTED_EDGE('no 197312',*,*,#7791,.F.);
#7793=CARTESIAN_POINT('',(-42.979031828,-5.299979725,1.1));
#7794=VERTEX_POINT('',#7793);
#7795=CARTESIAN_POINT('',(-42.679031828,-5.3100817765,1.0));
#7796=CARTESIAN_POINT('',(-42.6948163442,-5.3100817765,1.0));
#7797=CARTESIAN_POINT('',(-42.7106005469,-5.3099272198,1.0007481122));
#7798=CARTESIAN_POINT('',(-42.7420205972,-5.3093318708,1.003732485));
#7799=CARTESIAN_POINT('',(-42.7576564563,-5.3088912691,1.0059686547));
#7800=CARTESIAN_POINT('',(-42.7886394753,-5.3077912622,1.0119068061));
#7801=CARTESIAN_POINT('',(-42.8039866647,-5.3071320477,1.0156087267));
#7802=CARTESIAN_POINT('',(-42.8342587614,-5.3057007032,1.0244443082));
#7803=CARTESIAN_POINT('',(-42.8491837055,-5.3049287639,1.02957794));
#7804=CARTESIAN_POINT('',(-42.878483455,-5.3034105958,1.0412324941));
#7805=CARTESIAN_POINT('',(-42.8928582936,-5.3026645576,1.0477534184));
#7806=CARTESIAN_POINT('',(-42.9119439901,-5.3017803555,1.0575250506));
#7807=CARTESIAN_POINT('',(-42.9169483551,-5.3015589854,1.060195582));
#7808=CARTESIAN_POINT('',(-42.9268684693,-5.3011494564,1.0657083939));
#7809=CARTESIAN_POINT('',(-42.9317840832,-5.3009613028,1.06855064));
#7810=CARTESIAN_POINT('',(-42.9415186801,-5.30062697,1.0744028839));
#7811=CARTESIAN_POINT('',(-42.9463375395,-5.3004807962,1.0774128223));
#7812=CARTESIAN_POINT('',(-42.9558690522,-5.3002395115,1.0835946477));
#7813=CARTESIAN_POINT('',(-42.9605815965,-5.300144406,1.0867664516));
#7814=CARTESIAN_POINT('',(-42.9698928478,-5.3000145101,1.0932665433));
#7815=CARTESIAN_POINT('',(-42.9744914629,-5.299979725,1.0965947262));
#7816=CARTESIAN_POINT('',(-42.979031828,-5.299979725,1.1));
#7817=B_SPLINE_CURVE_WITH_KNOTS('',3,(#7795,#7796,#7797,#7798,#7799,#7800,#7801,#7802,#7803,#7804,
    #7805,#7806,#7807,#7808,#7809,#7810,#7811,#7812,#7813,#7814,
    #7815,#7816),.UNSPECIFIED.,.F.,.U.,
 (4,2,2,2,2,2,2,2,2,2,4),
 (0.0,0.0669680305,0.1339360609,0.2009040914,0.2678721219,0.3348401523,0.3589190745,0.3829979966,0.4070769187,0.4311558409,0.455234763),.UNSPECIFIED.);
#7818=EDGE_CURVE('no 213700',#7786,#7794,#7817,.T.);
#7819=ORIENTED_EDGE('no 213695',*,*,#7818,.T.);
#7820=CARTESIAN_POINT('',(-43.179031828,-5.499979725,1.5));
#7821=CARTESIAN_POINT('',(-43.179031828,-5.4875656636,1.4906894539));
#7822=CARTESIAN_POINT('',(-43.1787720117,-5.475584456,1.4807993175));
#7823=CARTESIAN_POINT('',(-43.1775355668,-5.4526091248,1.4599632685));
#7824=CARTESIAN_POINT('',(-43.1765584919,-5.4416155458,1.4490172126));
#7825=CARTESIAN_POINT('',(-43.1736912941,-5.4207431001,1.4262162722));
#7826=CARTESIAN_POINT('',(-43.171800643,-5.410864778,1.4143613498));
#7827=CARTESIAN_POINT('',(-43.1669263866,-5.3923392973,1.3899364588));
#7828=CARTESIAN_POINT('',(-43.1639422008,-5.3836926833,1.3773665951));
#7829=CARTESIAN_POINT('',(-43.1567340629,-5.3677195538,1.3517515719));
#7830=CARTESIAN_POINT('',(-43.1525095236,-5.3603935828,1.3387066881));
#7831=CARTESIAN_POINT('',(-43.1457657128,-5.3512362229,1.3205908512));
#7832=CARTESIAN_POINT('',(-43.1438187829,-5.348819462,1.3156030037));
#7833=CARTESIAN_POINT('',(-43.1397274519,-5.3441778945,1.3056068218));
#7834=CARTESIAN_POINT('',(-43.1375830935,-5.3419531903,1.3005987795));
#7835=CARTESIAN_POINT('',(-43.1330965254,-5.3376966603,1.2905832853));
#7836=CARTESIAN_POINT('',(-43.13075441,-5.335664937,1.2855761088));
#7837=CARTESIAN_POINT('',(-43.1258759157,-5.3317954142,1.2755868599));
#7838=CARTESIAN_POINT('',(-43.1233396834,-5.3299577173,1.2706050391));
#7839=CARTESIAN_POINT('',(-43.1180769033,-5.3264743381,1.2606865229));
#7840=CARTESIAN_POINT('',(-43.1153505526,-5.3248287583,1.2557500481));
#7841=CARTESIAN_POINT('',(-43.1059691535,-5.3196640708,1.2394279575));
#7842=CARTESIAN_POINT('',(-43.0988901929,-5.3165496846,1.2281577347));
#7843=CARTESIAN_POINT('',(-43.0837402129,-5.3112294696,1.2060775834));
#7844=CARTESIAN_POINT('',(-43.0756694566,-5.3090233595,1.1952677746));
#7845=CARTESIAN_POINT('',(-43.0586052788,-5.3054092951,1.1742591013));
#7846=CARTESIAN_POINT('',(-43.049612155,-5.3040010596,1.1640602796));
#7847=CARTESIAN_POINT('',(-43.0307861803,-5.3018559004,1.1443960768));
#7848=CARTESIAN_POINT('',(-43.0209536372,-5.3011186954,1.1349306561));
#7849=CARTESIAN_POINT('',(-43.0005361244,-5.3001807484,1.1168275364));
#7850=CARTESIAN_POINT('',(-42.9899514497,-5.299979725,1.1081897163));
#7851=CARTESIAN_POINT('',(-42.979031828,-5.299979725,1.1));
#7852=B_SPLINE_CURVE_WITH_KNOTS('',3,(#7820,#7821,#7822,#7823,#7824,#7825,#7826,#7827,#7828,#7829,
    #7830,#7831,#7832,#7833,#7834,#7835,#7836,#7837,#7838,#7839,
    #7840,#7841,#7842,#7843,#7844,#7845,#7846,#7847,#7848,#7849,
    #7850,#7851),.UNSPECIFIED.,.F.,.U.,
 (4,2,2,2,2,2,2,2,2,2,2,2,2,2,2,4),
 (0.0,0.0658355028,0.1316710057,0.1975065085,0.2633420113,0.3291775142,0.3540908728,0.3790042313,0.4039175899,0.4288309485,0.4537443071,0.5116543462,0.5695643852,0.6274744243,0.6853844633,0.7432945024),.UNSPECIFIED.);
#7853=EDGE_CURVE('no 214296',#6184,#7794,#7852,.T.);
#7854=ORIENTED_EDGE('no 213677',*,*,#7853,.F.);
#7855=EDGE_LOOP('',(#7783,#7784,#7792,#7819,#7854));
#7856=FACE_OUTER_BOUND('',#7855,.T.);
#7857=CARTESIAN_POINT('',(-42.679031828,-3.5,1.5));
#7858=DIRECTION('',(0.0,1.0,0.0));
#7859=DIRECTION('',(-1.0,0.0,0.0));
#7860=AXIS2_PLACEMENT_3D('',#7857,#7858,#7859);
#7861=CYLINDRICAL_SURFACE('',#7860,0.5);
#7862=ADVANCED_FACE('no 214233',(#7856),#7861,.T.);
#7863=ORIENTED_EDGE('no 157988',*,*,#7307,.T.);
#7864=ORIENTED_EDGE('no 157397',*,*,#7424,.T.);
#7865=ORIENTED_EDGE('no 157372',*,*,#6679,.F.);
#7866=ORIENTED_EDGE('no 159466',*,*,#6820,.F.);
#7867=EDGE_LOOP('',(#7863,#7864,#7865,#7866));
#7868=FACE_OUTER_BOUND('',#7867,.F.);
#7869=CARTESIAN_POINT('',(-46.179031828,10.4931943946,11.5));
#7870=DIRECTION('',(-0.0,0.0,1.0));
#7871=DIRECTION('',(0.0,-1.0,0.0));
#7872=AXIS2_PLACEMENT_3D('',#7869,#7870,#7871);
#7873=PLANE('',#7872);
#7874=ADVANCED_FACE('no 159904',(#7868),#7873,.F.);
#7875=ORIENTED_EDGE('no 197231',*,*,#7791,.T.);
#7876=ORIENTED_EDGE('no 196793',*,*,#6954,.F.);
#7877=ORIENTED_EDGE('no 197059',*,*,#6838,.T.);
#7878=CARTESIAN_POINT('',(0.0,-5.3100817765,1.0));
#7879=DIRECTION('',(1.0,0.0,0.0));
#7880=VECTOR('',#7879,1.0);
#7881=LINE('',#7878,#7880);
#7882=EDGE_CURVE('no 213866',#7786,#6833,#7881,.T.);
#7883=ORIENTED_EDGE('no 213861',*,*,#7882,.F.);
#7884=EDGE_LOOP('',(#7875,#7876,#7877,#7883));
#7885=FACE_OUTER_BOUND('',#7884,.T.);
#7886=CARTESIAN_POINT('',(0.0,0.0,1.0));
#7887=DIRECTION('',(0.0,0.0,-1.0));
#7888=DIRECTION('',(1.0,0.0,0.0));
#7889=AXIS2_PLACEMENT_3D('',#7886,#7887,#7888);
#7890=PLANE('',#7889);
#7891=ADVANCED_FACE('no 214225',(#7885),#7890,.T.);
#7892=ORIENTED_EDGE('no 196446',*,*,#7096,.F.);
#7893=ORIENTED_EDGE('no 196307',*,*,#7007,.T.);
#7894=ORIENTED_EDGE('no 196618',*,*,#7709,.F.);
#7895=CARTESIAN_POINT('',(-41.679031828,7.3100817768,1.0));
#7896=DIRECTION('',(1.0,-0.0000000004,0.0));
#7897=VECTOR('',#7896,1.0);
#7898=LINE('',#7895,#7897);
#7899=EDGE_CURVE('no 205181',#7704,#7091,#7898,.T.);
#7900=ORIENTED_EDGE('no 205176',*,*,#7899,.T.);
#7901=EDGE_LOOP('',(#7892,#7893,#7894,#7900));
#7902=FACE_OUTER_BOUND('',#7901,.T.);
#7903=CARTESIAN_POINT('',(0.0,0.0,1.0));
#7904=DIRECTION('',(0.0,0.0,-1.0));
#7905=DIRECTION('',(1.0,0.0,0.0));
#7906=AXIS2_PLACEMENT_3D('',#7903,#7904,#7905);
#7907=PLANE('',#7906);
#7908=ADVANCED_FACE('no 205562',(#7902),#7907,.T.);
#7909=CARTESIAN_POINT('',(-43.179031828,7.2999797249,1.1));
#7910=VERTEX_POINT('',#7909);
#7911=CARTESIAN_POINT('',(-43.179031828,7.2999797249,1.1));
#7912=DIRECTION('',(1.0,0.0,0.0));
#7913=VECTOR('',#7912,1.0);
#7914=LINE('',#7911,#7913);
#7915=EDGE_CURVE('no 205519',#7910,#7714,#7914,.T.);
#7916=ORIENTED_EDGE('no 204943',*,*,#7915,.F.);
#7917=CARTESIAN_POINT('',(-43.179031828,7.7999797249,1.1));
#7918=DIRECTION('',(1.0,0.0,0.0));
#7919=DIRECTION('',(0.0,1.0,-0.0));
#7920=AXIS2_PLACEMENT_3D('',#7917,#7918,#7919);
#7921=CIRCLE('',#7920,0.5);
#7922=EDGE_CURVE('no 204932',#7910,#7239,#7921,.T.);
#7923=ORIENTED_EDGE('no 204946',*,*,#7922,.T.);
#7924=ORIENTED_EDGE('no 204942',*,*,#7244,.T.);
#7925=CARTESIAN_POINT('',(-36.179031828,7.7999797249,1.1));
#7926=DIRECTION('',(1.0,0.0,0.0));
#7927=DIRECTION('',(0.0,1.0,-0.0));
#7928=AXIS2_PLACEMENT_3D('',#7925,#7926,#7927);
#7929=CIRCLE('',#7928,0.5);
#7930=EDGE_CURVE('no 204933',#7279,#7230,#7929,.T.);
#7931=ORIENTED_EDGE('no 204947',*,*,#7930,.F.);
#7932=ORIENTED_EDGE('no 204943',*,*,#7284,.F.);
#7933=ORIENTED_EDGE('no 205034',*,*,#7123,.F.);
#7934=ORIENTED_EDGE('no 205177',*,*,#7899,.F.);
#7935=ORIENTED_EDGE('no 204998',*,*,#7773,.T.);
#7936=EDGE_LOOP('',(#7916,#7923,#7924,#7931,#7932,#7933,#7934,#7935));
#7937=FACE_OUTER_BOUND('',#7936,.T.);
#7938=CARTESIAN_POINT('',(-39.679031828,7.7999797249,1.1));
#7939=DIRECTION('',(1.0,0.0,0.0));
#7940=DIRECTION('',(0.0,1.0,-0.0));
#7941=AXIS2_PLACEMENT_3D('',#7938,#7939,#7940);
#7942=CYLINDRICAL_SURFACE('',#7941,0.5);
#7943=ADVANCED_FACE('no 205530',(#7937),#7942,.T.);
#7944=ORIENTED_EDGE('no 157614',*,*,#7185,.T.);
#7945=CARTESIAN_POINT('',(-38.179031828,7.4931943946,7.5));
#7946=DIRECTION('',(0.0,1.0,0.0));
#7947=VECTOR('',#7946,1.0);
#7948=LINE('',#7945,#7947);
#7949=EDGE_CURVE('no 157753',#7394,#7180,#7948,.T.);
#7950=ORIENTED_EDGE('no 157393',*,*,#7949,.F.);
#7951=CARTESIAN_POINT('',(-38.179031828,7.4931943946,7.5));
#7952=VERTEX_POINT('',#7951);
#7953=CARTESIAN_POINT('',(-38.179031828,7.4931943946,7.5));
#7954=DIRECTION('',(0.0,1.0,0.0));
#7955=VECTOR('',#7954,1.0);
#7956=LINE('',#7953,#7955);
#7957=EDGE_CURVE('no 158427',#7952,#7394,#7956,.T.);
#7958=ORIENTED_EDGE('no 157393',*,*,#7957,.F.);
#7959=CARTESIAN_POINT('',(-46.179031828,7.4931943946,7.5));
#7960=DIRECTION('',(1.0,0.0,0.0));
#7961=VECTOR('',#7960,1.0);
#7962=LINE('',#7959,#7961);
#7963=EDGE_CURVE('no 159893',#7467,#7952,#7962,.T.);
#7964=ORIENTED_EDGE('no 157364',*,*,#7963,.F.);
#7965=ORIENTED_EDGE('no 158993',*,*,#7516,.F.);
#7966=EDGE_LOOP('',(#7944,#7950,#7958,#7964,#7965));
#7967=FACE_OUTER_BOUND('',#7966,.F.);
#7968=CARTESIAN_POINT('',(-46.179031828,7.4931943946,7.5));
#7969=DIRECTION('',(0.0,0.0,-1.0));
#7970=DIRECTION('',(0.0,1.0,0.0));
#7971=AXIS2_PLACEMENT_3D('',#7968,#7969,#7970);
#7972=PLANE('',#7971);
#7973=ADVANCED_FACE('no 159894',(#7967),#7972,.F.);
#7974=ORIENTED_EDGE('no 152594',*,*,#7194,.T.);
#7975=ORIENTED_EDGE('no 153031',*,*,#7410,.F.);
#7976=ORIENTED_EDGE('no 157409',*,*,#7949,.T.);
#7977=EDGE_LOOP('',(#7974,#7975,#7976));
#7978=FACE_OUTER_BOUND('',#7977,.F.);
#7979=CARTESIAN_POINT('',(-38.179031828,0.0,0.0));
#7980=DIRECTION('',(-1.0,0.0,0.0));
#7981=DIRECTION('',(0.0,-1.0,0.0));
#7982=AXIS2_PLACEMENT_3D('',#7979,#7980,#7981);
#7983=PLANE('',#7982);
#7984=ADVANCED_FACE('no 158536',(#7978),#7983,.F.);
#7985=CARTESIAN_POINT('',(-40.179031828,8.0,2.0));
#7986=VERTEX_POINT('',#7985);
#7987=CARTESIAN_POINT('',(-40.179031828,8.0,1.5));
#7988=DIRECTION('',(0.0,0.0,-1.0));
#7989=VECTOR('',#7988,1.0);
#7990=LINE('',#7987,#7989);
#7991=EDGE_CURVE('no 205546',#7986,#7256,#7990,.T.);
#7992=ORIENTED_EDGE('no 180817',*,*,#7991,.F.);
#7993=CARTESIAN_POINT('',(-40.179031828,5.5,2.0));
#7994=DIRECTION('',(0.0,1.0,0.0));
#7995=VECTOR('',#7994,1.0);
#7996=LINE('',#7993,#7995);
#7997=EDGE_CURVE('no 181488',#7206,#7986,#7996,.T.);
#7998=ORIENTED_EDGE('no 180837',*,*,#7997,.F.);
#7999=ORIENTED_EDGE('no 181262',*,*,#7212,.F.);
#8000=ORIENTED_EDGE('no 205159',*,*,#7268,.F.);
#8001=EDGE_LOOP('',(#7992,#7998,#7999,#8000));
#8002=FACE_OUTER_BOUND('',#8001,.T.);
#8003=CARTESIAN_POINT('',(-40.179031828,-1.0,1.5));
#8004=DIRECTION('',(1.0,0.0,0.0));
#8005=DIRECTION('',(0.0,-1.0,0.0));
#8006=AXIS2_PLACEMENT_3D('',#8003,#8004,#8005);
#8007=PLANE('',#8006);
#8008=ADVANCED_FACE('no 205570',(#8002),#8007,.T.);
#8009=CARTESIAN_POINT('',(-43.179031828,8.0,2.0));
#8010=VERTEX_POINT('',#8009);
#8011=CARTESIAN_POINT('',(-43.179031828,0.0,2.0));
#8012=DIRECTION('',(0.0,-1.0,0.0));
#8013=VECTOR('',#8012,1.0);
#8014=LINE('',#8011,#8013);
#8015=EDGE_CURVE('no 181592',#8010,#7171,#8014,.T.);
#8016=ORIENTED_EDGE('no 180855',*,*,#8015,.F.);
#8017=CARTESIAN_POINT('',(0.0,8.0,2.0));
#8018=DIRECTION('',(1.0,0.0,0.0));
#8019=VECTOR('',#8018,1.0);
#8020=LINE('',#8017,#8019);
#8021=EDGE_CURVE('no 180792',#8010,#7986,#8020,.T.);
#8022=ORIENTED_EDGE('no 180856',*,*,#8021,.T.);
#8023=ORIENTED_EDGE('no 180853',*,*,#7997,.F.);
#8024=ORIENTED_EDGE('no 181291',*,*,#7218,.F.);
#8025=EDGE_LOOP('',(#8016,#8022,#8023,#8024));
#8026=FACE_OUTER_BOUND('',#8025,.F.);
#8027=CARTESIAN_POINT('',(0.0,0.0,2.0));
#8028=DIRECTION('',(0.0,0.0,-1.0));
#8029=DIRECTION('',(1.0,0.0,0.0));
#8030=AXIS2_PLACEMENT_3D('',#8027,#8028,#8029);
#8031=PLANE('',#8030);
#8032=ADVANCED_FACE('no 181600',(#8026),#8031,.F.);
#8033=ORIENTED_EDGE('no 204949',*,*,#7236,.T.);
#8034=ORIENTED_EDGE('no 204949',*,*,#7291,.T.);
#8035=ORIENTED_EDGE('no 204949',*,*,#7930,.T.);
#8036=EDGE_LOOP('',(#8033,#8034,#8035));
#8037=FACE_OUTER_BOUND('',#8036,.T.);
#8038=CARTESIAN_POINT('',(-36.179031828,0.0,0.0));
#8039=DIRECTION('',(1.0,0.0,0.0));
#8040=DIRECTION('',(0.0,1.0,0.0));
#8041=AXIS2_PLACEMENT_3D('',#8038,#8039,#8040);
#8042=PLANE('',#8041);
#8043=ADVANCED_FACE('no 205632',(#8037),#8042,.T.);
#8044=ORIENTED_EDGE('no 181229',*,*,#7524,.F.);
#8045=ORIENTED_EDGE('no 180839',*,*,#8015,.F.);
#8046=CARTESIAN_POINT('',(-43.179031828,8.0,1.5));
#8047=DIRECTION('',(0.0,0.0,-1.0));
#8048=VECTOR('',#8047,1.0);
#8049=LINE('',#8046,#8048);
#8050=EDGE_CURVE('no 205544',#8010,#7247,#8049,.T.);
#8051=ORIENTED_EDGE('no 180823',*,*,#8050,.T.);
#8052=ORIENTED_EDGE('no 204948',*,*,#7253,.F.);
#8053=ORIENTED_EDGE('no 204948',*,*,#7922,.F.);
#8054=CARTESIAN_POINT('',(-43.179031828,7.7999797249,1.1));
#8055=DIRECTION('',(1.0,-0.0,-0.0));
#8056=DIRECTION('',(-0.0,-1.0,-0.0));
#8057=AXIS2_PLACEMENT_3D('',#8054,#8055,#8056);
#8058=CIRCLE('',#8057,0.5);
#8059=EDGE_CURVE('no 205643',#6614,#7910,#8058,.T.);
#8060=ORIENTED_EDGE('no 204948',*,*,#8059,.F.);
#8061=EDGE_LOOP('',(#8044,#8045,#8051,#8052,#8053,#8060));
#8062=FACE_OUTER_BOUND('',#8061,.T.);
#8063=CARTESIAN_POINT('',(-43.179031828,-6.0,1.5));
#8064=DIRECTION('',(-1.0,0.0,0.0));
#8065=DIRECTION('',(0.0,1.0,0.0));
#8066=AXIS2_PLACEMENT_3D('',#8063,#8064,#8065);
#8067=PLANE('',#8066);
#8068=ADVANCED_FACE('no 205646',(#8062),#8067,.T.);
#8069=ORIENTED_EDGE('no 180824',*,*,#8050,.F.);
#8070=ORIENTED_EDGE('no 180840',*,*,#8021,.T.);
#8071=ORIENTED_EDGE('no 180818',*,*,#7991,.T.);
#8072=ORIENTED_EDGE('no 205119',*,*,#7261,.F.);
#8073=EDGE_LOOP('',(#8069,#8070,#8071,#8072));
#8074=FACE_OUTER_BOUND('',#8073,.T.);
#8075=CARTESIAN_POINT('',(-43.179031828,8.0,1.5));
#8076=DIRECTION('',(-0.0,1.0,0.0));
#8077=DIRECTION('',(1.0,0.0,0.0));
#8078=AXIS2_PLACEMENT_3D('',#8075,#8076,#8077);
#8079=PLANE('',#8078);
#8080=ADVANCED_FACE('no 205582',(#8074),#8079,.T.);
#8081=ORIENTED_EDGE('no 157409',*,*,#7957,.F.);
#8082=CARTESIAN_POINT('',(-38.179031828,7.4931943946,11.5));
#8083=VERTEX_POINT('',#8082);
#8084=CARTESIAN_POINT('',(-38.179031828,7.4931943946,0.0));
#8085=DIRECTION('',(0.0,0.0,1.0));
#8086=VECTOR('',#8085,1.0);
#8087=LINE('',#8084,#8086);
#8088=EDGE_CURVE('no 157302',#7952,#8083,#8087,.T.);
#8089=ORIENTED_EDGE('no 157410',*,*,#8088,.T.);
#8090=CARTESIAN_POINT('',(-38.179031828,0.0,11.5));
#8091=DIRECTION('',(0.0,-1.0,0.0));
#8092=VECTOR('',#8091,1.0);
#8093=LINE('',#8090,#8092);
#8094=EDGE_CURVE('no 158434',#7362,#8083,#8093,.T.);
#8095=ORIENTED_EDGE('no 157411',*,*,#8094,.F.);
#8096=ORIENTED_EDGE('no 157576',*,*,#7368,.T.);
#8097=ORIENTED_EDGE('no 43843',*,*,#7400,.T.);
#8098=EDGE_LOOP('',(#8081,#8089,#8095,#8096,#8097));
#8099=FACE_OUTER_BOUND('',#8098,.T.);
#8100=CARTESIAN_POINT('',(-38.179031828,0.0,0.0));
#8101=DIRECTION('',(-1.0,0.0,0.0));
#8102=DIRECTION('',(0.0,-1.0,0.0));
#8103=AXIS2_PLACEMENT_3D('',#8100,#8101,#8102);
#8104=PLANE('',#8103);
#8105=ADVANCED_FACE('no 158443',(#8099),#8104,.T.);
#8106=CARTESIAN_POINT('',(-46.179031828,7.4931943946,11.5));
#8107=DIRECTION('',(1.0,0.0,0.0));
#8108=VECTOR('',#8107,1.0);
#8109=LINE('',#8106,#8108);
#8110=EDGE_CURVE('no 159892',#7591,#8083,#8109,.T.);
#8111=ORIENTED_EDGE('no 157367',*,*,#8110,.T.);
#8112=ORIENTED_EDGE('no 157395',*,*,#8094,.F.);
#8113=ORIENTED_EDGE('no 157556',*,*,#7376,.F.);
#8114=ORIENTED_EDGE('no 159447',*,*,#7625,.T.);
#8115=EDGE_LOOP('',(#8111,#8112,#8113,#8114));
#8116=FACE_OUTER_BOUND('',#8115,.F.);
#8117=CARTESIAN_POINT('',(-46.179031828,10.4931943946,11.5));
#8118=DIRECTION('',(-0.0,0.0,1.0));
#8119=DIRECTION('',(0.0,-1.0,0.0));
#8120=AXIS2_PLACEMENT_3D('',#8117,#8118,#8119);
#8121=PLANE('',#8120);
#8122=ADVANCED_FACE('no 159896',(#8116),#8121,.F.);
#8123=ORIENTED_EDGE('no 157366',*,*,#8110,.T.);
#8124=ORIENTED_EDGE('no 157394',*,*,#8088,.F.);
#8125=ORIENTED_EDGE('no 157365',*,*,#7963,.F.);
#8126=ORIENTED_EDGE('no 159019',*,*,#7481,.T.);
#8127=ORIENTED_EDGE('no 159483',*,*,#7640,.F.);
#8128=EDGE_LOOP('',(#8123,#8124,#8125,#8126,#8127));
#8129=FACE_OUTER_BOUND('',#8128,.T.);
#8130=CARTESIAN_POINT('',(-46.179031828,7.4931943946,7.5));
#8131=DIRECTION('',(0.0,1.0,0.0));
#8132=DIRECTION('',(0.0,0.0,1.0));
#8133=AXIS2_PLACEMENT_3D('',#8130,#8131,#8132);
#8134=PLANE('',#8133);
#8135=ADVANCED_FACE('no 159890',(#8129),#8134,.T.);
#8136=ORIENTED_EDGE('no 164518',*,*,#7676,.T.);
#8137=ORIENTED_EDGE('no 164519',*,*,#7693,.T.);
#8138=EDGE_LOOP('',(#8136,#8137));
#8139=FACE_OUTER_BOUND('',#8138,.T.);
#8140=CARTESIAN_POINT('',(-47.679031828,0.0068056054,9.1224989992));
#8141=VERTEX_POINT('',#8140);
#8142=CARTESIAN_POINT('',(-47.679031828,2.0068056054,9.1224989992));
#8143=VERTEX_POINT('',#8142);
#8144=CARTESIAN_POINT('',(-47.679031828,1.0068056054,9.1224989992));
#8145=DIRECTION('',(-1.0,0.0,0.0));
#8146=DIRECTION('',(0.0,-1.0,0.0));
#8147=AXIS2_PLACEMENT_3D('',#8144,#8145,#8146);
#8148=CIRCLE('',#8147,1.0);
#8149=EDGE_CURVE('no 169220',#8141,#8143,#8148,.T.);
#8150=ORIENTED_EDGE('no 168842',*,*,#8149,.F.);
#8151=CARTESIAN_POINT('',(-47.679031828,1.0068056054,9.1224989992));
#8152=DIRECTION('',(-1.0,0.0,0.0));
#8153=DIRECTION('',(0.0,-1.0,0.0));
#8154=AXIS2_PLACEMENT_3D('',#8151,#8152,#8153);
#8155=CIRCLE('',#8154,1.0);
#8156=EDGE_CURVE('no 169224',#8143,#8141,#8155,.T.);
#8157=ORIENTED_EDGE('no 167605',*,*,#8156,.F.);
#8158=EDGE_LOOP('',(#8150,#8157));
#8159=FACE_BOUND('',#8158,.T.);
#8160=CARTESIAN_POINT('',(-47.679031828,0.0,0.0));
#8161=DIRECTION('',(-1.0,0.0,0.0));
#8162=DIRECTION('',(0.0,-1.0,0.0));
#8163=AXIS2_PLACEMENT_3D('',#8160,#8161,#8162);
#8164=PLANE('',#8163);
#8165=ADVANCED_FACE('no 169178',(#8139,#8159),#8164,.T.);
#8166=ORIENTED_EDGE('no 204946',*,*,#8059,.T.);
#8167=ORIENTED_EDGE('no 204943',*,*,#7915,.T.);
#8168=ORIENTED_EDGE('no 204980',*,*,#7748,.F.);
#8169=EDGE_LOOP('',(#8166,#8167,#8168));
#8170=FACE_OUTER_BOUND('',#8169,.T.);
#8171=CARTESIAN_POINT('',(-39.679031828,7.7999797249,1.1));
#8172=DIRECTION('',(1.0,0.0,0.0));
#8173=DIRECTION('',(0.0,1.0,-0.0));
#8174=AXIS2_PLACEMENT_3D('',#8171,#8172,#8173);
#8175=CYLINDRICAL_SURFACE('',#8174,0.5);
#8176=ADVANCED_FACE('no 205644',(#8170),#8175,.T.);
#8177=CARTESIAN_POINT('',(-37.679031828,0.0068056054,9.1224989992));
#8178=VERTEX_POINT('',#8177);
#8179=CARTESIAN_POINT('',(-37.679031828,0.0068056054,9.1224989992));
#8180=DIRECTION('',(-1.0,0.0,0.0));
#8181=VECTOR('',#8180,1.0);
#8182=LINE('',#8179,#8181);
#8183=EDGE_CURVE('no 169195',#8178,#8141,#8182,.T.);
#8184=ORIENTED_EDGE('no 167527',*,*,#8183,.F.);
#8185=CARTESIAN_POINT('',(-37.679031828,2.0068056054,9.1224989992));
#8186=VERTEX_POINT('',#8185);
#8187=CARTESIAN_POINT('',(-37.679031828,1.0068056054,9.1224989992));
#8188=DIRECTION('',(1.0,0.0,-0.0));
#8189=DIRECTION('',(0.0,1.0,0.0));
#8190=AXIS2_PLACEMENT_3D('',#8187,#8188,#8189);
#8191=CIRCLE('',#8190,1.0);
#8192=EDGE_CURVE('no 167465',#8186,#8178,#8191,.T.);
#8193=ORIENTED_EDGE('no 167517',*,*,#8192,.F.);
#8194=CARTESIAN_POINT('',(-37.679031828,2.0068056054,9.1224989992));
#8195=DIRECTION('',(-1.0,0.0,0.0));
#8196=VECTOR('',#8195,1.0);
#8197=LINE('',#8194,#8196);
#8198=EDGE_CURVE('no 169194',#8186,#8143,#8197,.T.);
#8199=ORIENTED_EDGE('no 167524',*,*,#8198,.T.);
#8200=ORIENTED_EDGE('no 167604',*,*,#8149,.F.);
#8201=EDGE_LOOP('',(#8184,#8193,#8199,#8200));
#8202=FACE_OUTER_BOUND('',#8201,.F.);
#8203=CARTESIAN_POINT('',(-47.679031828,1.0068056054,9.1224989992));
#8204=DIRECTION('',(1.0,0.0,-0.0));
#8205=DIRECTION('',(0.0,1.0,0.0));
#8206=AXIS2_PLACEMENT_3D('',#8203,#8204,#8205);
#8207=CYLINDRICAL_SURFACE('',#8206,1.0);
#8208=ADVANCED_FACE('no 169182',(#8202),#8207,.F.);
#8209=ORIENTED_EDGE('no 167525',*,*,#8198,.F.);
#8210=CARTESIAN_POINT('',(-37.679031828,1.0068056054,9.1224989992));
#8211=DIRECTION('',(1.0,0.0,-0.0));
#8212=DIRECTION('',(0.0,1.0,0.0));
#8213=AXIS2_PLACEMENT_3D('',#8210,#8211,#8212);
#8214=CIRCLE('',#8213,1.0);
#8215=EDGE_CURVE('no 167497',#8178,#8186,#8214,.T.);
#8216=ORIENTED_EDGE('no 167517',*,*,#8215,.F.);
#8217=ORIENTED_EDGE('no 167527',*,*,#8183,.T.);
#8218=ORIENTED_EDGE('no 167604',*,*,#8156,.F.);
#8219=EDGE_LOOP('',(#8209,#8216,#8217,#8218));
#8220=FACE_OUTER_BOUND('',#8219,.F.);
#8221=CARTESIAN_POINT('',(-47.679031828,1.0068056054,9.1224989992));
#8222=DIRECTION('',(1.0,0.0,-0.0));
#8223=DIRECTION('',(0.0,1.0,0.0));
#8224=AXIS2_PLACEMENT_3D('',#8221,#8222,#8223);
#8225=CYLINDRICAL_SURFACE('',#8224,1.0);
#8226=ADVANCED_FACE('no 169180',(#8220),#8225,.F.);
#8227=CARTESIAN_POINT('',(-37.1016815588,1.0068056054,9.1224989992));
#8228=VERTEX_POINT('',#8227);
#8229=CARTESIAN_POINT('',(-37.1016815588,1.0068056054,9.1224989992));
#8230=DIRECTION('',(-0.5,0.8660254038,0.0));
#8231=VECTOR('',#8230,1.0);
#8232=LINE('',#8229,#8231);
#8233=EDGE_CURVE('no 167468',#8228,#8186,#8232,.T.);
#8234=ORIENTED_EDGE('no 167522',*,*,#8233,.T.);
#8235=ORIENTED_EDGE('no 167516',*,*,#8192,.T.);
#8236=CARTESIAN_POINT('',(-37.1016815588,1.0068056054,9.1224989992));
#8237=DIRECTION('',(-0.5,-0.8660254038,0.0));
#8238=VECTOR('',#8237,1.0);
#8239=LINE('',#8236,#8238);
#8240=EDGE_CURVE('no 167469',#8228,#8178,#8239,.T.);
#8241=ORIENTED_EDGE('no 167526',*,*,#8240,.F.);
#8242=EDGE_LOOP('',(#8234,#8235,#8241));
#8243=FACE_OUTER_BOUND('',#8242,.F.);
#8244=CARTESIAN_POINT('',(-37.1016815588,1.0068056054,9.1224989992));
#8245=DIRECTION('',(-1.0,0.0,0.0));
#8246=DIRECTION('',(0.0,1.0,0.0));
#8247=AXIS2_PLACEMENT_3D('',#8244,#8245,#8246);
#8248=CONICAL_SURFACE('',#8247,0.0,1.0471975512);
#8249=ADVANCED_FACE('no 167460',(#8243),#8248,.F.);
#8250=ORIENTED_EDGE('no 167526',*,*,#8240,.T.);
#8251=ORIENTED_EDGE('no 167516',*,*,#8215,.T.);
#8252=ORIENTED_EDGE('no 167523',*,*,#8233,.F.);
#8253=EDGE_LOOP('',(#8250,#8251,#8252));
#8254=FACE_OUTER_BOUND('',#8253,.F.);
#8255=CARTESIAN_POINT('',(-37.1016815588,1.0068056054,9.1224989992));
#8256=DIRECTION('',(-1.0,0.0,0.0));
#8257=DIRECTION('',(0.0,1.0,0.0));
#8258=AXIS2_PLACEMENT_3D('',#8255,#8256,#8257);
#8259=CONICAL_SURFACE('',#8258,0.0,1.0471975512);
#8260=ADVANCED_FACE('no 167494',(#8254),#8259,.F.);
#8261=CARTESIAN_POINT('',(-36.179031828,-5.299979725,1.1));
#8262=VERTEX_POINT('',#8261);
#8263=CARTESIAN_POINT('',(-36.179031828,-5.799979725,1.1));
#8264=DIRECTION('',(1.0,0.0,0.0));
#8265=DIRECTION('',(0.0,1.0,0.0));
#8266=AXIS2_PLACEMENT_3D('',#8263,#8264,#8265);
#8267=CIRCLE('',#8266,0.5);
#8268=EDGE_CURVE('no 214299',#8262,#6106,#8267,.T.);
#8269=ORIENTED_EDGE('no 213613',*,*,#8268,.T.);
#8270=CARTESIAN_POINT('',(-36.179031828,-6.299979725,1.1));
#8271=VERTEX_POINT('',#8270);
#8272=CARTESIAN_POINT('',(-36.179031828,-5.799979725,1.1));
#8273=DIRECTION('',(1.0,0.0,0.0));
#8274=DIRECTION('',(0.0,1.0,0.0));
#8275=AXIS2_PLACEMENT_3D('',#8272,#8273,#8274);
#8276=CIRCLE('',#8275,0.5);
#8277=EDGE_CURVE('no 214300',#6106,#8271,#8276,.T.);
#8278=ORIENTED_EDGE('no 213613',*,*,#8277,.T.);
#8279=CARTESIAN_POINT('',(-36.179031828,-5.799979725,1.1));
#8280=DIRECTION('',(1.0,0.0,0.0));
#8281=DIRECTION('',(0.0,1.0,0.0));
#8282=AXIS2_PLACEMENT_3D('',#8279,#8280,#8281);
#8283=CIRCLE('',#8282,0.5);
#8284=EDGE_CURVE('no 213598',#8271,#8262,#8283,.T.);
#8285=ORIENTED_EDGE('no 213613',*,*,#8284,.T.);
#8286=EDGE_LOOP('',(#8269,#8278,#8285));
#8287=FACE_OUTER_BOUND('',#8286,.T.);
#8288=CARTESIAN_POINT('',(-36.179031828,0.0,0.0));
#8289=DIRECTION('',(1.0,0.0,0.0));
#8290=DIRECTION('',(0.0,1.0,0.0));
#8291=AXIS2_PLACEMENT_3D('',#8288,#8289,#8290);
#8292=PLANE('',#8291);
#8293=ADVANCED_FACE('no 214297',(#8287),#8292,.T.);
#8294=ORIENTED_EDGE('no 213611',*,*,#8268,.F.);
#8295=CARTESIAN_POINT('',(-40.379031828,-5.299979725,1.1));
#8296=DIRECTION('',(1.0,0.0,0.0));
#8297=VECTOR('',#8296,1.0);
#8298=LINE('',#8295,#8297);
#8299=EDGE_CURVE('no 214183',#6877,#8262,#8298,.T.);
#8300=ORIENTED_EDGE('no 213605',*,*,#8299,.F.);
#8301=ORIENTED_EDGE('no 213735',*,*,#6911,.F.);
#8302=ORIENTED_EDGE('no 213717',*,*,#6111,.T.);
#8303=EDGE_LOOP('',(#8294,#8300,#8301,#8302));
#8304=FACE_OUTER_BOUND('',#8303,.T.);
#8305=CARTESIAN_POINT('',(-39.679031828,-5.799979725,1.1));
#8306=DIRECTION('',(1.0,0.0,0.0));
#8307=DIRECTION('',(0.0,1.0,-0.0));
#8308=AXIS2_PLACEMENT_3D('',#8305,#8306,#8307);
#8309=CYLINDRICAL_SURFACE('',#8308,0.5);
#8310=ADVANCED_FACE('no 214301',(#8304),#8309,.T.);
#8311=ORIENTED_EDGE('no 213794',*,*,#6071,.T.);
#8312=ORIENTED_EDGE('no 213785',*,*,#6095,.F.);
#8313=CARTESIAN_POINT('',(-43.179031828,-6.299979725,1.1));
#8314=VERTEX_POINT('',#8313);
#8315=CARTESIAN_POINT('',(-43.179031828,-5.799979725,1.1));
#8316=DIRECTION('',(1.0,0.0,0.0));
#8317=DIRECTION('',(0.0,1.0,-0.0));
#8318=AXIS2_PLACEMENT_3D('',#8315,#8316,#8317);
#8319=CIRCLE('',#8318,0.5);
#8320=EDGE_CURVE('no 214305',#6082,#8314,#8319,.T.);
#8321=ORIENTED_EDGE('no 213610',*,*,#8320,.T.);
#8322=CARTESIAN_POINT('',(-43.179031828,-6.299979725,1.1));
#8323=DIRECTION('',(1.0,0.0,0.0));
#8324=VECTOR('',#8323,1.0);
#8325=LINE('',#8322,#8324);
#8326=EDGE_CURVE('no 213589',#8314,#8271,#8325,.T.);
#8327=ORIENTED_EDGE('no 213607',*,*,#8326,.T.);
#8328=ORIENTED_EDGE('no 213611',*,*,#8277,.F.);
#8329=ORIENTED_EDGE('no 213717',*,*,#6111,.F.);
#8330=EDGE_LOOP('',(#8311,#8312,#8321,#8327,#8328,#8329));
#8331=FACE_OUTER_BOUND('',#8330,.T.);
#8332=CARTESIAN_POINT('',(-39.679031828,-5.799979725,1.1));
#8333=DIRECTION('',(1.0,0.0,0.0));
#8334=DIRECTION('',(0.0,1.0,-0.0));
#8335=AXIS2_PLACEMENT_3D('',#8332,#8333,#8334);
#8336=CYLINDRICAL_SURFACE('',#8335,0.5);
#8337=ADVANCED_FACE('no 214303',(#8331),#8336,.T.);
#8338=ORIENTED_EDGE('no 213606',*,*,#8299,.T.);
#8339=ORIENTED_EDGE('no 213611',*,*,#8284,.F.);
#8340=ORIENTED_EDGE('no 213607',*,*,#8326,.F.);
#8341=CARTESIAN_POINT('',(-43.179031828,-5.299979725,1.1));
#8342=VERTEX_POINT('',#8341);
#8343=CARTESIAN_POINT('',(-43.179031828,-5.799979725,1.1));
#8344=DIRECTION('',(1.0,0.0,0.0));
#8345=DIRECTION('',(0.0,1.0,-0.0));
#8346=AXIS2_PLACEMENT_3D('',#8343,#8344,#8345);
#8347=CIRCLE('',#8346,0.5);
#8348=EDGE_CURVE('no 213597',#8314,#8342,#8347,.T.);
#8349=ORIENTED_EDGE('no 213610',*,*,#8348,.T.);
#8350=CARTESIAN_POINT('',(-43.179031828,-5.299979725,1.1));
#8351=DIRECTION('',(1.0,0.0,0.0));
#8352=VECTOR('',#8351,1.0);
#8353=LINE('',#8350,#8352);
#8354=EDGE_CURVE('no 214181',#8342,#7794,#8353,.T.);
#8355=ORIENTED_EDGE('no 213606',*,*,#8354,.T.);
#8356=ORIENTED_EDGE('no 213696',*,*,#7818,.F.);
#8357=ORIENTED_EDGE('no 213862',*,*,#7882,.T.);
#8358=ORIENTED_EDGE('no 213753',*,*,#6936,.T.);
#8359=EDGE_LOOP('',(#8338,#8339,#8340,#8349,#8355,#8356,#8357,#8358));
#8360=FACE_OUTER_BOUND('',#8359,.T.);
#8361=CARTESIAN_POINT('',(-39.679031828,-5.799979725,1.1));
#8362=DIRECTION('',(1.0,0.0,0.0));
#8363=DIRECTION('',(0.0,1.0,-0.0));
#8364=AXIS2_PLACEMENT_3D('',#8361,#8362,#8363);
#8365=CYLINDRICAL_SURFACE('',#8364,0.5);
#8366=ADVANCED_FACE('no 214195',(#8360),#8365,.T.);
#8367=ORIENTED_EDGE('no 213605',*,*,#8354,.F.);
#8368=CARTESIAN_POINT('',(-43.179031828,-5.799979725,1.1));
#8369=DIRECTION('',(1.0,0.0,0.0));
#8370=DIRECTION('',(0.0,1.0,-0.0));
#8371=AXIS2_PLACEMENT_3D('',#8368,#8369,#8370);
#8372=CIRCLE('',#8371,0.5);
#8373=EDGE_CURVE('no 214308',#8342,#6184,#8372,.T.);
#8374=ORIENTED_EDGE('no 213610',*,*,#8373,.T.);
#8375=ORIENTED_EDGE('no 213678',*,*,#7853,.T.);
#8376=EDGE_LOOP('',(#8367,#8374,#8375));
#8377=FACE_OUTER_BOUND('',#8376,.T.);
#8378=CARTESIAN_POINT('',(-39.679031828,-5.799979725,1.1));
#8379=DIRECTION('',(1.0,0.0,0.0));
#8380=DIRECTION('',(0.0,1.0,-0.0));
#8381=AXIS2_PLACEMENT_3D('',#8378,#8379,#8380);
#8382=CYLINDRICAL_SURFACE('',#8381,0.5);
#8383=ADVANCED_FACE('no 214309',(#8377),#8382,.T.);
#8384=ORIENTED_EDGE('no 180809',*,*,#6087,.F.);
#8385=ORIENTED_EDGE('no 180833',*,*,#6032,.T.);
#8386=ORIENTED_EDGE('no 180957',*,*,#6235,.F.);
#8387=ORIENTED_EDGE('no 213612',*,*,#8373,.F.);
#8388=ORIENTED_EDGE('no 213612',*,*,#8348,.F.);
#8389=ORIENTED_EDGE('no 213612',*,*,#8320,.F.);
#8390=EDGE_LOOP('',(#8384,#8385,#8386,#8387,#8388,#8389));
#8391=FACE_OUTER_BOUND('',#8390,.T.);
#8392=CARTESIAN_POINT('',(-43.179031828,-6.0,1.5));
#8393=DIRECTION('',(-1.0,0.0,0.0));
#8394=DIRECTION('',(0.0,1.0,0.0));
#8395=AXIS2_PLACEMENT_3D('',#8392,#8393,#8394);
#8396=PLANE('',#8395);
#8397=ADVANCED_FACE('no 214311',(#8391),#8396,.T.);
#8398=CLOSED_SHELL('PartBody',(
    #6047,#6080,#6104,#6171,#6324,#6396,#6457,#6500,#6516,#6541,
    #6610,#6670,#6716,#6829,#6945,#6998,#7087,#7167,#7227,#7277,
    #7302,#7326,#7350,#7392,#7419,#7436,#7533,#7589,#7653,#7685,
    #7702,#7782,#7862,#7874,#7891,#7908,#7943,#7973,#7984,#8008,
    #8032,#8043,#8068,#8080,#8105,#8122,#8135,#8165,#8176,#8208,
    #8226,#8249,#8260,#8293,#8310,#8337,#8366,#8383,#8397));
#8399=MANIFOLD_SOLID_BREP('PartBody',#8398);
#8400=COLOUR_RGB('',0.85098,0.85882,0.85098);
#8401=FILL_AREA_STYLE_COLOUR('',#8400);
#8402=FILL_AREA_STYLE('',(#8401));
#8403=SURFACE_STYLE_FILL_AREA(#8402);
#8404=SURFACE_SIDE_STYLE('',(#8403));
#8405=SURFACE_STYLE_USAGE(.BOTH.,#8404);
#8406=PRESENTATION_STYLE_ASSIGNMENT((#8405));
#8407=STYLED_ITEM('',(#8406),#8399);
#8408=COLOUR_RGB('',0.82353,0.82353,1.0);
#8409=FILL_AREA_STYLE_COLOUR('',#8408);
#8410=FILL_AREA_STYLE('',(#8409));
#8411=SURFACE_STYLE_FILL_AREA(#8410);
#8412=SURFACE_SIDE_STYLE('',(#8411));
#8413=SURFACE_STYLE_USAGE(.BOTH.,#8412);
#8414=PRESENTATION_STYLE_ASSIGNMENT((#8413));
#8415=OVER_RIDING_STYLED_ITEM('',(#8414),#6171,#8407);
#8416=COLOUR_RGB('',0.39608,0.39608,0.39608);
#8417=FILL_AREA_STYLE_COLOUR('',#8416);
#8418=FILL_AREA_STYLE('',(#8417));
#8419=SURFACE_STYLE_FILL_AREA(#8418);
#8420=SURFACE_SIDE_STYLE('',(#8419));
#8421=SURFACE_STYLE_USAGE(.BOTH.,#8420);
#8422=PRESENTATION_STYLE_ASSIGNMENT((#8421));
#8423=OVER_RIDING_STYLED_ITEM('',(#8422),#6324,#8407);
#8424=OVER_RIDING_STYLED_ITEM('',(#8414),#6396,#8407);
#8425=OVER_RIDING_STYLED_ITEM('',(#8414),#6457,#8407);
#8426=OVER_RIDING_STYLED_ITEM('',(#8414),#6500,#8407);
#8427=OVER_RIDING_STYLED_ITEM('',(#8422),#6516,#8407);
#8428=OVER_RIDING_STYLED_ITEM('',(#8422),#6541,#8407);
#8429=OVER_RIDING_STYLED_ITEM('',(#8422),#6610,#8407);
#8430=OVER_RIDING_STYLED_ITEM('',(#8422),#6670,#8407);
#8431=OVER_RIDING_STYLED_ITEM('',(#8422),#6716,#8407);
#8432=OVER_RIDING_STYLED_ITEM('',(#8422),#6829,#8407);
#8433=OVER_RIDING_STYLED_ITEM('',(#8414),#6945,#8407);
#8434=OVER_RIDING_STYLED_ITEM('',(#8414),#6998,#8407);
#8435=OVER_RIDING_STYLED_ITEM('',(#8414),#7087,#8407);
#8436=OVER_RIDING_STYLED_ITEM('',(#8414),#7167,#8407);
#8437=OVER_RIDING_STYLED_ITEM('',(#8414),#7227,#8407);
#8438=DRAUGHTING_PRE_DEFINED_COLOUR('red');
#8439=FILL_AREA_STYLE_COLOUR('',#8438);
#8440=FILL_AREA_STYLE('',(#8439));
#8441=SURFACE_STYLE_FILL_AREA(#8440);
#8442=SURFACE_SIDE_STYLE('',(#8441));
#8443=SURFACE_STYLE_USAGE(.BOTH.,#8442);
#8444=PRESENTATION_STYLE_ASSIGNMENT((#8443));
#8445=OVER_RIDING_STYLED_ITEM('',(#8444),#7277,#8407);
#8446=OVER_RIDING_STYLED_ITEM('',(#8444),#7302,#8407);
#8447=OVER_RIDING_STYLED_ITEM('',(#8414),#7326,#8407);
#8448=OVER_RIDING_STYLED_ITEM('',(#8414),#7350,#8407);
#8449=OVER_RIDING_STYLED_ITEM('',(#8414),#7392,#8407);
#8450=OVER_RIDING_STYLED_ITEM('',(#8414),#7419,#8407);
#8451=OVER_RIDING_STYLED_ITEM('',(#8422),#7436,#8407);
#8452=OVER_RIDING_STYLED_ITEM('',(#8422),#7533,#8407);
#8453=OVER_RIDING_STYLED_ITEM('',(#8422),#7589,#8407);
#8454=OVER_RIDING_STYLED_ITEM('',(#8422),#7653,#8407);
#8455=OVER_RIDING_STYLED_ITEM('',(#8422),#7685,#8407);
#8456=OVER_RIDING_STYLED_ITEM('',(#8422),#7702,#8407);
#8457=OVER_RIDING_STYLED_ITEM('',(#8414),#7782,#8407);
#8458=OVER_RIDING_STYLED_ITEM('',(#8414),#7862,#8407);
#8459=OVER_RIDING_STYLED_ITEM('',(#8422),#7874,#8407);
#8460=OVER_RIDING_STYLED_ITEM('',(#8444),#7943,#8407);
#8461=OVER_RIDING_STYLED_ITEM('',(#8422),#7973,#8407);
#8462=OVER_RIDING_STYLED_ITEM('',(#8422),#7984,#8407);
#8463=OVER_RIDING_STYLED_ITEM('',(#8444),#8043,#8407);
#8464=OVER_RIDING_STYLED_ITEM('',(#8422),#8105,#8407);
#8465=OVER_RIDING_STYLED_ITEM('',(#8422),#8122,#8407);
#8466=OVER_RIDING_STYLED_ITEM('',(#8422),#8135,#8407);
#8467=OVER_RIDING_STYLED_ITEM('',(#8422),#8165,#8407);
#8468=OVER_RIDING_STYLED_ITEM('',(#8444),#8176,#8407);
#8469=OVER_RIDING_STYLED_ITEM('',(#8414),#8208,#8407);
#8470=OVER_RIDING_STYLED_ITEM('',(#8414),#8226,#8407);
#8471=OVER_RIDING_STYLED_ITEM('',(#8414),#8249,#8407);
#8472=OVER_RIDING_STYLED_ITEM('',(#8414),#8260,#8407);
#8473=DRAUGHTING_PRE_DEFINED_COLOUR('black');
#8474=FILL_AREA_STYLE_COLOUR('',#8473);
#8475=FILL_AREA_STYLE('',(#8474));
#8476=SURFACE_STYLE_FILL_AREA(#8475);
#8477=SURFACE_SIDE_STYLE('',(#8476));
#8478=SURFACE_STYLE_USAGE(.BOTH.,#8477);
#8479=PRESENTATION_STYLE_ASSIGNMENT((#8478));
#8480=OVER_RIDING_STYLED_ITEM('',(#8479),#8293,#8407);
#8481=OVER_RIDING_STYLED_ITEM('',(#8479),#8310,#8407);
#8482=OVER_RIDING_STYLED_ITEM('',(#8479),#8337,#8407);
#8483=OVER_RIDING_STYLED_ITEM('',(#8479),#8366,#8407);
#8484=OVER_RIDING_STYLED_ITEM('',(#8479),#8383,#8407);
#8485=CARTESIAN_POINT('',(-47.679031828,0.0068056054,9.1224989992));
#8486=VERTEX_POINT('',#8485);
#8487=CARTESIAN_POINT('',(-57.679031828,0.0068056054,9.1224989992));
#8488=VERTEX_POINT('',#8487);
#8489=CARTESIAN_POINT('',(-47.679031828,0.0068056054,9.1224989992));
#8490=DIRECTION('',(-1.0,0.0,0.0));
#8491=VECTOR('',#8490,1.0);
#8492=LINE('',#8489,#8491);
#8493=EDGE_CURVE('no 169217',#8486,#8488,#8492,.T.);
#8494=ORIENTED_EDGE('no 168835',*,*,#8493,.F.);
#8495=CARTESIAN_POINT('',(-47.679031828,2.0068056054,9.1224989992));
#8496=VERTEX_POINT('',#8495);
#8497=CARTESIAN_POINT('',(-47.679031828,1.0068056054,9.1224989992));
#8498=DIRECTION('',(-1.0,0.0,0.0));
#8499=DIRECTION('',(0.0,-1.0,0.0));
#8500=AXIS2_PLACEMENT_3D('',#8497,#8498,#8499);
#8501=CIRCLE('',#8500,1.0);
#8502=EDGE_CURVE('no 169220',#8486,#8496,#8501,.T.);
#8503=ORIENTED_EDGE('no 168840',*,*,#8502,.T.);
#8504=CARTESIAN_POINT('',(-57.679031828,2.0068056054,9.1224989992));
#8505=VERTEX_POINT('',#8504);
#8506=CARTESIAN_POINT('',(-47.679031828,2.0068056054,9.1224989992));
#8507=DIRECTION('',(-1.0,0.0,0.0));
#8508=VECTOR('',#8507,1.0);
#8509=LINE('',#8506,#8508);
#8510=EDGE_CURVE('no 169221',#8496,#8505,#8509,.T.);
#8511=ORIENTED_EDGE('no 168837',*,*,#8510,.T.);
#8512=CARTESIAN_POINT('',(-57.679031828,1.0068056054,9.1224989992));
#8513=DIRECTION('',(-1.0,0.0,0.0));
#8514=DIRECTION('',(0.0,-1.0,0.0));
#8515=AXIS2_PLACEMENT_3D('',#8512,#8513,#8514);
#8516=CIRCLE('',#8515,1.0);
#8517=EDGE_CURVE('no 168822',#8488,#8505,#8516,.T.);
#8518=ORIENTED_EDGE('no 168841',*,*,#8517,.F.);
#8519=EDGE_LOOP('',(#8494,#8503,#8511,#8518));
#8520=FACE_OUTER_BOUND('',#8519,.T.);
#8521=CARTESIAN_POINT('',(-52.679031828,1.0068056054,9.1224989992));
#8522=DIRECTION('',(-1.0,0.0,0.0));
#8523=DIRECTION('',(0.0,-1.0,0.0));
#8524=AXIS2_PLACEMENT_3D('',#8521,#8522,#8523);
#8525=CYLINDRICAL_SURFACE('',#8524,1.0);
#8526=ADVANCED_FACE('no 169213',(#8520),#8525,.T.);
#8527=ORIENTED_EDGE('no 168837',*,*,#8510,.F.);
#8528=CARTESIAN_POINT('',(-47.679031828,1.0068056054,9.1224989992));
#8529=DIRECTION('',(-1.0,0.0,0.0));
#8530=DIRECTION('',(0.0,-1.0,0.0));
#8531=AXIS2_PLACEMENT_3D('',#8528,#8529,#8530);
#8532=CIRCLE('',#8531,1.0);
#8533=EDGE_CURVE('no 169224',#8496,#8486,#8532,.T.);
#8534=ORIENTED_EDGE('no 168840',*,*,#8533,.T.);
#8535=ORIENTED_EDGE('no 168836',*,*,#8493,.T.);
#8536=CARTESIAN_POINT('',(-57.679031828,1.0068056054,9.1224989992));
#8537=DIRECTION('',(-1.0,0.0,0.0));
#8538=DIRECTION('',(0.0,-1.0,0.0));
#8539=AXIS2_PLACEMENT_3D('',#8536,#8537,#8538);
#8540=CIRCLE('',#8539,1.0);
#8541=EDGE_CURVE('no 168827',#8505,#8488,#8540,.T.);
#8542=ORIENTED_EDGE('no 168841',*,*,#8541,.F.);
#8543=EDGE_LOOP('',(#8527,#8534,#8535,#8542));
#8544=FACE_OUTER_BOUND('',#8543,.T.);
#8545=CARTESIAN_POINT('',(-52.679031828,1.0068056054,9.1224989992));
#8546=DIRECTION('',(-1.0,0.0,0.0));
#8547=DIRECTION('',(0.0,-1.0,0.0));
#8548=AXIS2_PLACEMENT_3D('',#8545,#8546,#8547);
#8549=CYLINDRICAL_SURFACE('',#8548,1.0);
#8550=ADVANCED_FACE('no 169222',(#8544),#8549,.T.);
#8551=ORIENTED_EDGE('no 168842',*,*,#8502,.T.);
#8552=ORIENTED_EDGE('no 168842',*,*,#8533,.T.);
#8553=EDGE_LOOP('',(#8551,#8552));
#8554=FACE_OUTER_BOUND('',#8553,.F.);
#8555=CARTESIAN_POINT('',(-47.679031828,0.0,0.0));
#8556=DIRECTION('',(-1.0,0.0,0.0));
#8557=DIRECTION('',(0.0,-1.0,0.0));
#8558=AXIS2_PLACEMENT_3D('',#8555,#8556,#8557);
#8559=PLANE('',#8558);
#8560=ADVANCED_FACE('no 169225',(#8554),#8559,.F.);
#8561=ORIENTED_EDGE('no 168843',*,*,#8517,.T.);
#8562=ORIENTED_EDGE('no 168843',*,*,#8541,.T.);
#8563=EDGE_LOOP('',(#8561,#8562));
#8564=FACE_OUTER_BOUND('',#8563,.T.);
#8565=CARTESIAN_POINT('',(-57.679031828,0.0,0.0));
#8566=DIRECTION('',(-1.0,0.0,0.0));
#8567=DIRECTION('',(0.0,-1.0,0.0));
#8568=AXIS2_PLACEMENT_3D('',#8565,#8566,#8567);
#8569=PLANE('',#8568);
#8570=ADVANCED_FACE('no 168831',(#8564),#8569,.T.);
#8571=CLOSED_SHELL('PartBody',(#8526,#8550,#8560,#8570));
#8572=MANIFOLD_SOLID_BREP('PartBody',#8571);
#8573=STYLED_ITEM('',(#8414),#8572);
#8574=CARTESIAN_POINT('',(0.,0.,0.));
#8575=DIRECTION('',(0.,0.,1.));
#8576=DIRECTION('',(1.,0.,0.));
#8577=AXIS2_PLACEMENT_3D('Reference Axes',#8574,#8575,#8576);
#8578=SHAPE_REPRESENTATION('',(#8577,#8399,#8572),#5997);
#8579=SHAPE_DEFINITION_REPRESENTATION(#6004,#8578);
#8580=MEASURE_REPRESENTATION_ITEM('',NUMERIC_MEASURE(1000.0),#2975);
#8581=PROPERTY_DEFINITION('Density','system property',#6003);
#8582=REPRESENTATION('',(#8580),#5997);
#8583=PROPERTY_DEFINITION_REPRESENTATION(#8581,#8582);
#8584=ID_ATTRIBUTE('mass property',#8581);
#8585=GENERAL_PROPERTY_ASSOCIATION('',$,#2970,#8581);
#8586=MEASURE_REPRESENTATION_ITEM('',VOLUME_MEASURE(0.0),#2984);
#8587=PROPERTY_DEFINITION('Volume','system property',#6003);
#8588=REPRESENTATION('',(#8586),#5997);
#8589=PROPERTY_DEFINITION_REPRESENTATION(#8587,#8588);
#8590=ID_ATTRIBUTE('mass property',#8587);
#8591=GENERAL_PROPERTY_ASSOCIATION('',$,#2982,#8587);
#8592=MEASURE_REPRESENTATION_ITEM('',MASS_MEASURE(0.0),#2971);
#8593=PROPERTY_DEFINITION('Mass','system property',#6003);
#8594=REPRESENTATION('',(#8592),#5997);
#8595=PROPERTY_DEFINITION_REPRESENTATION(#8593,#8594);
#8596=ID_ATTRIBUTE('mass property',#8593);
#8597=GENERAL_PROPERTY_ASSOCIATION('',$,#2991,#8593);
#8598=MEASURE_REPRESENTATION_ITEM('',AREA_MEASURE(0.0),#3000);
#8599=PROPERTY_DEFINITION('Surface','system property',#6003);
#8600=REPRESENTATION('',(#8598),#5997);
#8601=PROPERTY_DEFINITION_REPRESENTATION(#8599,#8600);
#8602=ID_ATTRIBUTE('mass property',#8599);
#8603=GENERAL_PROPERTY_ASSOCIATION('',$,#2998,#8599);
#8604=MEASURE_REPRESENTATION_ITEM('',LENGTH_MEASURE(0.0),#2973);
#8605=PROPERTY_DEFINITION('xCenterOfGravity','system property',#6003);
#8606=REPRESENTATION('',(#8604),#5997);
#8607=PROPERTY_DEFINITION_REPRESENTATION(#8605,#8606);
#8608=ID_ATTRIBUTE('mass property',#8605);
#8609=GENERAL_PROPERTY_ASSOCIATION('',$,#3007,#8605);
#8610=MEASURE_REPRESENTATION_ITEM('',LENGTH_MEASURE(0.0),#2973);
#8611=PROPERTY_DEFINITION('yCenterOfGravity','system property',#6003);
#8612=REPRESENTATION('',(#8610),#5997);
#8613=PROPERTY_DEFINITION_REPRESENTATION(#8611,#8612);
#8614=ID_ATTRIBUTE('mass property',#8611);
#8615=GENERAL_PROPERTY_ASSOCIATION('',$,#3014,#8611);
#8616=MEASURE_REPRESENTATION_ITEM('',LENGTH_MEASURE(0.0),#2973);
#8617=PROPERTY_DEFINITION('zCenterOfGravity','system property',#6003);
#8618=REPRESENTATION('',(#8616),#5997);
#8619=PROPERTY_DEFINITION_REPRESENTATION(#8617,#8618);
#8620=ID_ATTRIBUTE('mass property',#8617);
#8621=GENERAL_PROPERTY_ASSOCIATION('',$,#3021,#8617);
#8622=MEASURE_REPRESENTATION_ITEM('',NUMERIC_MEASURE(1.0),#3034);
#8623=PROPERTY_DEFINITION('Ixx','system property',#6003);
#8624=REPRESENTATION('',(#8622),#5997);
#8625=PROPERTY_DEFINITION_REPRESENTATION(#8623,#8624);
#8626=ID_ATTRIBUTE('mass property',#8623);
#8627=GENERAL_PROPERTY_ASSOCIATION('',$,#3028,#8623);
#8628=MEASURE_REPRESENTATION_ITEM('',NUMERIC_MEASURE(0.0),#3034);
#8629=PROPERTY_DEFINITION('Iyx','system property',#6003);
#8630=REPRESENTATION('',(#8628),#5997);
#8631=PROPERTY_DEFINITION_REPRESENTATION(#8629,#8630);
#8632=ID_ATTRIBUTE('mass property',#8629);
#8633=GENERAL_PROPERTY_ASSOCIATION('',$,#3041,#8629);
#8634=MEASURE_REPRESENTATION_ITEM('',NUMERIC_MEASURE(0.0),#3034);
#8635=PROPERTY_DEFINITION('Izx','system property',#6003);
#8636=REPRESENTATION('',(#8634),#5997);
#8637=PROPERTY_DEFINITION_REPRESENTATION(#8635,#8636);
#8638=ID_ATTRIBUTE('mass property',#8635);
#8639=GENERAL_PROPERTY_ASSOCIATION('',$,#3048,#8635);
#8640=MEASURE_REPRESENTATION_ITEM('',NUMERIC_MEASURE(0.0),#3034);
#8641=PROPERTY_DEFINITION('Ixy','system property',#6003);
#8642=REPRESENTATION('',(#8640),#5997);
#8643=PROPERTY_DEFINITION_REPRESENTATION(#8641,#8642);
#8644=ID_ATTRIBUTE('mass property',#8641);
#8645=GENERAL_PROPERTY_ASSOCIATION('',$,#3055,#8641);
#8646=MEASURE_REPRESENTATION_ITEM('',NUMERIC_MEASURE(1.0),#3034);
#8647=PROPERTY_DEFINITION('Iyy','system property',#6003);
#8648=REPRESENTATION('',(#8646),#5997);
#8649=PROPERTY_DEFINITION_REPRESENTATION(#8647,#8648);
#8650=ID_ATTRIBUTE('mass property',#8647);
#8651=GENERAL_PROPERTY_ASSOCIATION('',$,#3062,#8647);
#8652=MEASURE_REPRESENTATION_ITEM('',NUMERIC_MEASURE(0.0),#3034);
#8653=PROPERTY_DEFINITION('Izy','system property',#6003);
#8654=REPRESENTATION('',(#8652),#5997);
#8655=PROPERTY_DEFINITION_REPRESENTATION(#8653,#8654);
#8656=ID_ATTRIBUTE('mass property',#8653);
#8657=GENERAL_PROPERTY_ASSOCIATION('',$,#3069,#8653);
#8658=MEASURE_REPRESENTATION_ITEM('',NUMERIC_MEASURE(0.0),#3034);
#8659=PROPERTY_DEFINITION('Ixz','system property',#6003);
#8660=REPRESENTATION('',(#8658),#5997);
#8661=PROPERTY_DEFINITION_REPRESENTATION(#8659,#8660);
#8662=ID_ATTRIBUTE('mass property',#8659);
#8663=GENERAL_PROPERTY_ASSOCIATION('',$,#3076,#8659);
#8664=MEASURE_REPRESENTATION_ITEM('',NUMERIC_MEASURE(0.0),#3034);
#8665=PROPERTY_DEFINITION('Iyz','system property',#6003);
#8666=REPRESENTATION('',(#8664),#5997);
#8667=PROPERTY_DEFINITION_REPRESENTATION(#8665,#8666);
#8668=ID_ATTRIBUTE('mass property',#8665);
#8669=GENERAL_PROPERTY_ASSOCIATION('',$,#3083,#8665);
#8670=MEASURE_REPRESENTATION_ITEM('',NUMERIC_MEASURE(1.0),#3034);
#8671=PROPERTY_DEFINITION('Izz','system property',#6003);
#8672=REPRESENTATION('',(#8670),#5997);
#8673=PROPERTY_DEFINITION_REPRESENTATION(#8671,#8672);
#8674=ID_ATTRIBUTE('mass property',#8671);
#8675=GENERAL_PROPERTY_ASSOCIATION('',$,#3090,#8671);
#8676=DESCRIPTIVE_REPRESENTATION_ITEM('','0.001000');
#8677=PROPERTY_DEFINITION('TOLERANCE','',#6003);
#8678=REPRESENTATION('',(#8676),#5997);
#8679=PROPERTY_DEFINITION_REPRESENTATION(#8677,#8678);
#8680=GENERAL_PROPERTY_ASSOCIATION('',$,#3097,#8677);
#8681=( GEOMETRIC_REPRESENTATION_CONTEXT(3)
       GLOBAL_UNCERTAINTY_ASSIGNED_CONTEXT((#8682)) GLOBAL_UNIT_ASSIGNED_CONTEXT
  ((#3,#4)) REPRESENTATION_CONTEXT('Context #4',
  '3D Context with UNIT and UNCERTAINTY') );
#8682=UNCERTAINTY_MEASURE_WITH_UNIT(LENGTH_MEASURE(0.005),#3,'distance_accuracy_value','Confusion accuracy');
#8683=PRODUCT_CONTEXT('',#1,'mechanical');
#8684=PRODUCT('Shaft DG01D','','',(#8683));
#8685=PRODUCT_DEFINITION_FORMATION('','',#8684);
#8686=PRODUCT_DEFINITION_CONTEXT('part definition',#1,'design');
#8687=PRODUCT_DEFINITION('design','',#8685,#8686);
#8688=PRODUCT_DEFINITION_SHAPE('','',#8687);
#8689=PRODUCT_CATEGORY('part',$);
#8690=PRODUCT_RELATED_PRODUCT_CATEGORY('part',$,(#8684));
#8691=PRODUCT_CATEGORY_RELATIONSHIP('','',#8689,#8690);
#8692=CARTESIAN_POINT('',(5.7873535156,1.0,-9.0));
#8693=VERTEX_POINT('',#8692);
#8694=CARTESIAN_POINT('',(7.7873535156,1.0,-9.0));
#8695=VERTEX_POINT('',#8694);
#8696=CARTESIAN_POINT('',(6.7873535156,1.0,-9.0));
#8697=DIRECTION('',(0.0,-0.0,1.0));
#8698=DIRECTION('',(1.0,0.0,0.0));
#8699=AXIS2_PLACEMENT_3D('',#8696,#8697,#8698);
#8700=CIRCLE('',#8699,1.0);
#8701=EDGE_CURVE('no 17359',#8693,#8695,#8700,.T.);
#8702=ORIENTED_EDGE('no 17297',*,*,#8701,.T.);
#8703=CARTESIAN_POINT('',(7.7873535156,1.0,28.0));
#8704=VERTEX_POINT('',#8703);
#8705=CARTESIAN_POINT('',(7.7873535156,1.0,28.0));
#8706=DIRECTION('',(0.0,0.0,-1.0));
#8707=VECTOR('',#8706,1.0);
#8708=LINE('',#8705,#8707);
#8709=EDGE_CURVE('no 17374',#8704,#8695,#8708,.T.);
#8710=ORIENTED_EDGE('no 17211',*,*,#8709,.F.);
#8711=CARTESIAN_POINT('',(5.7873535156,1.0,28.0));
#8712=VERTEX_POINT('',#8711);
#8713=CARTESIAN_POINT('',(6.7873535156,1.0,28.0));
#8714=DIRECTION('',(0.0,-0.0,1.0));
#8715=DIRECTION('',(1.0,0.0,0.0));
#8716=AXIS2_PLACEMENT_3D('',#8713,#8714,#8715);
#8717=CIRCLE('',#8716,1.0);
#8718=EDGE_CURVE('no 17368',#8712,#8704,#8717,.T.);
#8719=ORIENTED_EDGE('no 17307',*,*,#8718,.F.);
#8720=CARTESIAN_POINT('',(5.7873535156,1.0,28.0));
#8721=DIRECTION('',(0.0,0.0,-1.0));
#8722=VECTOR('',#8721,1.0);
#8723=LINE('',#8720,#8722);
#8724=EDGE_CURVE('no 17377',#8712,#8693,#8723,.T.);
#8725=ORIENTED_EDGE('no 17212',*,*,#8724,.T.);
#8726=EDGE_LOOP('',(#8702,#8710,#8719,#8725));
#8727=FACE_OUTER_BOUND('',#8726,.F.);
#8728=CARTESIAN_POINT('',(6.7873535156,1.0,-9.0));
#8729=DIRECTION('',(0.0,-0.0,1.0));
#8730=DIRECTION('',(1.0,0.0,0.0));
#8731=AXIS2_PLACEMENT_3D('',#8728,#8729,#8730);
#8732=CYLINDRICAL_SURFACE('',#8731,1.0);
#8733=ADVANCED_FACE('no 17381',(#8727),#8732,.F.);
#8734=CARTESIAN_POINT('',(6.7873535156,1.0,-9.0));
#8735=DIRECTION('',(0.0,-0.0,1.0));
#8736=DIRECTION('',(1.0,0.0,0.0));
#8737=AXIS2_PLACEMENT_3D('',#8734,#8735,#8736);
#8738=CIRCLE('',#8737,1.0);
#8739=EDGE_CURVE('no 17340',#8695,#8693,#8738,.T.);
#8740=ORIENTED_EDGE('no 17297',*,*,#8739,.T.);
#8741=ORIENTED_EDGE('no 17212',*,*,#8724,.F.);
#8742=CARTESIAN_POINT('',(6.7873535156,1.0,28.0));
#8743=DIRECTION('',(0.0,-0.0,1.0));
#8744=DIRECTION('',(1.0,0.0,0.0));
#8745=AXIS2_PLACEMENT_3D('',#8742,#8743,#8744);
#8746=CIRCLE('',#8745,1.0);
#8747=EDGE_CURVE('no 17349',#8704,#8712,#8746,.T.);
#8748=ORIENTED_EDGE('no 17307',*,*,#8747,.F.);
#8749=ORIENTED_EDGE('no 17210',*,*,#8709,.T.);
#8750=EDGE_LOOP('',(#8740,#8741,#8748,#8749));
#8751=FACE_OUTER_BOUND('',#8750,.F.);
#8752=CARTESIAN_POINT('',(6.7873535156,1.0,-9.0));
#8753=DIRECTION('',(0.0,-0.0,1.0));
#8754=DIRECTION('',(1.0,0.0,0.0));
#8755=AXIS2_PLACEMENT_3D('',#8752,#8753,#8754);
#8756=CYLINDRICAL_SURFACE('',#8755,1.0);
#8757=ADVANCED_FACE('no 17387',(#8751),#8756,.F.);
#8758=CARTESIAN_POINT('',(6.0253021111,3.0104172843,28.0));
#8759=VERTEX_POINT('',#8758);
#8760=CARTESIAN_POINT('',(4.6373535156,1.0,28.0));
#8761=VERTEX_POINT('',#8760);
#8762=CARTESIAN_POINT('',(6.7873535156,1.0,28.0));
#8763=DIRECTION('',(0.0,0.0,1.0));
#8764=DIRECTION('',(1.0,0.0,0.0));
#8765=AXIS2_PLACEMENT_3D('',#8762,#8763,#8764);
#8766=CIRCLE('',#8765,2.15);
#8767=EDGE_CURVE('no 45362',#8759,#8761,#8766,.T.);
#8768=ORIENTED_EDGE('no 16926',*,*,#8767,.T.);
#8769=CARTESIAN_POINT('',(4.7574473259,0.2914939232,28.0));
#8770=VERTEX_POINT('',#8769);
#8771=CARTESIAN_POINT('',(6.7873535156,1.0,28.0));
#8772=DIRECTION('',(0.0,0.0,1.0));
#8773=DIRECTION('',(1.0,0.0,0.0));
#8774=AXIS2_PLACEMENT_3D('',#8771,#8772,#8773);
#8775=CIRCLE('',#8774,2.15);
#8776=EDGE_CURVE('no 45363',#8761,#8770,#8775,.T.);
#8777=ORIENTED_EDGE('no 16926',*,*,#8776,.T.);
#8778=CARTESIAN_POINT('',(7.5494049201,-1.0104172843,28.0));
#8779=VERTEX_POINT('',#8778);
#8780=CARTESIAN_POINT('',(6.153426123,-0.3594616806,28.0));
#8781=DIRECTION('',(0.906307787,-0.4226182617,0.0));
#8782=VECTOR('',#8781,1.0);
#8783=LINE('',#8780,#8782);
#8784=EDGE_CURVE('no 45204',#8770,#8779,#8783,.T.);
#8785=ORIENTED_EDGE('no 44905',*,*,#8784,.T.);
#8786=CARTESIAN_POINT('',(8.9373535156,1.0,28.0));
#8787=VERTEX_POINT('',#8786);
#8788=CARTESIAN_POINT('',(6.7873535156,1.0,28.0));
#8789=DIRECTION('',(0.0,0.0,1.0));
#8790=DIRECTION('',(1.0,0.0,0.0));
#8791=AXIS2_PLACEMENT_3D('',#8788,#8789,#8790);
#8792=CIRCLE('',#8791,2.15);
#8793=EDGE_CURVE('no 45365',#8779,#8787,#8792,.T.);
#8794=ORIENTED_EDGE('no 16926',*,*,#8793,.T.);
#8795=CARTESIAN_POINT('',(8.8172597053,1.7085060768,28.0));
#8796=VERTEX_POINT('',#8795);
#8797=CARTESIAN_POINT('',(6.7873535156,1.0,28.0));
#8798=DIRECTION('',(0.0,0.0,1.0));
#8799=DIRECTION('',(1.0,0.0,0.0));
#8800=AXIS2_PLACEMENT_3D('',#8797,#8798,#8799);
#8801=CIRCLE('',#8800,2.15);
#8802=EDGE_CURVE('no 45360',#8787,#8796,#8801,.T.);
#8803=ORIENTED_EDGE('no 16926',*,*,#8802,.T.);
#8804=CARTESIAN_POINT('',(7.4212809082,2.3594616806,28.0));
#8805=DIRECTION('',(0.906307787,-0.4226182617,0.0));
#8806=VECTOR('',#8805,1.0);
#8807=LINE('',#8804,#8806);
#8808=EDGE_CURVE('no 45024',#8759,#8796,#8807,.T.);
#8809=ORIENTED_EDGE('no 44903',*,*,#8808,.F.);
#8810=EDGE_LOOP('',(#8768,#8777,#8785,#8794,#8803,#8809));
#8811=FACE_OUTER_BOUND('',#8810,.T.);
#8812=ORIENTED_EDGE('no 17308',*,*,#8747,.F.);
#8813=ORIENTED_EDGE('no 17308',*,*,#8718,.F.);
#8814=EDGE_LOOP('',(#8812,#8813));
#8815=FACE_BOUND('',#8814,.T.);
#8816=CARTESIAN_POINT('',(0.0,0.0,28.0));
#8817=DIRECTION('',(0.0,0.0,1.0));
#8818=DIRECTION('',(1.0,0.0,0.0));
#8819=AXIS2_PLACEMENT_3D('',#8816,#8817,#8818);
#8820=PLANE('',#8819);
#8821=ADVANCED_FACE('no 45375',(#8811,#8815),#8820,.T.);
#8822=CARTESIAN_POINT('',(4.7574473259,0.2914939232,19.0));
#8823=VERTEX_POINT('',#8822);
#8824=CARTESIAN_POINT('',(4.7574473259,0.2914939232,28.0));
#8825=DIRECTION('',(0.0,0.0,-1.0));
#8826=VECTOR('',#8825,1.0);
#8827=LINE('',#8824,#8826);
#8828=EDGE_CURVE('no 45274',#8770,#8823,#8827,.T.);
#8829=ORIENTED_EDGE('no 44889',*,*,#8828,.F.);
#8830=ORIENTED_EDGE('no 44897',*,*,#8784,.T.);
#8831=CARTESIAN_POINT('',(7.5494049201,-1.0104172843,19.0));
#8832=VERTEX_POINT('',#8831);
#8833=CARTESIAN_POINT('',(7.5494049201,-1.0104172843,28.0));
#8834=DIRECTION('',(0.0,0.0,-1.0));
#8835=VECTOR('',#8834,1.0);
#8836=LINE('',#8833,#8835);
#8837=EDGE_CURVE('no 45280',#8779,#8832,#8836,.T.);
#8838=ORIENTED_EDGE('no 44887',*,*,#8837,.T.);
#8839=CARTESIAN_POINT('',(4.7574473259,0.2914939232,19.0));
#8840=DIRECTION('',(0.906307787,-0.4226182617,0.0));
#8841=VECTOR('',#8840,1.0);
#8842=LINE('',#8839,#8841);
#8843=EDGE_CURVE('no 45359',#8823,#8832,#8842,.T.);
#8844=ORIENTED_EDGE('no 44901',*,*,#8843,.F.);
#8845=EDGE_LOOP('',(#8829,#8830,#8838,#8844));
#8846=FACE_OUTER_BOUND('',#8845,.F.);
#8847=CARTESIAN_POINT('',(4.7574473259,0.2914939232,28.0));
#8848=DIRECTION('',(0.4226182617,0.906307787,0.0));
#8849=DIRECTION('',(0.906307787,-0.4226182617,0.0));
#8850=AXIS2_PLACEMENT_3D('',#8847,#8848,#8849);
#8851=PLANE('',#8850);
#8852=ADVANCED_FACE('no 45350',(#8846),#8851,.F.);
#8853=ORIENTED_EDGE('no 44909',*,*,#8843,.F.);
#8854=CARTESIAN_POINT('',(6.7873535156,1.0,19.0));
#8855=DIRECTION('',(0.0,0.0,1.0));
#8856=DIRECTION('',(1.0,0.0,0.0));
#8857=AXIS2_PLACEMENT_3D('',#8854,#8855,#8856);
#8858=CIRCLE('',#8857,2.15);
#8859=EDGE_CURVE('no 45271',#8823,#8832,#8858,.T.);
#8860=ORIENTED_EDGE('no 44908',*,*,#8859,.T.);
#8861=EDGE_LOOP('',(#8853,#8860));
#8862=FACE_OUTER_BOUND('',#8861,.T.);
#8863=CARTESIAN_POINT('',(0.0,0.0,19.0));
#8864=DIRECTION('',(0.0,0.0,1.0));
#8865=DIRECTION('',(1.0,0.0,0.0));
#8866=AXIS2_PLACEMENT_3D('',#8863,#8864,#8865);
#8867=PLANE('',#8866);
#8868=ADVANCED_FACE('no 45356',(#8862),#8867,.T.);
#8869=CARTESIAN_POINT('',(6.0253021111,3.0104172843,19.0));
#8870=VERTEX_POINT('',#8869);
#8871=CARTESIAN_POINT('',(6.0253021111,3.0104172843,28.0));
#8872=DIRECTION('',(0.0,0.0,-1.0));
#8873=VECTOR('',#8872,1.0);
#8874=LINE('',#8871,#8873);
#8875=EDGE_CURVE('no 45064',#8759,#8870,#8874,.T.);
#8876=ORIENTED_EDGE('no 44885',*,*,#8875,.F.);
#8877=ORIENTED_EDGE('no 44895',*,*,#8808,.T.);
#8878=CARTESIAN_POINT('',(8.8172597053,1.7085060768,19.0));
#8879=VERTEX_POINT('',#8878);
#8880=CARTESIAN_POINT('',(8.8172597053,1.7085060768,28.0));
#8881=DIRECTION('',(0.0,0.0,-1.0));
#8882=VECTOR('',#8881,1.0);
#8883=LINE('',#8880,#8882);
#8884=EDGE_CURVE('no 45058',#8796,#8879,#8883,.T.);
#8885=ORIENTED_EDGE('no 44883',*,*,#8884,.T.);
#8886=CARTESIAN_POINT('',(6.0253021111,3.0104172843,19.0));
#8887=DIRECTION('',(0.906307787,-0.4226182617,0.0));
#8888=VECTOR('',#8887,1.0);
#8889=LINE('',#8886,#8888);
#8890=EDGE_CURVE('no 45358',#8870,#8879,#8889,.T.);
#8891=ORIENTED_EDGE('no 44899',*,*,#8890,.F.);
#8892=EDGE_LOOP('',(#8876,#8877,#8885,#8891));
#8893=FACE_OUTER_BOUND('',#8892,.T.);
#8894=CARTESIAN_POINT('',(6.0253021111,3.0104172843,28.0));
#8895=DIRECTION('',(0.4226182617,0.906307787,0.0));
#8896=DIRECTION('',(0.906307787,-0.4226182617,0.0));
#8897=AXIS2_PLACEMENT_3D('',#8894,#8895,#8896);
#8898=PLANE('',#8897);
#8899=ADVANCED_FACE('no 45342',(#8893),#8898,.T.);
#8900=CARTESIAN_POINT('',(6.7873535156,1.0,19.0));
#8901=DIRECTION('',(0.0,0.0,1.0));
#8902=DIRECTION('',(1.0,0.0,0.0));
#8903=AXIS2_PLACEMENT_3D('',#8900,#8901,#8902);
#8904=CIRCLE('',#8903,2.15);
#8905=EDGE_CURVE('no 45067',#8879,#8870,#8904,.T.);
#8906=ORIENTED_EDGE('no 44906',*,*,#8905,.T.);
#8907=ORIENTED_EDGE('no 44907',*,*,#8890,.T.);
#8908=EDGE_LOOP('',(#8906,#8907));
#8909=FACE_OUTER_BOUND('',#8908,.T.);
#8910=CARTESIAN_POINT('',(0.0,0.0,19.0));
#8911=DIRECTION('',(0.0,0.0,1.0));
#8912=DIRECTION('',(1.0,0.0,0.0));
#8913=AXIS2_PLACEMENT_3D('',#8910,#8911,#8912);
#8914=PLANE('',#8913);
#8915=ADVANCED_FACE('no 45346',(#8909),#8914,.T.);
#8916=CARTESIAN_POINT('',(6.0253021111,3.0104172843,-9.0));
#8917=VERTEX_POINT('',#8916);
#8918=CARTESIAN_POINT('',(4.6373535156,1.0,-9.0));
#8919=VERTEX_POINT('',#8918);
#8920=CARTESIAN_POINT('',(6.7873535156,1.0,-9.0));
#8921=DIRECTION('',(0.0,0.0,1.0));
#8922=DIRECTION('',(1.0,0.0,0.0));
#8923=AXIS2_PLACEMENT_3D('',#8920,#8921,#8922);
#8924=CIRCLE('',#8923,2.15);
#8925=EDGE_CURVE('no 59232',#8917,#8919,#8924,.T.);
#8926=ORIENTED_EDGE('no 16923',*,*,#8925,.T.);
#8927=CARTESIAN_POINT('',(4.6373535156,1.0,-9.0));
#8928=DIRECTION('',(0.0,0.0,1.0));
#8929=VECTOR('',#8928,1.0);
#8930=LINE('',#8927,#8929);
#8931=EDGE_CURVE('no 16900',#8919,#8761,#8930,.T.);
#8932=ORIENTED_EDGE('no 16920',*,*,#8931,.T.);
#8933=ORIENTED_EDGE('no 16924',*,*,#8767,.F.);
#8934=ORIENTED_EDGE('no 44884',*,*,#8875,.T.);
#8935=ORIENTED_EDGE('no 44898',*,*,#8905,.F.);
#8936=ORIENTED_EDGE('no 44882',*,*,#8884,.F.);
#8937=ORIENTED_EDGE('no 16924',*,*,#8802,.F.);
#8938=CARTESIAN_POINT('',(8.9373535156,1.0,-9.0));
#8939=VERTEX_POINT('',#8938);
#8940=CARTESIAN_POINT('',(8.9373535156,1.0,-9.0));
#8941=DIRECTION('',(0.0,0.0,1.0));
#8942=VECTOR('',#8941,1.0);
#8943=LINE('',#8940,#8942);
#8944=EDGE_CURVE('no 16897',#8939,#8787,#8943,.T.);
#8945=ORIENTED_EDGE('no 16918',*,*,#8944,.F.);
#8946=CARTESIAN_POINT('',(8.8172597053,1.7085060768,-9.0));
#8947=VERTEX_POINT('',#8946);
#8948=CARTESIAN_POINT('',(6.7873535156,1.0,-9.0));
#8949=DIRECTION('',(0.0,0.0,1.0));
#8950=DIRECTION('',(1.0,0.0,0.0));
#8951=AXIS2_PLACEMENT_3D('',#8948,#8949,#8950);
#8952=CIRCLE('',#8951,2.15);
#8953=EDGE_CURVE('no 59230',#8939,#8947,#8952,.T.);
#8954=ORIENTED_EDGE('no 16923',*,*,#8953,.T.);
#8955=CARTESIAN_POINT('',(8.8172597053,1.7085060768,0.0));
#8956=VERTEX_POINT('',#8955);
#8957=CARTESIAN_POINT('',(8.8172597053,1.7085060768,-9.0));
#8958=DIRECTION('',(0.0,0.0,1.0));
#8959=VECTOR('',#8958,1.0);
#8960=LINE('',#8957,#8959);
#8961=EDGE_CURVE('no 58780',#8947,#8956,#8960,.T.);
#8962=ORIENTED_EDGE('no 58570',*,*,#8961,.T.);
#8963=CARTESIAN_POINT('',(6.0253021111,3.0104172843,0.0));
#8964=VERTEX_POINT('',#8963);
#8965=CARTESIAN_POINT('',(6.7873535156,1.0,0.0));
#8966=DIRECTION('',(0.0,0.0,1.0));
#8967=DIRECTION('',(1.0,0.0,0.0));
#8968=AXIS2_PLACEMENT_3D('',#8965,#8966,#8967);
#8969=CIRCLE('',#8968,2.15);
#8970=EDGE_CURVE('no 58789',#8956,#8964,#8969,.T.);
#8971=ORIENTED_EDGE('no 58584',*,*,#8970,.T.);
#8972=CARTESIAN_POINT('',(6.0253021111,3.0104172843,-9.0));
#8973=DIRECTION('',(0.0,0.0,1.0));
#8974=VECTOR('',#8973,1.0);
#8975=LINE('',#8972,#8974);
#8976=EDGE_CURVE('no 58786',#8917,#8964,#8975,.T.);
#8977=ORIENTED_EDGE('no 58568',*,*,#8976,.F.);
#8978=EDGE_LOOP('',(
    #8926,#8932,#8933,#8934,#8935,#8936,#8937,#8945,#8954,#8962,
    #8971,#8977));
#8979=FACE_OUTER_BOUND('',#8978,.T.);
#8980=CARTESIAN_POINT('',(6.7873535156,1.0,9.5));
#8981=DIRECTION('',(0.0,0.0,1.0));
#8982=DIRECTION('',(1.0,0.0,0.0));
#8983=AXIS2_PLACEMENT_3D('',#8980,#8981,#8982);
#8984=CYLINDRICAL_SURFACE('',#8983,2.15);
#8985=ADVANCED_FACE('no 59236',(#8979),#8984,.T.);
#8986=CARTESIAN_POINT('',(7.5494049201,-1.0104172843,-9.0));
#8987=VERTEX_POINT('',#8986);
#8988=CARTESIAN_POINT('',(6.7873535156,1.0,-9.0));
#8989=DIRECTION('',(0.0,0.0,1.0));
#8990=DIRECTION('',(1.0,0.0,0.0));
#8991=AXIS2_PLACEMENT_3D('',#8988,#8989,#8990);
#8992=CIRCLE('',#8991,2.15);
#8993=EDGE_CURVE('no 59235',#8987,#8939,#8992,.T.);
#8994=ORIENTED_EDGE('no 16923',*,*,#8993,.T.);
#8995=ORIENTED_EDGE('no 16919',*,*,#8944,.T.);
#8996=ORIENTED_EDGE('no 16924',*,*,#8793,.F.);
#8997=ORIENTED_EDGE('no 44886',*,*,#8837,.T.);
#8998=ORIENTED_EDGE('no 44900',*,*,#8859,.F.);
#8999=ORIENTED_EDGE('no 44888',*,*,#8828,.F.);
#9000=ORIENTED_EDGE('no 16924',*,*,#8776,.F.);
#9001=ORIENTED_EDGE('no 16920',*,*,#8931,.F.);
#9002=CARTESIAN_POINT('',(4.7574473259,0.2914939232,-9.0));
#9003=VERTEX_POINT('',#9002);
#9004=CARTESIAN_POINT('',(6.7873535156,1.0,-9.0));
#9005=DIRECTION('',(0.0,0.0,1.0));
#9006=DIRECTION('',(1.0,0.0,0.0));
#9007=AXIS2_PLACEMENT_3D('',#9004,#9005,#9006);
#9008=CIRCLE('',#9007,2.15);
#9009=EDGE_CURVE('no 59233',#8919,#9003,#9008,.T.);
#9010=ORIENTED_EDGE('no 16923',*,*,#9009,.T.);
#9011=CARTESIAN_POINT('',(4.7574473259,0.2914939232,0.0));
#9012=VERTEX_POINT('',#9011);
#9013=CARTESIAN_POINT('',(4.7574473259,0.2914939232,-9.0));
#9014=DIRECTION('',(0.0,0.0,1.0));
#9015=VECTOR('',#9014,1.0);
#9016=LINE('',#9013,#9015);
#9017=EDGE_CURVE('no 59281',#9003,#9012,#9016,.T.);
#9018=ORIENTED_EDGE('no 58920',*,*,#9017,.T.);
#9019=CARTESIAN_POINT('',(7.5494049201,-1.0104172843,0.0));
#9020=VERTEX_POINT('',#9019);
#9021=CARTESIAN_POINT('',(6.7873535156,1.0,0.0));
#9022=DIRECTION('',(0.0,0.0,1.0));
#9023=DIRECTION('',(1.0,0.0,0.0));
#9024=AXIS2_PLACEMENT_3D('',#9021,#9022,#9023);
#9025=CIRCLE('',#9024,2.15);
#9026=EDGE_CURVE('no 59284',#9012,#9020,#9025,.T.);
#9027=ORIENTED_EDGE('no 58929',*,*,#9026,.T.);
#9028=CARTESIAN_POINT('',(7.5494049201,-1.0104172843,-9.0));
#9029=DIRECTION('',(0.0,0.0,1.0));
#9030=VECTOR('',#9029,1.0);
#9031=LINE('',#9028,#9030);
#9032=EDGE_CURVE('no 59285',#8987,#9020,#9031,.T.);
#9033=ORIENTED_EDGE('no 58923',*,*,#9032,.F.);
#9034=EDGE_LOOP('',(
    #8994,#8995,#8996,#8997,#8998,#8999,#9000,#9001,#9010,#9018,
    #9027,#9033));
#9035=FACE_OUTER_BOUND('',#9034,.T.);
#9036=CARTESIAN_POINT('',(6.7873535156,1.0,9.5));
#9037=DIRECTION('',(0.0,0.0,1.0));
#9038=DIRECTION('',(1.0,0.0,0.0));
#9039=AXIS2_PLACEMENT_3D('',#9036,#9037,#9038);
#9040=CYLINDRICAL_SURFACE('',#9039,2.15);
#9041=ADVANCED_FACE('no 59240',(#9035),#9040,.T.);
#9042=ORIENTED_EDGE('no 16925',*,*,#8925,.T.);
#9043=ORIENTED_EDGE('no 16925',*,*,#9009,.T.);
#9044=CARTESIAN_POINT('',(6.153426123,-0.3594616806,-9.0));
#9045=DIRECTION('',(0.906307787,-0.4226182617,0.0));
#9046=VECTOR('',#9045,1.0);
#9047=LINE('',#9044,#9046);
#9048=EDGE_CURVE('no 59286',#9003,#8987,#9047,.T.);
#9049=ORIENTED_EDGE('no 58589',*,*,#9048,.T.);
#9050=ORIENTED_EDGE('no 16925',*,*,#8993,.T.);
#9051=ORIENTED_EDGE('no 16925',*,*,#8953,.T.);
#9052=CARTESIAN_POINT('',(7.4212809082,2.3594616806,-9.0));
#9053=DIRECTION('',(-0.906307787,0.4226182617,0.0));
#9054=VECTOR('',#9053,1.0);
#9055=LINE('',#9052,#9054);
#9056=EDGE_CURVE('no 58713',#8947,#8917,#9055,.T.);
#9057=ORIENTED_EDGE('no 58587',*,*,#9056,.T.);
#9058=EDGE_LOOP('',(#9042,#9043,#9049,#9050,#9051,#9057));
#9059=FACE_OUTER_BOUND('',#9058,.F.);
#9060=ORIENTED_EDGE('no 17298',*,*,#8739,.F.);
#9061=ORIENTED_EDGE('no 17298',*,*,#8701,.F.);
#9062=EDGE_LOOP('',(#9060,#9061));
#9063=FACE_BOUND('',#9062,.F.);
#9064=CARTESIAN_POINT('',(0.0,0.0,-9.0));
#9065=DIRECTION('',(0.0,0.0,1.0));
#9066=DIRECTION('',(1.0,0.0,0.0));
#9067=AXIS2_PLACEMENT_3D('',#9064,#9065,#9066);
#9068=PLANE('',#9067);
#9069=ADVANCED_FACE('no 59245',(#9059,#9063),#9068,.F.);
#9070=CARTESIAN_POINT('',(4.7574473259,0.2914939232,0.0));
#9071=DIRECTION('',(0.906307787,-0.4226182617,0.0));
#9072=VECTOR('',#9071,1.0);
#9073=LINE('',#9070,#9072);
#9074=EDGE_CURVE('no 59289',#9012,#9020,#9073,.T.);
#9075=ORIENTED_EDGE('no 58585',*,*,#9074,.F.);
#9076=ORIENTED_EDGE('no 58573',*,*,#9017,.F.);
#9077=ORIENTED_EDGE('no 58581',*,*,#9048,.T.);
#9078=ORIENTED_EDGE('no 58571',*,*,#9032,.T.);
#9079=EDGE_LOOP('',(#9075,#9076,#9077,#9078));
#9080=FACE_OUTER_BOUND('',#9079,.T.);
#9081=CARTESIAN_POINT('',(4.7574473259,0.2914939232,28.0));
#9082=DIRECTION('',(0.4226182617,0.906307787,0.0));
#9083=DIRECTION('',(0.906307787,-0.4226182617,0.0));
#9084=AXIS2_PLACEMENT_3D('',#9081,#9082,#9083);
#9085=PLANE('',#9084);
#9086=ADVANCED_FACE('no 59287',(#9080),#9085,.F.);
#9087=ORIENTED_EDGE('no 58593',*,*,#9074,.F.);
#9088=ORIENTED_EDGE('no 58594',*,*,#9026,.T.);
#9089=EDGE_LOOP('',(#9087,#9088));
#9090=FACE_OUTER_BOUND('',#9089,.F.);
#9091=CARTESIAN_POINT('',(0.0,0.0,0.0));
#9092=DIRECTION('',(0.0,0.0,1.0));
#9093=DIRECTION('',(1.0,0.0,0.0));
#9094=AXIS2_PLACEMENT_3D('',#9091,#9092,#9093);
#9095=PLANE('',#9094);
#9096=ADVANCED_FACE('no 59290',(#9090),#9095,.F.);
#9097=CARTESIAN_POINT('',(7.4212809082,2.3594616806,0.0));
#9098=DIRECTION('',(-0.906307787,0.4226182617,0.0));
#9099=VECTOR('',#9098,1.0);
#9100=LINE('',#9097,#9099);
#9101=EDGE_CURVE('no 59228',#8956,#8964,#9100,.T.);
#9102=ORIENTED_EDGE('no 58583',*,*,#9101,.F.);
#9103=ORIENTED_EDGE('no 58569',*,*,#8961,.F.);
#9104=ORIENTED_EDGE('no 58579',*,*,#9056,.T.);
#9105=ORIENTED_EDGE('no 58567',*,*,#8976,.T.);
#9106=EDGE_LOOP('',(#9102,#9103,#9104,#9105));
#9107=FACE_OUTER_BOUND('',#9106,.T.);
#9108=CARTESIAN_POINT('',(6.0253021111,3.0104172843,28.0));
#9109=DIRECTION('',(0.4226182617,0.906307787,0.0));
#9110=DIRECTION('',(0.906307787,-0.4226182617,0.0));
#9111=AXIS2_PLACEMENT_3D('',#9108,#9109,#9110);
#9112=PLANE('',#9111);
#9113=ADVANCED_FACE('no 59210',(#9107),#9112,.T.);
#9114=ORIENTED_EDGE('no 58591',*,*,#9101,.F.);
#9115=ORIENTED_EDGE('no 58592',*,*,#8970,.T.);
#9116=EDGE_LOOP('',(#9114,#9115));
#9117=FACE_OUTER_BOUND('',#9116,.F.);
#9118=CARTESIAN_POINT('',(0.0,0.0,0.0));
#9119=DIRECTION('',(0.0,0.0,1.0));
#9120=DIRECTION('',(1.0,0.0,0.0));
#9121=AXIS2_PLACEMENT_3D('',#9118,#9119,#9120);
#9122=PLANE('',#9121);
#9123=ADVANCED_FACE('no 59216',(#9117),#9122,.F.);
#9124=CLOSED_SHELL('PartBody',(
    #8733,#8757,#8821,#8852,#8868,#8899,#8915,#8985,#9041,#9069,
    #9086,#9096,#9113,#9123));
#9125=MANIFOLD_SOLID_BREP('PartBody',#9124);
#9126=DRAUGHTING_PRE_DEFINED_COLOUR('white');
#9127=FILL_AREA_STYLE_COLOUR('',#9126);
#9128=FILL_AREA_STYLE('',(#9127));
#9129=SURFACE_STYLE_FILL_AREA(#9128);
#9130=SURFACE_SIDE_STYLE('',(#9129));
#9131=SURFACE_STYLE_USAGE(.BOTH.,#9130);
#9132=PRESENTATION_STYLE_ASSIGNMENT((#9131));
#9133=STYLED_ITEM('',(#9132),#9125);
#9134=OVER_RIDING_STYLED_ITEM('',(#8414),#9086,#9133);
#9135=OVER_RIDING_STYLED_ITEM('',(#8414),#9096,#9133);
#9136=OVER_RIDING_STYLED_ITEM('',(#8414),#9113,#9133);
#9137=OVER_RIDING_STYLED_ITEM('',(#8414),#9123,#9133);
#9138=CARTESIAN_POINT('',(0.,0.,0.));
#9139=DIRECTION('',(0.,0.,1.));
#9140=DIRECTION('',(1.,0.,0.));
#9141=AXIS2_PLACEMENT_3D('Reference Axes',#9138,#9139,#9140);
#9142=SHAPE_REPRESENTATION('',(#9141,#9125),#8681);
#9143=SHAPE_DEFINITION_REPRESENTATION(#8688,#9142);
#9144=MEASURE_REPRESENTATION_ITEM('',NUMERIC_MEASURE(1000.0),#2975);
#9145=PROPERTY_DEFINITION('Density','system property',#8687);
#9146=REPRESENTATION('',(#9144),#8681);
#9147=PROPERTY_DEFINITION_REPRESENTATION(#9145,#9146);
#9148=ID_ATTRIBUTE('mass property',#9145);
#9149=GENERAL_PROPERTY_ASSOCIATION('',$,#2970,#9145);
#9150=MEASURE_REPRESENTATION_ITEM('',VOLUME_MEASURE(0.0),#2984);
#9151=PROPERTY_DEFINITION('Volume','system property',#8687);
#9152=REPRESENTATION('',(#9150),#8681);
#9153=PROPERTY_DEFINITION_REPRESENTATION(#9151,#9152);
#9154=ID_ATTRIBUTE('mass property',#9151);
#9155=GENERAL_PROPERTY_ASSOCIATION('',$,#2982,#9151);
#9156=MEASURE_REPRESENTATION_ITEM('',MASS_MEASURE(0.0),#2971);
#9157=PROPERTY_DEFINITION('Mass','system property',#8687);
#9158=REPRESENTATION('',(#9156),#8681);
#9159=PROPERTY_DEFINITION_REPRESENTATION(#9157,#9158);
#9160=ID_ATTRIBUTE('mass property',#9157);
#9161=GENERAL_PROPERTY_ASSOCIATION('',$,#2991,#9157);
#9162=MEASURE_REPRESENTATION_ITEM('',AREA_MEASURE(0.0),#3000);
#9163=PROPERTY_DEFINITION('Surface','system property',#8687);
#9164=REPRESENTATION('',(#9162),#8681);
#9165=PROPERTY_DEFINITION_REPRESENTATION(#9163,#9164);
#9166=ID_ATTRIBUTE('mass property',#9163);
#9167=GENERAL_PROPERTY_ASSOCIATION('',$,#2998,#9163);
#9168=MEASURE_REPRESENTATION_ITEM('',LENGTH_MEASURE(0.0),#2973);
#9169=PROPERTY_DEFINITION('xCenterOfGravity','system property',#8687);
#9170=REPRESENTATION('',(#9168),#8681);
#9171=PROPERTY_DEFINITION_REPRESENTATION(#9169,#9170);
#9172=ID_ATTRIBUTE('mass property',#9169);
#9173=GENERAL_PROPERTY_ASSOCIATION('',$,#3007,#9169);
#9174=MEASURE_REPRESENTATION_ITEM('',LENGTH_MEASURE(0.0),#2973);
#9175=PROPERTY_DEFINITION('yCenterOfGravity','system property',#8687);
#9176=REPRESENTATION('',(#9174),#8681);
#9177=PROPERTY_DEFINITION_REPRESENTATION(#9175,#9176);
#9178=ID_ATTRIBUTE('mass property',#9175);
#9179=GENERAL_PROPERTY_ASSOCIATION('',$,#3014,#9175);
#9180=MEASURE_REPRESENTATION_ITEM('',LENGTH_MEASURE(0.0),#2973);
#9181=PROPERTY_DEFINITION('zCenterOfGravity','system property',#8687);
#9182=REPRESENTATION('',(#9180),#8681);
#9183=PROPERTY_DEFINITION_REPRESENTATION(#9181,#9182);
#9184=ID_ATTRIBUTE('mass property',#9181);
#9185=GENERAL_PROPERTY_ASSOCIATION('',$,#3021,#9181);
#9186=MEASURE_REPRESENTATION_ITEM('',NUMERIC_MEASURE(1.0),#3034);
#9187=PROPERTY_DEFINITION('Ixx','system property',#8687);
#9188=REPRESENTATION('',(#9186),#8681);
#9189=PROPERTY_DEFINITION_REPRESENTATION(#9187,#9188);
#9190=ID_ATTRIBUTE('mass property',#9187);
#9191=GENERAL_PROPERTY_ASSOCIATION('',$,#3028,#9187);
#9192=MEASURE_REPRESENTATION_ITEM('',NUMERIC_MEASURE(0.0),#3034);
#9193=PROPERTY_DEFINITION('Iyx','system property',#8687);
#9194=REPRESENTATION('',(#9192),#8681);
#9195=PROPERTY_DEFINITION_REPRESENTATION(#9193,#9194);
#9196=ID_ATTRIBUTE('mass property',#9193);
#9197=GENERAL_PROPERTY_ASSOCIATION('',$,#3041,#9193);
#9198=MEASURE_REPRESENTATION_ITEM('',NUMERIC_MEASURE(0.0),#3034);
#9199=PROPERTY_DEFINITION('Izx','system property',#8687);
#9200=REPRESENTATION('',(#9198),#8681);
#9201=PROPERTY_DEFINITION_REPRESENTATION(#9199,#9200);
#9202=ID_ATTRIBUTE('mass property',#9199);
#9203=GENERAL_PROPERTY_ASSOCIATION('',$,#3048,#9199);
#9204=MEASURE_REPRESENTATION_ITEM('',NUMERIC_MEASURE(0.0),#3034);
#9205=PROPERTY_DEFINITION('Ixy','system property',#8687);
#9206=REPRESENTATION('',(#9204),#8681);
#9207=PROPERTY_DEFINITION_REPRESENTATION(#9205,#9206);
#9208=ID_ATTRIBUTE('mass property',#9205);
#9209=GENERAL_PROPERTY_ASSOCIATION('',$,#3055,#9205);
#9210=MEASURE_REPRESENTATION_ITEM('',NUMERIC_MEASURE(1.0),#3034);
#9211=PROPERTY_DEFINITION('Iyy','system property',#8687);
#9212=REPRESENTATION('',(#9210),#8681);
#9213=PROPERTY_DEFINITION_REPRESENTATION(#9211,#9212);
#9214=ID_ATTRIBUTE('mass property',#9211);
#9215=GENERAL_PROPERTY_ASSOCIATION('',$,#3062,#9211);
#9216=MEASURE_REPRESENTATION_ITEM('',NUMERIC_MEASURE(0.0),#3034);
#9217=PROPERTY_DEFINITION('Izy','system property',#8687);
#9218=REPRESENTATION('',(#9216),#8681);
#9219=PROPERTY_DEFINITION_REPRESENTATION(#9217,#9218);
#9220=ID_ATTRIBUTE('mass property',#9217);
#9221=GENERAL_PROPERTY_ASSOCIATION('',$,#3069,#9217);
#9222=MEASURE_REPRESENTATION_ITEM('',NUMERIC_MEASURE(0.0),#3034);
#9223=PROPERTY_DEFINITION('Ixz','system property',#8687);
#9224=REPRESENTATION('',(#9222),#8681);
#9225=PROPERTY_DEFINITION_REPRESENTATION(#9223,#9224);
#9226=ID_ATTRIBUTE('mass property',#9223);
#9227=GENERAL_PROPERTY_ASSOCIATION('',$,#3076,#9223);
#9228=MEASURE_REPRESENTATION_ITEM('',NUMERIC_MEASURE(0.0),#3034);
#9229=PROPERTY_DEFINITION('Iyz','system property',#8687);
#9230=REPRESENTATION('',(#9228),#8681);
#9231=PROPERTY_DEFINITION_REPRESENTATION(#9229,#9230);
#9232=ID_ATTRIBUTE('mass property',#9229);
#9233=GENERAL_PROPERTY_ASSOCIATION('',$,#3083,#9229);
#9234=MEASURE_REPRESENTATION_ITEM('',NUMERIC_MEASURE(1.0),#3034);
#9235=PROPERTY_DEFINITION('Izz','system property',#8687);
#9236=REPRESENTATION('',(#9234),#8681);
#9237=PROPERTY_DEFINITION_REPRESENTATION(#9235,#9236);
#9238=ID_ATTRIBUTE('mass property',#9235);
#9239=GENERAL_PROPERTY_ASSOCIATION('',$,#3090,#9235);
#9240=DESCRIPTIVE_REPRESENTATION_ITEM('','0.001000');
#9241=PROPERTY_DEFINITION('TOLERANCE','',#8687);
#9242=REPRESENTATION('',(#9240),#8681);
#9243=PROPERTY_DEFINITION_REPRESENTATION(#9241,#9242);
#9244=GENERAL_PROPERTY_ASSOCIATION('',$,#3097,#9241);
#9245=CARTESIAN_POINT('',(-3.5777175426,1.9942117929,-7.3135032654));
#9246=DIRECTION('',(0.0,0.0,-1.0));
#9247=DIRECTION('',(1.0,0.0,0.0));
#9248=AXIS2_PLACEMENT_3D('Instance Position',#9245,#9246,#9247);
#9249=CARTESIAN_POINT('',(-3.7389593124,-0.0064358846,-26.3135032654));
#9250=DIRECTION('',(0.0,0.0,1.0));
#9251=DIRECTION('',(1.0,0.0,0.0));
#9252=AXIS2_PLACEMENT_3D('Instance Position',#9249,#9250,#9251);
#9253=CARTESIAN_POINT('',(-2.111332199,0.0099557815,-26.3135032654));
#9254=DIRECTION('',(0.0,0.0,1.0));
#9255=DIRECTION('',(1.0,0.0,0.0));
#9256=AXIS2_PLACEMENT_3D('Instance Position',#9253,#9254,#9255);
#9257=CARTESIAN_POINT('',(-3.7389593124,-0.0064358846,-26.3135032654));
#9258=DIRECTION('',(0.0,0.0,1.0));
#9259=DIRECTION('',(1.0,0.0,0.0));
#9260=AXIS2_PLACEMENT_3D('Instance Position',#9257,#9258,#9259);
#9261=( GEOMETRIC_REPRESENTATION_CONTEXT(3)
       GLOBAL_UNCERTAINTY_ASSIGNED_CONTEXT((#9262)) GLOBAL_UNIT_ASSIGNED_CONTEXT
  ((#3,#4)) REPRESENTATION_CONTEXT('Context #5',
  '3D Context with UNIT and UNCERTAINTY') );
#9262=UNCERTAINTY_MEASURE_WITH_UNIT(LENGTH_MEASURE(0.005),#3,'distance_accuracy_value','Confusion accuracy');
#9263=PRODUCT_CONTEXT('',#1,'mechanical');
#9264=PRODUCT('DG01D','','',(#9263));
#9265=PRODUCT_DEFINITION_FORMATION('','',#9264);
#9266=PRODUCT_DEFINITION_CONTEXT('part definition',#1,'design');
#9267=PRODUCT_DEFINITION('design','',#9265,#9266);
#9268=PRODUCT_DEFINITION_SHAPE('','',#9267);
#9269=PRODUCT_CATEGORY('part',$);
#9270=PRODUCT_RELATED_PRODUCT_CATEGORY('part',$,(#9264));
#9271=PRODUCT_CATEGORY_RELATIONSHIP('','',#9269,#9270);
#9272=CARTESIAN_POINT('',(0.,0.,0.));
#9273=DIRECTION('',(0.,0.,1.));
#9274=DIRECTION('',(1.,0.,0.));
#9275=AXIS2_PLACEMENT_3D('Reference Axes',#9272,#9273,#9274);
#9276=SHAPE_REPRESENTATION('',(#9275,#9248,#9252,#9256,#9260),#9261);
#9277=SHAPE_DEFINITION_REPRESENTATION(#9268,#9276);
#9278=CONTEXT_DEPENDENT_SHAPE_REPRESENTATION(#9279,#9281);
#9279=( REPRESENTATION_RELATIONSHIP('','',#2968,#9276)
  REPRESENTATION_RELATIONSHIP_WITH_TRANSFORMATION(#9280) SHAPE_REPRESENTATION_RELATIONSHIP() );
#9280=ITEM_DEFINED_TRANSFORMATION('','',#2967,#9248);
#9281=PRODUCT_DEFINITION_SHAPE('Placement','Placement of an item',#9282);
#9282=NEXT_ASSEMBLY_USAGE_OCCURRENCE('9282','Part1.1','Part1.1',#9267,#11,$);
#9283=CONTEXT_DEPENDENT_SHAPE_REPRESENTATION(#9284,#9286);
#9284=( REPRESENTATION_RELATIONSHIP('','',#5894,#9276)
  REPRESENTATION_RELATIONSHIP_WITH_TRANSFORMATION(#9285) SHAPE_REPRESENTATION_RELATIONSHIP() );
#9285=ITEM_DEFINED_TRANSFORMATION('','',#5893,#9252);
#9286=PRODUCT_DEFINITION_SHAPE('Placement','Placement of an item',#9287);
#9287=NEXT_ASSEMBLY_USAGE_OCCURRENCE('9287','Part2.1','Part2.1',#9267,#3109,$);
#9288=CONTEXT_DEPENDENT_SHAPE_REPRESENTATION(#9289,#9291);
#9289=( REPRESENTATION_RELATIONSHIP('','',#8578,#9276)
  REPRESENTATION_RELATIONSHIP_WITH_TRANSFORMATION(#9290) SHAPE_REPRESENTATION_RELATIONSHIP() );
#9290=ITEM_DEFINED_TRANSFORMATION('','',#8577,#9256);
#9291=PRODUCT_DEFINITION_SHAPE('Placement','Placement of an item',#9292);
#9292=NEXT_ASSEMBLY_USAGE_OCCURRENCE('9292','Part3.1','Part3.1',#9267,#6003,$);
#9293=CONTEXT_DEPENDENT_SHAPE_REPRESENTATION(#9294,#9296);
#9294=( REPRESENTATION_RELATIONSHIP('','',#9142,#9276)
  REPRESENTATION_RELATIONSHIP_WITH_TRANSFORMATION(#9295) SHAPE_REPRESENTATION_RELATIONSHIP() );
#9295=ITEM_DEFINED_TRANSFORMATION('','',#9141,#9260);
#9296=PRODUCT_DEFINITION_SHAPE('Placement','Placement of an item',#9297);
#9297=NEXT_ASSEMBLY_USAGE_OCCURRENCE('9297','Part4.1','Part4.1',#9267,#8687,$);
#9298=PRESENTATION_STYLE_ASSIGNMENT((NULL_STYLE(.NULL.)));
#9299=STYLED_ITEM('',(#9298),#9276);
#9300=CONTEXT_DEPENDENT_OVER_RIDING_STYLED_ITEM('',(#9132),#9276,#9299,(#9294));
#9301=CARTESIAN_POINT('',(0.,0.,0.));
#9302=DIRECTION('',(0.,0.,1.));
#9303=DIRECTION('',(1.,0.,0.));
#9304=AXIS2_PLACEMENT_3D('',#9301,#9302,#9303);
#9305=REPRESENTATION_MAP(#9304,#9276);
#9306=MAPPED_ITEM('',#9305,#9304);
#9307=MECHANICAL_DESIGN_GEOMETRIC_PRESENTATION_REPRESENTATION('',(#2963,#5889,#8407,#8415,#8423,#8424,#8425,#8426,#8427,#8428,
#8429,#8430,#8431,#8432,#8433,#8434,#8435,#8436,#8437,#8445,
#8446,#8447,#8448,#8449,#8450,#8451,#8452,#8453,#8454,#8455,
#8456,#8457,#8458,#8459,#8460,#8461,#8462,#8463,#8464,#8465,
#8466,#8467,#8468,#8469,#8470,#8471,#8472,#8480,#8481,#8482,
#8483,#8484,#8573,#9133,#9134,#9135,#9136,#9137,#9299,#9300,
#9306),#9261);
ENDSEC;
END-ISO-10303-21;
