ISO-10303-21;
HEADER;
FILE_DESCRIPTION(('convert3d SLDPRT import'),'2;1');
FILE_NAME('converted','2024-01-01',(''),(''),'','convert3d','');
FILE_SCHEMA(('AUTOMOTIVE_DESIGN { 1 0 10303 214 1 1 1 1 }'));
ENDSEC;
DATA;
#1=APPLICATION_PROTOCOL_DEFINITION('international standard','automotive_design',2000,#2);
#2=APPLICATION_CONTEXT('core data for automotive mechanical design processes');
#3=SHAPE_DEFINITION_REPRESENTATION(#4,#4786);
#4=PRODUCT_DEFINITION_SHAPE('','',#5);
#5=PRODUCT_DEFINITION('design','',#6,#9);
#6=PRODUCT_DEFINITION_FORMATION('','',#7);
#7=PRODUCT('Part','Part','',(#8));
#8=PRODUCT_CONTEXT('',#2,'mechanical');
#9=PRODUCT_DEFINITION_CONTEXT('part definition',#2,'design');
#20=(GEOMETRIC_REPRESENTATION_CONTEXT(2) PARAMETRIC_REPRESENTATION_CONTEXT() REPRESENTATION_CONTEXT('2D','2d'));
#21=CARTESIAN_POINT('',(0.,0.003,0.022999999999999996));
#22=DIRECTION('',(0.,0.,1.));
#23=DIRECTION('',(1.,0.,0.));
#24=AXIS2_PLACEMENT_3D('',#21,#22,#23);
#25=PLANE('',#24);
#26=CARTESIAN_POINT('',(0.022999999999999937,0.,0.022999999999999996));
#27=VERTEX_POINT('',#26);
#28=CARTESIAN_POINT('',(0.03299999999999994,0.,0.022999999999999996));
#29=VERTEX_POINT('',#28);
#30=CARTESIAN_POINT('',(0.022999999999999937,0.,0.022999999999999996));
#31=DIRECTION('',(1.,0.,0.));
#32=VECTOR('',#31,1.);
#33=LINE('',#30,#32);
#34=EDGE_CURVE('',#27,#29,#33,.T.);
#35=ORIENTED_EDGE('',*,*,#34,.F.);
#36=CARTESIAN_POINT('',(0.022999999999999937,0.003,0.022999999999999996));
#37=VERTEX_POINT('',#36);
#38=CARTESIAN_POINT('',(0.022999999999999937,0.,0.022999999999999996));
#39=DIRECTION('',(0.,1.,0.));
#40=VECTOR('',#39,1.);
#41=LINE('',#38,#40);
#42=EDGE_CURVE('',#27,#37,#41,.T.);
#43=ORIENTED_EDGE('',*,*,#42,.T.);
#44=CARTESIAN_POINT('',(0.03299999999999994,0.003,0.022999999999999996));
#45=VERTEX_POINT('',#44);
#46=CARTESIAN_POINT('',(0.022999999999999937,0.003,0.022999999999999996));
#47=DIRECTION('',(1.,0.,0.));
#48=VECTOR('',#47,1.);
#49=LINE('',#46,#48);
#50=EDGE_CURVE('',#37,#45,#49,.T.);
#51=ORIENTED_EDGE('',*,*,#50,.T.);
#52=CARTESIAN_POINT('',(0.03299999999999994,0.,0.022999999999999996));
#53=DIRECTION('',(0.,1.,0.));
#54=VECTOR('',#53,1.);
#55=LINE('',#52,#54);
#56=EDGE_CURVE('',#29,#45,#55,.T.);
#57=ORIENTED_EDGE('',*,*,#56,.F.);
#58=EDGE_LOOP('',(#35,#43,#51,#57));
#59=FACE_OUTER_BOUND('',#58,.T.);
#60=ADVANCED_FACE('',(#59),#25,.F.);
#61=CARTESIAN_POINT('',(0.022999999999999958,0.003,0.021500000000000005));
#62=DIRECTION('',(0.,-1.,0.));
#63=DIRECTION('',(0.,0.,-1.));
#64=AXIS2_PLACEMENT_3D('',#61,#62,#63);
#65=CYLINDRICAL_SURFACE('',#64,0.0014999999999999198);
#66=CARTESIAN_POINT('',(0.022999999999999937,0.,0.020000000000000157));
#67=VERTEX_POINT('',#66);
#68=CARTESIAN_POINT('',(0.022999999999999958,0.,0.021500000000000005));
#69=DIRECTION('',(0.,1.,0.));
#70=DIRECTION('',(0.,0.,1.));
#71=AXIS2_PLACEMENT_3D('',#68,#69,#70);
#72=CIRCLE('',#71,0.0014999999999999198);
#73=EDGE_CURVE('',#67,#27,#72,.T.);
#74=ORIENTED_EDGE('',*,*,#73,.F.);
#75=CARTESIAN_POINT('',(0.022999999999999937,0.003,0.020000000000000157));
#76=VERTEX_POINT('',#75);
#77=CARTESIAN_POINT('',(0.022999999999999937,0.,0.020000000000000157));
#78=DIRECTION('',(0.,1.,0.));
#79=VECTOR('',#78,1.);
#80=LINE('',#77,#79);
#81=EDGE_CURVE('',#67,#76,#80,.T.);
#82=ORIENTED_EDGE('',*,*,#81,.T.);
#83=CARTESIAN_POINT('',(0.022999999999999958,0.003,0.021500000000000005));
#84=DIRECTION('',(0.,1.,0.));
#85=DIRECTION('',(0.,0.,1.));
#86=AXIS2_PLACEMENT_3D('',#83,#84,#85);
#87=CIRCLE('',#86,0.0014999999999999198);
#88=EDGE_CURVE('',#76,#37,#87,.T.);
#89=ORIENTED_EDGE('',*,*,#88,.T.);
#90=CARTESIAN_POINT('',(0.022999999999999937,0.,0.022999999999999996));
#91=DIRECTION('',(0.,1.,0.));
#92=VECTOR('',#91,1.);
#93=LINE('',#90,#92);
#94=EDGE_CURVE('',#27,#37,#93,.T.);
#95=ORIENTED_EDGE('',*,*,#94,.F.);
#96=EDGE_LOOP('',(#74,#82,#89,#95));
#97=FACE_OUTER_BOUND('',#96,.T.);
#98=ADVANCED_FACE('',(#97),#65,.F.);
#99=CARTESIAN_POINT('',(-1.3877787807814543E-17,0.003,0.02000000000000014));
#100=DIRECTION('',(-6.938893903907222E-16,0.,1.));
#101=DIRECTION('',(1.,0.,6.938893903907222E-16));
#102=AXIS2_PLACEMENT_3D('',#99,#100,#101);
#103=PLANE('',#102);
#104=CARTESIAN_POINT('',(0.032999999999999946,0.,0.020000000000000163));
#105=VERTEX_POINT('',#104);
#106=CARTESIAN_POINT('',(0.022999999999999937,0.,0.020000000000000157));
#107=DIRECTION('',(1.,0.,6.938893903907222E-16));
#108=VECTOR('',#107,1.);
#109=LINE('',#106,#108);
#110=EDGE_CURVE('',#67,#105,#109,.T.);
#111=ORIENTED_EDGE('',*,*,#110,.T.);
#112=CARTESIAN_POINT('',(0.032999999999999946,0.003,0.020000000000000163));
#113=VERTEX_POINT('',#112);
#114=CARTESIAN_POINT('',(0.032999999999999946,0.,0.020000000000000163));
#115=DIRECTION('',(0.,1.,0.));
#116=VECTOR('',#115,1.);
#117=LINE('',#114,#116);
#118=EDGE_CURVE('',#105,#113,#117,.T.);
#119=ORIENTED_EDGE('',*,*,#118,.T.);
#120=CARTESIAN_POINT('',(0.022999999999999937,0.003,0.020000000000000157));
#121=DIRECTION('',(1.,0.,6.938893903907222E-16));
#122=VECTOR('',#121,1.);
#123=LINE('',#120,#122);
#124=EDGE_CURVE('',#76,#113,#123,.T.);
#125=ORIENTED_EDGE('',*,*,#124,.F.);
#126=CARTESIAN_POINT('',(0.022999999999999937,0.,0.020000000000000157));
#127=DIRECTION('',(0.,1.,0.));
#128=VECTOR('',#127,1.);
#129=LINE('',#126,#128);
#130=EDGE_CURVE('',#67,#76,#129,.T.);
#131=ORIENTED_EDGE('',*,*,#130,.F.);
#132=EDGE_LOOP('',(#111,#119,#125,#131));
#133=FACE_OUTER_BOUND('',#132,.T.);
#134=ADVANCED_FACE('',(#133),#103,.T.);
#135=CARTESIAN_POINT('',(0.,0.003,0.029000000000000012));
#136=DIRECTION('',(0.,0.,1.));
#137=DIRECTION('',(1.,0.,0.));
#138=AXIS2_PLACEMENT_3D('',#135,#136,#137);
#139=PLANE('',#138);
#140=CARTESIAN_POINT('',(0.022999999999999916,0.,0.029000000000000012));
#141=VERTEX_POINT('',#140);
#142=CARTESIAN_POINT('',(0.03299999999999992,0.,0.029000000000000012));
#143=VERTEX_POINT('',#142);
#144=CARTESIAN_POINT('',(0.022999999999999916,0.,0.029000000000000012));
#145=DIRECTION('',(1.,0.,0.));
#146=VECTOR('',#145,1.);
#147=LINE('',#144,#146);
#148=EDGE_CURVE('',#141,#143,#147,.T.);
#149=ORIENTED_EDGE('',*,*,#148,.F.);
#150=CARTESIAN_POINT('',(0.022999999999999916,0.003,0.029000000000000012));
#151=VERTEX_POINT('',#150);
#152=CARTESIAN_POINT('',(0.022999999999999916,0.,0.029000000000000012));
#153=DIRECTION('',(0.,1.,0.));
#154=VECTOR('',#153,1.);
#155=LINE('',#152,#154);
#156=EDGE_CURVE('',#141,#151,#155,.T.);
#157=ORIENTED_EDGE('',*,*,#156,.T.);
#158=CARTESIAN_POINT('',(0.03299999999999992,0.003,0.029000000000000012));
#159=VERTEX_POINT('',#158);
#160=CARTESIAN_POINT('',(0.022999999999999916,0.003,0.029000000000000012));
#161=DIRECTION('',(1.,0.,0.));
#162=VECTOR('',#161,1.);
#163=LINE('',#160,#162);
#164=EDGE_CURVE('',#151,#159,#163,.T.);
#165=ORIENTED_EDGE('',*,*,#164,.T.);
#166=CARTESIAN_POINT('',(0.03299999999999992,0.,0.029000000000000012));
#167=DIRECTION('',(0.,1.,0.));
#168=VECTOR('',#167,1.);
#169=LINE('',#166,#168);
#170=EDGE_CURVE('',#143,#159,#169,.T.);
#171=ORIENTED_EDGE('',*,*,#170,.F.);
#172=EDGE_LOOP('',(#149,#157,#165,#171));
#173=FACE_OUTER_BOUND('',#172,.T.);
#174=ADVANCED_FACE('',(#173),#139,.F.);
#175=CARTESIAN_POINT('',(0.022999999999999958,0.003,0.02750000000000002));
#176=DIRECTION('',(0.,-1.,0.));
#177=DIRECTION('',(0.,0.,-1.));
#178=AXIS2_PLACEMENT_3D('',#175,#176,#177);
#179=CYLINDRICAL_SURFACE('',#178,0.0014999999999999198);
#180=CARTESIAN_POINT('',(0.022999999999999916,0.,0.026000000000000172));
#181=VERTEX_POINT('',#180);
#182=CARTESIAN_POINT('',(0.022999999999999958,0.,0.02750000000000002));
#183=DIRECTION('',(0.,1.,0.));
#184=DIRECTION('',(0.,0.,1.));
#185=AXIS2_PLACEMENT_3D('',#182,#183,#184);
#186=CIRCLE('',#185,0.0014999999999999198);
#187=EDGE_CURVE('',#181,#141,#186,.T.);
#188=ORIENTED_EDGE('',*,*,#187,.F.);
#189=CARTESIAN_POINT('',(0.022999999999999916,0.003,0.026000000000000172));
#190=VERTEX_POINT('',#189);
#191=CARTESIAN_POINT('',(0.022999999999999916,0.,0.026000000000000172));
#192=DIRECTION('',(0.,1.,0.));
#193=VECTOR('',#192,1.);
#194=LINE('',#191,#193);
#195=EDGE_CURVE('',#181,#190,#194,.T.);
#196=ORIENTED_EDGE('',*,*,#195,.T.);
#197=CARTESIAN_POINT('',(0.022999999999999958,0.003,0.02750000000000002));
#198=DIRECTION('',(0.,1.,0.));
#199=DIRECTION('',(0.,0.,1.));
#200=AXIS2_PLACEMENT_3D('',#197,#198,#199);
#201=CIRCLE('',#200,0.0014999999999999198);
#202=EDGE_CURVE('',#190,#151,#201,.T.);
#203=ORIENTED_EDGE('',*,*,#202,.T.);
#204=CARTESIAN_POINT('',(0.022999999999999916,0.,0.029000000000000012));
#205=DIRECTION('',(0.,1.,0.));
#206=VECTOR('',#205,1.);
#207=LINE('',#204,#206);
#208=EDGE_CURVE('',#141,#151,#207,.T.);
#209=ORIENTED_EDGE('',*,*,#208,.F.);
#210=EDGE_LOOP('',(#188,#196,#203,#209));
#211=FACE_OUTER_BOUND('',#210,.T.);
#212=ADVANCED_FACE('',(#211),#179,.F.);
#213=CARTESIAN_POINT('',(-1.8041124150158887E-17,0.003,0.026000000000000155));
#214=DIRECTION('',(-6.938893903907222E-16,0.,1.));
#215=DIRECTION('',(1.,0.,6.938893903907222E-16));
#216=AXIS2_PLACEMENT_3D('',#213,#214,#215);
#217=PLANE('',#216);
#218=CARTESIAN_POINT('',(0.032999999999999925,0.,0.02600000000000018));
#219=VERTEX_POINT('',#218);
#220=CARTESIAN_POINT('',(0.022999999999999916,0.,0.026000000000000172));
#221=DIRECTION('',(1.,0.,6.938893903907222E-16));
#222=VECTOR('',#221,1.);
#223=LINE('',#220,#222);
#224=EDGE_CURVE('',#181,#219,#223,.T.);
#225=ORIENTED_EDGE('',*,*,#224,.T.);
#226=CARTESIAN_POINT('',(0.032999999999999925,0.003,0.02600000000000018));
#227=VERTEX_POINT('',#226);
#228=CARTESIAN_POINT('',(0.032999999999999925,0.,0.02600000000000018));
#229=DIRECTION('',(0.,1.,0.));
#230=VECTOR('',#229,1.);
#231=LINE('',#228,#230);
#232=EDGE_CURVE('',#219,#227,#231,.T.);
#233=ORIENTED_EDGE('',*,*,#232,.T.);
#234=CARTESIAN_POINT('',(0.022999999999999916,0.003,0.026000000000000172));
#235=DIRECTION('',(1.,0.,6.938893903907222E-16));
#236=VECTOR('',#235,1.);
#237=LINE('',#234,#236);
#238=EDGE_CURVE('',#190,#227,#237,.T.);
#239=ORIENTED_EDGE('',*,*,#238,.F.);
#240=CARTESIAN_POINT('',(0.022999999999999916,0.,0.026000000000000172));
#241=DIRECTION('',(0.,1.,0.));
#242=VECTOR('',#241,1.);
#243=LINE('',#240,#242);
#244=EDGE_CURVE('',#181,#190,#243,.T.);
#245=ORIENTED_EDGE('',*,*,#244,.F.);
#246=EDGE_LOOP('',(#225,#233,#239,#245));
#247=FACE_OUTER_BOUND('',#246,.T.);
#248=ADVANCED_FACE('',(#247),#217,.T.);
#249=CARTESIAN_POINT('',(0.,0.003,0.03500000000000003));
#250=DIRECTION('',(0.,0.,1.));
#251=DIRECTION('',(1.,0.,0.));
#252=AXIS2_PLACEMENT_3D('',#249,#250,#251);
#253=PLANE('',#252);
#254=CARTESIAN_POINT('',(0.022999999999999896,0.,0.03500000000000003));
#255=VERTEX_POINT('',#254);
#256=CARTESIAN_POINT('',(0.0329999999999999,0.,0.03500000000000003));
#257=VERTEX_POINT('',#256);
#258=CARTESIAN_POINT('',(0.022999999999999896,0.,0.03500000000000003));
#259=DIRECTION('',(1.,0.,0.));
#260=VECTOR('',#259,1.);
#261=LINE('',#258,#260);
#262=EDGE_CURVE('',#255,#257,#261,.T.);
#263=ORIENTED_EDGE('',*,*,#262,.F.);
#264=CARTESIAN_POINT('',(0.022999999999999896,0.003,0.03500000000000003));
#265=VERTEX_POINT('',#264);
#266=CARTESIAN_POINT('',(0.022999999999999896,0.,0.03500000000000003));
#267=DIRECTION('',(0.,1.,0.));
#268=VECTOR('',#267,1.);
#269=LINE('',#266,#268);
#270=EDGE_CURVE('',#255,#265,#269,.T.);
#271=ORIENTED_EDGE('',*,*,#270,.T.);
#272=CARTESIAN_POINT('',(0.0329999999999999,0.003,0.03500000000000003));
#273=VERTEX_POINT('',#272);
#274=CARTESIAN_POINT('',(0.022999999999999896,0.003,0.03500000000000003));
#275=DIRECTION('',(1.,0.,0.));
#276=VECTOR('',#275,1.);
#277=LINE('',#274,#276);
#278=EDGE_CURVE('',#265,#273,#277,.T.);
#279=ORIENTED_EDGE('',*,*,#278,.T.);
#280=CARTESIAN_POINT('',(0.0329999999999999,0.,0.03500000000000003));
#281=DIRECTION('',(0.,1.,0.));
#282=VECTOR('',#281,1.);
#283=LINE('',#280,#282);
#284=EDGE_CURVE('',#257,#273,#283,.T.);
#285=ORIENTED_EDGE('',*,*,#284,.F.);
#286=EDGE_LOOP('',(#263,#271,#279,#285));
#287=FACE_OUTER_BOUND('',#286,.T.);
#288=ADVANCED_FACE('',(#287),#253,.F.);
#289=CARTESIAN_POINT('',(0.022999999999999958,0.003,0.03350000000000004));
#290=DIRECTION('',(0.,-1.,0.));
#291=DIRECTION('',(0.,0.,-1.));
#292=AXIS2_PLACEMENT_3D('',#289,#290,#291);
#293=CYLINDRICAL_SURFACE('',#292,0.0014999999999999215);
#294=CARTESIAN_POINT('',(0.022999999999999896,0.,0.03200000000000019));
#295=VERTEX_POINT('',#294);
#296=CARTESIAN_POINT('',(0.022999999999999958,0.,0.03350000000000004));
#297=DIRECTION('',(0.,1.,0.));
#298=DIRECTION('',(0.,0.,1.));
#299=AXIS2_PLACEMENT_3D('',#296,#297,#298);
#300=CIRCLE('',#299,0.0014999999999999215);
#301=EDGE_CURVE('',#295,#255,#300,.T.);
#302=ORIENTED_EDGE('',*,*,#301,.F.);
#303=CARTESIAN_POINT('',(0.022999999999999896,0.003,0.03200000000000019));
#304=VERTEX_POINT('',#303);
#305=CARTESIAN_POINT('',(0.022999999999999896,0.,0.03200000000000019));
#306=DIRECTION('',(0.,1.,0.));
#307=VECTOR('',#306,1.);
#308=LINE('',#305,#307);
#309=EDGE_CURVE('',#295,#304,#308,.T.);
#310=ORIENTED_EDGE('',*,*,#309,.T.);
#311=CARTESIAN_POINT('',(0.022999999999999958,0.003,0.03350000000000004));
#312=DIRECTION('',(0.,1.,0.));
#313=DIRECTION('',(0.,0.,1.));
#314=AXIS2_PLACEMENT_3D('',#311,#312,#313);
#315=CIRCLE('',#314,0.0014999999999999215);
#316=EDGE_CURVE('',#304,#265,#315,.T.);
#317=ORIENTED_EDGE('',*,*,#316,.T.);
#318=CARTESIAN_POINT('',(0.022999999999999896,0.,0.03500000000000003));
#319=DIRECTION('',(0.,1.,0.));
#320=VECTOR('',#319,1.);
#321=LINE('',#318,#320);
#322=EDGE_CURVE('',#255,#265,#321,.T.);
#323=ORIENTED_EDGE('',*,*,#322,.F.);
#324=EDGE_LOOP('',(#302,#310,#317,#323));
#325=FACE_OUTER_BOUND('',#324,.T.);
#326=ADVANCED_FACE('',(#325),#293,.F.);
#327=CARTESIAN_POINT('',(-2.2204460492503234E-17,0.003,0.032000000000000174));
#328=DIRECTION('',(-6.938893903907222E-16,0.,1.));
#329=DIRECTION('',(1.,0.,6.938893903907222E-16));
#330=AXIS2_PLACEMENT_3D('',#327,#328,#329);
#331=PLANE('',#330);
#332=CARTESIAN_POINT('',(0.032999999999999904,0.,0.032000000000000195));
#333=VERTEX_POINT('',#332);
#334=CARTESIAN_POINT('',(0.022999999999999896,0.,0.03200000000000019));
#335=DIRECTION('',(1.,0.,6.938893903907222E-16));
#336=VECTOR('',#335,1.);
#337=LINE('',#334,#336);
#338=EDGE_CURVE('',#295,#333,#337,.T.);
#339=ORIENTED_EDGE('',*,*,#338,.T.);
#340=CARTESIAN_POINT('',(0.032999999999999904,0.003,0.032000000000000195));
#341=VERTEX_POINT('',#340);
#342=CARTESIAN_POINT('',(0.032999999999999904,0.,0.032000000000000195));
#343=DIRECTION('',(0.,1.,0.));
#344=VECTOR('',#343,1.);
#345=LINE('',#342,#344);
#346=EDGE_CURVE('',#333,#341,#345,.T.);
#347=ORIENTED_EDGE('',*,*,#346,.T.);
#348=CARTESIAN_POINT('',(0.022999999999999896,0.003,0.03200000000000019));
#349=DIRECTION('',(1.,0.,6.938893903907222E-16));
#350=VECTOR('',#349,1.);
#351=LINE('',#348,#350);
#352=EDGE_CURVE('',#304,#341,#351,.T.);
#353=ORIENTED_EDGE('',*,*,#352,.F.);
#354=CARTESIAN_POINT('',(0.022999999999999896,0.,0.03200000000000019));
#355=DIRECTION('',(0.,1.,0.));
#356=VECTOR('',#355,1.);
#357=LINE('',#354,#356);
#358=EDGE_CURVE('',#295,#304,#357,.T.);
#359=ORIENTED_EDGE('',*,*,#358,.F.);
#360=EDGE_LOOP('',(#339,#347,#353,#359));
#361=FACE_OUTER_BOUND('',#360,.T.);
#362=ADVANCED_FACE('',(#361),#331,.T.);
#363=CARTESIAN_POINT('',(0.02300000000000002,0.003,-0.01549999999999999));
#364=DIRECTION('',(0.,-1.,0.));
#365=DIRECTION('',(0.,0.,-1.));
#366=AXIS2_PLACEMENT_3D('',#363,#364,#365);
#367=CYLINDRICAL_SURFACE('',#366,0.0015000000000000013);
#368=CARTESIAN_POINT('',(0.02300000000000002,0.,-0.013999999999999992));
#369=VERTEX_POINT('',#368);
#370=CARTESIAN_POINT('',(0.02300000000000002,0.,-0.016999999999999994));
#371=VERTEX_POINT('',#370);
#372=CARTESIAN_POINT('',(0.02300000000000002,0.,-0.01549999999999999));
#373=DIRECTION('',(0.,1.,0.));
#374=DIRECTION('',(0.,0.,1.));
#375=AXIS2_PLACEMENT_3D('',#372,#373,#374);
#376=CIRCLE('',#375,0.0015000000000000013);
#377=EDGE_CURVE('',#369,#371,#376,.T.);
#378=ORIENTED_EDGE('',*,*,#377,.T.);
#379=CARTESIAN_POINT('',(0.02300000000000002,0.003,-0.016999999999999994));
#380=VERTEX_POINT('',#379);
#381=CARTESIAN_POINT('',(0.02300000000000002,0.,-0.016999999999999994));
#382=DIRECTION('',(0.,1.,0.));
#383=VECTOR('',#382,1.);
#384=LINE('',#381,#383);
#385=EDGE_CURVE('',#371,#380,#384,.T.);
#386=ORIENTED_EDGE('',*,*,#385,.T.);
#387=CARTESIAN_POINT('',(0.02300000000000002,0.003,-0.013999999999999992));
#388=VERTEX_POINT('',#387);
#389=CARTESIAN_POINT('',(0.02300000000000002,0.003,-0.01549999999999999));
#390=DIRECTION('',(0.,1.,0.));
#391=DIRECTION('',(0.,0.,1.));
#392=AXIS2_PLACEMENT_3D('',#389,#390,#391);
#393=CIRCLE('',#392,0.0015000000000000013);
#394=EDGE_CURVE('',#388,#380,#393,.T.);
#395=ORIENTED_EDGE('',*,*,#394,.F.);
#396=CARTESIAN_POINT('',(0.02300000000000002,0.,-0.013999999999999992));
#397=DIRECTION('',(0.,1.,0.));
#398=VECTOR('',#397,1.);
#399=LINE('',#396,#398);
#400=EDGE_CURVE('',#369,#388,#399,.T.);
#401=ORIENTED_EDGE('',*,*,#400,.F.);
#402=EDGE_LOOP('',(#378,#386,#395,#401));
#403=FACE_OUTER_BOUND('',#402,.T.);
#404=ADVANCED_FACE('',(#403),#367,.T.);
#405=CARTESIAN_POINT('',(0.,0.003,-0.016999999999999994));
#406=DIRECTION('',(0.,0.,1.));
#407=DIRECTION('',(1.,0.,0.));
#408=AXIS2_PLACEMENT_3D('',#405,#406,#407);
#409=PLANE('',#408);
#410=CARTESIAN_POINT('',(0.03300000000000002,0.,-0.016999999999999994));
#411=VERTEX_POINT('',#410);
#412=CARTESIAN_POINT('',(0.02300000000000002,0.,-0.016999999999999994));
#413=DIRECTION('',(1.,0.,0.));
#414=VECTOR('',#413,1.);
#415=LINE('',#412,#414);
#416=EDGE_CURVE('',#371,#411,#415,.T.);
#417=ORIENTED_EDGE('',*,*,#416,.T.);
#418=CARTESIAN_POINT('',(0.03300000000000002,0.003,-0.016999999999999994));
#419=VERTEX_POINT('',#418);
#420=CARTESIAN_POINT('',(0.03300000000000002,0.,-0.016999999999999994));
#421=DIRECTION('',(0.,1.,0.));
#422=VECTOR('',#421,1.);
#423=LINE('',#420,#422);
#424=EDGE_CURVE('',#411,#419,#423,.T.);
#425=ORIENTED_EDGE('',*,*,#424,.T.);
#426=CARTESIAN_POINT('',(0.02300000000000002,0.003,-0.016999999999999994));
#427=DIRECTION('',(1.,0.,0.));
#428=VECTOR('',#427,1.);
#429=LINE('',#426,#428);
#430=EDGE_CURVE('',#380,#419,#429,.T.);
#431=ORIENTED_EDGE('',*,*,#430,.F.);
#432=CARTESIAN_POINT('',(0.02300000000000002,0.,-0.016999999999999994));
#433=DIRECTION('',(0.,1.,0.));
#434=VECTOR('',#433,1.);
#435=LINE('',#432,#434);
#436=EDGE_CURVE('',#371,#380,#435,.T.);
#437=ORIENTED_EDGE('',*,*,#436,.F.);
#438=EDGE_LOOP('',(#417,#425,#431,#437));
#439=FACE_OUTER_BOUND('',#438,.T.);
#440=ADVANCED_FACE('',(#439),#409,.T.);
#441=CARTESIAN_POINT('',(0.03299999999999996,0.003,-0.015500000000000019));
#442=DIRECTION('',(0.,-1.,0.));
#443=DIRECTION('',(0.,0.,-1.));
#444=AXIS2_PLACEMENT_3D('',#441,#442,#443);
#445=CYLINDRICAL_SURFACE('',#444,0.0015000000000000048);
#446=CARTESIAN_POINT('',(0.03300000000000003,0.,-0.013999999999999985));
#447=VERTEX_POINT('',#446);
#448=CARTESIAN_POINT('',(0.03299999999999996,0.,-0.015500000000000019));
#449=DIRECTION('',(0.,1.,0.));
#450=DIRECTION('',(0.,0.,1.));
#451=AXIS2_PLACEMENT_3D('',#448,#449,#450);
#452=CIRCLE('',#451,0.0015000000000000048);
#453=EDGE_CURVE('',#411,#447,#452,.F.);
#454=ORIENTED_EDGE('',*,*,#453,.T.);
#455=CARTESIAN_POINT('',(0.03300000000000003,0.003,-0.013999999999999985));
#456=VERTEX_POINT('',#455);
#457=CARTESIAN_POINT('',(0.03300000000000003,0.,-0.013999999999999985));
#458=DIRECTION('',(0.,1.,0.));
#459=VECTOR('',#458,1.);
#460=LINE('',#457,#459);
#461=EDGE_CURVE('',#447,#456,#460,.T.);
#462=ORIENTED_EDGE('',*,*,#461,.T.);
#463=CARTESIAN_POINT('',(0.03299999999999996,0.003,-0.015500000000000019));
#464=DIRECTION('',(0.,1.,0.));
#465=DIRECTION('',(0.,0.,1.));
#466=AXIS2_PLACEMENT_3D('',#463,#464,#465);
#467=CIRCLE('',#466,0.0015000000000000048);
#468=EDGE_CURVE('',#419,#456,#467,.F.);
#469=ORIENTED_EDGE('',*,*,#468,.F.);
#470=CARTESIAN_POINT('',(0.03300000000000002,0.,-0.016999999999999994));
#471=DIRECTION('',(0.,1.,0.));
#472=VECTOR('',#471,1.);
#473=LINE('',#470,#472);
#474=EDGE_CURVE('',#411,#419,#473,.T.);
#475=ORIENTED_EDGE('',*,*,#474,.F.);
#476=EDGE_LOOP('',(#454,#462,#469,#475));
#477=FACE_OUTER_BOUND('',#476,.T.);
#478=ADVANCED_FACE('',(#477),#445,.T.);
#479=CARTESIAN_POINT('',(0.,0.003,-0.0495));
#480=DIRECTION('',(0.,0.,1.));
#481=DIRECTION('',(1.,0.,0.));
#482=AXIS2_PLACEMENT_3D('',#479,#480,#481);
#483=PLANE('',#482);
#484=CARTESIAN_POINT('',(-0.06249999999999996,0.,-0.0495));
#485=VERTEX_POINT('',#484);
#486=CARTESIAN_POINT('',(-0.03250000000000001,0.,-0.0495));
#487=VERTEX_POINT('',#486);
#488=CARTESIAN_POINT('',(-0.06249999999999996,0.,-0.0495));
#489=DIRECTION('',(1.,0.,0.));
#490=VECTOR('',#489,1.);
#491=LINE('',#488,#490);
#492=EDGE_CURVE('',#485,#487,#491,.T.);
#493=ORIENTED_EDGE('',*,*,#492,.F.);
#494=CARTESIAN_POINT('',(-0.06249999999999996,0.003,-0.0495));
#495=VERTEX_POINT('',#494);
#496=CARTESIAN_POINT('',(-0.06249999999999996,0.,-0.0495));
#497=DIRECTION('',(0.,1.,0.));
#498=VECTOR('',#497,1.);
#499=LINE('',#496,#498);
#500=EDGE_CURVE('',#485,#495,#499,.T.);
#501=ORIENTED_EDGE('',*,*,#500,.T.);
#502=CARTESIAN_POINT('',(-0.03250000000000001,0.003,-0.0495));
#503=VERTEX_POINT('',#502);
#504=CARTESIAN_POINT('',(-0.06249999999999996,0.003,-0.0495));
#505=DIRECTION('',(1.,0.,0.));
#506=VECTOR('',#505,1.);
#507=LINE('',#504,#506);
#508=EDGE_CURVE('',#495,#503,#507,.T.);
#509=ORIENTED_EDGE('',*,*,#508,.T.);
#510=CARTESIAN_POINT('',(-0.03250000000000001,0.,-0.0495));
#511=DIRECTION('',(0.,1.,0.));
#512=VECTOR('',#511,1.);
#513=LINE('',#510,#512);
#514=EDGE_CURVE('',#487,#503,#513,.T.);
#515=ORIENTED_EDGE('',*,*,#514,.F.);
#516=EDGE_LOOP('',(#493,#501,#509,#515));
#517=FACE_OUTER_BOUND('',#516,.T.);
#518=ADVANCED_FACE('',(#517),#483,.F.);
#519=CARTESIAN_POINT('',(-0.0625,0.003,-0.0425));
#520=DIRECTION('',(0.,-1.,0.));
#521=DIRECTION('',(0.,0.,-1.));
#522=AXIS2_PLACEMENT_3D('',#519,#520,#521);
#523=CYLINDRICAL_SURFACE('',#522,0.007000000000000003);
#524=CARTESIAN_POINT('',(-0.0695,0.,-0.042499999999999954));
#525=VERTEX_POINT('',#524);
#526=CARTESIAN_POINT('',(-0.0625,0.,-0.0425));
#527=DIRECTION('',(0.,1.,0.));
#528=DIRECTION('',(0.,0.,1.));
#529=AXIS2_PLACEMENT_3D('',#526,#527,#528);
#530=CIRCLE('',#529,0.007000000000000003);
#531=EDGE_CURVE('',#525,#485,#530,.F.);
#532=ORIENTED_EDGE('',*,*,#531,.F.);
#533=CARTESIAN_POINT('',(-0.0695,0.003,-0.042499999999999954));
#534=VERTEX_POINT('',#533);
#535=CARTESIAN_POINT('',(-0.0695,0.,-0.042499999999999954));
#536=DIRECTION('',(0.,1.,0.));
#537=VECTOR('',#536,1.);
#538=LINE('',#535,#537);
#539=EDGE_CURVE('',#525,#534,#538,.T.);
#540=ORIENTED_EDGE('',*,*,#539,.T.);
#541=CARTESIAN_POINT('',(-0.0625,0.003,-0.0425));
#542=DIRECTION('',(0.,1.,0.));
#543=DIRECTION('',(0.,0.,1.));
#544=AXIS2_PLACEMENT_3D('',#541,#542,#543);
#545=CIRCLE('',#544,0.007000000000000003);
#546=EDGE_CURVE('',#534,#495,#545,.F.);
#547=ORIENTED_EDGE('',*,*,#546,.T.);
#548=CARTESIAN_POINT('',(-0.06249999999999996,0.,-0.0495));
#549=DIRECTION('',(0.,1.,0.));
#550=VECTOR('',#549,1.);
#551=LINE('',#548,#550);
#552=EDGE_CURVE('',#485,#495,#551,.T.);
#553=ORIENTED_EDGE('',*,*,#552,.F.);
#554=EDGE_LOOP('',(#532,#540,#547,#553));
#555=FACE_OUTER_BOUND('',#554,.T.);
#556=ADVANCED_FACE('',(#555),#523,.F.);
#557=CARTESIAN_POINT('',(-0.0695,0.003,0.));
#558=DIRECTION('',(-1.,0.,0.));
#559=DIRECTION('',(0.,0.,1.));
#560=AXIS2_PLACEMENT_3D('',#557,#558,#559);
#561=PLANE('',#560);
#562=CARTESIAN_POINT('',(-0.0695,0.,0.042499999999999954));
#563=VERTEX_POINT('',#562);
#564=CARTESIAN_POINT('',(-0.0695,0.,-0.042499999999999954));
#565=DIRECTION('',(0.,0.,1.));
#566=VECTOR('',#565,1.);
#567=LINE('',#564,#566);
#568=EDGE_CURVE('',#525,#563,#567,.T.);
#569=ORIENTED_EDGE('',*,*,#568,.T.);
#570=CARTESIAN_POINT('',(-0.0695,0.003,0.042499999999999954));
#571=VERTEX_POINT('',#570);
#572=CARTESIAN_POINT('',(-0.0695,0.,0.042499999999999954));
#573=DIRECTION('',(0.,1.,0.));
#574=VECTOR('',#573,1.);
#575=LINE('',#572,#574);
#576=EDGE_CURVE('',#563,#571,#575,.T.);
#577=ORIENTED_EDGE('',*,*,#576,.T.);
#578=CARTESIAN_POINT('',(-0.0695,0.003,-0.042499999999999954));
#579=DIRECTION('',(0.,0.,1.));
#580=VECTOR('',#579,1.);
#581=LINE('',#578,#580);
#582=EDGE_CURVE('',#534,#571,#581,.T.);
#583=ORIENTED_EDGE('',*,*,#582,.F.);
#584=CARTESIAN_POINT('',(-0.0695,0.,-0.042499999999999954));
#585=DIRECTION('',(0.,1.,0.));
#586=VECTOR('',#585,1.);
#587=LINE('',#584,#586);
#588=EDGE_CURVE('',#525,#534,#587,.T.);
#589=ORIENTED_EDGE('',*,*,#588,.F.);
#590=EDGE_LOOP('',(#569,#577,#583,#589));
#591=FACE_OUTER_BOUND('',#590,.T.);
#592=ADVANCED_FACE('',(#591),#561,.T.);
#593=CARTESIAN_POINT('',(-0.0625,0.003,0.0425));
#594=DIRECTION('',(0.,-1.,0.));
#595=DIRECTION('',(0.,0.,-1.));
#596=AXIS2_PLACEMENT_3D('',#593,#594,#595);
#597=CYLINDRICAL_SURFACE('',#596,0.007000000000000003);
#598=CARTESIAN_POINT('',(-0.06249999999999996,0.,0.0495));
#599=VERTEX_POINT('',#598);
#600=CARTESIAN_POINT('',(-0.0625,0.,0.0425));
#601=DIRECTION('',(0.,1.,0.));
#602=DIRECTION('',(0.,0.,1.));
#603=AXIS2_PLACEMENT_3D('',#600,#601,#602);
#604=CIRCLE('',#603,0.007000000000000003);
#605=EDGE_CURVE('',#563,#599,#604,.T.);
#606=ORIENTED_EDGE('',*,*,#605,.T.);
#607=CARTESIAN_POINT('',(-0.06249999999999996,0.003,0.0495));
#608=VERTEX_POINT('',#607);
#609=CARTESIAN_POINT('',(-0.06249999999999996,0.,0.0495));
#610=DIRECTION('',(0.,1.,0.));
#611=VECTOR('',#610,1.);
#612=LINE('',#609,#611);
#613=EDGE_CURVE('',#599,#608,#612,.T.);
#614=ORIENTED_EDGE('',*,*,#613,.T.);
#615=CARTESIAN_POINT('',(-0.0625,0.003,0.0425));
#616=DIRECTION('',(0.,1.,0.));
#617=DIRECTION('',(0.,0.,1.));
#618=AXIS2_PLACEMENT_3D('',#615,#616,#617);
#619=CIRCLE('',#618,0.007000000000000003);
#620=EDGE_CURVE('',#571,#608,#619,.T.);
#621=ORIENTED_EDGE('',*,*,#620,.F.);
#622=CARTESIAN_POINT('',(-0.0695,0.,0.042499999999999954));
#623=DIRECTION('',(0.,1.,0.));
#624=VECTOR('',#623,1.);
#625=LINE('',#622,#624);
#626=EDGE_CURVE('',#563,#571,#625,.T.);
#627=ORIENTED_EDGE('',*,*,#626,.F.);
#628=EDGE_LOOP('',(#606,#614,#621,#627));
#629=FACE_OUTER_BOUND('',#628,.T.);
#630=ADVANCED_FACE('',(#629),#597,.T.);
#631=CARTESIAN_POINT('',(0.,0.003,0.0495));
#632=DIRECTION('',(0.,0.,1.));
#633=DIRECTION('',(1.,0.,0.));
#634=AXIS2_PLACEMENT_3D('',#631,#632,#633);
#635=PLANE('',#634);
#636=CARTESIAN_POINT('',(-0.03250000000000001,0.,0.0495));
#637=VERTEX_POINT('',#636);
#638=CARTESIAN_POINT('',(-0.06249999999999996,0.,0.0495));
#639=DIRECTION('',(1.,0.,0.));
#640=VECTOR('',#639,1.);
#641=LINE('',#638,#640);
#642=EDGE_CURVE('',#599,#637,#641,.T.);
#643=ORIENTED_EDGE('',*,*,#642,.T.);
#644=CARTESIAN_POINT('',(-0.03250000000000001,0.003,0.0495));
#645=VERTEX_POINT('',#644);
#646=CARTESIAN_POINT('',(-0.03250000000000001,0.,0.0495));
#647=DIRECTION('',(0.,1.,0.));
#648=VECTOR('',#647,1.);
#649=LINE('',#646,#648);
#650=EDGE_CURVE('',#637,#645,#649,.T.);
#651=ORIENTED_EDGE('',*,*,#650,.T.);
#652=CARTESIAN_POINT('',(-0.06249999999999996,0.003,0.0495));
#653=DIRECTION('',(1.,0.,0.));
#654=VECTOR('',#653,1.);
#655=LINE('',#652,#654);
#656=EDGE_CURVE('',#608,#645,#655,.T.);
#657=ORIENTED_EDGE('',*,*,#656,.F.);
#658=CARTESIAN_POINT('',(-0.06249999999999996,0.,0.0495));
#659=DIRECTION('',(0.,1.,0.));
#660=VECTOR('',#659,1.);
#661=LINE('',#658,#660);
#662=EDGE_CURVE('',#599,#608,#661,.T.);
#663=ORIENTED_EDGE('',*,*,#662,.F.);
#664=EDGE_LOOP('',(#643,#651,#657,#663));
#665=FACE_OUTER_BOUND('',#664,.T.);
#666=ADVANCED_FACE('',(#665),#635,.T.);
#667=CARTESIAN_POINT('',(-0.03250000000000001,0.003,0.));
#668=DIRECTION('',(-1.,0.,0.));
#669=DIRECTION('',(0.,0.,1.));
#670=AXIS2_PLACEMENT_3D('',#667,#668,#669);
#671=PLANE('',#670);
#672=CARTESIAN_POINT('',(-0.03250000000000001,0.,0.04650000000000003));
#673=VERTEX_POINT('',#672);
#674=CARTESIAN_POINT('',(-0.03250000000000001,0.,0.04650000000000003));
#675=DIRECTION('',(0.,0.,1.));
#676=VECTOR('',#675,1.);
#677=LINE('',#674,#676);
#678=EDGE_CURVE('',#673,#637,#677,.T.);
#679=ORIENTED_EDGE('',*,*,#678,.F.);
#680=CARTESIAN_POINT('',(-0.03250000000000001,0.003,0.04650000000000003));
#681=VERTEX_POINT('',#680);
#682=CARTESIAN_POINT('',(-0.03250000000000001,0.,0.04650000000000003));
#683=DIRECTION('',(0.,1.,0.));
#684=VECTOR('',#683,1.);
#685=LINE('',#682,#684);
#686=EDGE_CURVE('',#673,#681,#685,.T.);
#687=ORIENTED_EDGE('',*,*,#686,.T.);
#688=CARTESIAN_POINT('',(-0.03250000000000001,0.003,0.04650000000000003));
#689=DIRECTION('',(0.,0.,1.));
#690=VECTOR('',#689,1.);
#691=LINE('',#688,#690);
#692=EDGE_CURVE('',#681,#645,#691,.T.);
#693=ORIENTED_EDGE('',*,*,#692,.T.);
#694=CARTESIAN_POINT('',(-0.03250000000000001,0.,0.0495));
#695=DIRECTION('',(0.,1.,0.));
#696=VECTOR('',#695,1.);
#697=LINE('',#694,#696);
#698=EDGE_CURVE('',#637,#645,#697,.T.);
#699=ORIENTED_EDGE('',*,*,#698,.F.);
#700=EDGE_LOOP('',(#679,#687,#693,#699));
#701=FACE_OUTER_BOUND('',#700,.T.);
#702=ADVANCED_FACE('',(#701),#671,.F.);
#703=CARTESIAN_POINT('',(0.,0.003,0.04650000000000003));
#704=DIRECTION('',(0.,0.,-1.));
#705=DIRECTION('',(-1.,0.,0.));
#706=AXIS2_PLACEMENT_3D('',#703,#704,#705);
#707=PLANE('',#706);
#708=CARTESIAN_POINT('',(-0.023000000000000007,0.,0.04650000000000003));
#709=VERTEX_POINT('',#708);
#710=CARTESIAN_POINT('',(-0.023000000000000007,0.,0.04650000000000003));
#711=DIRECTION('',(-1.,0.,0.));
#712=VECTOR('',#711,1.);
#713=LINE('',#710,#712);
#714=EDGE_CURVE('',#709,#673,#713,.T.);
#715=ORIENTED_EDGE('',*,*,#714,.F.);
#716=CARTESIAN_POINT('',(-0.023000000000000007,0.003,0.04650000000000003));
#717=VERTEX_POINT('',#716);
#718=CARTESIAN_POINT('',(-0.023000000000000007,0.,0.04650000000000003));
#719=DIRECTION('',(0.,1.,0.));
#720=VECTOR('',#719,1.);
#721=LINE('',#718,#720);
#722=EDGE_CURVE('',#709,#717,#721,.T.);
#723=ORIENTED_EDGE('',*,*,#722,.T.);
#724=CARTESIAN_POINT('',(-0.023000000000000007,0.003,0.04650000000000003));
#725=DIRECTION('',(-1.,0.,0.));
#726=VECTOR('',#725,1.);
#727=LINE('',#724,#726);
#728=EDGE_CURVE('',#717,#681,#727,.T.);
#729=ORIENTED_EDGE('',*,*,#728,.T.);
#730=CARTESIAN_POINT('',(-0.03250000000000001,0.,0.04650000000000003));
#731=DIRECTION('',(0.,1.,0.));
#732=VECTOR('',#731,1.);
#733=LINE('',#730,#732);
#734=EDGE_CURVE('',#673,#681,#733,.T.);
#735=ORIENTED_EDGE('',*,*,#734,.F.);
#736=EDGE_LOOP('',(#715,#723,#729,#735));
#737=FACE_OUTER_BOUND('',#736,.T.);
#738=ADVANCED_FACE('',(#737),#707,.F.);
#739=CARTESIAN_POINT('',(-0.023000000000000007,0.003,0.));
#740=DIRECTION('',(-1.,0.,0.));
#741=DIRECTION('',(0.,0.,1.));
#742=AXIS2_PLACEMENT_3D('',#739,#740,#741);
#743=PLANE('',#742);
#744=CARTESIAN_POINT('',(-0.023000000000000007,0.,0.0495));
#745=VERTEX_POINT('',#744);
#746=CARTESIAN_POINT('',(-0.023000000000000007,0.,0.04650000000000003));
#747=DIRECTION('',(0.,0.,1.));
#748=VECTOR('',#747,1.);
#749=LINE('',#746,#748);
#750=EDGE_CURVE('',#709,#745,#749,.T.);
#751=ORIENTED_EDGE('',*,*,#750,.T.);
#752=CARTESIAN_POINT('',(-0.023000000000000007,0.003,0.0495));
#753=VERTEX_POINT('',#752);
#754=CARTESIAN_POINT('',(-0.023000000000000007,0.,0.0495));
#755=DIRECTION('',(0.,1.,0.));
#756=VECTOR('',#755,1.);
#757=LINE('',#754,#756);
#758=EDGE_CURVE('',#745,#753,#757,.T.);
#759=ORIENTED_EDGE('',*,*,#758,.T.);
#760=CARTESIAN_POINT('',(-0.023000000000000007,0.003,0.04650000000000003));
#761=DIRECTION('',(0.,0.,1.));
#762=VECTOR('',#761,1.);
#763=LINE('',#760,#762);
#764=EDGE_CURVE('',#717,#753,#763,.T.);
#765=ORIENTED_EDGE('',*,*,#764,.F.);
#766=CARTESIAN_POINT('',(-0.023000000000000007,0.,0.04650000000000003));
#767=DIRECTION('',(0.,1.,0.));
#768=VECTOR('',#767,1.);
#769=LINE('',#766,#768);
#770=EDGE_CURVE('',#709,#717,#769,.T.);
#771=ORIENTED_EDGE('',*,*,#770,.F.);
#772=EDGE_LOOP('',(#751,#759,#765,#771));
#773=FACE_OUTER_BOUND('',#772,.T.);
#774=ADVANCED_FACE('',(#773),#743,.T.);
#775=CARTESIAN_POINT('',(0.06249999999999996,0.,0.0495));
#776=VERTEX_POINT('',#775);
#777=CARTESIAN_POINT('',(-0.023000000000000007,0.,0.0495));
#778=DIRECTION('',(1.,0.,0.));
#779=VECTOR('',#778,1.);
#780=LINE('',#777,#779);
#781=EDGE_CURVE('',#745,#776,#780,.T.);
#782=ORIENTED_EDGE('',*,*,#781,.T.);
#783=CARTESIAN_POINT('',(0.06249999999999996,0.003,0.0495));
#784=VERTEX_POINT('',#783);
#785=CARTESIAN_POINT('',(0.06249999999999996,0.,0.0495));
#786=DIRECTION('',(0.,1.,0.));
#787=VECTOR('',#786,1.);
#788=LINE('',#785,#787);
#789=EDGE_CURVE('',#776,#784,#788,.T.);
#790=ORIENTED_EDGE('',*,*,#789,.T.);
#791=CARTESIAN_POINT('',(-0.023000000000000007,0.003,0.0495));
#792=DIRECTION('',(1.,0.,0.));
#793=VECTOR('',#792,1.);
#794=LINE('',#791,#793);
#795=EDGE_CURVE('',#753,#784,#794,.T.);
#796=ORIENTED_EDGE('',*,*,#795,.F.);
#797=CARTESIAN_POINT('',(-0.023000000000000007,0.,0.0495));
#798=DIRECTION('',(0.,1.,0.));
#799=VECTOR('',#798,1.);
#800=LINE('',#797,#799);
#801=EDGE_CURVE('',#745,#753,#800,.T.);
#802=ORIENTED_EDGE('',*,*,#801,.F.);
#803=EDGE_LOOP('',(#782,#790,#796,#802));
#804=FACE_OUTER_BOUND('',#803,.T.);
#805=ADVANCED_FACE('',(#804),#635,.T.);
#806=CARTESIAN_POINT('',(0.0625,0.003,0.0425));
#807=DIRECTION('',(0.,-1.,0.));
#808=DIRECTION('',(0.,0.,-1.));
#809=AXIS2_PLACEMENT_3D('',#806,#807,#808);
#810=CYLINDRICAL_SURFACE('',#809,0.007000000000000003);
#811=CARTESIAN_POINT('',(0.0695,0.,0.042499999999999954));
#812=VERTEX_POINT('',#811);
#813=CARTESIAN_POINT('',(0.0625,0.,0.0425));
#814=DIRECTION('',(0.,1.,0.));
#815=DIRECTION('',(0.,0.,1.));
#816=AXIS2_PLACEMENT_3D('',#813,#814,#815);
#817=CIRCLE('',#816,0.007000000000000003);
#818=EDGE_CURVE('',#812,#776,#817,.F.);
#819=ORIENTED_EDGE('',*,*,#818,.F.);
#820=CARTESIAN_POINT('',(0.0695,0.003,0.042499999999999954));
#821=VERTEX_POINT('',#820);
#822=CARTESIAN_POINT('',(0.0695,0.,0.042499999999999954));
#823=DIRECTION('',(0.,1.,0.));
#824=VECTOR('',#823,1.);
#825=LINE('',#822,#824);
#826=EDGE_CURVE('',#812,#821,#825,.T.);
#827=ORIENTED_EDGE('',*,*,#826,.T.);
#828=CARTESIAN_POINT('',(0.0625,0.003,0.0425));
#829=DIRECTION('',(0.,1.,0.));
#830=DIRECTION('',(0.,0.,1.));
#831=AXIS2_PLACEMENT_3D('',#828,#829,#830);
#832=CIRCLE('',#831,0.007000000000000003);
#833=EDGE_CURVE('',#821,#784,#832,.F.);
#834=ORIENTED_EDGE('',*,*,#833,.T.);
#835=CARTESIAN_POINT('',(0.06249999999999996,0.,0.0495));
#836=DIRECTION('',(0.,1.,0.));
#837=VECTOR('',#836,1.);
#838=LINE('',#835,#837);
#839=EDGE_CURVE('',#776,#784,#838,.T.);
#840=ORIENTED_EDGE('',*,*,#839,.F.);
#841=EDGE_LOOP('',(#819,#827,#834,#840));
#842=FACE_OUTER_BOUND('',#841,.T.);
#843=ADVANCED_FACE('',(#842),#810,.F.);
#844=CARTESIAN_POINT('',(0.0695,0.003,0.));
#845=DIRECTION('',(-1.,0.,0.));
#846=DIRECTION('',(0.,0.,1.));
#847=AXIS2_PLACEMENT_3D('',#844,#845,#846);
#848=PLANE('',#847);
#849=CARTESIAN_POINT('',(0.0695,0.,-0.042499999999999954));
#850=VERTEX_POINT('',#849);
#851=CARTESIAN_POINT('',(0.0695,0.,-0.042499999999999954));
#852=DIRECTION('',(0.,0.,1.));
#853=VECTOR('',#852,1.);
#854=LINE('',#851,#853);
#855=EDGE_CURVE('',#850,#812,#854,.T.);
#856=ORIENTED_EDGE('',*,*,#855,.F.);
#857=CARTESIAN_POINT('',(0.0695,0.003,-0.042499999999999954));
#858=VERTEX_POINT('',#857);
#859=CARTESIAN_POINT('',(0.0695,0.,-0.042499999999999954));
#860=DIRECTION('',(0.,1.,0.));
#861=VECTOR('',#860,1.);
#862=LINE('',#859,#861);
#863=EDGE_CURVE('',#850,#858,#862,.T.);
#864=ORIENTED_EDGE('',*,*,#863,.T.);
#865=CARTESIAN_POINT('',(0.0695,0.003,-0.042499999999999954));
#866=DIRECTION('',(0.,0.,1.));
#867=VECTOR('',#866,1.);
#868=LINE('',#865,#867);
#869=EDGE_CURVE('',#858,#821,#868,.T.);
#870=ORIENTED_EDGE('',*,*,#869,.T.);
#871=CARTESIAN_POINT('',(0.0695,0.,0.042499999999999954));
#872=DIRECTION('',(0.,1.,0.));
#873=VECTOR('',#872,1.);
#874=LINE('',#871,#873);
#875=EDGE_CURVE('',#812,#821,#874,.T.);
#876=ORIENTED_EDGE('',*,*,#875,.F.);
#877=EDGE_LOOP('',(#856,#864,#870,#876));
#878=FACE_OUTER_BOUND('',#877,.T.);
#879=ADVANCED_FACE('',(#878),#848,.F.);
#880=CARTESIAN_POINT('',(0.0625,0.003,-0.0425));
#881=DIRECTION('',(0.,-1.,0.));
#882=DIRECTION('',(0.,0.,-1.));
#883=AXIS2_PLACEMENT_3D('',#880,#881,#882);
#884=CYLINDRICAL_SURFACE('',#883,0.007000000000000003);
#885=CARTESIAN_POINT('',(0.06249999999999996,0.,-0.0495));
#886=VERTEX_POINT('',#885);
#887=CARTESIAN_POINT('',(0.0625,0.,-0.0425));
#888=DIRECTION('',(0.,1.,0.));
#889=DIRECTION('',(0.,0.,1.));
#890=AXIS2_PLACEMENT_3D('',#887,#888,#889);
#891=CIRCLE('',#890,0.007000000000000003);
#892=EDGE_CURVE('',#886,#850,#891,.F.);
#893=ORIENTED_EDGE('',*,*,#892,.F.);
#894=CARTESIAN_POINT('',(0.06249999999999996,0.003,-0.0495));
#895=VERTEX_POINT('',#894);
#896=CARTESIAN_POINT('',(0.06249999999999996,0.,-0.0495));
#897=DIRECTION('',(0.,1.,0.));
#898=VECTOR('',#897,1.);
#899=LINE('',#896,#898);
#900=EDGE_CURVE('',#886,#895,#899,.T.);
#901=ORIENTED_EDGE('',*,*,#900,.T.);
#902=CARTESIAN_POINT('',(0.0625,0.003,-0.0425));
#903=DIRECTION('',(0.,1.,0.));
#904=DIRECTION('',(0.,0.,1.));
#905=AXIS2_PLACEMENT_3D('',#902,#903,#904);
#906=CIRCLE('',#905,0.007000000000000003);
#907=EDGE_CURVE('',#895,#858,#906,.F.);
#908=ORIENTED_EDGE('',*,*,#907,.T.);
#909=CARTESIAN_POINT('',(0.0695,0.,-0.042499999999999954));
#910=DIRECTION('',(0.,1.,0.));
#911=VECTOR('',#910,1.);
#912=LINE('',#909,#911);
#913=EDGE_CURVE('',#850,#858,#912,.T.);
#914=ORIENTED_EDGE('',*,*,#913,.F.);
#915=EDGE_LOOP('',(#893,#901,#908,#914));
#916=FACE_OUTER_BOUND('',#915,.T.);
#917=ADVANCED_FACE('',(#916),#884,.F.);
#918=CARTESIAN_POINT('',(-0.023000000000000007,0.,-0.0495));
#919=VERTEX_POINT('',#918);
#920=CARTESIAN_POINT('',(-0.023000000000000007,0.,-0.0495));
#921=DIRECTION('',(1.,0.,0.));
#922=VECTOR('',#921,1.);
#923=LINE('',#920,#922);
#924=EDGE_CURVE('',#919,#886,#923,.T.);
#925=ORIENTED_EDGE('',*,*,#924,.F.);
#926=CARTESIAN_POINT('',(-0.023000000000000007,0.003,-0.0495));
#927=VERTEX_POINT('',#926);
#928=CARTESIAN_POINT('',(-0.023000000000000007,0.,-0.0495));
#929=DIRECTION('',(0.,1.,0.));
#930=VECTOR('',#929,1.);
#931=LINE('',#928,#930);
#932=EDGE_CURVE('',#919,#927,#931,.T.);
#933=ORIENTED_EDGE('',*,*,#932,.T.);
#934=CARTESIAN_POINT('',(-0.023000000000000007,0.003,-0.0495));
#935=DIRECTION('',(1.,0.,0.));
#936=VECTOR('',#935,1.);
#937=LINE('',#934,#936);
#938=EDGE_CURVE('',#927,#895,#937,.T.);
#939=ORIENTED_EDGE('',*,*,#938,.T.);
#940=CARTESIAN_POINT('',(0.06249999999999996,0.,-0.0495));
#941=DIRECTION('',(0.,1.,0.));
#942=VECTOR('',#941,1.);
#943=LINE('',#940,#942);
#944=EDGE_CURVE('',#886,#895,#943,.T.);
#945=ORIENTED_EDGE('',*,*,#944,.F.);
#946=EDGE_LOOP('',(#925,#933,#939,#945));
#947=FACE_OUTER_BOUND('',#946,.T.);
#948=ADVANCED_FACE('',(#947),#483,.F.);
#949=CARTESIAN_POINT('',(-0.023000000000000007,0.003,0.));
#950=DIRECTION('',(1.,0.,0.));
#951=DIRECTION('',(0.,0.,-1.));
#952=AXIS2_PLACEMENT_3D('',#949,#950,#951);
#953=PLANE('',#952);
#954=CARTESIAN_POINT('',(-0.023000000000000007,0.,-0.04650000000000003));
#955=VERTEX_POINT('',#954);
#956=CARTESIAN_POINT('',(-0.023000000000000007,0.,-0.04650000000000003));
#957=DIRECTION('',(0.,0.,-1.));
#958=VECTOR('',#957,1.);
#959=LINE('',#956,#958);
#960=EDGE_CURVE('',#955,#919,#959,.T.);
#961=ORIENTED_EDGE('',*,*,#960,.F.);
#962=CARTESIAN_POINT('',(-0.023000000000000007,0.003,-0.04650000000000003));
#963=VERTEX_POINT('',#962);
#964=CARTESIAN_POINT('',(-0.023000000000000007,0.,-0.04650000000000003));
#965=DIRECTION('',(0.,1.,0.));
#966=VECTOR('',#965,1.);
#967=LINE('',#964,#966);
#968=EDGE_CURVE('',#955,#963,#967,.T.);
#969=ORIENTED_EDGE('',*,*,#968,.T.);
#970=CARTESIAN_POINT('',(-0.023000000000000007,0.003,-0.04650000000000003));
#971=DIRECTION('',(0.,0.,-1.));
#972=VECTOR('',#971,1.);
#973=LINE('',#970,#972);
#974=EDGE_CURVE('',#963,#927,#973,.T.);
#975=ORIENTED_EDGE('',*,*,#974,.T.);
#976=CARTESIAN_POINT('',(-0.023000000000000007,0.,-0.0495));
#977=DIRECTION('',(0.,1.,0.));
#978=VECTOR('',#977,1.);
#979=LINE('',#976,#978);
#980=EDGE_CURVE('',#919,#927,#979,.T.);
#981=ORIENTED_EDGE('',*,*,#980,.F.);
#982=EDGE_LOOP('',(#961,#969,#975,#981));
#983=FACE_OUTER_BOUND('',#982,.T.);
#984=ADVANCED_FACE('',(#983),#953,.F.);
#985=CARTESIAN_POINT('',(0.,0.003,-0.04650000000000003));
#986=DIRECTION('',(0.,0.,-1.));
#987=DIRECTION('',(-1.,0.,0.));
#988=AXIS2_PLACEMENT_3D('',#985,#986,#987);
#989=PLANE('',#988);
#990=CARTESIAN_POINT('',(-0.03250000000000001,0.,-0.04650000000000003));
#991=VERTEX_POINT('',#990);
#992=CARTESIAN_POINT('',(-0.023000000000000007,0.,-0.04650000000000003));
#993=DIRECTION('',(-1.,0.,0.));
#994=VECTOR('',#993,1.);
#995=LINE('',#992,#994);
#996=EDGE_CURVE('',#955,#991,#995,.T.);
#997=ORIENTED_EDGE('',*,*,#996,.T.);
#998=CARTESIAN_POINT('',(-0.03250000000000001,0.003,-0.04650000000000003));
#999=VERTEX_POINT('',#998);
#1000=CARTESIAN_POINT('',(-0.03250000000000001,0.,-0.04650000000000003));
#1001=DIRECTION('',(0.,1.,0.));
#1002=VECTOR('',#1001,1.);
#1003=LINE('',#1000,#1002);
#1004=EDGE_CURVE('',#991,#999,#1003,.T.);
#1005=ORIENTED_EDGE('',*,*,#1004,.T.);
#1006=CARTESIAN_POINT('',(-0.023000000000000007,0.003,-0.04650000000000003));
#1007=DIRECTION('',(-1.,0.,0.));
#1008=VECTOR('',#1007,1.);
#1009=LINE('',#1006,#1008);
#1010=EDGE_CURVE('',#963,#999,#1009,.T.);
#1011=ORIENTED_EDGE('',*,*,#1010,.F.);
#1012=CARTESIAN_POINT('',(-0.023000000000000007,0.,-0.04650000000000003));
#1013=DIRECTION('',(0.,1.,0.));
#1014=VECTOR('',#1013,1.);
#1015=LINE('',#1012,#1014);
#1016=EDGE_CURVE('',#955,#963,#1015,.T.);
#1017=ORIENTED_EDGE('',*,*,#1016,.F.);
#1018=EDGE_LOOP('',(#997,#1005,#1011,#1017));
#1019=FACE_OUTER_BOUND('',#1018,.T.);
#1020=ADVANCED_FACE('',(#1019),#989,.T.);
#1021=CARTESIAN_POINT('',(-0.03250000000000002,0.003,0.));
#1022=DIRECTION('',(1.,0.,0.));
#1023=DIRECTION('',(0.,0.,-1.));
#1024=AXIS2_PLACEMENT_3D('',#1021,#1022,#1023);
#1025=PLANE('',#1024);
#1026=CARTESIAN_POINT('',(-0.03250000000000002,0.,-0.024500000000000036));
#1027=VERTEX_POINT('',#1026);
#1028=CARTESIAN_POINT('',(-0.03250000000000002,0.,-0.02750000000000003));
#1029=VERTEX_POINT('',#1028);
#1030=CARTESIAN_POINT('',(-0.03250000000000002,0.,-0.024500000000000036));
#1031=DIRECTION('',(0.,0.,-1.));
#1032=VECTOR('',#1031,1.);
#1033=LINE('',#1030,#1032);
#1034=EDGE_CURVE('',#1027,#1029,#1033,.T.);
#1035=ORIENTED_EDGE('',*,*,#1034,.T.);
#1036=CARTESIAN_POINT('',(-0.03250000000000002,0.003,-0.02750000000000003));
#1037=VERTEX_POINT('',#1036);
#1038=CARTESIAN_POINT('',(-0.03250000000000002,0.,-0.02750000000000003));
#1039=DIRECTION('',(0.,1.,0.));
#1040=VECTOR('',#1039,1.);
#1041=LINE('',#1038,#1040);
#1042=EDGE_CURVE('',#1029,#1037,#1041,.T.);
#1043=ORIENTED_EDGE('',*,*,#1042,.T.);
#1044=CARTESIAN_POINT('',(-0.03250000000000002,0.003,-0.024500000000000036));
#1045=VERTEX_POINT('',#1044);
#1046=CARTESIAN_POINT('',(-0.03250000000000002,0.003,-0.024500000000000036));
#1047=DIRECTION('',(0.,0.,-1.));
#1048=VECTOR('',#1047,1.);
#1049=LINE('',#1046,#1048);
#1050=EDGE_CURVE('',#1045,#1037,#1049,.T.);
#1051=ORIENTED_EDGE('',*,*,#1050,.F.);
#1052=CARTESIAN_POINT('',(-0.03250000000000002,0.,-0.024500000000000036));
#1053=DIRECTION('',(0.,1.,0.));
#1054=VECTOR('',#1053,1.);
#1055=LINE('',#1052,#1054);
#1056=EDGE_CURVE('',#1027,#1045,#1055,.T.);
#1057=ORIENTED_EDGE('',*,*,#1056,.F.);
#1058=EDGE_LOOP('',(#1035,#1043,#1051,#1057));
#1059=FACE_OUTER_BOUND('',#1058,.T.);
#1060=ADVANCED_FACE('',(#1059),#1025,.T.);
#1061=CARTESIAN_POINT('',(-2.008627182709991E-17,0.003,-0.027500000000000056));
#1062=DIRECTION('',(-7.304098846218133E-16,0.,-1.));
#1063=DIRECTION('',(-1.,0.,7.304098846218133E-16));
#1064=AXIS2_PLACEMENT_3D('',#1061,#1062,#1063);
#1065=PLANE('',#1064);
#1066=CARTESIAN_POINT('',(-0.02300000000000002,0.,-0.02750000000000004));
#1067=VERTEX_POINT('',#1066);
#1068=CARTESIAN_POINT('',(-0.02300000000000002,0.,-0.02750000000000004));
#1069=DIRECTION('',(-1.,0.,7.304098846218134E-16));
#1070=VECTOR('',#1069,1.);
#1071=LINE('',#1068,#1070);
#1072=EDGE_CURVE('',#1067,#1029,#1071,.T.);
#1073=ORIENTED_EDGE('',*,*,#1072,.F.);
#1074=CARTESIAN_POINT('',(-0.02300000000000002,0.003,-0.02750000000000004));
#1075=VERTEX_POINT('',#1074);
#1076=CARTESIAN_POINT('',(-0.02300000000000002,0.,-0.02750000000000004));
#1077=DIRECTION('',(0.,1.,0.));
#1078=VECTOR('',#1077,1.);
#1079=LINE('',#1076,#1078);
#1080=EDGE_CURVE('',#1067,#1075,#1079,.T.);
#1081=ORIENTED_EDGE('',*,*,#1080,.T.);
#1082=CARTESIAN_POINT('',(-0.02300000000000002,0.003,-0.02750000000000004));
#1083=DIRECTION('',(-1.,0.,7.304098846218134E-16));
#1084=VECTOR('',#1083,1.);
#1085=LINE('',#1082,#1084);
#1086=EDGE_CURVE('',#1075,#1037,#1085,.T.);
#1087=ORIENTED_EDGE('',*,*,#1086,.T.);
#1088=CARTESIAN_POINT('',(-0.03250000000000002,0.,-0.02750000000000003));
#1089=DIRECTION('',(0.,1.,0.));
#1090=VECTOR('',#1089,1.);
#1091=LINE('',#1088,#1090);
#1092=EDGE_CURVE('',#1029,#1037,#1091,.T.);
#1093=ORIENTED_EDGE('',*,*,#1092,.F.);
#1094=EDGE_LOOP('',(#1073,#1081,#1087,#1093));
#1095=FACE_OUTER_BOUND('',#1094,.T.);
#1096=ADVANCED_FACE('',(#1095),#1065,.F.);
#1097=CARTESIAN_POINT('',(-0.022999999999999958,0.003,5.319818659662145E-17));
#1098=DIRECTION('',(1.,0.,-2.3129646346357194E-15));
#1099=DIRECTION('',(-2.3129646346357194E-15,0.,-1.));
#1100=AXIS2_PLACEMENT_3D('',#1097,#1098,#1099);
#1101=PLANE('',#1100);
#1102=CARTESIAN_POINT('',(-0.023000000000000013,0.,-0.024500000000000008));
#1103=VERTEX_POINT('',#1102);
#1104=CARTESIAN_POINT('',(-0.023000000000000013,0.,-0.024500000000000008));
#1105=DIRECTION('',(-2.3129646346357194E-15,0.,-1.));
#1106=VECTOR('',#1105,1.);
#1107=LINE('',#1104,#1106);
#1108=EDGE_CURVE('',#1103,#1067,#1107,.T.);
#1109=ORIENTED_EDGE('',*,*,#1108,.F.);
#1110=CARTESIAN_POINT('',(-0.023000000000000013,0.003,-0.024500000000000008));
#1111=VERTEX_POINT('',#1110);
#1112=CARTESIAN_POINT('',(-0.023000000000000013,0.,-0.024500000000000008));
#1113=DIRECTION('',(0.,1.,0.));
#1114=VECTOR('',#1113,1.);
#1115=LINE('',#1112,#1114);
#1116=EDGE_CURVE('',#1103,#1111,#1115,.T.);
#1117=ORIENTED_EDGE('',*,*,#1116,.T.);
#1118=CARTESIAN_POINT('',(-0.023000000000000013,0.003,-0.024500000000000008));
#1119=DIRECTION('',(-2.3129646346357194E-15,0.,-1.));
#1120=VECTOR('',#1119,1.);
#1121=LINE('',#1118,#1120);
#1122=EDGE_CURVE('',#1111,#1075,#1121,.T.);
#1123=ORIENTED_EDGE('',*,*,#1122,.T.);
#1124=CARTESIAN_POINT('',(-0.02300000000000002,0.,-0.02750000000000004));
#1125=DIRECTION('',(0.,1.,0.));
#1126=VECTOR('',#1125,1.);
#1127=LINE('',#1124,#1126);
#1128=EDGE_CURVE('',#1067,#1075,#1127,.T.);
#1129=ORIENTED_EDGE('',*,*,#1128,.F.);
#1130=EDGE_LOOP('',(#1109,#1117,#1123,#1129));
#1131=FACE_OUTER_BOUND('',#1130,.T.);
#1132=ADVANCED_FACE('',(#1131),#1101,.F.);
#1133=CARTESIAN_POINT('',(-0.02299999999999995,0.003,-5.319818659662143E-17));
#1134=DIRECTION('',(-1.,0.,-2.3129646346357194E-15));
#1135=DIRECTION('',(-2.3129646346357194E-15,0.,1.));
#1136=AXIS2_PLACEMENT_3D('',#1133,#1134,#1135);
#1137=PLANE('',#1136);
#1138=CARTESIAN_POINT('',(-0.023000000000000007,0.,0.024499999999999973));
#1139=VERTEX_POINT('',#1138);
#1140=CARTESIAN_POINT('',(-0.023000000000000013,0.,0.027500000000000004));
#1141=VERTEX_POINT('',#1140);
#1142=CARTESIAN_POINT('',(-0.023000000000000007,0.,0.024499999999999973));
#1143=DIRECTION('',(-2.3129646346357194E-15,0.,1.));
#1144=VECTOR('',#1143,1.);
#1145=LINE('',#1142,#1144);
#1146=EDGE_CURVE('',#1139,#1141,#1145,.T.);
#1147=ORIENTED_EDGE('',*,*,#1146,.T.);
#1148=CARTESIAN_POINT('',(-0.023000000000000013,0.003,0.027500000000000004));
#1149=VERTEX_POINT('',#1148);
#1150=CARTESIAN_POINT('',(-0.023000000000000013,0.,0.027500000000000004));
#1151=DIRECTION('',(0.,1.,0.));
#1152=VECTOR('',#1151,1.);
#1153=LINE('',#1150,#1152);
#1154=EDGE_CURVE('',#1141,#1149,#1153,.T.);
#1155=ORIENTED_EDGE('',*,*,#1154,.T.);
#1156=CARTESIAN_POINT('',(-0.023000000000000007,0.003,0.024499999999999973));
#1157=VERTEX_POINT('',#1156);
#1158=CARTESIAN_POINT('',(-0.023000000000000007,0.003,0.024499999999999973));
#1159=DIRECTION('',(-2.3129646346357194E-15,0.,1.));
#1160=VECTOR('',#1159,1.);
#1161=LINE('',#1158,#1160);
#1162=EDGE_CURVE('',#1157,#1149,#1161,.T.);
#1163=ORIENTED_EDGE('',*,*,#1162,.F.);
#1164=CARTESIAN_POINT('',(-0.023000000000000007,0.,0.024499999999999973));
#1165=DIRECTION('',(0.,1.,0.));
#1166=VECTOR('',#1165,1.);
#1167=LINE('',#1164,#1166);
#1168=EDGE_CURVE('',#1139,#1157,#1167,.T.);
#1169=ORIENTED_EDGE('',*,*,#1168,.F.);
#1170=EDGE_LOOP('',(#1147,#1155,#1163,#1169));
#1171=FACE_OUTER_BOUND('',#1170,.T.);
#1172=ADVANCED_FACE('',(#1171),#1137,.T.);
#1173=CARTESIAN_POINT('',(0.,0.003,0.027500000000000004));
#1174=DIRECTION('',(0.,0.,-1.));
#1175=DIRECTION('',(-1.,0.,0.));
#1176=AXIS2_PLACEMENT_3D('',#1173,#1174,#1175);
#1177=PLANE('',#1176);
#1178=CARTESIAN_POINT('',(-0.032500000000000015,0.,0.027500000000000004));
#1179=VERTEX_POINT('',#1178);
#1180=CARTESIAN_POINT('',(-0.023000000000000013,0.,0.027500000000000004));
#1181=DIRECTION('',(-1.,0.,0.));
#1182=VECTOR('',#1181,1.);
#1183=LINE('',#1180,#1182);
#1184=EDGE_CURVE('',#1141,#1179,#1183,.T.);
#1185=ORIENTED_EDGE('',*,*,#1184,.T.);
#1186=CARTESIAN_POINT('',(-0.032500000000000015,0.003,0.027500000000000004));
#1187=VERTEX_POINT('',#1186);
#1188=CARTESIAN_POINT('',(-0.032500000000000015,0.,0.027500000000000004));
#1189=DIRECTION('',(0.,1.,0.));
#1190=VECTOR('',#1189,1.);
#1191=LINE('',#1188,#1190);
#1192=EDGE_CURVE('',#1179,#1187,#1191,.T.);
#1193=ORIENTED_EDGE('',*,*,#1192,.T.);
#1194=CARTESIAN_POINT('',(-0.023000000000000013,0.003,0.027500000000000004));
#1195=DIRECTION('',(-1.,0.,0.));
#1196=VECTOR('',#1195,1.);
#1197=LINE('',#1194,#1196);
#1198=EDGE_CURVE('',#1149,#1187,#1197,.T.);
#1199=ORIENTED_EDGE('',*,*,#1198,.F.);
#1200=CARTESIAN_POINT('',(-0.023000000000000013,0.,0.027500000000000004));
#1201=DIRECTION('',(0.,1.,0.));
#1202=VECTOR('',#1201,1.);
#1203=LINE('',#1200,#1202);
#1204=EDGE_CURVE('',#1141,#1149,#1203,.T.);
#1205=ORIENTED_EDGE('',*,*,#1204,.F.);
#1206=EDGE_LOOP('',(#1185,#1193,#1199,#1205));
#1207=FACE_OUTER_BOUND('',#1206,.T.);
#1208=ADVANCED_FACE('',(#1207),#1177,.T.);
#1209=CARTESIAN_POINT('',(-0.032500000000000015,0.003,0.));
#1210=DIRECTION('',(-1.,0.,0.));
#1211=DIRECTION('',(0.,0.,1.));
#1212=AXIS2_PLACEMENT_3D('',#1209,#1210,#1211);
#1213=PLANE('',#1212);
#1214=CARTESIAN_POINT('',(-0.032500000000000015,0.,0.024500000000000008));
#1215=VERTEX_POINT('',#1214);
#1216=CARTESIAN_POINT('',(-0.032500000000000015,0.,0.024500000000000008));
#1217=DIRECTION('',(0.,0.,1.));
#1218=VECTOR('',#1217,1.);
#1219=LINE('',#1216,#1218);
#1220=EDGE_CURVE('',#1215,#1179,#1219,.T.);
#1221=ORIENTED_EDGE('',*,*,#1220,.F.);
#1222=CARTESIAN_POINT('',(-0.032500000000000015,0.003,0.024500000000000008));
#1223=VERTEX_POINT('',#1222);
#1224=CARTESIAN_POINT('',(-0.032500000000000015,0.,0.024500000000000008));
#1225=DIRECTION('',(0.,1.,0.));
#1226=VECTOR('',#1225,1.);
#1227=LINE('',#1224,#1226);
#1228=EDGE_CURVE('',#1215,#1223,#1227,.T.);
#1229=ORIENTED_EDGE('',*,*,#1228,.T.);
#1230=CARTESIAN_POINT('',(-0.032500000000000015,0.003,0.024500000000000008));
#1231=DIRECTION('',(0.,0.,1.));
#1232=VECTOR('',#1231,1.);
#1233=LINE('',#1230,#1232);
#1234=EDGE_CURVE('',#1223,#1187,#1233,.T.);
#1235=ORIENTED_EDGE('',*,*,#1234,.T.);
#1236=CARTESIAN_POINT('',(-0.032500000000000015,0.,0.027500000000000004));
#1237=DIRECTION('',(0.,1.,0.));
#1238=VECTOR('',#1237,1.);
#1239=LINE('',#1236,#1238);
#1240=EDGE_CURVE('',#1179,#1187,#1239,.T.);
#1241=ORIENTED_EDGE('',*,*,#1240,.F.);
#1242=EDGE_LOOP('',(#1221,#1229,#1235,#1241));
#1243=FACE_OUTER_BOUND('',#1242,.T.);
#1244=ADVANCED_FACE('',(#1243),#1213,.F.);
#1245=CARTESIAN_POINT('',(1.1796119636642297E-17,0.003,0.017000000000000026));
#1246=DIRECTION('',(6.938893903907222E-16,0.,1.));
#1247=DIRECTION('',(1.,0.,-6.938893903907222E-16));
#1248=AXIS2_PLACEMENT_3D('',#1245,#1246,#1247);
#1249=PLANE('',#1248);
#1250=CARTESIAN_POINT('',(0.023000000000000024,0.,0.017000000000000008));
#1251=VERTEX_POINT('',#1250);
#1252=CARTESIAN_POINT('',(0.03300000000000003,0.,0.017));
#1253=VERTEX_POINT('',#1252);
#1254=CARTESIAN_POINT('',(0.023000000000000024,0.,0.017000000000000008));
#1255=DIRECTION('',(1.,0.,-6.938893903907224E-16));
#1256=VECTOR('',#1255,1.);
#1257=LINE('',#1254,#1256);
#1258=EDGE_CURVE('',#1251,#1253,#1257,.T.);
#1259=ORIENTED_EDGE('',*,*,#1258,.F.);
#1260=CARTESIAN_POINT('',(0.023000000000000024,0.003,0.017000000000000008));
#1261=VERTEX_POINT('',#1260);
#1262=CARTESIAN_POINT('',(0.023000000000000024,0.,0.017000000000000008));
#1263=DIRECTION('',(0.,1.,0.));
#1264=VECTOR('',#1263,1.);
#1265=LINE('',#1262,#1264);
#1266=EDGE_CURVE('',#1251,#1261,#1265,.T.);
#1267=ORIENTED_EDGE('',*,*,#1266,.T.);
#1268=CARTESIAN_POINT('',(0.03300000000000003,0.003,0.017));
#1269=VERTEX_POINT('',#1268);
#1270=CARTESIAN_POINT('',(0.023000000000000024,0.003,0.017000000000000008));
#1271=DIRECTION('',(1.,0.,-6.938893903907224E-16));
#1272=VECTOR('',#1271,1.);
#1273=LINE('',#1270,#1272);
#1274=EDGE_CURVE('',#1261,#1269,#1273,.T.);
#1275=ORIENTED_EDGE('',*,*,#1274,.T.);
#1276=CARTESIAN_POINT('',(0.03300000000000003,0.,0.017));
#1277=DIRECTION('',(0.,1.,0.));
#1278=VECTOR('',#1277,1.);
#1279=LINE('',#1276,#1278);
#1280=EDGE_CURVE('',#1253,#1269,#1279,.T.);
#1281=ORIENTED_EDGE('',*,*,#1280,.F.);
#1282=EDGE_LOOP('',(#1259,#1267,#1275,#1281));
#1283=FACE_OUTER_BOUND('',#1282,.T.);
#1284=ADVANCED_FACE('',(#1283),#1249,.F.);
#1285=CARTESIAN_POINT('',(0.023000000000000024,0.003,0.0155));
#1286=DIRECTION('',(0.,-1.,0.));
#1287=DIRECTION('',(0.,0.,-1.));
#1288=AXIS2_PLACEMENT_3D('',#1285,#1286,#1287);
#1289=CYLINDRICAL_SURFACE('',#1288,0.001500000000000003);
#1290=CARTESIAN_POINT('',(0.023000000000000024,0.,0.014000000000000002));
#1291=VERTEX_POINT('',#1290);
#1292=CARTESIAN_POINT('',(0.023000000000000024,0.,0.0155));
#1293=DIRECTION('',(0.,1.,0.));
#1294=DIRECTION('',(0.,0.,1.));
#1295=AXIS2_PLACEMENT_3D('',#1292,#1293,#1294);
#1296=CIRCLE('',#1295,0.001500000000000003);
#1297=EDGE_CURVE('',#1291,#1251,#1296,.T.);
#1298=ORIENTED_EDGE('',*,*,#1297,.F.);
#1299=CARTESIAN_POINT('',(0.023000000000000024,0.003,0.014000000000000002));
#1300=VERTEX_POINT('',#1299);
#1301=CARTESIAN_POINT('',(0.023000000000000024,0.,0.014000000000000002));
#1302=DIRECTION('',(0.,1.,0.));
#1303=VECTOR('',#1302,1.);
#1304=LINE('',#1301,#1303);
#1305=EDGE_CURVE('',#1291,#1300,#1304,.T.);
#1306=ORIENTED_EDGE('',*,*,#1305,.T.);
#1307=CARTESIAN_POINT('',(0.023000000000000024,0.003,0.0155));
#1308=DIRECTION('',(0.,1.,0.));
#1309=DIRECTION('',(0.,0.,1.));
#1310=AXIS2_PLACEMENT_3D('',#1307,#1308,#1309);
#1311=CIRCLE('',#1310,0.001500000000000003);
#1312=EDGE_CURVE('',#1300,#1261,#1311,.T.);
#1313=ORIENTED_EDGE('',*,*,#1312,.T.);
#1314=CARTESIAN_POINT('',(0.023000000000000024,0.,0.017000000000000008));
#1315=DIRECTION('',(0.,1.,0.));
#1316=VECTOR('',#1315,1.);
#1317=LINE('',#1314,#1316);
#1318=EDGE_CURVE('',#1251,#1261,#1317,.T.);
#1319=ORIENTED_EDGE('',*,*,#1318,.F.);
#1320=EDGE_LOOP('',(#1298,#1306,#1313,#1319));
#1321=FACE_OUTER_BOUND('',#1320,.T.);
#1322=ADVANCED_FACE('',(#1321),#1289,.F.);
#1323=CARTESIAN_POINT('',(9.714451465470125E-18,0.003,0.014000000000000018));
#1324=DIRECTION('',(6.938893903907222E-16,0.,1.));
#1325=DIRECTION('',(1.,0.,-6.938893903907222E-16));
#1326=AXIS2_PLACEMENT_3D('',#1323,#1324,#1325);
#1327=PLANE('',#1326);
#1328=CARTESIAN_POINT('',(0.03300000000000003,0.,0.013999999999999995));
#1329=VERTEX_POINT('',#1328);
#1330=CARTESIAN_POINT('',(0.023000000000000024,0.,0.014000000000000002));
#1331=DIRECTION('',(1.,0.,-6.938893903907224E-16));
#1332=VECTOR('',#1331,1.);
#1333=LINE('',#1330,#1332);
#1334=EDGE_CURVE('',#1291,#1329,#1333,.T.);
#1335=ORIENTED_EDGE('',*,*,#1334,.T.);
#1336=CARTESIAN_POINT('',(0.03300000000000003,0.003,0.013999999999999995));
#1337=VERTEX_POINT('',#1336);
#1338=CARTESIAN_POINT('',(0.03300000000000003,0.,0.013999999999999995));
#1339=DIRECTION('',(0.,1.,0.));
#1340=VECTOR('',#1339,1.);
#1341=LINE('',#1338,#1340);
#1342=EDGE_CURVE('',#1329,#1337,#1341,.T.);
#1343=ORIENTED_EDGE('',*,*,#1342,.T.);
#1344=CARTESIAN_POINT('',(0.023000000000000024,0.003,0.014000000000000002));
#1345=DIRECTION('',(1.,0.,-6.938893903907224E-16));
#1346=VECTOR('',#1345,1.);
#1347=LINE('',#1344,#1346);
#1348=EDGE_CURVE('',#1300,#1337,#1347,.T.);
#1349=ORIENTED_EDGE('',*,*,#1348,.F.);
#1350=CARTESIAN_POINT('',(0.023000000000000024,0.,0.014000000000000002));
#1351=DIRECTION('',(0.,1.,0.));
#1352=VECTOR('',#1351,1.);
#1353=LINE('',#1350,#1352);
#1354=EDGE_CURVE('',#1291,#1300,#1353,.T.);
#1355=ORIENTED_EDGE('',*,*,#1354,.F.);
#1356=EDGE_LOOP('',(#1335,#1343,#1349,#1355));
#1357=FACE_OUTER_BOUND('',#1356,.T.);
#1358=ADVANCED_FACE('',(#1357),#1327,.T.);
#1359=CARTESIAN_POINT('',(-0.02575000000000002,0.003,-0.016000000000000007));
#1360=DIRECTION('',(0.,-1.,0.));
#1361=DIRECTION('',(0.,0.,-1.));
#1362=AXIS2_PLACEMENT_3D('',#1359,#1360,#1361);
#1363=CYLINDRICAL_SURFACE('',#1362,0.0015000000000000013);
#1364=CARTESIAN_POINT('',(-0.02575000000000002,0.,-0.01750000000000001));
#1365=VERTEX_POINT('',#1364);
#1366=CARTESIAN_POINT('',(-0.02575000000000002,0.,-0.014500000000000006));
#1367=VERTEX_POINT('',#1366);
#1368=CARTESIAN_POINT('',(-0.02575000000000002,0.,-0.016000000000000007));
#1369=DIRECTION('',(0.,1.,0.));
#1370=DIRECTION('',(0.,0.,1.));
#1371=AXIS2_PLACEMENT_3D('',#1368,#1369,#1370);
#1372=CIRCLE('',#1371,0.0015000000000000013);
#1373=EDGE_CURVE('',#1365,#1367,#1372,.T.);
#1374=ORIENTED_EDGE('',*,*,#1373,.T.);
#1375=CARTESIAN_POINT('',(-0.02575000000000002,0.003,-0.014500000000000006));
#1376=VERTEX_POINT('',#1375);
#1377=CARTESIAN_POINT('',(-0.02575000000000002,0.,-0.014500000000000006));
#1378=DIRECTION('',(0.,1.,0.));
#1379=VECTOR('',#1378,1.);
#1380=LINE('',#1377,#1379);
#1381=EDGE_CURVE('',#1367,#1376,#1380,.T.);
#1382=ORIENTED_EDGE('',*,*,#1381,.T.);
#1383=CARTESIAN_POINT('',(-0.02575000000000002,0.003,-0.01750000000000001));
#1384=VERTEX_POINT('',#1383);
#1385=CARTESIAN_POINT('',(-0.02575000000000002,0.003,-0.016000000000000007));
#1386=DIRECTION('',(0.,1.,0.));
#1387=DIRECTION('',(0.,0.,1.));
#1388=AXIS2_PLACEMENT_3D('',#1385,#1386,#1387);
#1389=CIRCLE('',#1388,0.0015000000000000013);
#1390=EDGE_CURVE('',#1384,#1376,#1389,.T.);
#1391=ORIENTED_EDGE('',*,*,#1390,.F.);
#1392=CARTESIAN_POINT('',(-0.02575000000000002,0.,-0.01750000000000001));
#1393=DIRECTION('',(0.,1.,0.));
#1394=VECTOR('',#1393,1.);
#1395=LINE('',#1392,#1394);
#1396=EDGE_CURVE('',#1365,#1384,#1395,.T.);
#1397=ORIENTED_EDGE('',*,*,#1396,.F.);
#1398=EDGE_LOOP('',(#1374,#1382,#1391,#1397));
#1399=FACE_OUTER_BOUND('',#1398,.T.);
#1400=ADVANCED_FACE('',(#1399),#1363,.T.);
#1401=CARTESIAN_POINT('',(0.,0.003,-0.014500000000000006));
#1402=DIRECTION('',(0.,0.,-1.));
#1403=DIRECTION('',(-1.,0.,0.));
#1404=AXIS2_PLACEMENT_3D('',#1401,#1402,#1403);
#1405=PLANE('',#1404);
#1406=CARTESIAN_POINT('',(-0.04575000000000002,0.,-0.014500000000000006));
#1407=VERTEX_POINT('',#1406);
#1408=CARTESIAN_POINT('',(-0.02575000000000002,0.,-0.014500000000000006));
#1409=DIRECTION('',(-1.,0.,0.));
#1410=VECTOR('',#1409,1.);
#1411=LINE('',#1408,#1410);
#1412=EDGE_CURVE('',#1367,#1407,#1411,.T.);
#1413=ORIENTED_EDGE('',*,*,#1412,.T.);
#1414=CARTESIAN_POINT('',(-0.04575000000000002,0.003,-0.014500000000000006));
#1415=VERTEX_POINT('',#1414);
#1416=CARTESIAN_POINT('',(-0.04575000000000002,0.,-0.014500000000000006));
#1417=DIRECTION('',(0.,1.,0.));
#1418=VECTOR('',#1417,1.);
#1419=LINE('',#1416,#1418);
#1420=EDGE_CURVE('',#1407,#1415,#1419,.T.);
#1421=ORIENTED_EDGE('',*,*,#1420,.T.);
#1422=CARTESIAN_POINT('',(-0.02575000000000002,0.003,-0.014500000000000006));
#1423=DIRECTION('',(-1.,0.,0.));
#1424=VECTOR('',#1423,1.);
#1425=LINE('',#1422,#1424);
#1426=EDGE_CURVE('',#1376,#1415,#1425,.T.);
#1427=ORIENTED_EDGE('',*,*,#1426,.F.);
#1428=CARTESIAN_POINT('',(-0.02575000000000002,0.,-0.014500000000000006));
#1429=DIRECTION('',(0.,1.,0.));
#1430=VECTOR('',#1429,1.);
#1431=LINE('',#1428,#1430);
#1432=EDGE_CURVE('',#1367,#1376,#1431,.T.);
#1433=ORIENTED_EDGE('',*,*,#1432,.F.);
#1434=EDGE_LOOP('',(#1413,#1421,#1427,#1433));
#1435=FACE_OUTER_BOUND('',#1434,.T.);
#1436=ADVANCED_FACE('',(#1435),#1405,.T.);
#1437=CARTESIAN_POINT('',(-0.04575000000000002,0.003,-0.016000000000000007));
#1438=DIRECTION('',(0.,-1.,0.));
#1439=DIRECTION('',(0.,0.,-1.));
#1440=AXIS2_PLACEMENT_3D('',#1437,#1438,#1439);
#1441=CYLINDRICAL_SURFACE('',#1440,0.0015000000000000013);
#1442=CARTESIAN_POINT('',(-0.04575000000000002,0.,-0.01750000000000001));
#1443=VERTEX_POINT('',#1442);
#1444=CARTESIAN_POINT('',(-0.04575000000000002,0.,-0.016000000000000007));
#1445=DIRECTION('',(0.,1.,0.));
#1446=DIRECTION('',(0.,0.,1.));
#1447=AXIS2_PLACEMENT_3D('',#1444,#1445,#1446);
#1448=CIRCLE('',#1447,0.0015000000000000013);
#1449=EDGE_CURVE('',#1407,#1443,#1448,.T.);
#1450=ORIENTED_EDGE('',*,*,#1449,.T.);
#1451=CARTESIAN_POINT('',(-0.04575000000000002,0.003,-0.01750000000000001));
#1452=VERTEX_POINT('',#1451);
#1453=CARTESIAN_POINT('',(-0.04575000000000002,0.,-0.01750000000000001));
#1454=DIRECTION('',(0.,1.,0.));
#1455=VECTOR('',#1454,1.);
#1456=LINE('',#1453,#1455);
#1457=EDGE_CURVE('',#1443,#1452,#1456,.T.);
#1458=ORIENTED_EDGE('',*,*,#1457,.T.);
#1459=CARTESIAN_POINT('',(-0.04575000000000002,0.003,-0.016000000000000007));
#1460=DIRECTION('',(0.,1.,0.));
#1461=DIRECTION('',(0.,0.,1.));
#1462=AXIS2_PLACEMENT_3D('',#1459,#1460,#1461);
#1463=CIRCLE('',#1462,0.0015000000000000013);
#1464=EDGE_CURVE('',#1415,#1452,#1463,.T.);
#1465=ORIENTED_EDGE('',*,*,#1464,.F.);
#1466=CARTESIAN_POINT('',(-0.04575000000000002,0.,-0.014500000000000006));
#1467=DIRECTION('',(0.,1.,0.));
#1468=VECTOR('',#1467,1.);
#1469=LINE('',#1466,#1468);
#1470=EDGE_CURVE('',#1407,#1415,#1469,.T.);
#1471=ORIENTED_EDGE('',*,*,#1470,.F.);
#1472=EDGE_LOOP('',(#1450,#1458,#1465,#1471));
#1473=FACE_OUTER_BOUND('',#1472,.T.);
#1474=ADVANCED_FACE('',(#1473),#1441,.T.);
#1475=CARTESIAN_POINT('',(-0.02575000000000002,0.003,-0.008000000000000002));
#1476=DIRECTION('',(0.,-1.,0.));
#1477=DIRECTION('',(0.,0.,-1.));
#1478=AXIS2_PLACEMENT_3D('',#1475,#1476,#1477);
#1479=CYLINDRICAL_SURFACE('',#1478,0.0015000000000000013);
#1480=CARTESIAN_POINT('',(-0.025749999999999936,0.,-0.009500000000000003));
#1481=VERTEX_POINT('',#1480);
#1482=CARTESIAN_POINT('',(-0.025749999999999936,0.,-0.006500000000000001));
#1483=VERTEX_POINT('',#1482);
#1484=CARTESIAN_POINT('',(-0.02575000000000002,0.,-0.008000000000000002));
#1485=DIRECTION('',(0.,1.,0.));
#1486=DIRECTION('',(0.,0.,1.));
#1487=AXIS2_PLACEMENT_3D('',#1484,#1485,#1486);
#1488=CIRCLE('',#1487,0.0015000000000000013);
#1489=EDGE_CURVE('',#1481,#1483,#1488,.F.);
#1490=ORIENTED_EDGE('',*,*,#1489,.T.);
#1491=CARTESIAN_POINT('',(-0.025749999999999936,0.003,-0.006500000000000001));
#1492=VERTEX_POINT('',#1491);
#1493=CARTESIAN_POINT('',(-0.025749999999999936,0.,-0.006500000000000001));
#1494=DIRECTION('',(0.,1.,0.));
#1495=VECTOR('',#1494,1.);
#1496=LINE('',#1493,#1495);
#1497=EDGE_CURVE('',#1483,#1492,#1496,.T.);
#1498=ORIENTED_EDGE('',*,*,#1497,.T.);
#1499=CARTESIAN_POINT('',(-0.025749999999999936,0.003,-0.009500000000000003));
#1500=VERTEX_POINT('',#1499);
#1501=CARTESIAN_POINT('',(-0.02575000000000002,0.003,-0.008000000000000002));
#1502=DIRECTION('',(0.,1.,0.));
#1503=DIRECTION('',(0.,0.,1.));
#1504=AXIS2_PLACEMENT_3D('',#1501,#1502,#1503);
#1505=CIRCLE('',#1504,0.0015000000000000013);
#1506=EDGE_CURVE('',#1500,#1492,#1505,.F.);
#1507=ORIENTED_EDGE('',*,*,#1506,.F.);
#1508=CARTESIAN_POINT('',(-0.025749999999999936,0.,-0.009500000000000003));
#1509=DIRECTION('',(0.,1.,0.));
#1510=VECTOR('',#1509,1.);
#1511=LINE('',#1508,#1510);
#1512=EDGE_CURVE('',#1481,#1500,#1511,.T.);
#1513=ORIENTED_EDGE('',*,*,#1512,.F.);
#1514=EDGE_LOOP('',(#1490,#1498,#1507,#1513));
#1515=FACE_OUTER_BOUND('',#1514,.T.);
#1516=ADVANCED_FACE('',(#1515),#1479,.T.);
#1517=CARTESIAN_POINT('',(0.,0.003,-0.006500000000000001));
#1518=DIRECTION('',(0.,0.,-1.));
#1519=DIRECTION('',(-1.,0.,0.));
#1520=AXIS2_PLACEMENT_3D('',#1517,#1518,#1519);
#1521=PLANE('',#1520);
#1522=CARTESIAN_POINT('',(-0.04574999999999994,0.,-0.006500000000000001));
#1523=VERTEX_POINT('',#1522);
#1524=CARTESIAN_POINT('',(-0.025749999999999936,0.,-0.006500000000000001));
#1525=DIRECTION('',(-1.,0.,0.));
#1526=VECTOR('',#1525,1.);
#1527=LINE('',#1524,#1526);
#1528=EDGE_CURVE('',#1483,#1523,#1527,.T.);
#1529=ORIENTED_EDGE('',*,*,#1528,.T.);
#1530=CARTESIAN_POINT('',(-0.04574999999999994,0.003,-0.006500000000000001));
#1531=VERTEX_POINT('',#1530);
#1532=CARTESIAN_POINT('',(-0.04574999999999994,0.,-0.006500000000000001));
#1533=DIRECTION('',(0.,1.,0.));
#1534=VECTOR('',#1533,1.);
#1535=LINE('',#1532,#1534);
#1536=EDGE_CURVE('',#1523,#1531,#1535,.T.);
#1537=ORIENTED_EDGE('',*,*,#1536,.T.);
#1538=CARTESIAN_POINT('',(-0.025749999999999936,0.003,-0.006500000000000001));
#1539=DIRECTION('',(-1.,0.,0.));
#1540=VECTOR('',#1539,1.);
#1541=LINE('',#1538,#1540);
#1542=EDGE_CURVE('',#1492,#1531,#1541,.T.);
#1543=ORIENTED_EDGE('',*,*,#1542,.F.);
#1544=CARTESIAN_POINT('',(-0.025749999999999936,0.,-0.006500000000000001));
#1545=DIRECTION('',(0.,1.,0.));
#1546=VECTOR('',#1545,1.);
#1547=LINE('',#1544,#1546);
#1548=EDGE_CURVE('',#1483,#1492,#1547,.T.);
#1549=ORIENTED_EDGE('',*,*,#1548,.F.);
#1550=EDGE_LOOP('',(#1529,#1537,#1543,#1549));
#1551=FACE_OUTER_BOUND('',#1550,.T.);
#1552=ADVANCED_FACE('',(#1551),#1521,.T.);
#1553=CARTESIAN_POINT('',(-0.04575000000000002,0.003,-0.008000000000000004));
#1554=DIRECTION('',(0.,-1.,0.));
#1555=DIRECTION('',(0.,0.,-1.));
#1556=AXIS2_PLACEMENT_3D('',#1553,#1554,#1555);
#1557=CYLINDRICAL_SURFACE('',#1556,0.0015000000000000013);
#1558=CARTESIAN_POINT('',(-0.04574999999999994,0.,-0.009500000000000003));
#1559=VERTEX_POINT('',#1558);
#1560=CARTESIAN_POINT('',(-0.04575000000000002,0.,-0.008000000000000004));
#1561=DIRECTION('',(0.,1.,0.));
#1562=DIRECTION('',(0.,0.,1.));
#1563=AXIS2_PLACEMENT_3D('',#1560,#1561,#1562);
#1564=CIRCLE('',#1563,0.0015000000000000013);
#1565=EDGE_CURVE('',#1523,#1559,#1564,.T.);
#1566=ORIENTED_EDGE('',*,*,#1565,.T.);
#1567=CARTESIAN_POINT('',(-0.04574999999999994,0.003,-0.009500000000000003));
#1568=VERTEX_POINT('',#1567);
#1569=CARTESIAN_POINT('',(-0.04574999999999994,0.,-0.009500000000000003));
#1570=DIRECTION('',(0.,1.,0.));
#1571=VECTOR('',#1570,1.);
#1572=LINE('',#1569,#1571);
#1573=EDGE_CURVE('',#1559,#1568,#1572,.T.);
#1574=ORIENTED_EDGE('',*,*,#1573,.T.);
#1575=CARTESIAN_POINT('',(-0.04575000000000002,0.003,-0.008000000000000004));
#1576=DIRECTION('',(0.,1.,0.));
#1577=DIRECTION('',(0.,0.,1.));
#1578=AXIS2_PLACEMENT_3D('',#1575,#1576,#1577);
#1579=CIRCLE('',#1578,0.0015000000000000013);
#1580=EDGE_CURVE('',#1531,#1568,#1579,.T.);
#1581=ORIENTED_EDGE('',*,*,#1580,.F.);
#1582=CARTESIAN_POINT('',(-0.04574999999999994,0.,-0.006500000000000001));
#1583=DIRECTION('',(0.,1.,0.));
#1584=VECTOR('',#1583,1.);
#1585=LINE('',#1582,#1584);
#1586=EDGE_CURVE('',#1523,#1531,#1585,.T.);
#1587=ORIENTED_EDGE('',*,*,#1586,.F.);
#1588=EDGE_LOOP('',(#1566,#1574,#1581,#1587));
#1589=FACE_OUTER_BOUND('',#1588,.T.);
#1590=ADVANCED_FACE('',(#1589),#1557,.T.);
#1591=CARTESIAN_POINT('',(-0.025750000000000012,0.003,1.0408340855860843E-17));
#1592=DIRECTION('',(0.,-1.,0.));
#1593=DIRECTION('',(0.,0.,-1.));
#1594=AXIS2_PLACEMENT_3D('',#1591,#1592,#1593);
#1595=CYLINDRICAL_SURFACE('',#1594,0.0014999999999999944);
#1596=CARTESIAN_POINT('',(-0.02574999999999984,0.,-0.001499999999999984));
#1597=VERTEX_POINT('',#1596);
#1598=CARTESIAN_POINT('',(-0.02574999999999984,0.,0.0015000000000000048));
#1599=VERTEX_POINT('',#1598);
#1600=CARTESIAN_POINT('',(-0.025750000000000012,0.,1.0408340855860843E-17));
#1601=DIRECTION('',(0.,1.,0.));
#1602=DIRECTION('',(0.,0.,1.));
#1603=AXIS2_PLACEMENT_3D('',#1600,#1601,#1602);
#1604=CIRCLE('',#1603,0.0014999999999999944);
#1605=EDGE_CURVE('',#1597,#1599,#1604,.F.);
#1606=ORIENTED_EDGE('',*,*,#1605,.T.);
#1607=CARTESIAN_POINT('',(-0.02574999999999984,0.003,0.0015000000000000048));
#1608=VERTEX_POINT('',#1607);
#1609=CARTESIAN_POINT('',(-0.02574999999999984,0.,0.0015000000000000048));
#1610=DIRECTION('',(0.,1.,0.));
#1611=VECTOR('',#1610,1.);
#1612=LINE('',#1609,#1611);
#1613=EDGE_CURVE('',#1599,#1608,#1612,.T.);
#1614=ORIENTED_EDGE('',*,*,#1613,.T.);
#1615=CARTESIAN_POINT('',(-0.02574999999999984,0.003,-0.001499999999999984));
#1616=VERTEX_POINT('',#1615);
#1617=CARTESIAN_POINT('',(-0.025750000000000012,0.003,1.0408340855860843E-17));
#1618=DIRECTION('',(0.,1.,0.));
#1619=DIRECTION('',(0.,0.,1.));
#1620=AXIS2_PLACEMENT_3D('',#1617,#1618,#1619);
#1621=CIRCLE('',#1620,0.0014999999999999944);
#1622=EDGE_CURVE('',#1616,#1608,#1621,.F.);
#1623=ORIENTED_EDGE('',*,*,#1622,.F.);
#1624=CARTESIAN_POINT('',(-0.02574999999999984,0.,-0.001499999999999984));
#1625=DIRECTION('',(0.,1.,0.));
#1626=VECTOR('',#1625,1.);
#1627=LINE('',#1624,#1626);
#1628=EDGE_CURVE('',#1597,#1616,#1627,.T.);
#1629=ORIENTED_EDGE('',*,*,#1628,.F.);
#1630=EDGE_LOOP('',(#1606,#1614,#1623,#1629));
#1631=FACE_OUTER_BOUND('',#1630,.T.);
#1632=ADVANCED_FACE('',(#1631),#1595,.T.);
#1633=CARTESIAN_POINT('',(0.,0.003,0.0015000000000000048));
#1634=DIRECTION('',(0.,0.,-1.));
#1635=DIRECTION('',(-1.,0.,0.));
#1636=AXIS2_PLACEMENT_3D('',#1633,#1634,#1635);
#1637=PLANE('',#1636);
#1638=CARTESIAN_POINT('',(-0.04574999999999984,0.,0.0015000000000000048));
#1639=VERTEX_POINT('',#1638);
#1640=CARTESIAN_POINT('',(-0.02574999999999984,0.,0.0015000000000000048));
#1641=DIRECTION('',(-1.,0.,0.));
#1642=VECTOR('',#1641,1.);
#1643=LINE('',#1640,#1642);
#1644=EDGE_CURVE('',#1599,#1639,#1643,.T.);
#1645=ORIENTED_EDGE('',*,*,#1644,.T.);
#1646=CARTESIAN_POINT('',(-0.04574999999999984,0.003,0.0015000000000000048));
#1647=VERTEX_POINT('',#1646);
#1648=CARTESIAN_POINT('',(-0.04574999999999984,0.,0.0015000000000000048));
#1649=DIRECTION('',(0.,1.,0.));
#1650=VECTOR('',#1649,1.);
#1651=LINE('',#1648,#1650);
#1652=EDGE_CURVE('',#1639,#1647,#1651,.T.);
#1653=ORIENTED_EDGE('',*,*,#1652,.T.);
#1654=CARTESIAN_POINT('',(-0.02574999999999984,0.003,0.0015000000000000048));
#1655=DIRECTION('',(-1.,0.,0.));
#1656=VECTOR('',#1655,1.);
#1657=LINE('',#1654,#1656);
#1658=EDGE_CURVE('',#1608,#1647,#1657,.T.);
#1659=ORIENTED_EDGE('',*,*,#1658,.F.);
#1660=CARTESIAN_POINT('',(-0.02574999999999984,0.,0.0015000000000000048));
#1661=DIRECTION('',(0.,1.,0.));
#1662=VECTOR('',#1661,1.);
#1663=LINE('',#1660,#1662);
#1664=EDGE_CURVE('',#1599,#1608,#1663,.T.);
#1665=ORIENTED_EDGE('',*,*,#1664,.F.);
#1666=EDGE_LOOP('',(#1645,#1653,#1659,#1665));
#1667=FACE_OUTER_BOUND('',#1666,.T.);
#1668=ADVANCED_FACE('',(#1667),#1637,.T.);
#1669=CARTESIAN_POINT('',(-0.04575000000000001,0.003,1.0408340855860843E-17));
#1670=DIRECTION('',(0.,-1.,0.));
#1671=DIRECTION('',(0.,0.,-1.));
#1672=AXIS2_PLACEMENT_3D('',#1669,#1670,#1671);
#1673=CYLINDRICAL_SURFACE('',#1672,0.0014999999999999944);
#1674=CARTESIAN_POINT('',(-0.04574999999999984,0.,-0.001499999999999984));
#1675=VERTEX_POINT('',#1674);
#1676=CARTESIAN_POINT('',(-0.04575000000000001,0.,1.0408340855860843E-17));
#1677=DIRECTION('',(0.,1.,0.));
#1678=DIRECTION('',(0.,0.,1.));
#1679=AXIS2_PLACEMENT_3D('',#1676,#1677,#1678);
#1680=CIRCLE('',#1679,0.0014999999999999944);
#1681=EDGE_CURVE('',#1639,#1675,#1680,.T.);
#1682=ORIENTED_EDGE('',*,*,#1681,.T.);
#1683=CARTESIAN_POINT('',(-0.04574999999999984,0.003,-0.001499999999999984));
#1684=VERTEX_POINT('',#1683);
#1685=CARTESIAN_POINT('',(-0.04574999999999984,0.,-0.001499999999999984));
#1686=DIRECTION('',(0.,1.,0.));
#1687=VECTOR('',#1686,1.);
#1688=LINE('',#1685,#1687);
#1689=EDGE_CURVE('',#1675,#1684,#1688,.T.);
#1690=ORIENTED_EDGE('',*,*,#1689,.T.);
#1691=CARTESIAN_POINT('',(-0.04575000000000001,0.003,1.0408340855860843E-17));
#1692=DIRECTION('',(0.,1.,0.));
#1693=DIRECTION('',(0.,0.,1.));
#1694=AXIS2_PLACEMENT_3D('',#1691,#1692,#1693);
#1695=CIRCLE('',#1694,0.0014999999999999944);
#1696=EDGE_CURVE('',#1647,#1684,#1695,.T.);
#1697=ORIENTED_EDGE('',*,*,#1696,.F.);
#1698=CARTESIAN_POINT('',(-0.04574999999999984,0.,0.0015000000000000048));
#1699=DIRECTION('',(0.,1.,0.));
#1700=VECTOR('',#1699,1.);
#1701=LINE('',#1698,#1700);
#1702=EDGE_CURVE('',#1639,#1647,#1701,.T.);
#1703=ORIENTED_EDGE('',*,*,#1702,.F.);
#1704=EDGE_LOOP('',(#1682,#1690,#1697,#1703));
#1705=FACE_OUTER_BOUND('',#1704,.T.);
#1706=ADVANCED_FACE('',(#1705),#1673,.T.);
#1707=CARTESIAN_POINT('',(-0.02575000000000002,0.003,0.008000000000000007));
#1708=DIRECTION('',(0.,-1.,0.));
#1709=DIRECTION('',(0.,0.,-1.));
#1710=AXIS2_PLACEMENT_3D('',#1707,#1708,#1709);
#1711=CYLINDRICAL_SURFACE('',#1710,0.0015000000000000013);
#1712=CARTESIAN_POINT('',(-0.02574999999999977,0.,0.006500000000000006));
#1713=VERTEX_POINT('',#1712);
#1714=CARTESIAN_POINT('',(-0.02574999999999977,0.,0.009500000000000008));
#1715=VERTEX_POINT('',#1714);
#1716=CARTESIAN_POINT('',(-0.02575000000000002,0.,0.008000000000000007));
#1717=DIRECTION('',(0.,1.,0.));
#1718=DIRECTION('',(0.,0.,1.));
#1719=AXIS2_PLACEMENT_3D('',#1716,#1717,#1718);
#1720=CIRCLE('',#1719,0.0015000000000000013);
#1721=EDGE_CURVE('',#1713,#1715,#1720,.F.);
#1722=ORIENTED_EDGE('',*,*,#1721,.T.);
#1723=CARTESIAN_POINT('',(-0.02574999999999977,0.003,0.009500000000000008));
#1724=VERTEX_POINT('',#1723);
#1725=CARTESIAN_POINT('',(-0.02574999999999977,0.,0.009500000000000008));
#1726=DIRECTION('',(0.,1.,0.));
#1727=VECTOR('',#1726,1.);
#1728=LINE('',#1725,#1727);
#1729=EDGE_CURVE('',#1715,#1724,#1728,.T.);
#1730=ORIENTED_EDGE('',*,*,#1729,.T.);
#1731=CARTESIAN_POINT('',(-0.02574999999999977,0.003,0.006500000000000006));
#1732=VERTEX_POINT('',#1731);
#1733=CARTESIAN_POINT('',(-0.02575000000000002,0.003,0.008000000000000007));
#1734=DIRECTION('',(0.,1.,0.));
#1735=DIRECTION('',(0.,0.,1.));
#1736=AXIS2_PLACEMENT_3D('',#1733,#1734,#1735);
#1737=CIRCLE('',#1736,0.0015000000000000013);
#1738=EDGE_CURVE('',#1732,#1724,#1737,.F.);
#1739=ORIENTED_EDGE('',*,*,#1738,.F.);
#1740=CARTESIAN_POINT('',(-0.02574999999999977,0.,0.006500000000000006));
#1741=DIRECTION('',(0.,1.,0.));
#1742=VECTOR('',#1741,1.);
#1743=LINE('',#1740,#1742);
#1744=EDGE_CURVE('',#1713,#1732,#1743,.T.);
#1745=ORIENTED_EDGE('',*,*,#1744,.F.);
#1746=EDGE_LOOP('',(#1722,#1730,#1739,#1745));
#1747=FACE_OUTER_BOUND('',#1746,.T.);
#1748=ADVANCED_FACE('',(#1747),#1711,.T.);
#1749=CARTESIAN_POINT('',(0.,0.003,0.009500000000000008));
#1750=DIRECTION('',(0.,0.,-1.));
#1751=DIRECTION('',(-1.,0.,0.));
#1752=AXIS2_PLACEMENT_3D('',#1749,#1750,#1751);
#1753=PLANE('',#1752);
#1754=CARTESIAN_POINT('',(-0.04574999999999977,0.,0.009500000000000008));
#1755=VERTEX_POINT('',#1754);
#1756=CARTESIAN_POINT('',(-0.02574999999999977,0.,0.009500000000000008));
#1757=DIRECTION('',(-1.,0.,0.));
#1758=VECTOR('',#1757,1.);
#1759=LINE('',#1756,#1758);
#1760=EDGE_CURVE('',#1715,#1755,#1759,.T.);
#1761=ORIENTED_EDGE('',*,*,#1760,.T.);
#1762=CARTESIAN_POINT('',(-0.04574999999999977,0.003,0.009500000000000008));
#1763=VERTEX_POINT('',#1762);
#1764=CARTESIAN_POINT('',(-0.04574999999999977,0.,0.009500000000000008));
#1765=DIRECTION('',(0.,1.,0.));
#1766=VECTOR('',#1765,1.);
#1767=LINE('',#1764,#1766);
#1768=EDGE_CURVE('',#1755,#1763,#1767,.T.);
#1769=ORIENTED_EDGE('',*,*,#1768,.T.);
#1770=CARTESIAN_POINT('',(-0.02574999999999977,0.003,0.009500000000000008));
#1771=DIRECTION('',(-1.,0.,0.));
#1772=VECTOR('',#1771,1.);
#1773=LINE('',#1770,#1772);
#1774=EDGE_CURVE('',#1724,#1763,#1773,.T.);
#1775=ORIENTED_EDGE('',*,*,#1774,.F.);
#1776=CARTESIAN_POINT('',(-0.02574999999999977,0.,0.009500000000000008));
#1777=DIRECTION('',(0.,1.,0.));
#1778=VECTOR('',#1777,1.);
#1779=LINE('',#1776,#1778);
#1780=EDGE_CURVE('',#1715,#1724,#1779,.T.);
#1781=ORIENTED_EDGE('',*,*,#1780,.F.);
#1782=EDGE_LOOP('',(#1761,#1769,#1775,#1781));
#1783=FACE_OUTER_BOUND('',#1782,.T.);
#1784=ADVANCED_FACE('',(#1783),#1753,.T.);
#1785=CARTESIAN_POINT('',(-0.04575000000000002,0.003,0.008000000000000007));
#1786=DIRECTION('',(0.,-1.,0.));
#1787=DIRECTION('',(0.,0.,-1.));
#1788=AXIS2_PLACEMENT_3D('',#1785,#1786,#1787);
#1789=CYLINDRICAL_SURFACE('',#1788,0.0015000000000000013);
#1790=CARTESIAN_POINT('',(-0.04574999999999977,0.,0.006500000000000006));
#1791=VERTEX_POINT('',#1790);
#1792=CARTESIAN_POINT('',(-0.04575000000000002,0.,0.008000000000000007));
#1793=DIRECTION('',(0.,1.,0.));
#1794=DIRECTION('',(0.,0.,1.));
#1795=AXIS2_PLACEMENT_3D('',#1792,#1793,#1794);
#1796=CIRCLE('',#1795,0.0015000000000000013);
#1797=EDGE_CURVE('',#1755,#1791,#1796,.T.);
#1798=ORIENTED_EDGE('',*,*,#1797,.T.);
#1799=CARTESIAN_POINT('',(-0.04574999999999977,0.003,0.006500000000000006));
#1800=VERTEX_POINT('',#1799);
#1801=CARTESIAN_POINT('',(-0.04574999999999977,0.,0.006500000000000006));
#1802=DIRECTION('',(0.,1.,0.));
#1803=VECTOR('',#1802,1.);
#1804=LINE('',#1801,#1803);
#1805=EDGE_CURVE('',#1791,#1800,#1804,.T.);
#1806=ORIENTED_EDGE('',*,*,#1805,.T.);
#1807=CARTESIAN_POINT('',(-0.04575000000000002,0.003,0.008000000000000007));
#1808=DIRECTION('',(0.,1.,0.));
#1809=DIRECTION('',(0.,0.,1.));
#1810=AXIS2_PLACEMENT_3D('',#1807,#1808,#1809);
#1811=CIRCLE('',#1810,0.0015000000000000013);
#1812=EDGE_CURVE('',#1763,#1800,#1811,.T.);
#1813=ORIENTED_EDGE('',*,*,#1812,.F.);
#1814=CARTESIAN_POINT('',(-0.04574999999999977,0.,0.009500000000000008));
#1815=DIRECTION('',(0.,1.,0.));
#1816=VECTOR('',#1815,1.);
#1817=LINE('',#1814,#1816);
#1818=EDGE_CURVE('',#1755,#1763,#1817,.T.);
#1819=ORIENTED_EDGE('',*,*,#1818,.F.);
#1820=EDGE_LOOP('',(#1798,#1806,#1813,#1819));
#1821=FACE_OUTER_BOUND('',#1820,.T.);
#1822=ADVANCED_FACE('',(#1821),#1789,.T.);
#1823=CARTESIAN_POINT('',(-0.025749999999999607,0.003,0.016000000000000014));
#1824=DIRECTION('',(0.,-1.,0.));
#1825=DIRECTION('',(0.,0.,-1.));
#1826=AXIS2_PLACEMENT_3D('',#1823,#1824,#1825);
#1827=CYLINDRICAL_SURFACE('',#1826,0.0015000000000000013);
#1828=CARTESIAN_POINT('',(-0.025749999999999686,0.,0.014500000000000013));
#1829=VERTEX_POINT('',#1828);
#1830=CARTESIAN_POINT('',(-0.025749999999999686,0.,0.017500000000000016));
#1831=VERTEX_POINT('',#1830);
#1832=CARTESIAN_POINT('',(-0.025749999999999607,0.,0.016000000000000014));
#1833=DIRECTION('',(0.,1.,0.));
#1834=DIRECTION('',(0.,0.,1.));
#1835=AXIS2_PLACEMENT_3D('',#1832,#1833,#1834);
#1836=CIRCLE('',#1835,0.0015000000000000013);
#1837=EDGE_CURVE('',#1829,#1831,#1836,.T.);
#1838=ORIENTED_EDGE('',*,*,#1837,.T.);
#1839=CARTESIAN_POINT('',(-0.025749999999999686,0.003,0.017500000000000016));
#1840=VERTEX_POINT('',#1839);
#1841=CARTESIAN_POINT('',(-0.025749999999999686,0.,0.017500000000000016));
#1842=DIRECTION('',(0.,1.,0.));
#1843=VECTOR('',#1842,1.);
#1844=LINE('',#1841,#1843);
#1845=EDGE_CURVE('',#1831,#1840,#1844,.T.);
#1846=ORIENTED_EDGE('',*,*,#1845,.T.);
#1847=CARTESIAN_POINT('',(-0.025749999999999686,0.003,0.014500000000000013));
#1848=VERTEX_POINT('',#1847);
#1849=CARTESIAN_POINT('',(-0.025749999999999607,0.003,0.016000000000000014));
#1850=DIRECTION('',(0.,1.,0.));
#1851=DIRECTION('',(0.,0.,1.));
#1852=AXIS2_PLACEMENT_3D('',#1849,#1850,#1851);
#1853=CIRCLE('',#1852,0.0015000000000000013);
#1854=EDGE_CURVE('',#1848,#1840,#1853,.T.);
#1855=ORIENTED_EDGE('',*,*,#1854,.F.);
#1856=CARTESIAN_POINT('',(-0.025749999999999686,0.,0.014500000000000013));
#1857=DIRECTION('',(0.,1.,0.));
#1858=VECTOR('',#1857,1.);
#1859=LINE('',#1856,#1858);
#1860=EDGE_CURVE('',#1829,#1848,#1859,.T.);
#1861=ORIENTED_EDGE('',*,*,#1860,.F.);
#1862=EDGE_LOOP('',(#1838,#1846,#1855,#1861));
#1863=FACE_OUTER_BOUND('',#1862,.T.);
#1864=ADVANCED_FACE('',(#1863),#1827,.T.);
#1865=CARTESIAN_POINT('',(0.,0.003,0.017500000000000016));
#1866=DIRECTION('',(0.,0.,-1.));
#1867=DIRECTION('',(-1.,0.,0.));
#1868=AXIS2_PLACEMENT_3D('',#1865,#1866,#1867);
#1869=PLANE('',#1868);
#1870=CARTESIAN_POINT('',(-0.04574999999999969,0.,0.017500000000000016));
#1871=VERTEX_POINT('',#1870);
#1872=CARTESIAN_POINT('',(-0.025749999999999686,0.,0.017500000000000016));
#1873=DIRECTION('',(-1.,0.,0.));
#1874=VECTOR('',#1873,1.);
#1875=LINE('',#1872,#1874);
#1876=EDGE_CURVE('',#1831,#1871,#1875,.T.);
#1877=ORIENTED_EDGE('',*,*,#1876,.T.);
#1878=CARTESIAN_POINT('',(-0.04574999999999969,0.003,0.017500000000000016));
#1879=VERTEX_POINT('',#1878);
#1880=CARTESIAN_POINT('',(-0.04574999999999969,0.,0.017500000000000016));
#1881=DIRECTION('',(0.,1.,0.));
#1882=VECTOR('',#1881,1.);
#1883=LINE('',#1880,#1882);
#1884=EDGE_CURVE('',#1871,#1879,#1883,.T.);
#1885=ORIENTED_EDGE('',*,*,#1884,.T.);
#1886=CARTESIAN_POINT('',(-0.025749999999999686,0.003,0.017500000000000016));
#1887=DIRECTION('',(-1.,0.,0.));
#1888=VECTOR('',#1887,1.);
#1889=LINE('',#1886,#1888);
#1890=EDGE_CURVE('',#1840,#1879,#1889,.T.);
#1891=ORIENTED_EDGE('',*,*,#1890,.F.);
#1892=CARTESIAN_POINT('',(-0.025749999999999686,0.,0.017500000000000016));
#1893=DIRECTION('',(0.,1.,0.));
#1894=VECTOR('',#1893,1.);
#1895=LINE('',#1892,#1894);
#1896=EDGE_CURVE('',#1831,#1840,#1895,.T.);
#1897=ORIENTED_EDGE('',*,*,#1896,.F.);
#1898=EDGE_LOOP('',(#1877,#1885,#1891,#1897));
#1899=FACE_OUTER_BOUND('',#1898,.T.);
#1900=ADVANCED_FACE('',(#1899),#1869,.T.);
#1901=CARTESIAN_POINT('',(-0.04575000000000002,0.003,0.016000000000000014));
#1902=DIRECTION('',(0.,-1.,0.));
#1903=DIRECTION('',(0.,0.,-1.));
#1904=AXIS2_PLACEMENT_3D('',#1901,#1902,#1903);
#1905=CYLINDRICAL_SURFACE('',#1904,0.0015000000000000013);
#1906=CARTESIAN_POINT('',(-0.04574999999999969,0.,0.014500000000000013));
#1907=VERTEX_POINT('',#1906);
#1908=CARTESIAN_POINT('',(-0.04575000000000002,0.,0.016000000000000014));
#1909=DIRECTION('',(0.,1.,0.));
#1910=DIRECTION('',(0.,0.,1.));
#1911=AXIS2_PLACEMENT_3D('',#1908,#1909,#1910);
#1912=CIRCLE('',#1911,0.0015000000000000013);
#1913=EDGE_CURVE('',#1871,#1907,#1912,.T.);
#1914=ORIENTED_EDGE('',*,*,#1913,.T.);
#1915=CARTESIAN_POINT('',(-0.04574999999999969,0.003,0.014500000000000013));
#1916=VERTEX_POINT('',#1915);
#1917=CARTESIAN_POINT('',(-0.04574999999999969,0.,0.014500000000000013));
#1918=DIRECTION('',(0.,1.,0.));
#1919=VECTOR('',#1918,1.);
#1920=LINE('',#1917,#1919);
#1921=EDGE_CURVE('',#1907,#1916,#1920,.T.);
#1922=ORIENTED_EDGE('',*,*,#1921,.T.);
#1923=CARTESIAN_POINT('',(-0.04575000000000002,0.003,0.016000000000000014));
#1924=DIRECTION('',(0.,1.,0.));
#1925=DIRECTION('',(0.,0.,1.));
#1926=AXIS2_PLACEMENT_3D('',#1923,#1924,#1925);
#1927=CIRCLE('',#1926,0.0015000000000000013);
#1928=EDGE_CURVE('',#1879,#1916,#1927,.T.);
#1929=ORIENTED_EDGE('',*,*,#1928,.F.);
#1930=CARTESIAN_POINT('',(-0.04574999999999969,0.,0.017500000000000016));
#1931=DIRECTION('',(0.,1.,0.));
#1932=VECTOR('',#1931,1.);
#1933=LINE('',#1930,#1932);
#1934=EDGE_CURVE('',#1871,#1879,#1933,.T.);
#1935=ORIENTED_EDGE('',*,*,#1934,.F.);
#1936=EDGE_LOOP('',(#1914,#1922,#1929,#1935));
#1937=FACE_OUTER_BOUND('',#1936,.T.);
#1938=ADVANCED_FACE('',(#1937),#1905,.T.);
#1939=CARTESIAN_POINT('',(0.022999999999999958,0.003,-0.021500000000000005));
#1940=DIRECTION('',(0.,-1.,0.));
#1941=DIRECTION('',(0.,0.,-1.));
#1942=AXIS2_PLACEMENT_3D('',#1939,#1940,#1941);
#1943=CYLINDRICAL_SURFACE('',#1942,0.0014999999999999198);
#1944=CARTESIAN_POINT('',(0.022999999999999937,0.,-0.020000000000000157));
#1945=VERTEX_POINT('',#1944);
#1946=CARTESIAN_POINT('',(0.022999999999999937,0.,-0.022999999999999996));
#1947=VERTEX_POINT('',#1946);
#1948=CARTESIAN_POINT('',(0.022999999999999958,0.,-0.021500000000000005));
#1949=DIRECTION('',(0.,1.,0.));
#1950=DIRECTION('',(0.,0.,1.));
#1951=AXIS2_PLACEMENT_3D('',#1948,#1949,#1950);
#1952=CIRCLE('',#1951,0.0014999999999999198);
#1953=EDGE_CURVE('',#1945,#1947,#1952,.F.);
#1954=ORIENTED_EDGE('',*,*,#1953,.T.);
#1955=CARTESIAN_POINT('',(0.022999999999999937,0.003,-0.022999999999999996));
#1956=VERTEX_POINT('',#1955);
#1957=CARTESIAN_POINT('',(0.022999999999999937,0.,-0.022999999999999996));
#1958=DIRECTION('',(0.,1.,0.));
#1959=VECTOR('',#1958,1.);
#1960=LINE('',#1957,#1959);
#1961=EDGE_CURVE('',#1947,#1956,#1960,.T.);
#1962=ORIENTED_EDGE('',*,*,#1961,.T.);
#1963=CARTESIAN_POINT('',(0.022999999999999937,0.003,-0.020000000000000157));
#1964=VERTEX_POINT('',#1963);
#1965=CARTESIAN_POINT('',(0.022999999999999958,0.003,-0.021500000000000005));
#1966=DIRECTION('',(0.,1.,0.));
#1967=DIRECTION('',(0.,0.,1.));
#1968=AXIS2_PLACEMENT_3D('',#1965,#1966,#1967);
#1969=CIRCLE('',#1968,0.0014999999999999198);
#1970=EDGE_CURVE('',#1964,#1956,#1969,.F.);
#1971=ORIENTED_EDGE('',*,*,#1970,.F.);
#1972=CARTESIAN_POINT('',(0.022999999999999937,0.,-0.020000000000000157));
#1973=DIRECTION('',(0.,1.,0.));
#1974=VECTOR('',#1973,1.);
#1975=LINE('',#1972,#1974);
#1976=EDGE_CURVE('',#1945,#1964,#1975,.T.);
#1977=ORIENTED_EDGE('',*,*,#1976,.F.);
#1978=EDGE_LOOP('',(#1954,#1962,#1971,#1977));
#1979=FACE_OUTER_BOUND('',#1978,.T.);
#1980=ADVANCED_FACE('',(#1979),#1943,.T.);
#1981=CARTESIAN_POINT('',(0.,0.003,-0.022999999999999996));
#1982=DIRECTION('',(0.,0.,1.));
#1983=DIRECTION('',(1.,0.,0.));
#1984=AXIS2_PLACEMENT_3D('',#1981,#1982,#1983);
#1985=PLANE('',#1984);
#1986=CARTESIAN_POINT('',(0.03299999999999994,0.,-0.022999999999999996));
#1987=VERTEX_POINT('',#1986);
#1988=CARTESIAN_POINT('',(0.022999999999999937,0.,-0.022999999999999996));
#1989=DIRECTION('',(1.,0.,0.));
#1990=VECTOR('',#1989,1.);
#1991=LINE('',#1988,#1990);
#1992=EDGE_CURVE('',#1947,#1987,#1991,.T.);
#1993=ORIENTED_EDGE('',*,*,#1992,.T.);
#1994=CARTESIAN_POINT('',(0.03299999999999994,0.003,-0.022999999999999996));
#1995=VERTEX_POINT('',#1994);
#1996=CARTESIAN_POINT('',(0.03299999999999994,0.,-0.022999999999999996));
#1997=DIRECTION('',(0.,1.,0.));
#1998=VECTOR('',#1997,1.);
#1999=LINE('',#1996,#1998);
#2000=EDGE_CURVE('',#1987,#1995,#1999,.T.);
#2001=ORIENTED_EDGE('',*,*,#2000,.T.);
#2002=CARTESIAN_POINT('',(0.022999999999999937,0.003,-0.022999999999999996));
#2003=DIRECTION('',(1.,0.,0.));
#2004=VECTOR('',#2003,1.);
#2005=LINE('',#2002,#2004);
#2006=EDGE_CURVE('',#1956,#1995,#2005,.T.);
#2007=ORIENTED_EDGE('',*,*,#2006,.F.);
#2008=CARTESIAN_POINT('',(0.022999999999999937,0.,-0.022999999999999996));
#2009=DIRECTION('',(0.,1.,0.));
#2010=VECTOR('',#2009,1.);
#2011=LINE('',#2008,#2010);
#2012=EDGE_CURVE('',#1947,#1956,#2011,.T.);
#2013=ORIENTED_EDGE('',*,*,#2012,.F.);
#2014=EDGE_LOOP('',(#1993,#2001,#2007,#2013));
#2015=FACE_OUTER_BOUND('',#2014,.T.);
#2016=ADVANCED_FACE('',(#2015),#1985,.T.);
#2017=CARTESIAN_POINT('',(0.03299999999999996,0.003,-0.021500000000000047));
#2018=DIRECTION('',(0.,-1.,0.));
#2019=DIRECTION('',(0.,0.,-1.));
#2020=AXIS2_PLACEMENT_3D('',#2017,#2018,#2019);
#2021=CYLINDRICAL_SURFACE('',#2020,0.0014999999999999163);
#2022=CARTESIAN_POINT('',(0.032999999999999946,0.,-0.020000000000000163));
#2023=VERTEX_POINT('',#2022);
#2024=CARTESIAN_POINT('',(0.03299999999999996,0.,-0.021500000000000047));
#2025=DIRECTION('',(0.,1.,0.));
#2026=DIRECTION('',(0.,0.,1.));
#2027=AXIS2_PLACEMENT_3D('',#2024,#2025,#2026);
#2028=CIRCLE('',#2027,0.0014999999999999163);
#2029=EDGE_CURVE('',#1987,#2023,#2028,.T.);
#2030=ORIENTED_EDGE('',*,*,#2029,.T.);
#2031=CARTESIAN_POINT('',(0.032999999999999946,0.003,-0.020000000000000163));
#2032=VERTEX_POINT('',#2031);
#2033=CARTESIAN_POINT('',(0.032999999999999946,0.,-0.020000000000000163));
#2034=DIRECTION('',(0.,1.,0.));
#2035=VECTOR('',#2034,1.);
#2036=LINE('',#2033,#2035);
#2037=EDGE_CURVE('',#2023,#2032,#2036,.T.);
#2038=ORIENTED_EDGE('',*,*,#2037,.T.);
#2039=CARTESIAN_POINT('',(0.03299999999999996,0.003,-0.021500000000000047));
#2040=DIRECTION('',(0.,1.,0.));
#2041=DIRECTION('',(0.,0.,1.));
#2042=AXIS2_PLACEMENT_3D('',#2039,#2040,#2041);
#2043=CIRCLE('',#2042,0.0014999999999999163);
#2044=EDGE_CURVE('',#1995,#2032,#2043,.T.);
#2045=ORIENTED_EDGE('',*,*,#2044,.F.);
#2046=CARTESIAN_POINT('',(0.03299999999999994,0.,-0.022999999999999996));
#2047=DIRECTION('',(0.,1.,0.));
#2048=VECTOR('',#2047,1.);
#2049=LINE('',#2046,#2048);
#2050=EDGE_CURVE('',#1987,#1995,#2049,.T.);
#2051=ORIENTED_EDGE('',*,*,#2050,.F.);
#2052=EDGE_LOOP('',(#2030,#2038,#2045,#2051));
#2053=FACE_OUTER_BOUND('',#2052,.T.);
#2054=ADVANCED_FACE('',(#2053),#2021,.T.);
#2055=CARTESIAN_POINT('',(0.022999999999999958,0.003,-0.02750000000000002));
#2056=DIRECTION('',(0.,-1.,0.));
#2057=DIRECTION('',(0.,0.,-1.));
#2058=AXIS2_PLACEMENT_3D('',#2055,#2056,#2057);
#2059=CYLINDRICAL_SURFACE('',#2058,0.0014999999999999198);
#2060=CARTESIAN_POINT('',(0.022999999999999916,0.,-0.026000000000000172));
#2061=VERTEX_POINT('',#2060);
#2062=CARTESIAN_POINT('',(0.022999999999999916,0.,-0.029000000000000012));
#2063=VERTEX_POINT('',#2062);
#2064=CARTESIAN_POINT('',(0.022999999999999958,0.,-0.02750000000000002));
#2065=DIRECTION('',(0.,1.,0.));
#2066=DIRECTION('',(0.,0.,1.));
#2067=AXIS2_PLACEMENT_3D('',#2064,#2065,#2066);
#2068=CIRCLE('',#2067,0.0014999999999999198);
#2069=EDGE_CURVE('',#2061,#2063,#2068,.F.);
#2070=ORIENTED_EDGE('',*,*,#2069,.T.);
#2071=CARTESIAN_POINT('',(0.022999999999999916,0.003,-0.029000000000000012));
#2072=VERTEX_POINT('',#2071);
#2073=CARTESIAN_POINT('',(0.022999999999999916,0.,-0.029000000000000012));
#2074=DIRECTION('',(0.,1.,0.));
#2075=VECTOR('',#2074,1.);
#2076=LINE('',#2073,#2075);
#2077=EDGE_CURVE('',#2063,#2072,#2076,.T.);
#2078=ORIENTED_EDGE('',*,*,#2077,.T.);
#2079=CARTESIAN_POINT('',(0.022999999999999916,0.003,-0.026000000000000172));
#2080=VERTEX_POINT('',#2079);
#2081=CARTESIAN_POINT('',(0.022999999999999958,0.003,-0.02750000000000002));
#2082=DIRECTION('',(0.,1.,0.));
#2083=DIRECTION('',(0.,0.,1.));
#2084=AXIS2_PLACEMENT_3D('',#2081,#2082,#2083);
#2085=CIRCLE('',#2084,0.0014999999999999198);
#2086=EDGE_CURVE('',#2080,#2072,#2085,.F.);
#2087=ORIENTED_EDGE('',*,*,#2086,.F.);
#2088=CARTESIAN_POINT('',(0.022999999999999916,0.,-0.026000000000000172));
#2089=DIRECTION('',(0.,1.,0.));
#2090=VECTOR('',#2089,1.);
#2091=LINE('',#2088,#2090);
#2092=EDGE_CURVE('',#2061,#2080,#2091,.T.);
#2093=ORIENTED_EDGE('',*,*,#2092,.F.);
#2094=EDGE_LOOP('',(#2070,#2078,#2087,#2093));
#2095=FACE_OUTER_BOUND('',#2094,.T.);
#2096=ADVANCED_FACE('',(#2095),#2059,.T.);
#2097=CARTESIAN_POINT('',(0.,0.003,-0.029000000000000012));
#2098=DIRECTION('',(0.,0.,1.));
#2099=DIRECTION('',(1.,0.,0.));
#2100=AXIS2_PLACEMENT_3D('',#2097,#2098,#2099);
#2101=PLANE('',#2100);
#2102=CARTESIAN_POINT('',(0.03299999999999992,0.,-0.029000000000000012));
#2103=VERTEX_POINT('',#2102);
#2104=CARTESIAN_POINT('',(0.022999999999999916,0.,-0.029000000000000012));
#2105=DIRECTION('',(1.,0.,0.));
#2106=VECTOR('',#2105,1.);
#2107=LINE('',#2104,#2106);
#2108=EDGE_CURVE('',#2063,#2103,#2107,.T.);
#2109=ORIENTED_EDGE('',*,*,#2108,.T.);
#2110=CARTESIAN_POINT('',(0.03299999999999992,0.003,-0.029000000000000012));
#2111=VERTEX_POINT('',#2110);
#2112=CARTESIAN_POINT('',(0.03299999999999992,0.,-0.029000000000000012));
#2113=DIRECTION('',(0.,1.,0.));
#2114=VECTOR('',#2113,1.);
#2115=LINE('',#2112,#2114);
#2116=EDGE_CURVE('',#2103,#2111,#2115,.T.);
#2117=ORIENTED_EDGE('',*,*,#2116,.T.);
#2118=CARTESIAN_POINT('',(0.022999999999999916,0.003,-0.029000000000000012));
#2119=DIRECTION('',(1.,0.,0.));
#2120=VECTOR('',#2119,1.);
#2121=LINE('',#2118,#2120);
#2122=EDGE_CURVE('',#2072,#2111,#2121,.T.);
#2123=ORIENTED_EDGE('',*,*,#2122,.F.);
#2124=CARTESIAN_POINT('',(0.022999999999999916,0.,-0.029000000000000012));
#2125=DIRECTION('',(0.,1.,0.));
#2126=VECTOR('',#2125,1.);
#2127=LINE('',#2124,#2126);
#2128=EDGE_CURVE('',#2063,#2072,#2127,.T.);
#2129=ORIENTED_EDGE('',*,*,#2128,.F.);
#2130=EDGE_LOOP('',(#2109,#2117,#2123,#2129));
#2131=FACE_OUTER_BOUND('',#2130,.T.);
#2132=ADVANCED_FACE('',(#2131),#2101,.T.);
#2133=CARTESIAN_POINT('',(0.03299999999999996,0.003,-0.02750000000000006));
#2134=DIRECTION('',(0.,-1.,0.));
#2135=DIRECTION('',(0.,0.,-1.));
#2136=AXIS2_PLACEMENT_3D('',#2133,#2134,#2135);
#2137=CYLINDRICAL_SURFACE('',#2136,0.0014999999999999163);
#2138=CARTESIAN_POINT('',(0.032999999999999925,0.,-0.02600000000000018));
#2139=VERTEX_POINT('',#2138);
#2140=CARTESIAN_POINT('',(0.03299999999999996,0.,-0.02750000000000006));
#2141=DIRECTION('',(0.,1.,0.));
#2142=DIRECTION('',(0.,0.,1.));
#2143=AXIS2_PLACEMENT_3D('',#2140,#2141,#2142);
#2144=CIRCLE('',#2143,0.0014999999999999163);
#2145=EDGE_CURVE('',#2103,#2139,#2144,.T.);
#2146=ORIENTED_EDGE('',*,*,#2145,.T.);
#2147=CARTESIAN_POINT('',(0.032999999999999925,0.003,-0.02600000000000018));
#2148=VERTEX_POINT('',#2147);
#2149=CARTESIAN_POINT('',(0.032999999999999925,0.,-0.02600000000000018));
#2150=DIRECTION('',(0.,1.,0.));
#2151=VECTOR('',#2150,1.);
#2152=LINE('',#2149,#2151);
#2153=EDGE_CURVE('',#2139,#2148,#2152,.T.);
#2154=ORIENTED_EDGE('',*,*,#2153,.T.);
#2155=CARTESIAN_POINT('',(0.03299999999999996,0.003,-0.02750000000000006));
#2156=DIRECTION('',(0.,1.,0.));
#2157=DIRECTION('',(0.,0.,1.));
#2158=AXIS2_PLACEMENT_3D('',#2155,#2156,#2157);
#2159=CIRCLE('',#2158,0.0014999999999999163);
#2160=EDGE_CURVE('',#2111,#2148,#2159,.T.);
#2161=ORIENTED_EDGE('',*,*,#2160,.F.);
#2162=CARTESIAN_POINT('',(0.03299999999999992,0.,-0.029000000000000012));
#2163=DIRECTION('',(0.,1.,0.));
#2164=VECTOR('',#2163,1.);
#2165=LINE('',#2162,#2164);
#2166=EDGE_CURVE('',#2103,#2111,#2165,.T.);
#2167=ORIENTED_EDGE('',*,*,#2166,.F.);
#2168=EDGE_LOOP('',(#2146,#2154,#2161,#2167));
#2169=FACE_OUTER_BOUND('',#2168,.T.);
#2170=ADVANCED_FACE('',(#2169),#2137,.T.);
#2171=CARTESIAN_POINT('',(0.022999999999999958,0.003,-0.03350000000000004));
#2172=DIRECTION('',(0.,-1.,0.));
#2173=DIRECTION('',(0.,0.,-1.));
#2174=AXIS2_PLACEMENT_3D('',#2171,#2172,#2173);
#2175=CYLINDRICAL_SURFACE('',#2174,0.0014999999999999215);
#2176=CARTESIAN_POINT('',(0.022999999999999896,0.,-0.03200000000000019));
#2177=VERTEX_POINT('',#2176);
#2178=CARTESIAN_POINT('',(0.022999999999999896,0.,-0.03500000000000003));
#2179=VERTEX_POINT('',#2178);
#2180=CARTESIAN_POINT('',(0.022999999999999958,0.,-0.03350000000000004));
#2181=DIRECTION('',(0.,1.,0.));
#2182=DIRECTION('',(0.,0.,1.));
#2183=AXIS2_PLACEMENT_3D('',#2180,#2181,#2182);
#2184=CIRCLE('',#2183,0.0014999999999999215);
#2185=EDGE_CURVE('',#2177,#2179,#2184,.F.);
#2186=ORIENTED_EDGE('',*,*,#2185,.T.);
#2187=CARTESIAN_POINT('',(0.022999999999999896,0.003,-0.03500000000000003));
#2188=VERTEX_POINT('',#2187);
#2189=CARTESIAN_POINT('',(0.022999999999999896,0.,-0.03500000000000003));
#2190=DIRECTION('',(0.,1.,0.));
#2191=VECTOR('',#2190,1.);
#2192=LINE('',#2189,#2191);
#2193=EDGE_CURVE('',#2179,#2188,#2192,.T.);
#2194=ORIENTED_EDGE('',*,*,#2193,.T.);
#2195=CARTESIAN_POINT('',(0.022999999999999896,0.003,-0.03200000000000019));
#2196=VERTEX_POINT('',#2195);
#2197=CARTESIAN_POINT('',(0.022999999999999958,0.003,-0.03350000000000004));
#2198=DIRECTION('',(0.,1.,0.));
#2199=DIRECTION('',(0.,0.,1.));
#2200=AXIS2_PLACEMENT_3D('',#2197,#2198,#2199);
#2201=CIRCLE('',#2200,0.0014999999999999215);
#2202=EDGE_CURVE('',#2196,#2188,#2201,.F.);
#2203=ORIENTED_EDGE('',*,*,#2202,.F.);
#2204=CARTESIAN_POINT('',(0.022999999999999896,0.,-0.03200000000000019));
#2205=DIRECTION('',(0.,1.,0.));
#2206=VECTOR('',#2205,1.);
#2207=LINE('',#2204,#2206);
#2208=EDGE_CURVE('',#2177,#2196,#2207,.T.);
#2209=ORIENTED_EDGE('',*,*,#2208,.F.);
#2210=EDGE_LOOP('',(#2186,#2194,#2203,#2209));
#2211=FACE_OUTER_BOUND('',#2210,.T.);
#2212=ADVANCED_FACE('',(#2211),#2175,.T.);
#2213=CARTESIAN_POINT('',(0.,0.003,-0.03500000000000003));
#2214=DIRECTION('',(0.,0.,1.));
#2215=DIRECTION('',(1.,0.,0.));
#2216=AXIS2_PLACEMENT_3D('',#2213,#2214,#2215);
#2217=PLANE('',#2216);
#2218=CARTESIAN_POINT('',(0.0329999999999999,0.,-0.03500000000000003));
#2219=VERTEX_POINT('',#2218);
#2220=CARTESIAN_POINT('',(0.022999999999999896,0.,-0.03500000000000003));
#2221=DIRECTION('',(1.,0.,0.));
#2222=VECTOR('',#2221,1.);
#2223=LINE('',#2220,#2222);
#2224=EDGE_CURVE('',#2179,#2219,#2223,.T.);
#2225=ORIENTED_EDGE('',*,*,#2224,.T.);
#2226=CARTESIAN_POINT('',(0.0329999999999999,0.003,-0.03500000000000003));
#2227=VERTEX_POINT('',#2226);
#2228=CARTESIAN_POINT('',(0.0329999999999999,0.,-0.03500000000000003));
#2229=DIRECTION('',(0.,1.,0.));
#2230=VECTOR('',#2229,1.);
#2231=LINE('',#2228,#2230);
#2232=EDGE_CURVE('',#2219,#2227,#2231,.T.);
#2233=ORIENTED_EDGE('',*,*,#2232,.T.);
#2234=CARTESIAN_POINT('',(0.022999999999999896,0.003,-0.03500000000000003));
#2235=DIRECTION('',(1.,0.,0.));
#2236=VECTOR('',#2235,1.);
#2237=LINE('',#2234,#2236);
#2238=EDGE_CURVE('',#2188,#2227,#2237,.T.);
#2239=ORIENTED_EDGE('',*,*,#2238,.F.);
#2240=CARTESIAN_POINT('',(0.022999999999999896,0.,-0.03500000000000003));
#2241=DIRECTION('',(0.,1.,0.));
#2242=VECTOR('',#2241,1.);
#2243=LINE('',#2240,#2242);
#2244=EDGE_CURVE('',#2179,#2188,#2243,.T.);
#2245=ORIENTED_EDGE('',*,*,#2244,.F.);
#2246=EDGE_LOOP('',(#2225,#2233,#2239,#2245));
#2247=FACE_OUTER_BOUND('',#2246,.T.);
#2248=ADVANCED_FACE('',(#2247),#2217,.T.);
#2249=CARTESIAN_POINT('',(0.03299999999999996,0.003,-0.03350000000000008));
#2250=DIRECTION('',(0.,-1.,0.));
#2251=DIRECTION('',(0.,0.,-1.));
#2252=AXIS2_PLACEMENT_3D('',#2249,#2250,#2251);
#2253=CYLINDRICAL_SURFACE('',#2252,0.001499999999999918);
#2254=CARTESIAN_POINT('',(0.032999999999999904,0.,-0.032000000000000195));
#2255=VERTEX_POINT('',#2254);
#2256=CARTESIAN_POINT('',(0.03299999999999996,0.,-0.03350000000000008));
#2257=DIRECTION('',(0.,1.,0.));
#2258=DIRECTION('',(0.,0.,1.));
#2259=AXIS2_PLACEMENT_3D('',#2256,#2257,#2258);
#2260=CIRCLE('',#2259,0.001499999999999918);
#2261=EDGE_CURVE('',#2219,#2255,#2260,.T.);
#2262=ORIENTED_EDGE('',*,*,#2261,.T.);
#2263=CARTESIAN_POINT('',(0.032999999999999904,0.003,-0.032000000000000195));
#2264=VERTEX_POINT('',#2263);
#2265=CARTESIAN_POINT('',(0.032999999999999904,0.,-0.032000000000000195));
#2266=DIRECTION('',(0.,1.,0.));
#2267=VECTOR('',#2266,1.);
#2268=LINE('',#2265,#2267);
#2269=EDGE_CURVE('',#2255,#2264,#2268,.T.);
#2270=ORIENTED_EDGE('',*,*,#2269,.T.);
#2271=CARTESIAN_POINT('',(0.03299999999999996,0.003,-0.03350000000000008));
#2272=DIRECTION('',(0.,1.,0.));
#2273=DIRECTION('',(0.,0.,1.));
#2274=AXIS2_PLACEMENT_3D('',#2271,#2272,#2273);
#2275=CIRCLE('',#2274,0.001499999999999918);
#2276=EDGE_CURVE('',#2227,#2264,#2275,.T.);
#2277=ORIENTED_EDGE('',*,*,#2276,.F.);
#2278=CARTESIAN_POINT('',(0.0329999999999999,0.,-0.03500000000000003));
#2279=DIRECTION('',(0.,1.,0.));
#2280=VECTOR('',#2279,1.);
#2281=LINE('',#2278,#2280);
#2282=EDGE_CURVE('',#2219,#2227,#2281,.T.);
#2283=ORIENTED_EDGE('',*,*,#2282,.F.);
#2284=EDGE_LOOP('',(#2262,#2270,#2277,#2283));
#2285=FACE_OUTER_BOUND('',#2284,.T.);
#2286=ADVANCED_FACE('',(#2285),#2253,.T.);
#2287=CARTESIAN_POINT('',(0.03299999999999996,0.003,0.02750000000000006));
#2288=DIRECTION('',(0.,-1.,0.));
#2289=DIRECTION('',(0.,0.,-1.));
#2290=AXIS2_PLACEMENT_3D('',#2287,#2288,#2289);
#2291=CYLINDRICAL_SURFACE('',#2290,0.0014999999999999163);
#2292=CARTESIAN_POINT('',(0.03299999999999996,0.,0.02750000000000006));
#2293=DIRECTION('',(0.,1.,0.));
#2294=DIRECTION('',(0.,0.,1.));
#2295=AXIS2_PLACEMENT_3D('',#2292,#2293,#2294);
#2296=CIRCLE('',#2295,0.0014999999999999163);
#2297=EDGE_CURVE('',#143,#219,#2296,.F.);
#2298=ORIENTED_EDGE('',*,*,#2297,.F.);
#2299=CARTESIAN_POINT('',(0.03299999999999992,0.,0.029000000000000012));
#2300=DIRECTION('',(0.,1.,0.));
#2301=VECTOR('',#2300,1.);
#2302=LINE('',#2299,#2301);
#2303=EDGE_CURVE('',#143,#159,#2302,.T.);
#2304=ORIENTED_EDGE('',*,*,#2303,.T.);
#2305=CARTESIAN_POINT('',(0.03299999999999996,0.003,0.02750000000000006));
#2306=DIRECTION('',(0.,1.,0.));
#2307=DIRECTION('',(0.,0.,1.));
#2308=AXIS2_PLACEMENT_3D('',#2305,#2306,#2307);
#2309=CIRCLE('',#2308,0.0014999999999999163);
#2310=EDGE_CURVE('',#159,#227,#2309,.F.);
#2311=ORIENTED_EDGE('',*,*,#2310,.T.);
#2312=CARTESIAN_POINT('',(0.032999999999999925,0.,0.02600000000000018));
#2313=DIRECTION('',(0.,1.,0.));
#2314=VECTOR('',#2313,1.);
#2315=LINE('',#2312,#2314);
#2316=EDGE_CURVE('',#219,#227,#2315,.T.);
#2317=ORIENTED_EDGE('',*,*,#2316,.F.);
#2318=EDGE_LOOP('',(#2298,#2304,#2311,#2317));
#2319=FACE_OUTER_BOUND('',#2318,.T.);
#2320=ADVANCED_FACE('',(#2319),#2291,.F.);
#2321=CARTESIAN_POINT('',(0.03299999999999996,0.003,0.03350000000000008));
#2322=DIRECTION('',(0.,-1.,0.));
#2323=DIRECTION('',(0.,0.,-1.));
#2324=AXIS2_PLACEMENT_3D('',#2321,#2322,#2323);
#2325=CYLINDRICAL_SURFACE('',#2324,0.001499999999999918);
#2326=CARTESIAN_POINT('',(0.03299999999999996,0.,0.03350000000000008));
#2327=DIRECTION('',(0.,1.,0.));
#2328=DIRECTION('',(0.,0.,1.));
#2329=AXIS2_PLACEMENT_3D('',#2326,#2327,#2328);
#2330=CIRCLE('',#2329,0.001499999999999918);
#2331=EDGE_CURVE('',#257,#333,#2330,.F.);
#2332=ORIENTED_EDGE('',*,*,#2331,.F.);
#2333=CARTESIAN_POINT('',(0.0329999999999999,0.,0.03500000000000003));
#2334=DIRECTION('',(0.,1.,0.));
#2335=VECTOR('',#2334,1.);
#2336=LINE('',#2333,#2335);
#2337=EDGE_CURVE('',#257,#273,#2336,.T.);
#2338=ORIENTED_EDGE('',*,*,#2337,.T.);
#2339=CARTESIAN_POINT('',(0.03299999999999996,0.003,0.03350000000000008));
#2340=DIRECTION('',(0.,1.,0.));
#2341=DIRECTION('',(0.,0.,1.));
#2342=AXIS2_PLACEMENT_3D('',#2339,#2340,#2341);
#2343=CIRCLE('',#2342,0.001499999999999918);
#2344=EDGE_CURVE('',#273,#341,#2343,.F.);
#2345=ORIENTED_EDGE('',*,*,#2344,.T.);
#2346=CARTESIAN_POINT('',(0.032999999999999904,0.,0.032000000000000195));
#2347=DIRECTION('',(0.,1.,0.));
#2348=VECTOR('',#2347,1.);
#2349=LINE('',#2346,#2348);
#2350=EDGE_CURVE('',#333,#341,#2349,.T.);
#2351=ORIENTED_EDGE('',*,*,#2350,.F.);
#2352=EDGE_LOOP('',(#2332,#2338,#2345,#2351));
#2353=FACE_OUTER_BOUND('',#2352,.T.);
#2354=ADVANCED_FACE('',(#2353),#2325,.F.);
#2355=CARTESIAN_POINT('',(0.065,0.003,-0.017750000000000005));
#2356=DIRECTION('',(0.,-1.,0.));
#2357=DIRECTION('',(0.,0.,-1.));
#2358=AXIS2_PLACEMENT_3D('',#2355,#2356,#2357);
#2359=CYLINDRICAL_SURFACE('',#2358,0.0014999999999999974);
#2360=CARTESIAN_POINT('',(0.065,0.003,-0.016250000000000007));
#2361=VERTEX_POINT('',#2360);
#2362=CARTESIAN_POINT('',(0.065,0.003,-0.017750000000000005));
#2363=DIRECTION('',(0.,1.,0.));
#2364=DIRECTION('',(0.,0.,1.));
#2365=AXIS2_PLACEMENT_3D('',#2362,#2363,#2364);
#2366=CIRCLE('',#2365,0.0014999999999999974);
#2367=EDGE_CURVE('',#2361,#2361,#2366,.T.);
#2368=ORIENTED_EDGE('',*,*,#2367,.T.);
#2369=EDGE_LOOP('',(#2368));
#2370=FACE_OUTER_BOUND('',#2369,.T.);
#2371=CARTESIAN_POINT('',(0.065,0.,-0.016250000000000007));
#2372=VERTEX_POINT('',#2371);
#2373=CARTESIAN_POINT('',(0.065,0.,-0.017750000000000005));
#2374=DIRECTION('',(0.,1.,0.));
#2375=DIRECTION('',(0.,0.,1.));
#2376=AXIS2_PLACEMENT_3D('',#2373,#2374,#2375);
#2377=CIRCLE('',#2376,0.0014999999999999974);
#2378=EDGE_CURVE('',#2372,#2372,#2377,.T.);
#2379=ORIENTED_EDGE('',*,*,#2378,.F.);
#2380=EDGE_LOOP('',(#2379));
#2381=FACE_BOUND('',#2380,.F.);
#2382=ADVANCED_FACE('',(#2370,#2381),#2359,.F.);
#2383=CARTESIAN_POINT('',(-0.05550000000000002,0.003,0.020250000000000004));
#2384=DIRECTION('',(0.,-1.,0.));
#2385=DIRECTION('',(0.,0.,-1.));
#2386=AXIS2_PLACEMENT_3D('',#2383,#2384,#2385);
#2387=CYLINDRICAL_SURFACE('',#2386,0.0014999999999999961);
#2388=CARTESIAN_POINT('',(-0.05550000000000002,0.003,0.02175));
#2389=VERTEX_POINT('',#2388);
#2390=CARTESIAN_POINT('',(-0.05550000000000002,0.003,0.020250000000000004));
#2391=DIRECTION('',(0.,1.,0.));
#2392=DIRECTION('',(0.,0.,1.));
#2393=AXIS2_PLACEMENT_3D('',#2390,#2391,#2392);
#2394=CIRCLE('',#2393,0.0014999999999999961);
#2395=EDGE_CURVE('',#2389,#2389,#2394,.T.);
#2396=ORIENTED_EDGE('',*,*,#2395,.T.);
#2397=EDGE_LOOP('',(#2396));
#2398=FACE_OUTER_BOUND('',#2397,.T.);
#2399=CARTESIAN_POINT('',(-0.05550000000000002,0.,0.02175));
#2400=VERTEX_POINT('',#2399);
#2401=CARTESIAN_POINT('',(-0.05550000000000002,0.,0.020250000000000004));
#2402=DIRECTION('',(0.,1.,0.));
#2403=DIRECTION('',(0.,0.,1.));
#2404=AXIS2_PLACEMENT_3D('',#2401,#2402,#2403);
#2405=CIRCLE('',#2404,0.0014999999999999961);
#2406=EDGE_CURVE('',#2400,#2400,#2405,.T.);
#2407=ORIENTED_EDGE('',*,*,#2406,.F.);
#2408=EDGE_LOOP('',(#2407));
#2409=FACE_BOUND('',#2408,.F.);
#2410=ADVANCED_FACE('',(#2398,#2409),#2387,.F.);
#2411=CARTESIAN_POINT('',(-0.05550000000000001,0.003,0.008250000000000016));
#2412=DIRECTION('',(0.,-1.,0.));
#2413=DIRECTION('',(0.,0.,-1.));
#2414=AXIS2_PLACEMENT_3D('',#2411,#2412,#2413);
#2415=CYLINDRICAL_SURFACE('',#2414,0.001500000000000004);
#2416=CARTESIAN_POINT('',(-0.05550000000000001,0.003,0.009750000000000019));
#2417=VERTEX_POINT('',#2416);
#2418=CARTESIAN_POINT('',(-0.05550000000000001,0.003,0.008250000000000016));
#2419=DIRECTION('',(0.,1.,0.));
#2420=DIRECTION('',(0.,0.,1.));
#2421=AXIS2_PLACEMENT_3D('',#2418,#2419,#2420);
#2422=CIRCLE('',#2421,0.001500000000000004);
#2423=EDGE_CURVE('',#2417,#2417,#2422,.T.);
#2424=ORIENTED_EDGE('',*,*,#2423,.F.);
#2425=EDGE_LOOP('',(#2424));
#2426=FACE_OUTER_BOUND('',#2425,.T.);
#2427=CARTESIAN_POINT('',(-0.05550000000000001,0.,0.009750000000000019));
#2428=VERTEX_POINT('',#2427);
#2429=CARTESIAN_POINT('',(-0.05550000000000001,0.,0.008250000000000016));
#2430=DIRECTION('',(0.,1.,0.));
#2431=DIRECTION('',(0.,0.,1.));
#2432=AXIS2_PLACEMENT_3D('',#2429,#2430,#2431);
#2433=CIRCLE('',#2432,0.001500000000000004);
#2434=EDGE_CURVE('',#2428,#2428,#2433,.T.);
#2435=ORIENTED_EDGE('',*,*,#2434,.T.);
#2436=EDGE_LOOP('',(#2435));
#2437=FACE_BOUND('',#2436,.F.);
#2438=ADVANCED_FACE('',(#2426,#2437),#2415,.T.);
#2439=CARTESIAN_POINT('',(0.055500000000000035,0.003,-0.020250000000000004));
#2440=DIRECTION('',(0.,-1.,0.));
#2441=DIRECTION('',(0.,0.,-1.));
#2442=AXIS2_PLACEMENT_3D('',#2439,#2440,#2441);
#2443=CYLINDRICAL_SURFACE('',#2442,0.0015000000000000042);
#2444=CARTESIAN_POINT('',(0.055500000000000035,0.003,-0.01875));
#2445=VERTEX_POINT('',#2444);
#2446=CARTESIAN_POINT('',(0.055500000000000035,0.003,-0.020250000000000004));
#2447=DIRECTION('',(0.,1.,0.));
#2448=DIRECTION('',(0.,0.,1.));
#2449=AXIS2_PLACEMENT_3D('',#2446,#2447,#2448);
#2450=CIRCLE('',#2449,0.0015000000000000042);
#2451=EDGE_CURVE('',#2445,#2445,#2450,.T.);
#2452=ORIENTED_EDGE('',*,*,#2451,.T.);
#2453=EDGE_LOOP('',(#2452));
#2454=FACE_OUTER_BOUND('',#2453,.T.);
#2455=CARTESIAN_POINT('',(0.055500000000000035,0.,-0.01875));
#2456=VERTEX_POINT('',#2455);
#2457=CARTESIAN_POINT('',(0.055500000000000035,0.,-0.020250000000000004));
#2458=DIRECTION('',(0.,1.,0.));
#2459=DIRECTION('',(0.,0.,1.));
#2460=AXIS2_PLACEMENT_3D('',#2457,#2458,#2459);
#2461=CIRCLE('',#2460,0.0015000000000000042);
#2462=EDGE_CURVE('',#2456,#2456,#2461,.T.);
#2463=ORIENTED_EDGE('',*,*,#2462,.F.);
#2464=EDGE_LOOP('',(#2463));
#2465=FACE_BOUND('',#2464,.F.);
#2466=ADVANCED_FACE('',(#2454,#2465),#2443,.F.);
#2467=CARTESIAN_POINT('',(0.055499999999999994,0.003,0.02025));
#2468=DIRECTION('',(0.,-1.,0.));
#2469=DIRECTION('',(0.,0.,-1.));
#2470=AXIS2_PLACEMENT_3D('',#2467,#2468,#2469);
#2471=CYLINDRICAL_SURFACE('',#2470,0.001500000000000043);
#2472=CARTESIAN_POINT('',(0.055499999999999994,0.003,0.021750000000000044));
#2473=VERTEX_POINT('',#2472);
#2474=CARTESIAN_POINT('',(0.055499999999999994,0.003,0.02025));
#2475=DIRECTION('',(0.,1.,0.));
#2476=DIRECTION('',(0.,0.,1.));
#2477=AXIS2_PLACEMENT_3D('',#2474,#2475,#2476);
#2478=CIRCLE('',#2477,0.001500000000000043);
#2479=EDGE_CURVE('',#2473,#2473,#2478,.T.);
#2480=ORIENTED_EDGE('',*,*,#2479,.F.);
#2481=EDGE_LOOP('',(#2480));
#2482=FACE_OUTER_BOUND('',#2481,.T.);
#2483=CARTESIAN_POINT('',(0.055499999999999994,0.,0.021750000000000044));
#2484=VERTEX_POINT('',#2483);
#2485=CARTESIAN_POINT('',(0.055499999999999994,0.,0.02025));
#2486=DIRECTION('',(0.,1.,0.));
#2487=DIRECTION('',(0.,0.,1.));
#2488=AXIS2_PLACEMENT_3D('',#2485,#2486,#2487);
#2489=CIRCLE('',#2488,0.001500000000000043);
#2490=EDGE_CURVE('',#2484,#2484,#2489,.T.);
#2491=ORIENTED_EDGE('',*,*,#2490,.T.);
#2492=EDGE_LOOP('',(#2491));
#2493=FACE_BOUND('',#2492,.F.);
#2494=ADVANCED_FACE('',(#2482,#2493),#2471,.T.);
#2495=CARTESIAN_POINT('',(9.714451465470116E-18,0.003,-0.014000000000000007));
#2496=DIRECTION('',(-6.938893903907222E-16,0.,1.));
#2497=DIRECTION('',(1.,0.,6.938893903907222E-16));
#2498=AXIS2_PLACEMENT_3D('',#2495,#2496,#2497);
#2499=PLANE('',#2498);
#2500=CARTESIAN_POINT('',(0.02300000000000002,0.,-0.013999999999999992));
#2501=DIRECTION('',(1.,0.,6.938893903907222E-16));
#2502=VECTOR('',#2501,1.);
#2503=LINE('',#2500,#2502);
#2504=EDGE_CURVE('',#369,#447,#2503,.T.);
#2505=ORIENTED_EDGE('',*,*,#2504,.F.);
#2506=CARTESIAN_POINT('',(0.02300000000000002,0.,-0.013999999999999992));
#2507=DIRECTION('',(0.,1.,0.));
#2508=VECTOR('',#2507,1.);
#2509=LINE('',#2506,#2508);
#2510=EDGE_CURVE('',#369,#388,#2509,.T.);
#2511=ORIENTED_EDGE('',*,*,#2510,.T.);
#2512=CARTESIAN_POINT('',(0.02300000000000002,0.003,-0.013999999999999992));
#2513=DIRECTION('',(1.,0.,6.938893903907222E-16));
#2514=VECTOR('',#2513,1.);
#2515=LINE('',#2512,#2514);
#2516=EDGE_CURVE('',#388,#456,#2515,.T.);
#2517=ORIENTED_EDGE('',*,*,#2516,.T.);
#2518=CARTESIAN_POINT('',(0.03300000000000003,0.,-0.013999999999999985));
#2519=DIRECTION('',(0.,1.,0.));
#2520=VECTOR('',#2519,1.);
#2521=LINE('',#2518,#2520);
#2522=EDGE_CURVE('',#447,#456,#2521,.T.);
#2523=ORIENTED_EDGE('',*,*,#2522,.F.);
#2524=EDGE_LOOP('',(#2505,#2511,#2517,#2523));
#2525=FACE_OUTER_BOUND('',#2524,.T.);
#2526=ADVANCED_FACE('',(#2525),#2499,.F.);
#2527=CARTESIAN_POINT('',(0.04700000000000009,0.003,9.860761315262648E-32));
#2528=DIRECTION('',(0.,-1.,0.));
#2529=DIRECTION('',(0.,0.,-1.));
#2530=AXIS2_PLACEMENT_3D('',#2527,#2528,#2529);
#2531=CYLINDRICAL_SURFACE('',#2530,0.0014999999999999367);
#2532=CARTESIAN_POINT('',(0.04700000000000009,0.003,0.0014999999999999367));
#2533=VERTEX_POINT('',#2532);
#2534=CARTESIAN_POINT('',(0.04700000000000009,0.003,9.860761315262648E-32));
#2535=DIRECTION('',(0.,1.,0.));
#2536=DIRECTION('',(0.,0.,1.));
#2537=AXIS2_PLACEMENT_3D('',#2534,#2535,#2536);
#2538=CIRCLE('',#2537,0.0014999999999999367);
#2539=EDGE_CURVE('',#2533,#2533,#2538,.T.);
#2540=ORIENTED_EDGE('',*,*,#2539,.F.);
#2541=EDGE_LOOP('',(#2540));
#2542=FACE_OUTER_BOUND('',#2541,.T.);
#2543=CARTESIAN_POINT('',(0.04700000000000009,0.,0.0014999999999999367));
#2544=VERTEX_POINT('',#2543);
#2545=CARTESIAN_POINT('',(0.04700000000000009,0.,9.860761315262648E-32));
#2546=DIRECTION('',(0.,1.,0.));
#2547=DIRECTION('',(0.,0.,1.));
#2548=AXIS2_PLACEMENT_3D('',#2545,#2546,#2547);
#2549=CIRCLE('',#2548,0.0014999999999999367);
#2550=EDGE_CURVE('',#2544,#2544,#2549,.T.);
#2551=ORIENTED_EDGE('',*,*,#2550,.T.);
#2552=EDGE_LOOP('',(#2551));
#2553=FACE_BOUND('',#2552,.F.);
#2554=ADVANCED_FACE('',(#2542,#2553),#2531,.T.);
#2555=CARTESIAN_POINT('',(-0.03250000000000001,0.003,0.));
#2556=DIRECTION('',(1.,0.,0.));
#2557=DIRECTION('',(0.,0.,-1.));
#2558=AXIS2_PLACEMENT_3D('',#2555,#2556,#2557);
#2559=PLANE('',#2558);
#2560=CARTESIAN_POINT('',(-0.03250000000000001,0.,-0.04650000000000003));
#2561=DIRECTION('',(0.,0.,-1.));
#2562=VECTOR('',#2561,1.);
#2563=LINE('',#2560,#2562);
#2564=EDGE_CURVE('',#991,#487,#2563,.T.);
#2565=ORIENTED_EDGE('',*,*,#2564,.T.);
#2566=CARTESIAN_POINT('',(-0.03250000000000001,0.,-0.0495));
#2567=DIRECTION('',(0.,1.,0.));
#2568=VECTOR('',#2567,1.);
#2569=LINE('',#2566,#2568);
#2570=EDGE_CURVE('',#487,#503,#2569,.T.);
#2571=ORIENTED_EDGE('',*,*,#2570,.T.);
#2572=CARTESIAN_POINT('',(-0.03250000000000001,0.003,-0.04650000000000003));
#2573=DIRECTION('',(0.,0.,-1.));
#2574=VECTOR('',#2573,1.);
#2575=LINE('',#2572,#2574);
#2576=EDGE_CURVE('',#999,#503,#2575,.T.);
#2577=ORIENTED_EDGE('',*,*,#2576,.F.);
#2578=CARTESIAN_POINT('',(-0.03250000000000001,0.,-0.04650000000000003));
#2579=DIRECTION('',(0.,1.,0.));
#2580=VECTOR('',#2579,1.);
#2581=LINE('',#2578,#2580);
#2582=EDGE_CURVE('',#991,#999,#2581,.T.);
#2583=ORIENTED_EDGE('',*,*,#2582,.F.);
#2584=EDGE_LOOP('',(#2565,#2571,#2577,#2583));
#2585=FACE_OUTER_BOUND('',#2584,.T.);
#2586=ADVANCED_FACE('',(#2585),#2559,.T.);
#2587=CARTESIAN_POINT('',(7.15801686929375E-17,0.003,-0.024499999999999942));
#2588=DIRECTION('',(2.9216395384872515E-15,0.,-1.));
#2589=DIRECTION('',(-1.,0.,-2.9216395384872515E-15));
#2590=AXIS2_PLACEMENT_3D('',#2587,#2588,#2589);
#2591=PLANE('',#2590);
#2592=CARTESIAN_POINT('',(-0.023000000000000013,0.,-0.024500000000000008));
#2593=DIRECTION('',(-1.,0.,-2.9216395384872515E-15));
#2594=VECTOR('',#2593,1.);
#2595=LINE('',#2592,#2594);
#2596=EDGE_CURVE('',#1103,#1027,#2595,.T.);
#2597=ORIENTED_EDGE('',*,*,#2596,.T.);
#2598=CARTESIAN_POINT('',(-0.03250000000000002,0.,-0.024500000000000036));
#2599=DIRECTION('',(0.,1.,0.));
#2600=VECTOR('',#2599,1.);
#2601=LINE('',#2598,#2600);
#2602=EDGE_CURVE('',#1027,#1045,#2601,.T.);
#2603=ORIENTED_EDGE('',*,*,#2602,.T.);
#2604=CARTESIAN_POINT('',(-0.023000000000000013,0.003,-0.024500000000000008));
#2605=DIRECTION('',(-1.,0.,-2.9216395384872515E-15));
#2606=VECTOR('',#2605,1.);
#2607=LINE('',#2604,#2606);
#2608=EDGE_CURVE('',#1111,#1045,#2607,.T.);
#2609=ORIENTED_EDGE('',*,*,#2608,.F.);
#2610=CARTESIAN_POINT('',(-0.023000000000000013,0.,-0.024500000000000008));
#2611=DIRECTION('',(0.,1.,0.));
#2612=VECTOR('',#2611,1.);
#2613=LINE('',#2610,#2612);
#2614=EDGE_CURVE('',#1103,#1111,#2613,.T.);
#2615=ORIENTED_EDGE('',*,*,#2614,.F.);
#2616=EDGE_LOOP('',(#2597,#2603,#2609,#2615));
#2617=FACE_OUTER_BOUND('',#2616,.T.);
#2618=ADVANCED_FACE('',(#2617),#2591,.T.);
#2619=CARTESIAN_POINT('',(8.947521086617167E-17,0.003,0.02449999999999989));
#2620=DIRECTION('',(-3.652049423109064E-15,0.,-1.));
#2621=DIRECTION('',(-1.,0.,3.652049423109064E-15));
#2622=AXIS2_PLACEMENT_3D('',#2619,#2620,#2621);
#2623=PLANE('',#2622);
#2624=CARTESIAN_POINT('',(-0.023000000000000007,0.,0.024499999999999973));
#2625=DIRECTION('',(-1.,0.,3.652049423109064E-15));
#2626=VECTOR('',#2625,1.);
#2627=LINE('',#2624,#2626);
#2628=EDGE_CURVE('',#1139,#1215,#2627,.T.);
#2629=ORIENTED_EDGE('',*,*,#2628,.F.);
#2630=CARTESIAN_POINT('',(-0.023000000000000007,0.,0.024499999999999973));
#2631=DIRECTION('',(0.,1.,0.));
#2632=VECTOR('',#2631,1.);
#2633=LINE('',#2630,#2632);
#2634=EDGE_CURVE('',#1139,#1157,#2633,.T.);
#2635=ORIENTED_EDGE('',*,*,#2634,.T.);
#2636=CARTESIAN_POINT('',(-0.023000000000000007,0.003,0.024499999999999973));
#2637=DIRECTION('',(-1.,0.,3.652049423109064E-15));
#2638=VECTOR('',#2637,1.);
#2639=LINE('',#2636,#2638);
#2640=EDGE_CURVE('',#1157,#1223,#2639,.T.);
#2641=ORIENTED_EDGE('',*,*,#2640,.T.);
#2642=CARTESIAN_POINT('',(-0.032500000000000015,0.,0.024500000000000008));
#2643=DIRECTION('',(0.,1.,0.));
#2644=VECTOR('',#2643,1.);
#2645=LINE('',#2642,#2644);
#2646=EDGE_CURVE('',#1215,#1223,#2645,.T.);
#2647=ORIENTED_EDGE('',*,*,#2646,.F.);
#2648=EDGE_LOOP('',(#2629,#2635,#2641,#2647));
#2649=FACE_OUTER_BOUND('',#2648,.T.);
#2650=ADVANCED_FACE('',(#2649),#2623,.F.);
#2651=CARTESIAN_POINT('',(-0.06299999999999999,0.003,-0.04299999999999998));
#2652=DIRECTION('',(0.,-1.,0.));
#2653=DIRECTION('',(0.,0.,-1.));
#2654=AXIS2_PLACEMENT_3D('',#2651,#2652,#2653);
#2655=CYLINDRICAL_SURFACE('',#2654,0.0015000000000000042);
#2656=CARTESIAN_POINT('',(-0.06299999999999999,0.003,-0.04149999999999998));
#2657=VERTEX_POINT('',#2656);
#2658=CARTESIAN_POINT('',(-0.06299999999999999,0.003,-0.04299999999999998));
#2659=DIRECTION('',(0.,1.,0.));
#2660=DIRECTION('',(0.,0.,1.));
#2661=AXIS2_PLACEMENT_3D('',#2658,#2659,#2660);
#2662=CIRCLE('',#2661,0.0015000000000000042);
#2663=EDGE_CURVE('',#2657,#2657,#2662,.T.);
#2664=ORIENTED_EDGE('',*,*,#2663,.F.);
#2665=EDGE_LOOP('',(#2664));
#2666=FACE_OUTER_BOUND('',#2665,.T.);
#2667=CARTESIAN_POINT('',(-0.06299999999999999,0.,-0.04149999999999998));
#2668=VERTEX_POINT('',#2667);
#2669=CARTESIAN_POINT('',(-0.06299999999999999,0.,-0.04299999999999998));
#2670=DIRECTION('',(0.,1.,0.));
#2671=DIRECTION('',(0.,0.,1.));
#2672=AXIS2_PLACEMENT_3D('',#2669,#2670,#2671);
#2673=CIRCLE('',#2672,0.0015000000000000042);
#2674=EDGE_CURVE('',#2668,#2668,#2673,.T.);
#2675=ORIENTED_EDGE('',*,*,#2674,.T.);
#2676=EDGE_LOOP('',(#2675));
#2677=FACE_BOUND('',#2676,.F.);
#2678=ADVANCED_FACE('',(#2666,#2677),#2655,.T.);
#2679=CARTESIAN_POINT('',(0.06300000000000001,0.003,-0.04299999999999998));
#2680=DIRECTION('',(0.,-1.,0.));
#2681=DIRECTION('',(0.,0.,-1.));
#2682=AXIS2_PLACEMENT_3D('',#2679,#2680,#2681);
#2683=CYLINDRICAL_SURFACE('',#2682,0.0014999999999999974);
#2684=CARTESIAN_POINT('',(0.06300000000000001,0.003,-0.04149999999999999));
#2685=VERTEX_POINT('',#2684);
#2686=CARTESIAN_POINT('',(0.06300000000000001,0.003,-0.04299999999999998));
#2687=DIRECTION('',(0.,1.,0.));
#2688=DIRECTION('',(0.,0.,1.));
#2689=AXIS2_PLACEMENT_3D('',#2686,#2687,#2688);
#2690=CIRCLE('',#2689,0.0014999999999999974);
#2691=EDGE_CURVE('',#2685,#2685,#2690,.T.);
#2692=ORIENTED_EDGE('',*,*,#2691,.F.);
#2693=EDGE_LOOP('',(#2692));
#2694=FACE_OUTER_BOUND('',#2693,.T.);
#2695=CARTESIAN_POINT('',(0.06300000000000001,0.,-0.04149999999999999));
#2696=VERTEX_POINT('',#2695);
#2697=CARTESIAN_POINT('',(0.06300000000000001,0.,-0.04299999999999998));
#2698=DIRECTION('',(0.,1.,0.));
#2699=DIRECTION('',(0.,0.,1.));
#2700=AXIS2_PLACEMENT_3D('',#2697,#2698,#2699);
#2701=CIRCLE('',#2700,0.0014999999999999974);
#2702=EDGE_CURVE('',#2696,#2696,#2701,.T.);
#2703=ORIENTED_EDGE('',*,*,#2702,.T.);
#2704=EDGE_LOOP('',(#2703));
#2705=FACE_BOUND('',#2704,.F.);
#2706=ADVANCED_FACE('',(#2694,#2705),#2683,.T.);
#2707=CARTESIAN_POINT('',(0.06300000000000003,0.003,0.04299999999999998));
#2708=DIRECTION('',(0.,-1.,0.));
#2709=DIRECTION('',(0.,0.,-1.));
#2710=AXIS2_PLACEMENT_3D('',#2707,#2708,#2709);
#2711=CYLINDRICAL_SURFACE('',#2710,0.0014999999999999974);
#2712=CARTESIAN_POINT('',(0.06300000000000003,0.003,0.04449999999999998));
#2713=VERTEX_POINT('',#2712);
#2714=CARTESIAN_POINT('',(0.06300000000000003,0.003,0.04299999999999998));
#2715=DIRECTION('',(0.,1.,0.));
#2716=DIRECTION('',(0.,0.,1.));
#2717=AXIS2_PLACEMENT_3D('',#2714,#2715,#2716);
#2718=CIRCLE('',#2717,0.0014999999999999974);
#2719=EDGE_CURVE('',#2713,#2713,#2718,.T.);
#2720=ORIENTED_EDGE('',*,*,#2719,.F.);
#2721=EDGE_LOOP('',(#2720));
#2722=FACE_OUTER_BOUND('',#2721,.T.);
#2723=CARTESIAN_POINT('',(0.06300000000000003,0.,0.04449999999999998));
#2724=VERTEX_POINT('',#2723);
#2725=CARTESIAN_POINT('',(0.06300000000000003,0.,0.04299999999999998));
#2726=DIRECTION('',(0.,1.,0.));
#2727=DIRECTION('',(0.,0.,1.));
#2728=AXIS2_PLACEMENT_3D('',#2725,#2726,#2727);
#2729=CIRCLE('',#2728,0.0014999999999999974);
#2730=EDGE_CURVE('',#2724,#2724,#2729,.T.);
#2731=ORIENTED_EDGE('',*,*,#2730,.T.);
#2732=EDGE_LOOP('',(#2731));
#2733=FACE_BOUND('',#2732,.F.);
#2734=ADVANCED_FACE('',(#2722,#2733),#2711,.T.);
#2735=CARTESIAN_POINT('',(-0.06299999999999997,0.003,0.04300000000000001));
#2736=DIRECTION('',(0.,-1.,0.));
#2737=DIRECTION('',(0.,0.,-1.));
#2738=AXIS2_PLACEMENT_3D('',#2735,#2736,#2737);
#2739=CYLINDRICAL_SURFACE('',#2738,0.0015000000000000042);
#2740=CARTESIAN_POINT('',(-0.06299999999999997,0.003,0.04450000000000001));
#2741=VERTEX_POINT('',#2740);
#2742=CARTESIAN_POINT('',(-0.06299999999999997,0.003,0.04300000000000001));
#2743=DIRECTION('',(0.,1.,0.));
#2744=DIRECTION('',(0.,0.,1.));
#2745=AXIS2_PLACEMENT_3D('',#2742,#2743,#2744);
#2746=CIRCLE('',#2745,0.0015000000000000042);
#2747=EDGE_CURVE('',#2741,#2741,#2746,.T.);
#2748=ORIENTED_EDGE('',*,*,#2747,.F.);
#2749=EDGE_LOOP('',(#2748));
#2750=FACE_OUTER_BOUND('',#2749,.T.);
#2751=CARTESIAN_POINT('',(-0.06299999999999997,0.,0.04450000000000001));
#2752=VERTEX_POINT('',#2751);
#2753=CARTESIAN_POINT('',(-0.06299999999999997,0.,0.04300000000000001));
#2754=DIRECTION('',(0.,1.,0.));
#2755=DIRECTION('',(0.,0.,1.));
#2756=AXIS2_PLACEMENT_3D('',#2753,#2754,#2755);
#2757=CIRCLE('',#2756,0.0015000000000000042);
#2758=EDGE_CURVE('',#2752,#2752,#2757,.T.);
#2759=ORIENTED_EDGE('',*,*,#2758,.T.);
#2760=EDGE_LOOP('',(#2759));
#2761=FACE_BOUND('',#2760,.F.);
#2762=ADVANCED_FACE('',(#2750,#2761),#2739,.T.);
#2763=CARTESIAN_POINT('',(0.007499999999999993,0.003,0.043000000000000024));
#2764=DIRECTION('',(0.,-1.,0.));
#2765=DIRECTION('',(0.,0.,-1.));
#2766=AXIS2_PLACEMENT_3D('',#2763,#2764,#2765);
#2767=CYLINDRICAL_SURFACE('',#2766,0.001500000000000001);
#2768=CARTESIAN_POINT('',(0.007499999999999993,0.003,0.044500000000000026));
#2769=VERTEX_POINT('',#2768);
#2770=CARTESIAN_POINT('',(0.007499999999999993,0.003,0.043000000000000024));
#2771=DIRECTION('',(0.,1.,0.));
#2772=DIRECTION('',(0.,0.,1.));
#2773=AXIS2_PLACEMENT_3D('',#2770,#2771,#2772);
#2774=CIRCLE('',#2773,0.001500000000000001);
#2775=EDGE_CURVE('',#2769,#2769,#2774,.T.);
#2776=ORIENTED_EDGE('',*,*,#2775,.F.);
#2777=EDGE_LOOP('',(#2776));
#2778=FACE_OUTER_BOUND('',#2777,.T.);
#2779=CARTESIAN_POINT('',(0.007499999999999993,0.,0.044500000000000026));
#2780=VERTEX_POINT('',#2779);
#2781=CARTESIAN_POINT('',(0.007499999999999993,0.,0.043000000000000024));
#2782=DIRECTION('',(0.,1.,0.));
#2783=DIRECTION('',(0.,0.,1.));
#2784=AXIS2_PLACEMENT_3D('',#2781,#2782,#2783);
#2785=CIRCLE('',#2784,0.001500000000000001);
#2786=EDGE_CURVE('',#2780,#2780,#2785,.T.);
#2787=ORIENTED_EDGE('',*,*,#2786,.T.);
#2788=EDGE_LOOP('',(#2787));
#2789=FACE_BOUND('',#2788,.F.);
#2790=ADVANCED_FACE('',(#2778,#2789),#2767,.T.);
#2791=CARTESIAN_POINT('',(0.007499999999999982,0.003,-0.04300000000000001));
#2792=DIRECTION('',(0.,-1.,0.));
#2793=DIRECTION('',(0.,0.,-1.));
#2794=AXIS2_PLACEMENT_3D('',#2791,#2792,#2793);
#2795=CYLINDRICAL_SURFACE('',#2794,0.001500000000000001);
#2796=CARTESIAN_POINT('',(0.007499999999999982,0.003,-0.04150000000000001));
#2797=VERTEX_POINT('',#2796);
#2798=CARTESIAN_POINT('',(0.007499999999999982,0.003,-0.04300000000000001));
#2799=DIRECTION('',(0.,1.,0.));
#2800=DIRECTION('',(0.,0.,1.));
#2801=AXIS2_PLACEMENT_3D('',#2798,#2799,#2800);
#2802=CIRCLE('',#2801,0.001500000000000001);
#2803=EDGE_CURVE('',#2797,#2797,#2802,.T.);
#2804=ORIENTED_EDGE('',*,*,#2803,.F.);
#2805=EDGE_LOOP('',(#2804));
#2806=FACE_OUTER_BOUND('',#2805,.T.);
#2807=CARTESIAN_POINT('',(0.007499999999999982,0.,-0.04150000000000001));
#2808=VERTEX_POINT('',#2807);
#2809=CARTESIAN_POINT('',(0.007499999999999982,0.,-0.04300000000000001));
#2810=DIRECTION('',(0.,1.,0.));
#2811=DIRECTION('',(0.,0.,1.));
#2812=AXIS2_PLACEMENT_3D('',#2809,#2810,#2811);
#2813=CIRCLE('',#2812,0.001500000000000001);
#2814=EDGE_CURVE('',#2808,#2808,#2813,.T.);
#2815=ORIENTED_EDGE('',*,*,#2814,.T.);
#2816=EDGE_LOOP('',(#2815));
#2817=FACE_BOUND('',#2816,.F.);
#2818=ADVANCED_FACE('',(#2806,#2817),#2795,.T.);
#2819=CARTESIAN_POINT('',(0.05550000000000002,0.003,-0.008249999999999999));
#2820=DIRECTION('',(0.,-1.,0.));
#2821=DIRECTION('',(0.,0.,-1.));
#2822=AXIS2_PLACEMENT_3D('',#2819,#2820,#2821);
#2823=CYLINDRICAL_SURFACE('',#2822,0.0015000000000000042);
#2824=CARTESIAN_POINT('',(0.05550000000000002,0.003,-0.006749999999999995));
#2825=VERTEX_POINT('',#2824);
#2826=CARTESIAN_POINT('',(0.05550000000000002,0.003,-0.008249999999999999));
#2827=DIRECTION('',(0.,1.,0.));
#2828=DIRECTION('',(0.,0.,1.));
#2829=AXIS2_PLACEMENT_3D('',#2826,#2827,#2828);
#2830=CIRCLE('',#2829,0.0015000000000000042);
#2831=EDGE_CURVE('',#2825,#2825,#2830,.T.);
#2832=ORIENTED_EDGE('',*,*,#2831,.F.);
#2833=EDGE_LOOP('',(#2832));
#2834=FACE_OUTER_BOUND('',#2833,.T.);
#2835=CARTESIAN_POINT('',(0.05550000000000002,0.,-0.006749999999999995));
#2836=VERTEX_POINT('',#2835);
#2837=CARTESIAN_POINT('',(0.05550000000000002,0.,-0.008249999999999999));
#2838=DIRECTION('',(0.,1.,0.));
#2839=DIRECTION('',(0.,0.,1.));
#2840=AXIS2_PLACEMENT_3D('',#2837,#2838,#2839);
#2841=CIRCLE('',#2840,0.0015000000000000042);
#2842=EDGE_CURVE('',#2836,#2836,#2841,.T.);
#2843=ORIENTED_EDGE('',*,*,#2842,.T.);
#2844=EDGE_LOOP('',(#2843));
#2845=FACE_BOUND('',#2844,.F.);
#2846=ADVANCED_FACE('',(#2834,#2845),#2823,.T.);
#2847=CARTESIAN_POINT('',(0.05550000000000002,0.003,0.008250000000000002));
#2848=DIRECTION('',(0.,-1.,0.));
#2849=DIRECTION('',(0.,0.,-1.));
#2850=AXIS2_PLACEMENT_3D('',#2847,#2848,#2849);
#2851=CYLINDRICAL_SURFACE('',#2850,0.001500000000000004);
#2852=CARTESIAN_POINT('',(0.05550000000000002,0.003,0.009750000000000005));
#2853=VERTEX_POINT('',#2852);
#2854=CARTESIAN_POINT('',(0.05550000000000002,0.003,0.008250000000000002));
#2855=DIRECTION('',(0.,1.,0.));
#2856=DIRECTION('',(0.,0.,1.));
#2857=AXIS2_PLACEMENT_3D('',#2854,#2855,#2856);
#2858=CIRCLE('',#2857,0.001500000000000004);
#2859=EDGE_CURVE('',#2853,#2853,#2858,.T.);
#2860=ORIENTED_EDGE('',*,*,#2859,.T.);
#2861=EDGE_LOOP('',(#2860));
#2862=FACE_OUTER_BOUND('',#2861,.T.);
#2863=CARTESIAN_POINT('',(0.05550000000000002,0.,0.009750000000000005));
#2864=VERTEX_POINT('',#2863);
#2865=CARTESIAN_POINT('',(0.05550000000000002,0.,0.008250000000000002));
#2866=DIRECTION('',(0.,1.,0.));
#2867=DIRECTION('',(0.,0.,1.));
#2868=AXIS2_PLACEMENT_3D('',#2865,#2866,#2867);
#2869=CIRCLE('',#2868,0.001500000000000004);
#2870=EDGE_CURVE('',#2864,#2864,#2869,.T.);
#2871=ORIENTED_EDGE('',*,*,#2870,.F.);
#2872=EDGE_LOOP('',(#2871));
#2873=FACE_BOUND('',#2872,.F.);
#2874=ADVANCED_FACE('',(#2862,#2873),#2851,.F.);
#2875=CARTESIAN_POINT('',(0.03300000000000003,0.003,0.0155));
#2876=DIRECTION('',(0.,-1.,0.));
#2877=DIRECTION('',(0.,0.,-1.));
#2878=AXIS2_PLACEMENT_3D('',#2875,#2876,#2877);
#2879=CYLINDRICAL_SURFACE('',#2878,0.001500000000000003);
#2880=CARTESIAN_POINT('',(0.03300000000000003,0.,0.0155));
#2881=DIRECTION('',(0.,1.,0.));
#2882=DIRECTION('',(0.,0.,1.));
#2883=AXIS2_PLACEMENT_3D('',#2880,#2881,#2882);
#2884=CIRCLE('',#2883,0.001500000000000003);
#2885=EDGE_CURVE('',#1253,#1329,#2884,.T.);
#2886=ORIENTED_EDGE('',*,*,#2885,.F.);
#2887=CARTESIAN_POINT('',(0.03300000000000003,0.,0.017));
#2888=DIRECTION('',(0.,1.,0.));
#2889=VECTOR('',#2888,1.);
#2890=LINE('',#2887,#2889);
#2891=EDGE_CURVE('',#1253,#1269,#2890,.T.);
#2892=ORIENTED_EDGE('',*,*,#2891,.T.);
#2893=CARTESIAN_POINT('',(0.03300000000000003,0.003,0.0155));
#2894=DIRECTION('',(0.,1.,0.));
#2895=DIRECTION('',(0.,0.,1.));
#2896=AXIS2_PLACEMENT_3D('',#2893,#2894,#2895);
#2897=CIRCLE('',#2896,0.001500000000000003);
#2898=EDGE_CURVE('',#1269,#1337,#2897,.T.);
#2899=ORIENTED_EDGE('',*,*,#2898,.T.);
#2900=CARTESIAN_POINT('',(0.03300000000000003,0.,0.013999999999999995));
#2901=DIRECTION('',(0.,1.,0.));
#2902=VECTOR('',#2901,1.);
#2903=LINE('',#2900,#2902);
#2904=EDGE_CURVE('',#1329,#1337,#2903,.T.);
#2905=ORIENTED_EDGE('',*,*,#2904,.F.);
#2906=EDGE_LOOP('',(#2886,#2892,#2899,#2905));
#2907=FACE_OUTER_BOUND('',#2906,.T.);
#2908=ADVANCED_FACE('',(#2907),#2879,.F.);
#2909=CARTESIAN_POINT('',(0.,0.003,-0.01750000000000001));
#2910=DIRECTION('',(0.,0.,-1.));
#2911=DIRECTION('',(-1.,0.,0.));
#2912=AXIS2_PLACEMENT_3D('',#2909,#2910,#2911);
#2913=PLANE('',#2912);
#2914=CARTESIAN_POINT('',(-0.02575000000000002,0.,-0.01750000000000001));
#2915=DIRECTION('',(-1.,0.,0.));
#2916=VECTOR('',#2915,1.);
#2917=LINE('',#2914,#2916);
#2918=EDGE_CURVE('',#1365,#1443,#2917,.T.);
#2919=ORIENTED_EDGE('',*,*,#2918,.F.);
#2920=CARTESIAN_POINT('',(-0.02575000000000002,0.,-0.01750000000000001));
#2921=DIRECTION('',(0.,1.,0.));
#2922=VECTOR('',#2921,1.);
#2923=LINE('',#2920,#2922);
#2924=EDGE_CURVE('',#1365,#1384,#2923,.T.);
#2925=ORIENTED_EDGE('',*,*,#2924,.T.);
#2926=CARTESIAN_POINT('',(-0.02575000000000002,0.003,-0.01750000000000001));
#2927=DIRECTION('',(-1.,0.,0.));
#2928=VECTOR('',#2927,1.);
#2929=LINE('',#2926,#2928);
#2930=EDGE_CURVE('',#1384,#1452,#2929,.T.);
#2931=ORIENTED_EDGE('',*,*,#2930,.T.);
#2932=CARTESIAN_POINT('',(-0.04575000000000002,0.,-0.01750000000000001));
#2933=DIRECTION('',(0.,1.,0.));
#2934=VECTOR('',#2933,1.);
#2935=LINE('',#2932,#2934);
#2936=EDGE_CURVE('',#1443,#1452,#2935,.T.);
#2937=ORIENTED_EDGE('',*,*,#2936,.F.);
#2938=EDGE_LOOP('',(#2919,#2925,#2931,#2937));
#2939=FACE_OUTER_BOUND('',#2938,.T.);
#2940=ADVANCED_FACE('',(#2939),#2913,.F.);
#2941=CARTESIAN_POINT('',(0.,0.003,-0.009500000000000003));
#2942=DIRECTION('',(0.,0.,-1.));
#2943=DIRECTION('',(-1.,0.,0.));
#2944=AXIS2_PLACEMENT_3D('',#2941,#2942,#2943);
#2945=PLANE('',#2944);
#2946=CARTESIAN_POINT('',(-0.025749999999999936,0.,-0.009500000000000003));
#2947=DIRECTION('',(-1.,0.,0.));
#2948=VECTOR('',#2947,1.);
#2949=LINE('',#2946,#2948);
#2950=EDGE_CURVE('',#1481,#1559,#2949,.T.);
#2951=ORIENTED_EDGE('',*,*,#2950,.F.);
#2952=CARTESIAN_POINT('',(-0.025749999999999936,0.,-0.009500000000000003));
#2953=DIRECTION('',(0.,1.,0.));
#2954=VECTOR('',#2953,1.);
#2955=LINE('',#2952,#2954);
#2956=EDGE_CURVE('',#1481,#1500,#2955,.T.);
#2957=ORIENTED_EDGE('',*,*,#2956,.T.);
#2958=CARTESIAN_POINT('',(-0.025749999999999936,0.003,-0.009500000000000003));
#2959=DIRECTION('',(-1.,0.,0.));
#2960=VECTOR('',#2959,1.);
#2961=LINE('',#2958,#2960);
#2962=EDGE_CURVE('',#1500,#1568,#2961,.T.);
#2963=ORIENTED_EDGE('',*,*,#2962,.T.);
#2964=CARTESIAN_POINT('',(-0.04574999999999994,0.,-0.009500000000000003));
#2965=DIRECTION('',(0.,1.,0.));
#2966=VECTOR('',#2965,1.);
#2967=LINE('',#2964,#2966);
#2968=EDGE_CURVE('',#1559,#1568,#2967,.T.);
#2969=ORIENTED_EDGE('',*,*,#2968,.F.);
#2970=EDGE_LOOP('',(#2951,#2957,#2963,#2969));
#2971=FACE_OUTER_BOUND('',#2970,.T.);
#2972=ADVANCED_FACE('',(#2971),#2945,.F.);
#2973=CARTESIAN_POINT('',(0.,0.003,-0.001499999999999984));
#2974=DIRECTION('',(0.,0.,-1.));
#2975=DIRECTION('',(-1.,0.,0.));
#2976=AXIS2_PLACEMENT_3D('',#2973,#2974,#2975);
#2977=PLANE('',#2976);
#2978=CARTESIAN_POINT('',(-0.02574999999999984,0.,-0.001499999999999984));
#2979=DIRECTION('',(-1.,0.,0.));
#2980=VECTOR('',#2979,1.);
#2981=LINE('',#2978,#2980);
#2982=EDGE_CURVE('',#1597,#1675,#2981,.T.);
#2983=ORIENTED_EDGE('',*,*,#2982,.F.);
#2984=CARTESIAN_POINT('',(-0.02574999999999984,0.,-0.001499999999999984));
#2985=DIRECTION('',(0.,1.,0.));
#2986=VECTOR('',#2985,1.);
#2987=LINE('',#2984,#2986);
#2988=EDGE_CURVE('',#1597,#1616,#2987,.T.);
#2989=ORIENTED_EDGE('',*,*,#2988,.T.);
#2990=CARTESIAN_POINT('',(-0.02574999999999984,0.003,-0.001499999999999984));
#2991=DIRECTION('',(-1.,0.,0.));
#2992=VECTOR('',#2991,1.);
#2993=LINE('',#2990,#2992);
#2994=EDGE_CURVE('',#1616,#1684,#2993,.T.);
#2995=ORIENTED_EDGE('',*,*,#2994,.T.);
#2996=CARTESIAN_POINT('',(-0.04574999999999984,0.,-0.001499999999999984));
#2997=DIRECTION('',(0.,1.,0.));
#2998=VECTOR('',#2997,1.);
#2999=LINE('',#2996,#2998);
#3000=EDGE_CURVE('',#1675,#1684,#2999,.T.);
#3001=ORIENTED_EDGE('',*,*,#3000,.F.);
#3002=EDGE_LOOP('',(#2983,#2989,#2995,#3001));
#3003=FACE_OUTER_BOUND('',#3002,.T.);
#3004=ADVANCED_FACE('',(#3003),#2977,.F.);
#3005=CARTESIAN_POINT('',(0.,0.003,0.006500000000000006));
#3006=DIRECTION('',(0.,0.,-1.));
#3007=DIRECTION('',(-1.,0.,0.));
#3008=AXIS2_PLACEMENT_3D('',#3005,#3006,#3007);
#3009=PLANE('',#3008);
#3010=CARTESIAN_POINT('',(-0.02574999999999977,0.,0.006500000000000006));
#3011=DIRECTION('',(-1.,0.,0.));
#3012=VECTOR('',#3011,1.);
#3013=LINE('',#3010,#3012);
#3014=EDGE_CURVE('',#1713,#1791,#3013,.T.);
#3015=ORIENTED_EDGE('',*,*,#3014,.F.);
#3016=CARTESIAN_POINT('',(-0.02574999999999977,0.,0.006500000000000006));
#3017=DIRECTION('',(0.,1.,0.));
#3018=VECTOR('',#3017,1.);
#3019=LINE('',#3016,#3018);
#3020=EDGE_CURVE('',#1713,#1732,#3019,.T.);
#3021=ORIENTED_EDGE('',*,*,#3020,.T.);
#3022=CARTESIAN_POINT('',(-0.02574999999999977,0.003,0.006500000000000006));
#3023=DIRECTION('',(-1.,0.,0.));
#3024=VECTOR('',#3023,1.);
#3025=LINE('',#3022,#3024);
#3026=EDGE_CURVE('',#1732,#1800,#3025,.T.);
#3027=ORIENTED_EDGE('',*,*,#3026,.T.);
#3028=CARTESIAN_POINT('',(-0.04574999999999977,0.,0.006500000000000006));
#3029=DIRECTION('',(0.,1.,0.));
#3030=VECTOR('',#3029,1.);
#3031=LINE('',#3028,#3030);
#3032=EDGE_CURVE('',#1791,#1800,#3031,.T.);
#3033=ORIENTED_EDGE('',*,*,#3032,.F.);
#3034=EDGE_LOOP('',(#3015,#3021,#3027,#3033));
#3035=FACE_OUTER_BOUND('',#3034,.T.);
#3036=ADVANCED_FACE('',(#3035),#3009,.F.);
#3037=CARTESIAN_POINT('',(0.,0.003,0.014500000000000013));
#3038=DIRECTION('',(0.,0.,-1.));
#3039=DIRECTION('',(-1.,0.,0.));
#3040=AXIS2_PLACEMENT_3D('',#3037,#3038,#3039);
#3041=PLANE('',#3040);
#3042=CARTESIAN_POINT('',(-0.025749999999999686,0.,0.014500000000000013));
#3043=DIRECTION('',(-1.,0.,0.));
#3044=VECTOR('',#3043,1.);
#3045=LINE('',#3042,#3044);
#3046=EDGE_CURVE('',#1829,#1907,#3045,.T.);
#3047=ORIENTED_EDGE('',*,*,#3046,.F.);
#3048=CARTESIAN_POINT('',(-0.025749999999999686,0.,0.014500000000000013));
#3049=DIRECTION('',(0.,1.,0.));
#3050=VECTOR('',#3049,1.);
#3051=LINE('',#3048,#3050);
#3052=EDGE_CURVE('',#1829,#1848,#3051,.T.);
#3053=ORIENTED_EDGE('',*,*,#3052,.T.);
#3054=CARTESIAN_POINT('',(-0.025749999999999686,0.003,0.014500000000000013));
#3055=DIRECTION('',(-1.,0.,0.));
#3056=VECTOR('',#3055,1.);
#3057=LINE('',#3054,#3056);
#3058=EDGE_CURVE('',#1848,#1916,#3057,.T.);
#3059=ORIENTED_EDGE('',*,*,#3058,.T.);
#3060=CARTESIAN_POINT('',(-0.04574999999999969,0.,0.014500000000000013));
#3061=DIRECTION('',(0.,1.,0.));
#3062=VECTOR('',#3061,1.);
#3063=LINE('',#3060,#3062);
#3064=EDGE_CURVE('',#1907,#1916,#3063,.T.);
#3065=ORIENTED_EDGE('',*,*,#3064,.F.);
#3066=EDGE_LOOP('',(#3047,#3053,#3059,#3065));
#3067=FACE_OUTER_BOUND('',#3066,.T.);
#3068=ADVANCED_FACE('',(#3067),#3041,.F.);
#3069=CARTESIAN_POINT('',(-0.05550000000000002,0.003,-0.02024999999999999));
#3070=DIRECTION('',(0.,-1.,0.));
#3071=DIRECTION('',(0.,0.,-1.));
#3072=AXIS2_PLACEMENT_3D('',#3069,#3070,#3071);
#3073=CYLINDRICAL_SURFACE('',#3072,0.0015000000000000042);
#3074=CARTESIAN_POINT('',(-0.05550000000000002,0.003,-0.018749999999999985));
#3075=VERTEX_POINT('',#3074);
#3076=CARTESIAN_POINT('',(-0.05550000000000002,0.003,-0.02024999999999999));
#3077=DIRECTION('',(0.,1.,0.));
#3078=DIRECTION('',(0.,0.,1.));
#3079=AXIS2_PLACEMENT_3D('',#3076,#3077,#3078);
#3080=CIRCLE('',#3079,0.0015000000000000042);
#3081=EDGE_CURVE('',#3075,#3075,#3080,.T.);
#3082=ORIENTED_EDGE('',*,*,#3081,.F.);
#3083=EDGE_LOOP('',(#3082));
#3084=FACE_OUTER_BOUND('',#3083,.T.);
#3085=CARTESIAN_POINT('',(-0.05550000000000002,0.,-0.018749999999999985));
#3086=VERTEX_POINT('',#3085);
#3087=CARTESIAN_POINT('',(-0.05550000000000002,0.,-0.02024999999999999));
#3088=DIRECTION('',(0.,1.,0.));
#3089=DIRECTION('',(0.,0.,1.));
#3090=AXIS2_PLACEMENT_3D('',#3087,#3088,#3089);
#3091=CIRCLE('',#3090,0.0015000000000000042);
#3092=EDGE_CURVE('',#3086,#3086,#3091,.T.);
#3093=ORIENTED_EDGE('',*,*,#3092,.T.);
#3094=EDGE_LOOP('',(#3093));
#3095=FACE_BOUND('',#3094,.F.);
#3096=ADVANCED_FACE('',(#3084,#3095),#3073,.T.);
#3097=CARTESIAN_POINT('',(-0.05550000000000001,0.003,-0.008249999999999985));
#3098=DIRECTION('',(0.,-1.,0.));
#3099=DIRECTION('',(0.,0.,-1.));
#3100=AXIS2_PLACEMENT_3D('',#3097,#3098,#3099);
#3101=CYLINDRICAL_SURFACE('',#3100,0.0015000000000000042);
#3102=CARTESIAN_POINT('',(-0.05550000000000001,0.003,-0.006749999999999981));
#3103=VERTEX_POINT('',#3102);
#3104=CARTESIAN_POINT('',(-0.05550000000000001,0.003,-0.008249999999999985));
#3105=DIRECTION('',(0.,1.,0.));
#3106=DIRECTION('',(0.,0.,1.));
#3107=AXIS2_PLACEMENT_3D('',#3104,#3105,#3106);
#3108=CIRCLE('',#3107,0.0015000000000000042);
#3109=EDGE_CURVE('',#3103,#3103,#3108,.T.);
#3110=ORIENTED_EDGE('',*,*,#3109,.T.);
#3111=EDGE_LOOP('',(#3110));
#3112=FACE_OUTER_BOUND('',#3111,.T.);
#3113=CARTESIAN_POINT('',(-0.05550000000000001,0.,-0.006749999999999981));
#3114=VERTEX_POINT('',#3113);
#3115=CARTESIAN_POINT('',(-0.05550000000000001,0.,-0.008249999999999985));
#3116=DIRECTION('',(0.,1.,0.));
#3117=DIRECTION('',(0.,0.,1.));
#3118=AXIS2_PLACEMENT_3D('',#3115,#3116,#3117);
#3119=CIRCLE('',#3118,0.0015000000000000042);
#3120=EDGE_CURVE('',#3114,#3114,#3119,.T.);
#3121=ORIENTED_EDGE('',*,*,#3120,.F.);
#3122=EDGE_LOOP('',(#3121));
#3123=FACE_BOUND('',#3122,.F.);
#3124=ADVANCED_FACE('',(#3112,#3123),#3101,.F.);
#3125=CARTESIAN_POINT('',(-0.065,0.003,-0.01774999999999999));
#3126=DIRECTION('',(0.,-1.,0.));
#3127=DIRECTION('',(0.,0.,-1.));
#3128=AXIS2_PLACEMENT_3D('',#3125,#3126,#3127);
#3129=CYLINDRICAL_SURFACE('',#3128,0.0014999999999999974);
#3130=CARTESIAN_POINT('',(-0.065,0.003,-0.016249999999999994));
#3131=VERTEX_POINT('',#3130);
#3132=CARTESIAN_POINT('',(-0.065,0.003,-0.01774999999999999));
#3133=DIRECTION('',(0.,1.,0.));
#3134=DIRECTION('',(0.,0.,1.));
#3135=AXIS2_PLACEMENT_3D('',#3132,#3133,#3134);
#3136=CIRCLE('',#3135,0.0014999999999999974);
#3137=EDGE_CURVE('',#3131,#3131,#3136,.T.);
#3138=ORIENTED_EDGE('',*,*,#3137,.F.);
#3139=EDGE_LOOP('',(#3138));
#3140=FACE_OUTER_BOUND('',#3139,.T.);
#3141=CARTESIAN_POINT('',(-0.065,0.,-0.016249999999999994));
#3142=VERTEX_POINT('',#3141);
#3143=CARTESIAN_POINT('',(-0.065,0.,-0.01774999999999999));
#3144=DIRECTION('',(0.,1.,0.));
#3145=DIRECTION('',(0.,0.,1.));
#3146=AXIS2_PLACEMENT_3D('',#3143,#3144,#3145);
#3147=CIRCLE('',#3146,0.0014999999999999974);
#3148=EDGE_CURVE('',#3142,#3142,#3147,.T.);
#3149=ORIENTED_EDGE('',*,*,#3148,.T.);
#3150=EDGE_LOOP('',(#3149));
#3151=FACE_BOUND('',#3150,.F.);
#3152=ADVANCED_FACE('',(#3140,#3151),#3129,.T.);
#3153=CARTESIAN_POINT('',(-0.06499999999999999,0.003,0.01775000000000001));
#3154=DIRECTION('',(0.,-1.,0.));
#3155=DIRECTION('',(0.,0.,-1.));
#3156=AXIS2_PLACEMENT_3D('',#3153,#3154,#3155);
#3157=CYLINDRICAL_SURFACE('',#3156,0.0014999999999999974);
#3158=CARTESIAN_POINT('',(-0.06499999999999999,0.003,0.019250000000000007));
#3159=VERTEX_POINT('',#3158);
#3160=CARTESIAN_POINT('',(-0.06499999999999999,0.003,0.01775000000000001));
#3161=DIRECTION('',(0.,1.,0.));
#3162=DIRECTION('',(0.,0.,1.));
#3163=AXIS2_PLACEMENT_3D('',#3160,#3161,#3162);
#3164=CIRCLE('',#3163,0.0014999999999999974);
#3165=EDGE_CURVE('',#3159,#3159,#3164,.T.);
#3166=ORIENTED_EDGE('',*,*,#3165,.T.);
#3167=EDGE_LOOP('',(#3166));
#3168=FACE_OUTER_BOUND('',#3167,.T.);
#3169=CARTESIAN_POINT('',(-0.06499999999999999,0.,0.019250000000000007));
#3170=VERTEX_POINT('',#3169);
#3171=CARTESIAN_POINT('',(-0.06499999999999999,0.,0.01775000000000001));
#3172=DIRECTION('',(0.,1.,0.));
#3173=DIRECTION('',(0.,0.,1.));
#3174=AXIS2_PLACEMENT_3D('',#3171,#3172,#3173);
#3175=CIRCLE('',#3174,0.0014999999999999974);
#3176=EDGE_CURVE('',#3170,#3170,#3175,.T.);
#3177=ORIENTED_EDGE('',*,*,#3176,.F.);
#3178=EDGE_LOOP('',(#3177));
#3179=FACE_BOUND('',#3178,.F.);
#3180=ADVANCED_FACE('',(#3168,#3179),#3157,.F.);
#3181=CARTESIAN_POINT('',(0.06500000000000002,0.003,0.01774999999999998));
#3182=DIRECTION('',(0.,-1.,0.));
#3183=DIRECTION('',(0.,0.,-1.));
#3184=AXIS2_PLACEMENT_3D('',#3181,#3182,#3183);
#3185=CYLINDRICAL_SURFACE('',#3184,0.0014999999999999974);
#3186=CARTESIAN_POINT('',(0.06500000000000002,0.003,0.01924999999999998));
#3187=VERTEX_POINT('',#3186);
#3188=CARTESIAN_POINT('',(0.06500000000000002,0.003,0.01774999999999998));
#3189=DIRECTION('',(0.,1.,0.));
#3190=DIRECTION('',(0.,0.,1.));
#3191=AXIS2_PLACEMENT_3D('',#3188,#3189,#3190);
#3192=CIRCLE('',#3191,0.0014999999999999974);
#3193=EDGE_CURVE('',#3187,#3187,#3192,.T.);
#3194=ORIENTED_EDGE('',*,*,#3193,.F.);
#3195=EDGE_LOOP('',(#3194));
#3196=FACE_OUTER_BOUND('',#3195,.T.);
#3197=CARTESIAN_POINT('',(0.06500000000000002,0.,0.01924999999999998));
#3198=VERTEX_POINT('',#3197);
#3199=CARTESIAN_POINT('',(0.06500000000000002,0.,0.01774999999999998));
#3200=DIRECTION('',(0.,1.,0.));
#3201=DIRECTION('',(0.,0.,1.));
#3202=AXIS2_PLACEMENT_3D('',#3199,#3200,#3201);
#3203=CIRCLE('',#3202,0.0014999999999999974);
#3204=EDGE_CURVE('',#3198,#3198,#3203,.T.);
#3205=ORIENTED_EDGE('',*,*,#3204,.T.);
#3206=EDGE_LOOP('',(#3205));
#3207=FACE_BOUND('',#3206,.F.);
#3208=ADVANCED_FACE('',(#3196,#3207),#3185,.T.);
#3209=CARTESIAN_POINT('',(0.055500000000000035,0.003,-2.4799097682733915E-17));
#3210=DIRECTION('',(0.,-1.,0.));
#3211=DIRECTION('',(0.,0.,-1.));
#3212=AXIS2_PLACEMENT_3D('',#3209,#3210,#3211);
#3213=CYLINDRICAL_SURFACE('',#3212,0.004000000000000006);
#3214=CARTESIAN_POINT('',(0.055500000000000035,0.003,0.003999999999999981));
#3215=VERTEX_POINT('',#3214);
#3216=CARTESIAN_POINT('',(0.055500000000000035,0.003,-2.4799097682733915E-17));
#3217=DIRECTION('',(0.,1.,0.));
#3218=DIRECTION('',(0.,0.,1.));
#3219=AXIS2_PLACEMENT_3D('',#3216,#3217,#3218);
#3220=CIRCLE('',#3219,0.004000000000000006);
#3221=EDGE_CURVE('',#3215,#3215,#3220,.T.);
#3222=ORIENTED_EDGE('',*,*,#3221,.F.);
#3223=EDGE_LOOP('',(#3222));
#3224=FACE_OUTER_BOUND('',#3223,.T.);
#3225=CARTESIAN_POINT('',(0.055500000000000035,0.,0.003999999999999981));
#3226=VERTEX_POINT('',#3225);
#3227=CARTESIAN_POINT('',(0.055500000000000035,0.,-2.4799097682733915E-17));
#3228=DIRECTION('',(0.,1.,0.));
#3229=DIRECTION('',(0.,0.,1.));
#3230=AXIS2_PLACEMENT_3D('',#3227,#3228,#3229);
#3231=CIRCLE('',#3230,0.004000000000000006);
#3232=EDGE_CURVE('',#3226,#3226,#3231,.T.);
#3233=ORIENTED_EDGE('',*,*,#3232,.T.);
#3234=EDGE_LOOP('',(#3233));
#3235=FACE_BOUND('',#3234,.F.);
#3236=ADVANCED_FACE('',(#3224,#3235),#3213,.T.);
#3237=CARTESIAN_POINT('',(-1.3877787807814543E-17,0.003,-0.02000000000000014));
#3238=DIRECTION('',(6.938893903907222E-16,0.,1.));
#3239=DIRECTION('',(1.,0.,-6.938893903907222E-16));
#3240=AXIS2_PLACEMENT_3D('',#3237,#3238,#3239);
#3241=PLANE('',#3240);
#3242=CARTESIAN_POINT('',(0.022999999999999937,0.,-0.020000000000000157));
#3243=DIRECTION('',(1.,0.,-6.938893903907222E-16));
#3244=VECTOR('',#3243,1.);
#3245=LINE('',#3242,#3244);
#3246=EDGE_CURVE('',#1945,#2023,#3245,.T.);
#3247=ORIENTED_EDGE('',*,*,#3246,.F.);
#3248=CARTESIAN_POINT('',(0.022999999999999937,0.,-0.020000000000000157));
#3249=DIRECTION('',(0.,1.,0.));
#3250=VECTOR('',#3249,1.);
#3251=LINE('',#3248,#3250);
#3252=EDGE_CURVE('',#1945,#1964,#3251,.T.);
#3253=ORIENTED_EDGE('',*,*,#3252,.T.);
#3254=CARTESIAN_POINT('',(0.022999999999999937,0.003,-0.020000000000000157));
#3255=DIRECTION('',(1.,0.,-6.938893903907222E-16));
#3256=VECTOR('',#3255,1.);
#3257=LINE('',#3254,#3256);
#3258=EDGE_CURVE('',#1964,#2032,#3257,.T.);
#3259=ORIENTED_EDGE('',*,*,#3258,.T.);
#3260=CARTESIAN_POINT('',(0.032999999999999946,0.,-0.020000000000000163));
#3261=DIRECTION('',(0.,1.,0.));
#3262=VECTOR('',#3261,1.);
#3263=LINE('',#3260,#3262);
#3264=EDGE_CURVE('',#2023,#2032,#3263,.T.);
#3265=ORIENTED_EDGE('',*,*,#3264,.F.);
#3266=EDGE_LOOP('',(#3247,#3253,#3259,#3265));
#3267=FACE_OUTER_BOUND('',#3266,.T.);
#3268=ADVANCED_FACE('',(#3267),#3241,.F.);
#3269=CARTESIAN_POINT('',(-1.8041124150158887E-17,0.003,-0.026000000000000155));
#3270=DIRECTION('',(6.938893903907222E-16,0.,1.));
#3271=DIRECTION('',(1.,0.,-6.938893903907222E-16));
#3272=AXIS2_PLACEMENT_3D('',#3269,#3270,#3271);
#3273=PLANE('',#3272);
#3274=CARTESIAN_POINT('',(0.022999999999999916,0.,-0.026000000000000172));
#3275=DIRECTION('',(1.,0.,-6.938893903907222E-16));
#3276=VECTOR('',#3275,1.);
#3277=LINE('',#3274,#3276);
#3278=EDGE_CURVE('',#2061,#2139,#3277,.T.);
#3279=ORIENTED_EDGE('',*,*,#3278,.F.);
#3280=CARTESIAN_POINT('',(0.022999999999999916,0.,-0.026000000000000172));
#3281=DIRECTION('',(0.,1.,0.));
#3282=VECTOR('',#3281,1.);
#3283=LINE('',#3280,#3282);
#3284=EDGE_CURVE('',#2061,#2080,#3283,.T.);
#3285=ORIENTED_EDGE('',*,*,#3284,.T.);
#3286=CARTESIAN_POINT('',(0.022999999999999916,0.003,-0.026000000000000172));
#3287=DIRECTION('',(1.,0.,-6.938893903907222E-16));
#3288=VECTOR('',#3287,1.);
#3289=LINE('',#3286,#3288);
#3290=EDGE_CURVE('',#2080,#2148,#3289,.T.);
#3291=ORIENTED_EDGE('',*,*,#3290,.T.);
#3292=CARTESIAN_POINT('',(0.032999999999999925,0.,-0.02600000000000018));
#3293=DIRECTION('',(0.,1.,0.));
#3294=VECTOR('',#3293,1.);
#3295=LINE('',#3292,#3294);
#3296=EDGE_CURVE('',#2139,#2148,#3295,.T.);
#3297=ORIENTED_EDGE('',*,*,#3296,.F.);
#3298=EDGE_LOOP('',(#3279,#3285,#3291,#3297));
#3299=FACE_OUTER_BOUND('',#3298,.T.);
#3300=ADVANCED_FACE('',(#3299),#3273,.F.);
#3301=CARTESIAN_POINT('',(-2.2204460492503234E-17,0.003,-0.032000000000000174));
#3302=DIRECTION('',(6.938893903907222E-16,0.,1.));
#3303=DIRECTION('',(1.,0.,-6.938893903907222E-16));
#3304=AXIS2_PLACEMENT_3D('',#3301,#3302,#3303);
#3305=PLANE('',#3304);
#3306=CARTESIAN_POINT('',(0.022999999999999896,0.,-0.03200000000000019));
#3307=DIRECTION('',(1.,0.,-6.938893903907222E-16));
#3308=VECTOR('',#3307,1.);
#3309=LINE('',#3306,#3308);
#3310=EDGE_CURVE('',#2177,#2255,#3309,.T.);
#3311=ORIENTED_EDGE('',*,*,#3310,.F.);
#3312=CARTESIAN_POINT('',(0.022999999999999896,0.,-0.03200000000000019));
#3313=DIRECTION('',(0.,1.,0.));
#3314=VECTOR('',#3313,1.);
#3315=LINE('',#3312,#3314);
#3316=EDGE_CURVE('',#2177,#2196,#3315,.T.);
#3317=ORIENTED_EDGE('',*,*,#3316,.T.);
#3318=CARTESIAN_POINT('',(0.022999999999999896,0.003,-0.03200000000000019));
#3319=DIRECTION('',(1.,0.,-6.938893903907222E-16));
#3320=VECTOR('',#3319,1.);
#3321=LINE('',#3318,#3320);
#3322=EDGE_CURVE('',#2196,#2264,#3321,.T.);
#3323=ORIENTED_EDGE('',*,*,#3322,.T.);
#3324=CARTESIAN_POINT('',(0.032999999999999904,0.,-0.032000000000000195));
#3325=DIRECTION('',(0.,1.,0.));
#3326=VECTOR('',#3325,1.);
#3327=LINE('',#3324,#3326);
#3328=EDGE_CURVE('',#2255,#2264,#3327,.T.);
#3329=ORIENTED_EDGE('',*,*,#3328,.F.);
#3330=EDGE_LOOP('',(#3311,#3317,#3323,#3329));
#3331=FACE_OUTER_BOUND('',#3330,.T.);
#3332=ADVANCED_FACE('',(#3331),#3305,.F.);
#3333=CARTESIAN_POINT('',(0.03299999999999996,0.003,0.021500000000000047));
#3334=DIRECTION('',(0.,-1.,0.));
#3335=DIRECTION('',(0.,0.,-1.));
#3336=AXIS2_PLACEMENT_3D('',#3333,#3334,#3335);
#3337=CYLINDRICAL_SURFACE('',#3336,0.0014999999999999163);
#3338=CARTESIAN_POINT('',(0.03299999999999996,0.,0.021500000000000047));
#3339=DIRECTION('',(0.,1.,0.));
#3340=DIRECTION('',(0.,0.,1.));
#3341=AXIS2_PLACEMENT_3D('',#3338,#3339,#3340);
#3342=CIRCLE('',#3341,0.0014999999999999163);
#3343=EDGE_CURVE('',#29,#105,#3342,.F.);
#3344=ORIENTED_EDGE('',*,*,#3343,.F.);
#3345=CARTESIAN_POINT('',(0.03299999999999994,0.,0.022999999999999996));
#3346=DIRECTION('',(0.,1.,0.));
#3347=VECTOR('',#3346,1.);
#3348=LINE('',#3345,#3347);
#3349=EDGE_CURVE('',#29,#45,#3348,.T.);
#3350=ORIENTED_EDGE('',*,*,#3349,.T.);
#3351=CARTESIAN_POINT('',(0.03299999999999996,0.003,0.021500000000000047));
#3352=DIRECTION('',(0.,1.,0.));
#3353=DIRECTION('',(0.,0.,1.));
#3354=AXIS2_PLACEMENT_3D('',#3351,#3352,#3353);
#3355=CIRCLE('',#3354,0.0014999999999999163);
#3356=EDGE_CURVE('',#45,#113,#3355,.F.);
#3357=ORIENTED_EDGE('',*,*,#3356,.T.);
#3358=CARTESIAN_POINT('',(0.032999999999999946,0.,0.020000000000000163));
#3359=DIRECTION('',(0.,1.,0.));
#3360=VECTOR('',#3359,1.);
#3361=LINE('',#3358,#3360);
#3362=EDGE_CURVE('',#105,#113,#3361,.T.);
#3363=ORIENTED_EDGE('',*,*,#3362,.F.);
#3364=EDGE_LOOP('',(#3344,#3350,#3357,#3363));
#3365=FACE_OUTER_BOUND('',#3364,.T.);
#3366=ADVANCED_FACE('',(#3365),#3337,.F.);
#3367=CARTESIAN_POINT('',(0.,0.003,0.));
#3368=DIRECTION('',(0.,1.,0.));
#3369=DIRECTION('',(0.,0.,1.));
#3370=AXIS2_PLACEMENT_3D('',#3367,#3368,#3369);
#3371=PLANE('',#3370);
#3372=CARTESIAN_POINT('',(0.022999999999999958,0.003,-0.03350000000000004));
#3373=DIRECTION('',(0.,1.,0.));
#3374=DIRECTION('',(0.,0.,1.));
#3375=AXIS2_PLACEMENT_3D('',#3372,#3373,#3374);
#3376=CIRCLE('',#3375,0.0014999999999999215);
#3377=EDGE_CURVE('',#2196,#2188,#3376,.F.);
#3378=ORIENTED_EDGE('',*,*,#3377,.T.);
#3379=CARTESIAN_POINT('',(0.022999999999999896,0.003,-0.03500000000000003));
#3380=DIRECTION('',(1.,0.,0.));
#3381=VECTOR('',#3380,1.);
#3382=LINE('',#3379,#3381);
#3383=EDGE_CURVE('',#2188,#2227,#3382,.T.);
#3384=ORIENTED_EDGE('',*,*,#3383,.T.);
#3385=CARTESIAN_POINT('',(0.03299999999999996,0.003,-0.03350000000000008));
#3386=DIRECTION('',(0.,1.,0.));
#3387=DIRECTION('',(0.,0.,1.));
#3388=AXIS2_PLACEMENT_3D('',#3385,#3386,#3387);
#3389=CIRCLE('',#3388,0.001499999999999918);
#3390=EDGE_CURVE('',#2227,#2264,#3389,.T.);
#3391=ORIENTED_EDGE('',*,*,#3390,.T.);
#3392=CARTESIAN_POINT('',(0.022999999999999896,0.003,-0.03200000000000019));
#3393=DIRECTION('',(1.,0.,-6.938893903907222E-16));
#3394=VECTOR('',#3393,1.);
#3395=LINE('',#3392,#3394);
#3396=EDGE_CURVE('',#2196,#2264,#3395,.T.);
#3397=ORIENTED_EDGE('',*,*,#3396,.F.);
#3398=EDGE_LOOP('',(#3378,#3384,#3391,#3397));
#3399=FACE_OUTER_BOUND('',#3398,.T.);
#3400=CARTESIAN_POINT('',(0.022999999999999958,0.003,-0.02750000000000002));
#3401=DIRECTION('',(0.,1.,0.));
#3402=DIRECTION('',(0.,0.,1.));
#3403=AXIS2_PLACEMENT_3D('',#3400,#3401,#3402);
#3404=CIRCLE('',#3403,0.0014999999999999198);
#3405=EDGE_CURVE('',#2080,#2072,#3404,.F.);
#3406=ORIENTED_EDGE('',*,*,#3405,.T.);
#3407=CARTESIAN_POINT('',(0.022999999999999916,0.003,-0.029000000000000012));
#3408=DIRECTION('',(1.,0.,0.));
#3409=VECTOR('',#3408,1.);
#3410=LINE('',#3407,#3409);
#3411=EDGE_CURVE('',#2072,#2111,#3410,.T.);
#3412=ORIENTED_EDGE('',*,*,#3411,.T.);
#3413=CARTESIAN_POINT('',(0.03299999999999996,0.003,-0.02750000000000006));
#3414=DIRECTION('',(0.,1.,0.));
#3415=DIRECTION('',(0.,0.,1.));
#3416=AXIS2_PLACEMENT_3D('',#3413,#3414,#3415);
#3417=CIRCLE('',#3416,0.0014999999999999163);
#3418=EDGE_CURVE('',#2111,#2148,#3417,.T.);
#3419=ORIENTED_EDGE('',*,*,#3418,.T.);
#3420=CARTESIAN_POINT('',(0.022999999999999916,0.003,-0.026000000000000172));
#3421=DIRECTION('',(1.,0.,-6.938893903907222E-16));
#3422=VECTOR('',#3421,1.);
#3423=LINE('',#3420,#3422);
#3424=EDGE_CURVE('',#2080,#2148,#3423,.T.);
#3425=ORIENTED_EDGE('',*,*,#3424,.F.);
#3426=EDGE_LOOP('',(#3406,#3412,#3419,#3425));
#3427=FACE_BOUND('',#3426,.F.);
#3428=CARTESIAN_POINT('',(0.022999999999999958,0.003,-0.021500000000000005));
#3429=DIRECTION('',(0.,1.,0.));
#3430=DIRECTION('',(0.,0.,1.));
#3431=AXIS2_PLACEMENT_3D('',#3428,#3429,#3430);
#3432=CIRCLE('',#3431,0.0014999999999999198);
#3433=EDGE_CURVE('',#1964,#1956,#3432,.F.);
#3434=ORIENTED_EDGE('',*,*,#3433,.T.);
#3435=CARTESIAN_POINT('',(0.022999999999999937,0.003,-0.022999999999999996));
#3436=DIRECTION('',(1.,0.,0.));
#3437=VECTOR('',#3436,1.);
#3438=LINE('',#3435,#3437);
#3439=EDGE_CURVE('',#1956,#1995,#3438,.T.);
#3440=ORIENTED_EDGE('',*,*,#3439,.T.);
#3441=CARTESIAN_POINT('',(0.03299999999999996,0.003,-0.021500000000000047));
#3442=DIRECTION('',(0.,1.,0.));
#3443=DIRECTION('',(0.,0.,1.));
#3444=AXIS2_PLACEMENT_3D('',#3441,#3442,#3443);
#3445=CIRCLE('',#3444,0.0014999999999999163);
#3446=EDGE_CURVE('',#1995,#2032,#3445,.T.);
#3447=ORIENTED_EDGE('',*,*,#3446,.T.);
#3448=CARTESIAN_POINT('',(0.022999999999999937,0.003,-0.020000000000000157));
#3449=DIRECTION('',(1.,0.,-6.938893903907222E-16));
#3450=VECTOR('',#3449,1.);
#3451=LINE('',#3448,#3450);
#3452=EDGE_CURVE('',#1964,#2032,#3451,.T.);
#3453=ORIENTED_EDGE('',*,*,#3452,.F.);
#3454=EDGE_LOOP('',(#3434,#3440,#3447,#3453));
#3455=FACE_BOUND('',#3454,.F.);
#3456=CARTESIAN_POINT('',(0.055500000000000035,0.003,-2.4799097682733915E-17));
#3457=DIRECTION('',(0.,1.,0.));
#3458=DIRECTION('',(0.,0.,1.));
#3459=AXIS2_PLACEMENT_3D('',#3456,#3457,#3458);
#3460=CIRCLE('',#3459,0.004000000000000006);
#3461=EDGE_CURVE('',#3215,#3215,#3460,.T.);
#3462=ORIENTED_EDGE('',*,*,#3461,.T.);
#3463=EDGE_LOOP('',(#3462));
#3464=FACE_BOUND('',#3463,.F.);
#3465=CARTESIAN_POINT('',(0.06500000000000002,0.003,0.01774999999999998));
#3466=DIRECTION('',(0.,1.,0.));
#3467=DIRECTION('',(0.,0.,1.));
#3468=AXIS2_PLACEMENT_3D('',#3465,#3466,#3467);
#3469=CIRCLE('',#3468,0.0014999999999999974);
#3470=EDGE_CURVE('',#3187,#3187,#3469,.T.);
#3471=ORIENTED_EDGE('',*,*,#3470,.T.);
#3472=EDGE_LOOP('',(#3471));
#3473=FACE_BOUND('',#3472,.F.);
#3474=CARTESIAN_POINT('',(-0.06499999999999999,0.003,0.01775000000000001));
#3475=DIRECTION('',(0.,1.,0.));
#3476=DIRECTION('',(0.,0.,1.));
#3477=AXIS2_PLACEMENT_3D('',#3474,#3475,#3476);
#3478=CIRCLE('',#3477,0.0014999999999999974);
#3479=EDGE_CURVE('',#3159,#3159,#3478,.T.);
#3480=ORIENTED_EDGE('',*,*,#3479,.F.);
#3481=EDGE_LOOP('',(#3480));
#3482=FACE_BOUND('',#3481,.F.);
#3483=CARTESIAN_POINT('',(-0.065,0.003,-0.01774999999999999));
#3484=DIRECTION('',(0.,1.,0.));
#3485=DIRECTION('',(0.,0.,1.));
#3486=AXIS2_PLACEMENT_3D('',#3483,#3484,#3485);
#3487=CIRCLE('',#3486,0.0014999999999999974);
#3488=EDGE_CURVE('',#3131,#3131,#3487,.T.);
#3489=ORIENTED_EDGE('',*,*,#3488,.T.);
#3490=EDGE_LOOP('',(#3489));
#3491=FACE_BOUND('',#3490,.F.);
#3492=CARTESIAN_POINT('',(-0.05550000000000001,0.003,-0.008249999999999985));
#3493=DIRECTION('',(0.,1.,0.));
#3494=DIRECTION('',(0.,0.,1.));
#3495=AXIS2_PLACEMENT_3D('',#3492,#3493,#3494);
#3496=CIRCLE('',#3495,0.0015000000000000042);
#3497=EDGE_CURVE('',#3103,#3103,#3496,.T.);
#3498=ORIENTED_EDGE('',*,*,#3497,.F.);
#3499=EDGE_LOOP('',(#3498));
#3500=FACE_BOUND('',#3499,.F.);
#3501=CARTESIAN_POINT('',(-0.05550000000000002,0.003,-0.02024999999999999));
#3502=DIRECTION('',(0.,1.,0.));
#3503=DIRECTION('',(0.,0.,1.));
#3504=AXIS2_PLACEMENT_3D('',#3501,#3502,#3503);
#3505=CIRCLE('',#3504,0.0015000000000000042);
#3506=EDGE_CURVE('',#3075,#3075,#3505,.T.);
#3507=ORIENTED_EDGE('',*,*,#3506,.T.);
#3508=EDGE_LOOP('',(#3507));
#3509=FACE_BOUND('',#3508,.F.);
#3510=CARTESIAN_POINT('',(-0.025749999999999607,0.003,0.016000000000000014));
#3511=DIRECTION('',(0.,1.,0.));
#3512=DIRECTION('',(0.,0.,1.));
#3513=AXIS2_PLACEMENT_3D('',#3510,#3511,#3512);
#3514=CIRCLE('',#3513,0.0015000000000000013);
#3515=EDGE_CURVE('',#1848,#1840,#3514,.T.);
#3516=ORIENTED_EDGE('',*,*,#3515,.T.);
#3517=CARTESIAN_POINT('',(-0.025749999999999686,0.003,0.017500000000000016));
#3518=DIRECTION('',(-1.,0.,0.));
#3519=VECTOR('',#3518,1.);
#3520=LINE('',#3517,#3519);
#3521=EDGE_CURVE('',#1840,#1879,#3520,.T.);
#3522=ORIENTED_EDGE('',*,*,#3521,.T.);
#3523=CARTESIAN_POINT('',(-0.04575000000000002,0.003,0.016000000000000014));
#3524=DIRECTION('',(0.,1.,0.));
#3525=DIRECTION('',(0.,0.,1.));
#3526=AXIS2_PLACEMENT_3D('',#3523,#3524,#3525);
#3527=CIRCLE('',#3526,0.0015000000000000013);
#3528=EDGE_CURVE('',#1879,#1916,#3527,.T.);
#3529=ORIENTED_EDGE('',*,*,#3528,.T.);
#3530=CARTESIAN_POINT('',(-0.025749999999999686,0.003,0.014500000000000013));
#3531=DIRECTION('',(-1.,0.,0.));
#3532=VECTOR('',#3531,1.);
#3533=LINE('',#3530,#3532);
#3534=EDGE_CURVE('',#1848,#1916,#3533,.T.);
#3535=ORIENTED_EDGE('',*,*,#3534,.F.);
#3536=EDGE_LOOP('',(#3516,#3522,#3529,#3535));
#3537=FACE_BOUND('',#3536,.F.);
#3538=CARTESIAN_POINT('',(-0.02575000000000002,0.003,0.008000000000000007));
#3539=DIRECTION('',(0.,1.,0.));
#3540=DIRECTION('',(0.,0.,1.));
#3541=AXIS2_PLACEMENT_3D('',#3538,#3539,#3540);
#3542=CIRCLE('',#3541,0.0015000000000000013);
#3543=EDGE_CURVE('',#1732,#1724,#3542,.F.);
#3544=ORIENTED_EDGE('',*,*,#3543,.T.);
#3545=CARTESIAN_POINT('',(-0.02574999999999977,0.003,0.009500000000000008));
#3546=DIRECTION('',(-1.,0.,0.));
#3547=VECTOR('',#3546,1.);
#3548=LINE('',#3545,#3547);
#3549=EDGE_CURVE('',#1724,#1763,#3548,.T.);
#3550=ORIENTED_EDGE('',*,*,#3549,.T.);
#3551=CARTESIAN_POINT('',(-0.04575000000000002,0.003,0.008000000000000007));
#3552=DIRECTION('',(0.,1.,0.));
#3553=DIRECTION('',(0.,0.,1.));
#3554=AXIS2_PLACEMENT_3D('',#3551,#3552,#3553);
#3555=CIRCLE('',#3554,0.0015000000000000013);
#3556=EDGE_CURVE('',#1763,#1800,#3555,.T.);
#3557=ORIENTED_EDGE('',*,*,#3556,.T.);
#3558=CARTESIAN_POINT('',(-0.02574999999999977,0.003,0.006500000000000006));
#3559=DIRECTION('',(-1.,0.,0.));
#3560=VECTOR('',#3559,1.);
#3561=LINE('',#3558,#3560);
#3562=EDGE_CURVE('',#1732,#1800,#3561,.T.);
#3563=ORIENTED_EDGE('',*,*,#3562,.F.);
#3564=EDGE_LOOP('',(#3544,#3550,#3557,#3563));
#3565=FACE_BOUND('',#3564,.F.);
#3566=CARTESIAN_POINT('',(-0.025750000000000012,0.003,1.0408340855860843E-17));
#3567=DIRECTION('',(0.,1.,0.));
#3568=DIRECTION('',(0.,0.,1.));
#3569=AXIS2_PLACEMENT_3D('',#3566,#3567,#3568);
#3570=CIRCLE('',#3569,0.0014999999999999944);
#3571=EDGE_CURVE('',#1616,#1608,#3570,.F.);
#3572=ORIENTED_EDGE('',*,*,#3571,.T.);
#3573=CARTESIAN_POINT('',(-0.02574999999999984,0.003,0.0015000000000000048));
#3574=DIRECTION('',(-1.,0.,0.));
#3575=VECTOR('',#3574,1.);
#3576=LINE('',#3573,#3575);
#3577=EDGE_CURVE('',#1608,#1647,#3576,.T.);
#3578=ORIENTED_EDGE('',*,*,#3577,.T.);
#3579=CARTESIAN_POINT('',(-0.04575000000000001,0.003,1.0408340855860843E-17));
#3580=DIRECTION('',(0.,1.,0.));
#3581=DIRECTION('',(0.,0.,1.));
#3582=AXIS2_PLACEMENT_3D('',#3579,#3580,#3581);
#3583=CIRCLE('',#3582,0.0014999999999999944);
#3584=EDGE_CURVE('',#1647,#1684,#3583,.T.);
#3585=ORIENTED_EDGE('',*,*,#3584,.T.);
#3586=CARTESIAN_POINT('',(-0.02574999999999984,0.003,-0.001499999999999984));
#3587=DIRECTION('',(-1.,0.,0.));
#3588=VECTOR('',#3587,1.);
#3589=LINE('',#3586,#3588);
#3590=EDGE_CURVE('',#1616,#1684,#3589,.T.);
#3591=ORIENTED_EDGE('',*,*,#3590,.F.);
#3592=EDGE_LOOP('',(#3572,#3578,#3585,#3591));
#3593=FACE_BOUND('',#3592,.F.);
#3594=CARTESIAN_POINT('',(-0.02575000000000002,0.003,-0.008000000000000002));
#3595=DIRECTION('',(0.,1.,0.));
#3596=DIRECTION('',(0.,0.,1.));
#3597=AXIS2_PLACEMENT_3D('',#3594,#3595,#3596);
#3598=CIRCLE('',#3597,0.0015000000000000013);
#3599=EDGE_CURVE('',#1500,#1492,#3598,.F.);
#3600=ORIENTED_EDGE('',*,*,#3599,.T.);
#3601=CARTESIAN_POINT('',(-0.025749999999999936,0.003,-0.006500000000000001));
#3602=DIRECTION('',(-1.,0.,0.));
#3603=VECTOR('',#3602,1.);
#3604=LINE('',#3601,#3603);
#3605=EDGE_CURVE('',#1492,#1531,#3604,.T.);
#3606=ORIENTED_EDGE('',*,*,#3605,.T.);
#3607=CARTESIAN_POINT('',(-0.04575000000000002,0.003,-0.008000000000000004));
#3608=DIRECTION('',(0.,1.,0.));
#3609=DIRECTION('',(0.,0.,1.));
#3610=AXIS2_PLACEMENT_3D('',#3607,#3608,#3609);
#3611=CIRCLE('',#3610,0.0015000000000000013);
#3612=EDGE_CURVE('',#1531,#1568,#3611,.T.);
#3613=ORIENTED_EDGE('',*,*,#3612,.T.);
#3614=CARTESIAN_POINT('',(-0.025749999999999936,0.003,-0.009500000000000003));
#3615=DIRECTION('',(-1.,0.,0.));
#3616=VECTOR('',#3615,1.);
#3617=LINE('',#3614,#3616);
#3618=EDGE_CURVE('',#1500,#1568,#3617,.T.);
#3619=ORIENTED_EDGE('',*,*,#3618,.F.);
#3620=EDGE_LOOP('',(#3600,#3606,#3613,#3619));
#3621=FACE_BOUND('',#3620,.F.);
#3622=CARTESIAN_POINT('',(-0.02575000000000002,0.003,-0.016000000000000007));
#3623=DIRECTION('',(0.,1.,0.));
#3624=DIRECTION('',(0.,0.,1.));
#3625=AXIS2_PLACEMENT_3D('',#3622,#3623,#3624);
#3626=CIRCLE('',#3625,0.0015000000000000013);
#3627=EDGE_CURVE('',#1384,#1376,#3626,.T.);
#3628=ORIENTED_EDGE('',*,*,#3627,.T.);
#3629=CARTESIAN_POINT('',(-0.02575000000000002,0.003,-0.014500000000000006));
#3630=DIRECTION('',(-1.,0.,0.));
#3631=VECTOR('',#3630,1.);
#3632=LINE('',#3629,#3631);
#3633=EDGE_CURVE('',#1376,#1415,#3632,.T.);
#3634=ORIENTED_EDGE('',*,*,#3633,.T.);
#3635=CARTESIAN_POINT('',(-0.04575000000000002,0.003,-0.016000000000000007));
#3636=DIRECTION('',(0.,1.,0.));
#3637=DIRECTION('',(0.,0.,1.));
#3638=AXIS2_PLACEMENT_3D('',#3635,#3636,#3637);
#3639=CIRCLE('',#3638,0.0015000000000000013);
#3640=EDGE_CURVE('',#1415,#1452,#3639,.T.);
#3641=ORIENTED_EDGE('',*,*,#3640,.T.);
#3642=CARTESIAN_POINT('',(-0.02575000000000002,0.003,-0.01750000000000001));
#3643=DIRECTION('',(-1.,0.,0.));
#3644=VECTOR('',#3643,1.);
#3645=LINE('',#3642,#3644);
#3646=EDGE_CURVE('',#1384,#1452,#3645,.T.);
#3647=ORIENTED_EDGE('',*,*,#3646,.F.);
#3648=EDGE_LOOP('',(#3628,#3634,#3641,#3647));
#3649=FACE_BOUND('',#3648,.F.);
#3650=CARTESIAN_POINT('',(0.023000000000000024,0.003,0.017000000000000008));
#3651=DIRECTION('',(1.,0.,-6.938893903907224E-16));
#3652=VECTOR('',#3651,1.);
#3653=LINE('',#3650,#3652);
#3654=EDGE_CURVE('',#1261,#1269,#3653,.T.);
#3655=ORIENTED_EDGE('',*,*,#3654,.F.);
#3656=CARTESIAN_POINT('',(0.023000000000000024,0.003,0.0155));
#3657=DIRECTION('',(0.,1.,0.));
#3658=DIRECTION('',(0.,0.,1.));
#3659=AXIS2_PLACEMENT_3D('',#3656,#3657,#3658);
#3660=CIRCLE('',#3659,0.001500000000000003);
#3661=EDGE_CURVE('',#1300,#1261,#3660,.T.);
#3662=ORIENTED_EDGE('',*,*,#3661,.F.);
#3663=CARTESIAN_POINT('',(0.023000000000000024,0.003,0.014000000000000002));
#3664=DIRECTION('',(1.,0.,-6.938893903907224E-16));
#3665=VECTOR('',#3664,1.);
#3666=LINE('',#3663,#3665);
#3667=EDGE_CURVE('',#1300,#1337,#3666,.T.);
#3668=ORIENTED_EDGE('',*,*,#3667,.T.);
#3669=CARTESIAN_POINT('',(0.03300000000000003,0.003,0.0155));
#3670=DIRECTION('',(0.,1.,0.));
#3671=DIRECTION('',(0.,0.,1.));
#3672=AXIS2_PLACEMENT_3D('',#3669,#3670,#3671);
#3673=CIRCLE('',#3672,0.001500000000000003);
#3674=EDGE_CURVE('',#1269,#1337,#3673,.T.);
#3675=ORIENTED_EDGE('',*,*,#3674,.F.);
#3676=EDGE_LOOP('',(#3655,#3662,#3668,#3675));
#3677=FACE_BOUND('',#3676,.F.);
#3678=CARTESIAN_POINT('',(0.05550000000000002,0.003,0.008250000000000002));
#3679=DIRECTION('',(0.,1.,0.));
#3680=DIRECTION('',(0.,0.,1.));
#3681=AXIS2_PLACEMENT_3D('',#3678,#3679,#3680);
#3682=CIRCLE('',#3681,0.001500000000000004);
#3683=EDGE_CURVE('',#2853,#2853,#3682,.T.);
#3684=ORIENTED_EDGE('',*,*,#3683,.F.);
#3685=EDGE_LOOP('',(#3684));
#3686=FACE_BOUND('',#3685,.F.);
#3687=CARTESIAN_POINT('',(0.05550000000000002,0.003,-0.008249999999999999));
#3688=DIRECTION('',(0.,1.,0.));
#3689=DIRECTION('',(0.,0.,1.));
#3690=AXIS2_PLACEMENT_3D('',#3687,#3688,#3689);
#3691=CIRCLE('',#3690,0.0015000000000000042);
#3692=EDGE_CURVE('',#2825,#2825,#3691,.T.);
#3693=ORIENTED_EDGE('',*,*,#3692,.T.);
#3694=EDGE_LOOP('',(#3693));
#3695=FACE_BOUND('',#3694,.F.);
#3696=CARTESIAN_POINT('',(0.007499999999999982,0.003,-0.04300000000000001));
#3697=DIRECTION('',(0.,1.,0.));
#3698=DIRECTION('',(0.,0.,1.));
#3699=AXIS2_PLACEMENT_3D('',#3696,#3697,#3698);
#3700=CIRCLE('',#3699,0.001500000000000001);
#3701=EDGE_CURVE('',#2797,#2797,#3700,.T.);
#3702=ORIENTED_EDGE('',*,*,#3701,.T.);
#3703=EDGE_LOOP('',(#3702));
#3704=FACE_BOUND('',#3703,.F.);
#3705=CARTESIAN_POINT('',(0.007499999999999993,0.003,0.043000000000000024));
#3706=DIRECTION('',(0.,1.,0.));
#3707=DIRECTION('',(0.,0.,1.));
#3708=AXIS2_PLACEMENT_3D('',#3705,#3706,#3707);
#3709=CIRCLE('',#3708,0.001500000000000001);
#3710=EDGE_CURVE('',#2769,#2769,#3709,.T.);
#3711=ORIENTED_EDGE('',*,*,#3710,.T.);
#3712=EDGE_LOOP('',(#3711));
#3713=FACE_BOUND('',#3712,.F.);
#3714=CARTESIAN_POINT('',(-0.06299999999999997,0.003,0.04300000000000001));
#3715=DIRECTION('',(0.,1.,0.));
#3716=DIRECTION('',(0.,0.,1.));
#3717=AXIS2_PLACEMENT_3D('',#3714,#3715,#3716);
#3718=CIRCLE('',#3717,0.0015000000000000042);
#3719=EDGE_CURVE('',#2741,#2741,#3718,.T.);
#3720=ORIENTED_EDGE('',*,*,#3719,.T.);
#3721=EDGE_LOOP('',(#3720));
#3722=FACE_BOUND('',#3721,.F.);
#3723=CARTESIAN_POINT('',(0.06300000000000003,0.003,0.04299999999999998));
#3724=DIRECTION('',(0.,1.,0.));
#3725=DIRECTION('',(0.,0.,1.));
#3726=AXIS2_PLACEMENT_3D('',#3723,#3724,#3725);
#3727=CIRCLE('',#3726,0.0014999999999999974);
#3728=EDGE_CURVE('',#2713,#2713,#3727,.T.);
#3729=ORIENTED_EDGE('',*,*,#3728,.T.);
#3730=EDGE_LOOP('',(#3729));
#3731=FACE_BOUND('',#3730,.F.);
#3732=CARTESIAN_POINT('',(0.06300000000000001,0.003,-0.04299999999999998));
#3733=DIRECTION('',(0.,1.,0.));
#3734=DIRECTION('',(0.,0.,1.));
#3735=AXIS2_PLACEMENT_3D('',#3732,#3733,#3734);
#3736=CIRCLE('',#3735,0.0014999999999999974);
#3737=EDGE_CURVE('',#2685,#2685,#3736,.T.);
#3738=ORIENTED_EDGE('',*,*,#3737,.T.);
#3739=EDGE_LOOP('',(#3738));
#3740=FACE_BOUND('',#3739,.F.);
#3741=CARTESIAN_POINT('',(-0.06299999999999999,0.003,-0.04299999999999998));
#3742=DIRECTION('',(0.,1.,0.));
#3743=DIRECTION('',(0.,0.,1.));
#3744=AXIS2_PLACEMENT_3D('',#3741,#3742,#3743);
#3745=CIRCLE('',#3744,0.0015000000000000042);
#3746=EDGE_CURVE('',#2657,#2657,#3745,.T.);
#3747=ORIENTED_EDGE('',*,*,#3746,.T.);
#3748=EDGE_LOOP('',(#3747));
#3749=FACE_BOUND('',#3748,.F.);
#3750=CARTESIAN_POINT('',(-0.023000000000000007,0.003,0.024499999999999973));
#3751=DIRECTION('',(-2.3129646346357194E-15,0.,1.));
#3752=VECTOR('',#3751,1.);
#3753=LINE('',#3750,#3752);
#3754=EDGE_CURVE('',#1157,#1149,#3753,.T.);
#3755=ORIENTED_EDGE('',*,*,#3754,.T.);
#3756=CARTESIAN_POINT('',(-0.023000000000000013,0.003,0.027500000000000004));
#3757=DIRECTION('',(-1.,0.,0.));
#3758=VECTOR('',#3757,1.);
#3759=LINE('',#3756,#3758);
#3760=EDGE_CURVE('',#1149,#1187,#3759,.T.);
#3761=ORIENTED_EDGE('',*,*,#3760,.T.);
#3762=CARTESIAN_POINT('',(-0.032500000000000015,0.003,0.024500000000000008));
#3763=DIRECTION('',(0.,0.,1.));
#3764=VECTOR('',#3763,1.);
#3765=LINE('',#3762,#3764);
#3766=EDGE_CURVE('',#1223,#1187,#3765,.T.);
#3767=ORIENTED_EDGE('',*,*,#3766,.F.);
#3768=CARTESIAN_POINT('',(-0.023000000000000007,0.003,0.024499999999999973));
#3769=DIRECTION('',(-1.,0.,3.652049423109064E-15));
#3770=VECTOR('',#3769,1.);
#3771=LINE('',#3768,#3770);
#3772=EDGE_CURVE('',#1157,#1223,#3771,.T.);
#3773=ORIENTED_EDGE('',*,*,#3772,.F.);
#3774=EDGE_LOOP('',(#3755,#3761,#3767,#3773));
#3775=FACE_BOUND('',#3774,.F.);
#3776=CARTESIAN_POINT('',(-0.03250000000000002,0.003,-0.024500000000000036));
#3777=DIRECTION('',(0.,0.,-1.));
#3778=VECTOR('',#3777,1.);
#3779=LINE('',#3776,#3778);
#3780=EDGE_CURVE('',#1045,#1037,#3779,.T.);
#3781=ORIENTED_EDGE('',*,*,#3780,.T.);
#3782=CARTESIAN_POINT('',(-0.02300000000000002,0.003,-0.02750000000000004));
#3783=DIRECTION('',(-1.,0.,7.304098846218134E-16));
#3784=VECTOR('',#3783,1.);
#3785=LINE('',#3782,#3784);
#3786=EDGE_CURVE('',#1075,#1037,#3785,.T.);
#3787=ORIENTED_EDGE('',*,*,#3786,.F.);
#3788=CARTESIAN_POINT('',(-0.023000000000000013,0.003,-0.024500000000000008));
#3789=DIRECTION('',(-2.3129646346357194E-15,0.,-1.));
#3790=VECTOR('',#3789,1.);
#3791=LINE('',#3788,#3790);
#3792=EDGE_CURVE('',#1111,#1075,#3791,.T.);
#3793=ORIENTED_EDGE('',*,*,#3792,.F.);
#3794=CARTESIAN_POINT('',(-0.023000000000000013,0.003,-0.024500000000000008));
#3795=DIRECTION('',(-1.,0.,-2.9216395384872515E-15));
#3796=VECTOR('',#3795,1.);
#3797=LINE('',#3794,#3796);
#3798=EDGE_CURVE('',#1111,#1045,#3797,.T.);
#3799=ORIENTED_EDGE('',*,*,#3798,.T.);
#3800=EDGE_LOOP('',(#3781,#3787,#3793,#3799));
#3801=FACE_BOUND('',#3800,.F.);
#3802=CARTESIAN_POINT('',(-0.06249999999999996,0.003,-0.0495));
#3803=DIRECTION('',(1.,0.,0.));
#3804=VECTOR('',#3803,1.);
#3805=LINE('',#3802,#3804);
#3806=EDGE_CURVE('',#495,#503,#3805,.T.);
#3807=ORIENTED_EDGE('',*,*,#3806,.F.);
#3808=CARTESIAN_POINT('',(-0.0625,0.003,-0.0425));
#3809=DIRECTION('',(0.,1.,0.));
#3810=DIRECTION('',(0.,0.,1.));
#3811=AXIS2_PLACEMENT_3D('',#3808,#3809,#3810);
#3812=CIRCLE('',#3811,0.007000000000000003);
#3813=EDGE_CURVE('',#534,#495,#3812,.F.);
#3814=ORIENTED_EDGE('',*,*,#3813,.F.);
#3815=CARTESIAN_POINT('',(-0.0695,0.003,-0.042499999999999954));
#3816=DIRECTION('',(0.,0.,1.));
#3817=VECTOR('',#3816,1.);
#3818=LINE('',#3815,#3817);
#3819=EDGE_CURVE('',#534,#571,#3818,.T.);
#3820=ORIENTED_EDGE('',*,*,#3819,.T.);
#3821=CARTESIAN_POINT('',(-0.0625,0.003,0.0425));
#3822=DIRECTION('',(0.,1.,0.));
#3823=DIRECTION('',(0.,0.,1.));
#3824=AXIS2_PLACEMENT_3D('',#3821,#3822,#3823);
#3825=CIRCLE('',#3824,0.007000000000000003);
#3826=EDGE_CURVE('',#571,#608,#3825,.T.);
#3827=ORIENTED_EDGE('',*,*,#3826,.T.);
#3828=CARTESIAN_POINT('',(-0.06249999999999996,0.003,0.0495));
#3829=DIRECTION('',(1.,0.,0.));
#3830=VECTOR('',#3829,1.);
#3831=LINE('',#3828,#3830);
#3832=EDGE_CURVE('',#608,#645,#3831,.T.);
#3833=ORIENTED_EDGE('',*,*,#3832,.T.);
#3834=CARTESIAN_POINT('',(-0.03250000000000001,0.003,0.04650000000000003));
#3835=DIRECTION('',(0.,0.,1.));
#3836=VECTOR('',#3835,1.);
#3837=LINE('',#3834,#3836);
#3838=EDGE_CURVE('',#681,#645,#3837,.T.);
#3839=ORIENTED_EDGE('',*,*,#3838,.F.);
#3840=CARTESIAN_POINT('',(-0.023000000000000007,0.003,0.04650000000000003));
#3841=DIRECTION('',(-1.,0.,0.));
#3842=VECTOR('',#3841,1.);
#3843=LINE('',#3840,#3842);
#3844=EDGE_CURVE('',#717,#681,#3843,.T.);
#3845=ORIENTED_EDGE('',*,*,#3844,.F.);
#3846=CARTESIAN_POINT('',(-0.023000000000000007,0.003,0.04650000000000003));
#3847=DIRECTION('',(0.,0.,1.));
#3848=VECTOR('',#3847,1.);
#3849=LINE('',#3846,#3848);
#3850=EDGE_CURVE('',#717,#753,#3849,.T.);
#3851=ORIENTED_EDGE('',*,*,#3850,.T.);
#3852=CARTESIAN_POINT('',(-0.023000000000000007,0.003,0.0495));
#3853=DIRECTION('',(1.,0.,0.));
#3854=VECTOR('',#3853,1.);
#3855=LINE('',#3852,#3854);
#3856=EDGE_CURVE('',#753,#784,#3855,.T.);
#3857=ORIENTED_EDGE('',*,*,#3856,.T.);
#3858=CARTESIAN_POINT('',(0.0625,0.003,0.0425));
#3859=DIRECTION('',(0.,1.,0.));
#3860=DIRECTION('',(0.,0.,1.));
#3861=AXIS2_PLACEMENT_3D('',#3858,#3859,#3860);
#3862=CIRCLE('',#3861,0.007000000000000003);
#3863=EDGE_CURVE('',#821,#784,#3862,.F.);
#3864=ORIENTED_EDGE('',*,*,#3863,.F.);
#3865=CARTESIAN_POINT('',(0.0695,0.003,-0.042499999999999954));
#3866=DIRECTION('',(0.,0.,1.));
#3867=VECTOR('',#3866,1.);
#3868=LINE('',#3865,#3867);
#3869=EDGE_CURVE('',#858,#821,#3868,.T.);
#3870=ORIENTED_EDGE('',*,*,#3869,.F.);
#3871=CARTESIAN_POINT('',(0.0625,0.003,-0.0425));
#3872=DIRECTION('',(0.,1.,0.));
#3873=DIRECTION('',(0.,0.,1.));
#3874=AXIS2_PLACEMENT_3D('',#3871,#3872,#3873);
#3875=CIRCLE('',#3874,0.007000000000000003);
#3876=EDGE_CURVE('',#895,#858,#3875,.F.);
#3877=ORIENTED_EDGE('',*,*,#3876,.F.);
#3878=CARTESIAN_POINT('',(-0.023000000000000007,0.003,-0.0495));
#3879=DIRECTION('',(1.,0.,0.));
#3880=VECTOR('',#3879,1.);
#3881=LINE('',#3878,#3880);
#3882=EDGE_CURVE('',#927,#895,#3881,.T.);
#3883=ORIENTED_EDGE('',*,*,#3882,.F.);
#3884=CARTESIAN_POINT('',(-0.023000000000000007,0.003,-0.04650000000000003));
#3885=DIRECTION('',(0.,0.,-1.));
#3886=VECTOR('',#3885,1.);
#3887=LINE('',#3884,#3886);
#3888=EDGE_CURVE('',#963,#927,#3887,.T.);
#3889=ORIENTED_EDGE('',*,*,#3888,.F.);
#3890=CARTESIAN_POINT('',(-0.023000000000000007,0.003,-0.04650000000000003));
#3891=DIRECTION('',(-1.,0.,0.));
#3892=VECTOR('',#3891,1.);
#3893=LINE('',#3890,#3892);
#3894=EDGE_CURVE('',#963,#999,#3893,.T.);
#3895=ORIENTED_EDGE('',*,*,#3894,.T.);
#3896=CARTESIAN_POINT('',(-0.03250000000000001,0.003,-0.04650000000000003));
#3897=DIRECTION('',(0.,0.,-1.));
#3898=VECTOR('',#3897,1.);
#3899=LINE('',#3896,#3898);
#3900=EDGE_CURVE('',#999,#503,#3899,.T.);
#3901=ORIENTED_EDGE('',*,*,#3900,.T.);
#3902=EDGE_LOOP('',(#3807,#3814,#3820,#3827,#3833,#3839,#3845,#3851,#3857,#3864,#3870,#3877,#3883,#3889,#3895,#3901));
#3903=FACE_BOUND('',#3902,.F.);
#3904=CARTESIAN_POINT('',(0.04700000000000009,0.003,9.860761315262648E-32));
#3905=DIRECTION('',(0.,1.,0.));
#3906=DIRECTION('',(0.,0.,1.));
#3907=AXIS2_PLACEMENT_3D('',#3904,#3905,#3906);
#3908=CIRCLE('',#3907,0.0014999999999999367);
#3909=EDGE_CURVE('',#2533,#2533,#3908,.T.);
#3910=ORIENTED_EDGE('',*,*,#3909,.T.);
#3911=EDGE_LOOP('',(#3910));
#3912=FACE_BOUND('',#3911,.F.);
#3913=CARTESIAN_POINT('',(0.02300000000000002,0.003,-0.01549999999999999));
#3914=DIRECTION('',(0.,1.,0.));
#3915=DIRECTION('',(0.,0.,1.));
#3916=AXIS2_PLACEMENT_3D('',#3913,#3914,#3915);
#3917=CIRCLE('',#3916,0.0015000000000000013);
#3918=EDGE_CURVE('',#388,#380,#3917,.T.);
#3919=ORIENTED_EDGE('',*,*,#3918,.T.);
#3920=CARTESIAN_POINT('',(0.02300000000000002,0.003,-0.016999999999999994));
#3921=DIRECTION('',(1.,0.,0.));
#3922=VECTOR('',#3921,1.);
#3923=LINE('',#3920,#3922);
#3924=EDGE_CURVE('',#380,#419,#3923,.T.);
#3925=ORIENTED_EDGE('',*,*,#3924,.T.);
#3926=CARTESIAN_POINT('',(0.03299999999999996,0.003,-0.015500000000000019));
#3927=DIRECTION('',(0.,1.,0.));
#3928=DIRECTION('',(0.,0.,1.));
#3929=AXIS2_PLACEMENT_3D('',#3926,#3927,#3928);
#3930=CIRCLE('',#3929,0.0015000000000000048);
#3931=EDGE_CURVE('',#419,#456,#3930,.F.);
#3932=ORIENTED_EDGE('',*,*,#3931,.T.);
#3933=CARTESIAN_POINT('',(0.02300000000000002,0.003,-0.013999999999999992));
#3934=DIRECTION('',(1.,0.,6.938893903907222E-16));
#3935=VECTOR('',#3934,1.);
#3936=LINE('',#3933,#3935);
#3937=EDGE_CURVE('',#388,#456,#3936,.T.);
#3938=ORIENTED_EDGE('',*,*,#3937,.F.);
#3939=EDGE_LOOP('',(#3919,#3925,#3932,#3938));
#3940=FACE_BOUND('',#3939,.F.);
#3941=CARTESIAN_POINT('',(0.055499999999999994,0.003,0.02025));
#3942=DIRECTION('',(0.,1.,0.));
#3943=DIRECTION('',(0.,0.,1.));
#3944=AXIS2_PLACEMENT_3D('',#3941,#3942,#3943);
#3945=CIRCLE('',#3944,0.001500000000000043);
#3946=EDGE_CURVE('',#2473,#2473,#3945,.T.);
#3947=ORIENTED_EDGE('',*,*,#3946,.T.);
#3948=EDGE_LOOP('',(#3947));
#3949=FACE_BOUND('',#3948,.F.);
#3950=CARTESIAN_POINT('',(0.055500000000000035,0.003,-0.020250000000000004));
#3951=DIRECTION('',(0.,1.,0.));
#3952=DIRECTION('',(0.,0.,1.));
#3953=AXIS2_PLACEMENT_3D('',#3950,#3951,#3952);
#3954=CIRCLE('',#3953,0.0015000000000000042);
#3955=EDGE_CURVE('',#2445,#2445,#3954,.T.);
#3956=ORIENTED_EDGE('',*,*,#3955,.F.);
#3957=EDGE_LOOP('',(#3956));
#3958=FACE_BOUND('',#3957,.F.);
#3959=CARTESIAN_POINT('',(-0.05550000000000001,0.003,0.008250000000000016));
#3960=DIRECTION('',(0.,1.,0.));
#3961=DIRECTION('',(0.,0.,1.));
#3962=AXIS2_PLACEMENT_3D('',#3959,#3960,#3961);
#3963=CIRCLE('',#3962,0.001500000000000004);
#3964=EDGE_CURVE('',#2417,#2417,#3963,.T.);
#3965=ORIENTED_EDGE('',*,*,#3964,.T.);
#3966=EDGE_LOOP('',(#3965));
#3967=FACE_BOUND('',#3966,.F.);
#3968=CARTESIAN_POINT('',(-0.05550000000000002,0.003,0.020250000000000004));
#3969=DIRECTION('',(0.,1.,0.));
#3970=DIRECTION('',(0.,0.,1.));
#3971=AXIS2_PLACEMENT_3D('',#3968,#3969,#3970);
#3972=CIRCLE('',#3971,0.0014999999999999961);
#3973=EDGE_CURVE('',#2389,#2389,#3972,.T.);
#3974=ORIENTED_EDGE('',*,*,#3973,.F.);
#3975=EDGE_LOOP('',(#3974));
#3976=FACE_BOUND('',#3975,.F.);
#3977=CARTESIAN_POINT('',(0.065,0.003,-0.017750000000000005));
#3978=DIRECTION('',(0.,1.,0.));
#3979=DIRECTION('',(0.,0.,1.));
#3980=AXIS2_PLACEMENT_3D('',#3977,#3978,#3979);
#3981=CIRCLE('',#3980,0.0014999999999999974);
#3982=EDGE_CURVE('',#2361,#2361,#3981,.T.);
#3983=ORIENTED_EDGE('',*,*,#3982,.F.);
#3984=EDGE_LOOP('',(#3983));
#3985=FACE_BOUND('',#3984,.F.);
#3986=CARTESIAN_POINT('',(0.022999999999999896,0.003,0.03500000000000003));
#3987=DIRECTION('',(1.,0.,0.));
#3988=VECTOR('',#3987,1.);
#3989=LINE('',#3986,#3988);
#3990=EDGE_CURVE('',#265,#273,#3989,.T.);
#3991=ORIENTED_EDGE('',*,*,#3990,.F.);
#3992=CARTESIAN_POINT('',(0.022999999999999958,0.003,0.03350000000000004));
#3993=DIRECTION('',(0.,1.,0.));
#3994=DIRECTION('',(0.,0.,1.));
#3995=AXIS2_PLACEMENT_3D('',#3992,#3993,#3994);
#3996=CIRCLE('',#3995,0.0014999999999999215);
#3997=EDGE_CURVE('',#304,#265,#3996,.T.);
#3998=ORIENTED_EDGE('',*,*,#3997,.F.);
#3999=CARTESIAN_POINT('',(0.022999999999999896,0.003,0.03200000000000019));
#4000=DIRECTION('',(1.,0.,6.938893903907222E-16));
#4001=VECTOR('',#4000,1.);
#4002=LINE('',#3999,#4001);
#4003=EDGE_CURVE('',#304,#341,#4002,.T.);
#4004=ORIENTED_EDGE('',*,*,#4003,.T.);
#4005=CARTESIAN_POINT('',(0.03299999999999996,0.003,0.03350000000000008));
#4006=DIRECTION('',(0.,1.,0.));
#4007=DIRECTION('',(0.,0.,1.));
#4008=AXIS2_PLACEMENT_3D('',#4005,#4006,#4007);
#4009=CIRCLE('',#4008,0.001499999999999918);
#4010=EDGE_CURVE('',#273,#341,#4009,.F.);
#4011=ORIENTED_EDGE('',*,*,#4010,.F.);
#4012=EDGE_LOOP('',(#3991,#3998,#4004,#4011));
#4013=FACE_BOUND('',#4012,.F.);
#4014=CARTESIAN_POINT('',(0.022999999999999916,0.003,0.029000000000000012));
#4015=DIRECTION('',(1.,0.,0.));
#4016=VECTOR('',#4015,1.);
#4017=LINE('',#4014,#4016);
#4018=EDGE_CURVE('',#151,#159,#4017,.T.);
#4019=ORIENTED_EDGE('',*,*,#4018,.F.);
#4020=CARTESIAN_POINT('',(0.022999999999999958,0.003,0.02750000000000002));
#4021=DIRECTION('',(0.,1.,0.));
#4022=DIRECTION('',(0.,0.,1.));
#4023=AXIS2_PLACEMENT_3D('',#4020,#4021,#4022);
#4024=CIRCLE('',#4023,0.0014999999999999198);
#4025=EDGE_CURVE('',#190,#151,#4024,.T.);
#4026=ORIENTED_EDGE('',*,*,#4025,.F.);
#4027=CARTESIAN_POINT('',(0.022999999999999916,0.003,0.026000000000000172));
#4028=DIRECTION('',(1.,0.,6.938893903907222E-16));
#4029=VECTOR('',#4028,1.);
#4030=LINE('',#4027,#4029);
#4031=EDGE_CURVE('',#190,#227,#4030,.T.);
#4032=ORIENTED_EDGE('',*,*,#4031,.T.);
#4033=CARTESIAN_POINT('',(0.03299999999999996,0.003,0.02750000000000006));
#4034=DIRECTION('',(0.,1.,0.));
#4035=DIRECTION('',(0.,0.,1.));
#4036=AXIS2_PLACEMENT_3D('',#4033,#4034,#4035);
#4037=CIRCLE('',#4036,0.0014999999999999163);
#4038=EDGE_CURVE('',#159,#227,#4037,.F.);
#4039=ORIENTED_EDGE('',*,*,#4038,.F.);
#4040=EDGE_LOOP('',(#4019,#4026,#4032,#4039));
#4041=FACE_BOUND('',#4040,.F.);
#4042=CARTESIAN_POINT('',(0.022999999999999937,0.003,0.022999999999999996));
#4043=DIRECTION('',(1.,0.,0.));
#4044=VECTOR('',#4043,1.);
#4045=LINE('',#4042,#4044);
#4046=EDGE_CURVE('',#37,#45,#4045,.T.);
#4047=ORIENTED_EDGE('',*,*,#4046,.F.);
#4048=CARTESIAN_POINT('',(0.022999999999999958,0.003,0.021500000000000005));
#4049=DIRECTION('',(0.,1.,0.));
#4050=DIRECTION('',(0.,0.,1.));
#4051=AXIS2_PLACEMENT_3D('',#4048,#4049,#4050);
#4052=CIRCLE('',#4051,0.0014999999999999198);
#4053=EDGE_CURVE('',#76,#37,#4052,.T.);
#4054=ORIENTED_EDGE('',*,*,#4053,.F.);
#4055=CARTESIAN_POINT('',(0.022999999999999937,0.003,0.020000000000000157));
#4056=DIRECTION('',(1.,0.,6.938893903907222E-16));
#4057=VECTOR('',#4056,1.);
#4058=LINE('',#4055,#4057);
#4059=EDGE_CURVE('',#76,#113,#4058,.T.);
#4060=ORIENTED_EDGE('',*,*,#4059,.T.);
#4061=CARTESIAN_POINT('',(0.03299999999999996,0.003,0.021500000000000047));
#4062=DIRECTION('',(0.,1.,0.));
#4063=DIRECTION('',(0.,0.,1.));
#4064=AXIS2_PLACEMENT_3D('',#4061,#4062,#4063);
#4065=CIRCLE('',#4064,0.0014999999999999163);
#4066=EDGE_CURVE('',#45,#113,#4065,.F.);
#4067=ORIENTED_EDGE('',*,*,#4066,.F.);
#4068=EDGE_LOOP('',(#4047,#4054,#4060,#4067));
#4069=FACE_BOUND('',#4068,.F.);
#4070=ADVANCED_FACE('',(#3399,#3427,#3455,#3464,#3473,#3482,#3491,#3500,#3509,#3537,#3565,#3593,#3621,#3649,#3677,#3686,#3695,#3704,#3713,#3722,#3731,#3740,#3749,#3775,#3801,#3903,#3912,#3940,#3949,#3958,#3967,#3976,#3985,#4013,#4041,#4069),#3371,.T.);
#4071=CARTESIAN_POINT('',(0.,0.,0.));
#4072=DIRECTION('',(0.,1.,0.));
#4073=DIRECTION('',(0.,0.,1.));
#4074=AXIS2_PLACEMENT_3D('',#4071,#4072,#4073);
#4075=PLANE('',#4074);
#4076=CARTESIAN_POINT('',(0.022999999999999958,0.,-0.03350000000000004));
#4077=DIRECTION('',(0.,1.,0.));
#4078=DIRECTION('',(0.,0.,1.));
#4079=AXIS2_PLACEMENT_3D('',#4076,#4077,#4078);
#4080=CIRCLE('',#4079,0.0014999999999999215);
#4081=EDGE_CURVE('',#2177,#2179,#4080,.F.);
#4082=ORIENTED_EDGE('',*,*,#4081,.F.);
#4083=CARTESIAN_POINT('',(0.022999999999999896,0.,-0.03200000000000019));
#4084=DIRECTION('',(1.,0.,-6.938893903907222E-16));
#4085=VECTOR('',#4084,1.);
#4086=LINE('',#4083,#4085);
#4087=EDGE_CURVE('',#2177,#2255,#4086,.T.);
#4088=ORIENTED_EDGE('',*,*,#4087,.T.);
#4089=CARTESIAN_POINT('',(0.03299999999999996,0.,-0.03350000000000008));
#4090=DIRECTION('',(0.,1.,0.));
#4091=DIRECTION('',(0.,0.,1.));
#4092=AXIS2_PLACEMENT_3D('',#4089,#4090,#4091);
#4093=CIRCLE('',#4092,0.001499999999999918);
#4094=EDGE_CURVE('',#2219,#2255,#4093,.T.);
#4095=ORIENTED_EDGE('',*,*,#4094,.F.);
#4096=CARTESIAN_POINT('',(0.022999999999999896,0.,-0.03500000000000003));
#4097=DIRECTION('',(1.,0.,0.));
#4098=VECTOR('',#4097,1.);
#4099=LINE('',#4096,#4098);
#4100=EDGE_CURVE('',#2179,#2219,#4099,.T.);
#4101=ORIENTED_EDGE('',*,*,#4100,.F.);
#4102=EDGE_LOOP('',(#4082,#4088,#4095,#4101));
#4103=FACE_OUTER_BOUND('',#4102,.T.);
#4104=CARTESIAN_POINT('',(0.022999999999999958,0.,-0.02750000000000002));
#4105=DIRECTION('',(0.,1.,0.));
#4106=DIRECTION('',(0.,0.,1.));
#4107=AXIS2_PLACEMENT_3D('',#4104,#4105,#4106);
#4108=CIRCLE('',#4107,0.0014999999999999198);
#4109=EDGE_CURVE('',#2061,#2063,#4108,.F.);
#4110=ORIENTED_EDGE('',*,*,#4109,.F.);
#4111=CARTESIAN_POINT('',(0.022999999999999916,0.,-0.026000000000000172));
#4112=DIRECTION('',(1.,0.,-6.938893903907222E-16));
#4113=VECTOR('',#4112,1.);
#4114=LINE('',#4111,#4113);
#4115=EDGE_CURVE('',#2061,#2139,#4114,.T.);
#4116=ORIENTED_EDGE('',*,*,#4115,.T.);
#4117=CARTESIAN_POINT('',(0.03299999999999996,0.,-0.02750000000000006));
#4118=DIRECTION('',(0.,1.,0.));
#4119=DIRECTION('',(0.,0.,1.));
#4120=AXIS2_PLACEMENT_3D('',#4117,#4118,#4119);
#4121=CIRCLE('',#4120,0.0014999999999999163);
#4122=EDGE_CURVE('',#2103,#2139,#4121,.T.);
#4123=ORIENTED_EDGE('',*,*,#4122,.F.);
#4124=CARTESIAN_POINT('',(0.022999999999999916,0.,-0.029000000000000012));
#4125=DIRECTION('',(1.,0.,0.));
#4126=VECTOR('',#4125,1.);
#4127=LINE('',#4124,#4126);
#4128=EDGE_CURVE('',#2063,#2103,#4127,.T.);
#4129=ORIENTED_EDGE('',*,*,#4128,.F.);
#4130=EDGE_LOOP('',(#4110,#4116,#4123,#4129));
#4131=FACE_BOUND('',#4130,.F.);
#4132=CARTESIAN_POINT('',(0.022999999999999958,0.,-0.021500000000000005));
#4133=DIRECTION('',(0.,1.,0.));
#4134=DIRECTION('',(0.,0.,1.));
#4135=AXIS2_PLACEMENT_3D('',#4132,#4133,#4134);
#4136=CIRCLE('',#4135,0.0014999999999999198);
#4137=EDGE_CURVE('',#1945,#1947,#4136,.F.);
#4138=ORIENTED_EDGE('',*,*,#4137,.F.);
#4139=CARTESIAN_POINT('',(0.022999999999999937,0.,-0.020000000000000157));
#4140=DIRECTION('',(1.,0.,-6.938893903907222E-16));
#4141=VECTOR('',#4140,1.);
#4142=LINE('',#4139,#4141);
#4143=EDGE_CURVE('',#1945,#2023,#4142,.T.);
#4144=ORIENTED_EDGE('',*,*,#4143,.T.);
#4145=CARTESIAN_POINT('',(0.03299999999999996,0.,-0.021500000000000047));
#4146=DIRECTION('',(0.,1.,0.));
#4147=DIRECTION('',(0.,0.,1.));
#4148=AXIS2_PLACEMENT_3D('',#4145,#4146,#4147);
#4149=CIRCLE('',#4148,0.0014999999999999163);
#4150=EDGE_CURVE('',#1987,#2023,#4149,.T.);
#4151=ORIENTED_EDGE('',*,*,#4150,.F.);
#4152=CARTESIAN_POINT('',(0.022999999999999937,0.,-0.022999999999999996));
#4153=DIRECTION('',(1.,0.,0.));
#4154=VECTOR('',#4153,1.);
#4155=LINE('',#4152,#4154);
#4156=EDGE_CURVE('',#1947,#1987,#4155,.T.);
#4157=ORIENTED_EDGE('',*,*,#4156,.F.);
#4158=EDGE_LOOP('',(#4138,#4144,#4151,#4157));
#4159=FACE_BOUND('',#4158,.F.);
#4160=CARTESIAN_POINT('',(0.055500000000000035,0.,-2.4799097682733915E-17));
#4161=DIRECTION('',(0.,1.,0.));
#4162=DIRECTION('',(0.,0.,1.));
#4163=AXIS2_PLACEMENT_3D('',#4160,#4161,#4162);
#4164=CIRCLE('',#4163,0.004000000000000006);
#4165=EDGE_CURVE('',#3226,#3226,#4164,.T.);
#4166=ORIENTED_EDGE('',*,*,#4165,.F.);
#4167=EDGE_LOOP('',(#4166));
#4168=FACE_BOUND('',#4167,.F.);
#4169=CARTESIAN_POINT('',(0.06500000000000002,0.,0.01774999999999998));
#4170=DIRECTION('',(0.,1.,0.));
#4171=DIRECTION('',(0.,0.,1.));
#4172=AXIS2_PLACEMENT_3D('',#4169,#4170,#4171);
#4173=CIRCLE('',#4172,0.0014999999999999974);
#4174=EDGE_CURVE('',#3198,#3198,#4173,.T.);
#4175=ORIENTED_EDGE('',*,*,#4174,.F.);
#4176=EDGE_LOOP('',(#4175));
#4177=FACE_BOUND('',#4176,.F.);
#4178=CARTESIAN_POINT('',(-0.06499999999999999,0.,0.01775000000000001));
#4179=DIRECTION('',(0.,1.,0.));
#4180=DIRECTION('',(0.,0.,1.));
#4181=AXIS2_PLACEMENT_3D('',#4178,#4179,#4180);
#4182=CIRCLE('',#4181,0.0014999999999999974);
#4183=EDGE_CURVE('',#3170,#3170,#4182,.T.);
#4184=ORIENTED_EDGE('',*,*,#4183,.T.);
#4185=EDGE_LOOP('',(#4184));
#4186=FACE_BOUND('',#4185,.F.);
#4187=CARTESIAN_POINT('',(-0.065,0.,-0.01774999999999999));
#4188=DIRECTION('',(0.,1.,0.));
#4189=DIRECTION('',(0.,0.,1.));
#4190=AXIS2_PLACEMENT_3D('',#4187,#4188,#4189);
#4191=CIRCLE('',#4190,0.0014999999999999974);
#4192=EDGE_CURVE('',#3142,#3142,#4191,.T.);
#4193=ORIENTED_EDGE('',*,*,#4192,.F.);
#4194=EDGE_LOOP('',(#4193));
#4195=FACE_BOUND('',#4194,.F.);
#4196=CARTESIAN_POINT('',(-0.05550000000000001,0.,-0.008249999999999985));
#4197=DIRECTION('',(0.,1.,0.));
#4198=DIRECTION('',(0.,0.,1.));
#4199=AXIS2_PLACEMENT_3D('',#4196,#4197,#4198);
#4200=CIRCLE('',#4199,0.0015000000000000042);
#4201=EDGE_CURVE('',#3114,#3114,#4200,.T.);
#4202=ORIENTED_EDGE('',*,*,#4201,.T.);
#4203=EDGE_LOOP('',(#4202));
#4204=FACE_BOUND('',#4203,.F.);
#4205=CARTESIAN_POINT('',(-0.05550000000000002,0.,-0.02024999999999999));
#4206=DIRECTION('',(0.,1.,0.));
#4207=DIRECTION('',(0.,0.,1.));
#4208=AXIS2_PLACEMENT_3D('',#4205,#4206,#4207);
#4209=CIRCLE('',#4208,0.0015000000000000042);
#4210=EDGE_CURVE('',#3086,#3086,#4209,.T.);
#4211=ORIENTED_EDGE('',*,*,#4210,.F.);
#4212=EDGE_LOOP('',(#4211));
#4213=FACE_BOUND('',#4212,.F.);
#4214=CARTESIAN_POINT('',(-0.025749999999999607,0.,0.016000000000000014));
#4215=DIRECTION('',(0.,1.,0.));
#4216=DIRECTION('',(0.,0.,1.));
#4217=AXIS2_PLACEMENT_3D('',#4214,#4215,#4216);
#4218=CIRCLE('',#4217,0.0015000000000000013);
#4219=EDGE_CURVE('',#1829,#1831,#4218,.T.);
#4220=ORIENTED_EDGE('',*,*,#4219,.F.);
#4221=CARTESIAN_POINT('',(-0.025749999999999686,0.,0.014500000000000013));
#4222=DIRECTION('',(-1.,0.,0.));
#4223=VECTOR('',#4222,1.);
#4224=LINE('',#4221,#4223);
#4225=EDGE_CURVE('',#1829,#1907,#4224,.T.);
#4226=ORIENTED_EDGE('',*,*,#4225,.T.);
#4227=CARTESIAN_POINT('',(-0.04575000000000002,0.,0.016000000000000014));
#4228=DIRECTION('',(0.,1.,0.));
#4229=DIRECTION('',(0.,0.,1.));
#4230=AXIS2_PLACEMENT_3D('',#4227,#4228,#4229);
#4231=CIRCLE('',#4230,0.0015000000000000013);
#4232=EDGE_CURVE('',#1871,#1907,#4231,.T.);
#4233=ORIENTED_EDGE('',*,*,#4232,.F.);
#4234=CARTESIAN_POINT('',(-0.025749999999999686,0.,0.017500000000000016));
#4235=DIRECTION('',(-1.,0.,0.));
#4236=VECTOR('',#4235,1.);
#4237=LINE('',#4234,#4236);
#4238=EDGE_CURVE('',#1831,#1871,#4237,.T.);
#4239=ORIENTED_EDGE('',*,*,#4238,.F.);
#4240=EDGE_LOOP('',(#4220,#4226,#4233,#4239));
#4241=FACE_BOUND('',#4240,.F.);
#4242=CARTESIAN_POINT('',(-0.02575000000000002,0.,0.008000000000000007));
#4243=DIRECTION('',(0.,1.,0.));
#4244=DIRECTION('',(0.,0.,1.));
#4245=AXIS2_PLACEMENT_3D('',#4242,#4243,#4244);
#4246=CIRCLE('',#4245,0.0015000000000000013);
#4247=EDGE_CURVE('',#1713,#1715,#4246,.F.);
#4248=ORIENTED_EDGE('',*,*,#4247,.F.);
#4249=CARTESIAN_POINT('',(-0.02574999999999977,0.,0.006500000000000006));
#4250=DIRECTION('',(-1.,0.,0.));
#4251=VECTOR('',#4250,1.);
#4252=LINE('',#4249,#4251);
#4253=EDGE_CURVE('',#1713,#1791,#4252,.T.);
#4254=ORIENTED_EDGE('',*,*,#4253,.T.);
#4255=CARTESIAN_POINT('',(-0.04575000000000002,0.,0.008000000000000007));
#4256=DIRECTION('',(0.,1.,0.));
#4257=DIRECTION('',(0.,0.,1.));
#4258=AXIS2_PLACEMENT_3D('',#4255,#4256,#4257);
#4259=CIRCLE('',#4258,0.0015000000000000013);
#4260=EDGE_CURVE('',#1755,#1791,#4259,.T.);
#4261=ORIENTED_EDGE('',*,*,#4260,.F.);
#4262=CARTESIAN_POINT('',(-0.02574999999999977,0.,0.009500000000000008));
#4263=DIRECTION('',(-1.,0.,0.));
#4264=VECTOR('',#4263,1.);
#4265=LINE('',#4262,#4264);
#4266=EDGE_CURVE('',#1715,#1755,#4265,.T.);
#4267=ORIENTED_EDGE('',*,*,#4266,.F.);
#4268=EDGE_LOOP('',(#4248,#4254,#4261,#4267));
#4269=FACE_BOUND('',#4268,.F.);
#4270=CARTESIAN_POINT('',(-0.025750000000000012,0.,1.0408340855860843E-17));
#4271=DIRECTION('',(0.,1.,0.));
#4272=DIRECTION('',(0.,0.,1.));
#4273=AXIS2_PLACEMENT_3D('',#4270,#4271,#4272);
#4274=CIRCLE('',#4273,0.0014999999999999944);
#4275=EDGE_CURVE('',#1597,#1599,#4274,.F.);
#4276=ORIENTED_EDGE('',*,*,#4275,.F.);
#4277=CARTESIAN_POINT('',(-0.02574999999999984,0.,-0.001499999999999984));
#4278=DIRECTION('',(-1.,0.,0.));
#4279=VECTOR('',#4278,1.);
#4280=LINE('',#4277,#4279);
#4281=EDGE_CURVE('',#1597,#1675,#4280,.T.);
#4282=ORIENTED_EDGE('',*,*,#4281,.T.);
#4283=CARTESIAN_POINT('',(-0.04575000000000001,0.,1.0408340855860843E-17));
#4284=DIRECTION('',(0.,1.,0.));
#4285=DIRECTION('',(0.,0.,1.));
#4286=AXIS2_PLACEMENT_3D('',#4283,#4284,#4285);
#4287=CIRCLE('',#4286,0.0014999999999999944);
#4288=EDGE_CURVE('',#1639,#1675,#4287,.T.);
#4289=ORIENTED_EDGE('',*,*,#4288,.F.);
#4290=CARTESIAN_POINT('',(-0.02574999999999984,0.,0.0015000000000000048));
#4291=DIRECTION('',(-1.,0.,0.));
#4292=VECTOR('',#4291,1.);
#4293=LINE('',#4290,#4292);
#4294=EDGE_CURVE('',#1599,#1639,#4293,.T.);
#4295=ORIENTED_EDGE('',*,*,#4294,.F.);
#4296=EDGE_LOOP('',(#4276,#4282,#4289,#4295));
#4297=FACE_BOUND('',#4296,.F.);
#4298=CARTESIAN_POINT('',(-0.02575000000000002,0.,-0.008000000000000002));
#4299=DIRECTION('',(0.,1.,0.));
#4300=DIRECTION('',(0.,0.,1.));
#4301=AXIS2_PLACEMENT_3D('',#4298,#4299,#4300);
#4302=CIRCLE('',#4301,0.0015000000000000013);
#4303=EDGE_CURVE('',#1481,#1483,#4302,.F.);
#4304=ORIENTED_EDGE('',*,*,#4303,.F.);
#4305=CARTESIAN_POINT('',(-0.025749999999999936,0.,-0.009500000000000003));
#4306=DIRECTION('',(-1.,0.,0.));
#4307=VECTOR('',#4306,1.);
#4308=LINE('',#4305,#4307);
#4309=EDGE_CURVE('',#1481,#1559,#4308,.T.);
#4310=ORIENTED_EDGE('',*,*,#4309,.T.);
#4311=CARTESIAN_POINT('',(-0.04575000000000002,0.,-0.008000000000000004));
#4312=DIRECTION('',(0.,1.,0.));
#4313=DIRECTION('',(0.,0.,1.));
#4314=AXIS2_PLACEMENT_3D('',#4311,#4312,#4313);
#4315=CIRCLE('',#4314,0.0015000000000000013);
#4316=EDGE_CURVE('',#1523,#1559,#4315,.T.);
#4317=ORIENTED_EDGE('',*,*,#4316,.F.);
#4318=CARTESIAN_POINT('',(-0.025749999999999936,0.,-0.006500000000000001));
#4319=DIRECTION('',(-1.,0.,0.));
#4320=VECTOR('',#4319,1.);
#4321=LINE('',#4318,#4320);
#4322=EDGE_CURVE('',#1483,#1523,#4321,.T.);
#4323=ORIENTED_EDGE('',*,*,#4322,.F.);
#4324=EDGE_LOOP('',(#4304,#4310,#4317,#4323));
#4325=FACE_BOUND('',#4324,.F.);
#4326=CARTESIAN_POINT('',(-0.02575000000000002,0.,-0.016000000000000007));
#4327=DIRECTION('',(0.,1.,0.));
#4328=DIRECTION('',(0.,0.,1.));
#4329=AXIS2_PLACEMENT_3D('',#4326,#4327,#4328);
#4330=CIRCLE('',#4329,0.0015000000000000013);
#4331=EDGE_CURVE('',#1365,#1367,#4330,.T.);
#4332=ORIENTED_EDGE('',*,*,#4331,.F.);
#4333=CARTESIAN_POINT('',(-0.02575000000000002,0.,-0.01750000000000001));
#4334=DIRECTION('',(-1.,0.,0.));
#4335=VECTOR('',#4334,1.);
#4336=LINE('',#4333,#4335);
#4337=EDGE_CURVE('',#1365,#1443,#4336,.T.);
#4338=ORIENTED_EDGE('',*,*,#4337,.T.);
#4339=CARTESIAN_POINT('',(-0.04575000000000002,0.,-0.016000000000000007));
#4340=DIRECTION('',(0.,1.,0.));
#4341=DIRECTION('',(0.,0.,1.));
#4342=AXIS2_PLACEMENT_3D('',#4339,#4340,#4341);
#4343=CIRCLE('',#4342,0.0015000000000000013);
#4344=EDGE_CURVE('',#1407,#1443,#4343,.T.);
#4345=ORIENTED_EDGE('',*,*,#4344,.F.);
#4346=CARTESIAN_POINT('',(-0.02575000000000002,0.,-0.014500000000000006));
#4347=DIRECTION('',(-1.,0.,0.));
#4348=VECTOR('',#4347,1.);
#4349=LINE('',#4346,#4348);
#4350=EDGE_CURVE('',#1367,#1407,#4349,.T.);
#4351=ORIENTED_EDGE('',*,*,#4350,.F.);
#4352=EDGE_LOOP('',(#4332,#4338,#4345,#4351));
#4353=FACE_BOUND('',#4352,.F.);
#4354=CARTESIAN_POINT('',(0.023000000000000024,0.,0.017000000000000008));
#4355=DIRECTION('',(1.,0.,-6.938893903907224E-16));
#4356=VECTOR('',#4355,1.);
#4357=LINE('',#4354,#4356);
#4358=EDGE_CURVE('',#1251,#1253,#4357,.T.);
#4359=ORIENTED_EDGE('',*,*,#4358,.T.);
#4360=CARTESIAN_POINT('',(0.03300000000000003,0.,0.0155));
#4361=DIRECTION('',(0.,1.,0.));
#4362=DIRECTION('',(0.,0.,1.));
#4363=AXIS2_PLACEMENT_3D('',#4360,#4361,#4362);
#4364=CIRCLE('',#4363,0.001500000000000003);
#4365=EDGE_CURVE('',#1253,#1329,#4364,.T.);
#4366=ORIENTED_EDGE('',*,*,#4365,.T.);
#4367=CARTESIAN_POINT('',(0.023000000000000024,0.,0.014000000000000002));
#4368=DIRECTION('',(1.,0.,-6.938893903907224E-16));
#4369=VECTOR('',#4368,1.);
#4370=LINE('',#4367,#4369);
#4371=EDGE_CURVE('',#1291,#1329,#4370,.T.);
#4372=ORIENTED_EDGE('',*,*,#4371,.F.);
#4373=CARTESIAN_POINT('',(0.023000000000000024,0.,0.0155));
#4374=DIRECTION('',(0.,1.,0.));
#4375=DIRECTION('',(0.,0.,1.));
#4376=AXIS2_PLACEMENT_3D('',#4373,#4374,#4375);
#4377=CIRCLE('',#4376,0.001500000000000003);
#4378=EDGE_CURVE('',#1291,#1251,#4377,.T.);
#4379=ORIENTED_EDGE('',*,*,#4378,.T.);
#4380=EDGE_LOOP('',(#4359,#4366,#4372,#4379));
#4381=FACE_BOUND('',#4380,.F.);
#4382=CARTESIAN_POINT('',(0.05550000000000002,0.,0.008250000000000002));
#4383=DIRECTION('',(0.,1.,0.));
#4384=DIRECTION('',(0.,0.,1.));
#4385=AXIS2_PLACEMENT_3D('',#4382,#4383,#4384);
#4386=CIRCLE('',#4385,0.001500000000000004);
#4387=EDGE_CURVE('',#2864,#2864,#4386,.T.);
#4388=ORIENTED_EDGE('',*,*,#4387,.T.);
#4389=EDGE_LOOP('',(#4388));
#4390=FACE_BOUND('',#4389,.F.);
#4391=CARTESIAN_POINT('',(0.05550000000000002,0.,-0.008249999999999999));
#4392=DIRECTION('',(0.,1.,0.));
#4393=DIRECTION('',(0.,0.,1.));
#4394=AXIS2_PLACEMENT_3D('',#4391,#4392,#4393);
#4395=CIRCLE('',#4394,0.0015000000000000042);
#4396=EDGE_CURVE('',#2836,#2836,#4395,.T.);
#4397=ORIENTED_EDGE('',*,*,#4396,.F.);
#4398=EDGE_LOOP('',(#4397));
#4399=FACE_BOUND('',#4398,.F.);
#4400=CARTESIAN_POINT('',(0.007499999999999982,0.,-0.04300000000000001));
#4401=DIRECTION('',(0.,1.,0.));
#4402=DIRECTION('',(0.,0.,1.));
#4403=AXIS2_PLACEMENT_3D('',#4400,#4401,#4402);
#4404=CIRCLE('',#4403,0.001500000000000001);
#4405=EDGE_CURVE('',#2808,#2808,#4404,.T.);
#4406=ORIENTED_EDGE('',*,*,#4405,.F.);
#4407=EDGE_LOOP('',(#4406));
#4408=FACE_BOUND('',#4407,.F.);
#4409=CARTESIAN_POINT('',(0.007499999999999993,0.,0.043000000000000024));
#4410=DIRECTION('',(0.,1.,0.));
#4411=DIRECTION('',(0.,0.,1.));
#4412=AXIS2_PLACEMENT_3D('',#4409,#4410,#4411);
#4413=CIRCLE('',#4412,0.001500000000000001);
#4414=EDGE_CURVE('',#2780,#2780,#4413,.T.);
#4415=ORIENTED_EDGE('',*,*,#4414,.F.);
#4416=EDGE_LOOP('',(#4415));
#4417=FACE_BOUND('',#4416,.F.);
#4418=CARTESIAN_POINT('',(-0.06299999999999997,0.,0.04300000000000001));
#4419=DIRECTION('',(0.,1.,0.));
#4420=DIRECTION('',(0.,0.,1.));
#4421=AXIS2_PLACEMENT_3D('',#4418,#4419,#4420);
#4422=CIRCLE('',#4421,0.0015000000000000042);
#4423=EDGE_CURVE('',#2752,#2752,#4422,.T.);
#4424=ORIENTED_EDGE('',*,*,#4423,.F.);
#4425=EDGE_LOOP('',(#4424));
#4426=FACE_BOUND('',#4425,.F.);
#4427=CARTESIAN_POINT('',(0.06300000000000003,0.,0.04299999999999998));
#4428=DIRECTION('',(0.,1.,0.));
#4429=DIRECTION('',(0.,0.,1.));
#4430=AXIS2_PLACEMENT_3D('',#4427,#4428,#4429);
#4431=CIRCLE('',#4430,0.0014999999999999974);
#4432=EDGE_CURVE('',#2724,#2724,#4431,.T.);
#4433=ORIENTED_EDGE('',*,*,#4432,.F.);
#4434=EDGE_LOOP('',(#4433));
#4435=FACE_BOUND('',#4434,.F.);
#4436=CARTESIAN_POINT('',(0.06300000000000001,0.,-0.04299999999999998));
#4437=DIRECTION('',(0.,1.,0.));
#4438=DIRECTION('',(0.,0.,1.));
#4439=AXIS2_PLACEMENT_3D('',#4436,#4437,#4438);
#4440=CIRCLE('',#4439,0.0014999999999999974);
#4441=EDGE_CURVE('',#2696,#2696,#4440,.T.);
#4442=ORIENTED_EDGE('',*,*,#4441,.F.);
#4443=EDGE_LOOP('',(#4442));
#4444=FACE_BOUND('',#4443,.F.);
#4445=CARTESIAN_POINT('',(-0.06299999999999999,0.,-0.04299999999999998));
#4446=DIRECTION('',(0.,1.,0.));
#4447=DIRECTION('',(0.,0.,1.));
#4448=AXIS2_PLACEMENT_3D('',#4445,#4446,#4447);
#4449=CIRCLE('',#4448,0.0015000000000000042);
#4450=EDGE_CURVE('',#2668,#2668,#4449,.T.);
#4451=ORIENTED_EDGE('',*,*,#4450,.F.);
#4452=EDGE_LOOP('',(#4451));
#4453=FACE_BOUND('',#4452,.F.);
#4454=CARTESIAN_POINT('',(-0.023000000000000007,0.,0.024499999999999973));
#4455=DIRECTION('',(-2.3129646346357194E-15,0.,1.));
#4456=VECTOR('',#4455,1.);
#4457=LINE('',#4454,#4456);
#4458=EDGE_CURVE('',#1139,#1141,#4457,.T.);
#4459=ORIENTED_EDGE('',*,*,#4458,.F.);
#4460=CARTESIAN_POINT('',(-0.023000000000000007,0.,0.024499999999999973));
#4461=DIRECTION('',(-1.,0.,3.652049423109064E-15));
#4462=VECTOR('',#4461,1.);
#4463=LINE('',#4460,#4462);
#4464=EDGE_CURVE('',#1139,#1215,#4463,.T.);
#4465=ORIENTED_EDGE('',*,*,#4464,.T.);
#4466=CARTESIAN_POINT('',(-0.032500000000000015,0.,0.024500000000000008));
#4467=DIRECTION('',(0.,0.,1.));
#4468=VECTOR('',#4467,1.);
#4469=LINE('',#4466,#4468);
#4470=EDGE_CURVE('',#1215,#1179,#4469,.T.);
#4471=ORIENTED_EDGE('',*,*,#4470,.T.);
#4472=CARTESIAN_POINT('',(-0.023000000000000013,0.,0.027500000000000004));
#4473=DIRECTION('',(-1.,0.,0.));
#4474=VECTOR('',#4473,1.);
#4475=LINE('',#4472,#4474);
#4476=EDGE_CURVE('',#1141,#1179,#4475,.T.);
#4477=ORIENTED_EDGE('',*,*,#4476,.F.);
#4478=EDGE_LOOP('',(#4459,#4465,#4471,#4477));
#4479=FACE_BOUND('',#4478,.F.);
#4480=CARTESIAN_POINT('',(-0.03250000000000002,0.,-0.024500000000000036));
#4481=DIRECTION('',(0.,0.,-1.));
#4482=VECTOR('',#4481,1.);
#4483=LINE('',#4480,#4482);
#4484=EDGE_CURVE('',#1027,#1029,#4483,.T.);
#4485=ORIENTED_EDGE('',*,*,#4484,.F.);
#4486=CARTESIAN_POINT('',(-0.023000000000000013,0.,-0.024500000000000008));
#4487=DIRECTION('',(-1.,0.,-2.9216395384872515E-15));
#4488=VECTOR('',#4487,1.);
#4489=LINE('',#4486,#4488);
#4490=EDGE_CURVE('',#1103,#1027,#4489,.T.);
#4491=ORIENTED_EDGE('',*,*,#4490,.F.);
#4492=CARTESIAN_POINT('',(-0.023000000000000013,0.,-0.024500000000000008));
#4493=DIRECTION('',(-2.3129646346357194E-15,0.,-1.));
#4494=VECTOR('',#4493,1.);
#4495=LINE('',#4492,#4494);
#4496=EDGE_CURVE('',#1103,#1067,#4495,.T.);
#4497=ORIENTED_EDGE('',*,*,#4496,.T.);
#4498=CARTESIAN_POINT('',(-0.02300000000000002,0.,-0.02750000000000004));
#4499=DIRECTION('',(-1.,0.,7.304098846218134E-16));
#4500=VECTOR('',#4499,1.);
#4501=LINE('',#4498,#4500);
#4502=EDGE_CURVE('',#1067,#1029,#4501,.T.);
#4503=ORIENTED_EDGE('',*,*,#4502,.T.);
#4504=EDGE_LOOP('',(#4485,#4491,#4497,#4503));
#4505=FACE_BOUND('',#4504,.F.);
#4506=CARTESIAN_POINT('',(-0.06249999999999996,0.,-0.0495));
#4507=DIRECTION('',(1.,0.,0.));
#4508=VECTOR('',#4507,1.);
#4509=LINE('',#4506,#4508);
#4510=EDGE_CURVE('',#485,#487,#4509,.T.);
#4511=ORIENTED_EDGE('',*,*,#4510,.T.);
#4512=CARTESIAN_POINT('',(-0.03250000000000001,0.,-0.04650000000000003));
#4513=DIRECTION('',(0.,0.,-1.));
#4514=VECTOR('',#4513,1.);
#4515=LINE('',#4512,#4514);
#4516=EDGE_CURVE('',#991,#487,#4515,.T.);
#4517=ORIENTED_EDGE('',*,*,#4516,.F.);
#4518=CARTESIAN_POINT('',(-0.023000000000000007,0.,-0.04650000000000003));
#4519=DIRECTION('',(-1.,0.,0.));
#4520=VECTOR('',#4519,1.);
#4521=LINE('',#4518,#4520);
#4522=EDGE_CURVE('',#955,#991,#4521,.T.);
#4523=ORIENTED_EDGE('',*,*,#4522,.F.);
#4524=CARTESIAN_POINT('',(-0.023000000000000007,0.,-0.04650000000000003));
#4525=DIRECTION('',(0.,0.,-1.));
#4526=VECTOR('',#4525,1.);
#4527=LINE('',#4524,#4526);
#4528=EDGE_CURVE('',#955,#919,#4527,.T.);
#4529=ORIENTED_EDGE('',*,*,#4528,.T.);
#4530=CARTESIAN_POINT('',(-0.023000000000000007,0.,-0.0495));
#4531=DIRECTION('',(1.,0.,0.));
#4532=VECTOR('',#4531,1.);
#4533=LINE('',#4530,#4532);
#4534=EDGE_CURVE('',#919,#886,#4533,.T.);
#4535=ORIENTED_EDGE('',*,*,#4534,.T.);
#4536=CARTESIAN_POINT('',(0.0625,0.,-0.0425));
#4537=DIRECTION('',(0.,1.,0.));
#4538=DIRECTION('',(0.,0.,1.));
#4539=AXIS2_PLACEMENT_3D('',#4536,#4537,#4538);
#4540=CIRCLE('',#4539,0.007000000000000003);
#4541=EDGE_CURVE('',#886,#850,#4540,.F.);
#4542=ORIENTED_EDGE('',*,*,#4541,.T.);
#4543=CARTESIAN_POINT('',(0.0695,0.,-0.042499999999999954));
#4544=DIRECTION('',(0.,0.,1.));
#4545=VECTOR('',#4544,1.);
#4546=LINE('',#4543,#4545);
#4547=EDGE_CURVE('',#850,#812,#4546,.T.);
#4548=ORIENTED_EDGE('',*,*,#4547,.T.);
#4549=CARTESIAN_POINT('',(0.0625,0.,0.0425));
#4550=DIRECTION('',(0.,1.,0.));
#4551=DIRECTION('',(0.,0.,1.));
#4552=AXIS2_PLACEMENT_3D('',#4549,#4550,#4551);
#4553=CIRCLE('',#4552,0.007000000000000003);
#4554=EDGE_CURVE('',#812,#776,#4553,.F.);
#4555=ORIENTED_EDGE('',*,*,#4554,.T.);
#4556=CARTESIAN_POINT('',(-0.023000000000000007,0.,0.0495));
#4557=DIRECTION('',(1.,0.,0.));
#4558=VECTOR('',#4557,1.);
#4559=LINE('',#4556,#4558);
#4560=EDGE_CURVE('',#745,#776,#4559,.T.);
#4561=ORIENTED_EDGE('',*,*,#4560,.F.);
#4562=CARTESIAN_POINT('',(-0.023000000000000007,0.,0.04650000000000003));
#4563=DIRECTION('',(0.,0.,1.));
#4564=VECTOR('',#4563,1.);
#4565=LINE('',#4562,#4564);
#4566=EDGE_CURVE('',#709,#745,#4565,.T.);
#4567=ORIENTED_EDGE('',*,*,#4566,.F.);
#4568=CARTESIAN_POINT('',(-0.023000000000000007,0.,0.04650000000000003));
#4569=DIRECTION('',(-1.,0.,0.));
#4570=VECTOR('',#4569,1.);
#4571=LINE('',#4568,#4570);
#4572=EDGE_CURVE('',#709,#673,#4571,.T.);
#4573=ORIENTED_EDGE('',*,*,#4572,.T.);
#4574=CARTESIAN_POINT('',(-0.03250000000000001,0.,0.04650000000000003));
#4575=DIRECTION('',(0.,0.,1.));
#4576=VECTOR('',#4575,1.);
#4577=LINE('',#4574,#4576);
#4578=EDGE_CURVE('',#673,#637,#4577,.T.);
#4579=ORIENTED_EDGE('',*,*,#4578,.T.);
#4580=CARTESIAN_POINT('',(-0.06249999999999996,0.,0.0495));
#4581=DIRECTION('',(1.,0.,0.));
#4582=VECTOR('',#4581,1.);
#4583=LINE('',#4580,#4582);
#4584=EDGE_CURVE('',#599,#637,#4583,.T.);
#4585=ORIENTED_EDGE('',*,*,#4584,.F.);
#4586=CARTESIAN_POINT('',(-0.0625,0.,0.0425));
#4587=DIRECTION('',(0.,1.,0.));
#4588=DIRECTION('',(0.,0.,1.));
#4589=AXIS2_PLACEMENT_3D('',#4586,#4587,#4588);
#4590=CIRCLE('',#4589,0.007000000000000003);
#4591=EDGE_CURVE('',#563,#599,#4590,.T.);
#4592=ORIENTED_EDGE('',*,*,#4591,.F.);
#4593=CARTESIAN_POINT('',(-0.0695,0.,-0.042499999999999954));
#4594=DIRECTION('',(0.,0.,1.));
#4595=VECTOR('',#4594,1.);
#4596=LINE('',#4593,#4595);
#4597=EDGE_CURVE('',#525,#563,#4596,.T.);
#4598=ORIENTED_EDGE('',*,*,#4597,.F.);
#4599=CARTESIAN_POINT('',(-0.0625,0.,-0.0425));
#4600=DIRECTION('',(0.,1.,0.));
#4601=DIRECTION('',(0.,0.,1.));
#4602=AXIS2_PLACEMENT_3D('',#4599,#4600,#4601);
#4603=CIRCLE('',#4602,0.007000000000000003);
#4604=EDGE_CURVE('',#525,#485,#4603,.F.);
#4605=ORIENTED_EDGE('',*,*,#4604,.T.);
#4606=EDGE_LOOP('',(#4511,#4517,#4523,#4529,#4535,#4542,#4548,#4555,#4561,#4567,#4573,#4579,#4585,#4592,#4598,#4605));
#4607=FACE_BOUND('',#4606,.F.);
#4608=CARTESIAN_POINT('',(0.04700000000000009,0.,9.860761315262648E-32));
#4609=DIRECTION('',(0.,1.,0.));
#4610=DIRECTION('',(0.,0.,1.));
#4611=AXIS2_PLACEMENT_3D('',#4608,#4609,#4610);
#4612=CIRCLE('',#4611,0.0014999999999999367);
#4613=EDGE_CURVE('',#2544,#2544,#4612,.T.);
#4614=ORIENTED_EDGE('',*,*,#4613,.F.);
#4615=EDGE_LOOP('',(#4614));
#4616=FACE_BOUND('',#4615,.F.);
#4617=CARTESIAN_POINT('',(0.02300000000000002,0.,-0.01549999999999999));
#4618=DIRECTION('',(0.,1.,0.));
#4619=DIRECTION('',(0.,0.,1.));
#4620=AXIS2_PLACEMENT_3D('',#4617,#4618,#4619);
#4621=CIRCLE('',#4620,0.0015000000000000013);
#4622=EDGE_CURVE('',#369,#371,#4621,.T.);
#4623=ORIENTED_EDGE('',*,*,#4622,.F.);
#4624=CARTESIAN_POINT('',(0.02300000000000002,0.,-0.013999999999999992));
#4625=DIRECTION('',(1.,0.,6.938893903907222E-16));
#4626=VECTOR('',#4625,1.);
#4627=LINE('',#4624,#4626);
#4628=EDGE_CURVE('',#369,#447,#4627,.T.);
#4629=ORIENTED_EDGE('',*,*,#4628,.T.);
#4630=CARTESIAN_POINT('',(0.03299999999999996,0.,-0.015500000000000019));
#4631=DIRECTION('',(0.,1.,0.));
#4632=DIRECTION('',(0.,0.,1.));
#4633=AXIS2_PLACEMENT_3D('',#4630,#4631,#4632);
#4634=CIRCLE('',#4633,0.0015000000000000048);
#4635=EDGE_CURVE('',#411,#447,#4634,.F.);
#4636=ORIENTED_EDGE('',*,*,#4635,.F.);
#4637=CARTESIAN_POINT('',(0.02300000000000002,0.,-0.016999999999999994));
#4638=DIRECTION('',(1.,0.,0.));
#4639=VECTOR('',#4638,1.);
#4640=LINE('',#4637,#4639);
#4641=EDGE_CURVE('',#371,#411,#4640,.T.);
#4642=ORIENTED_EDGE('',*,*,#4641,.F.);
#4643=EDGE_LOOP('',(#4623,#4629,#4636,#4642));
#4644=FACE_BOUND('',#4643,.F.);
#4645=CARTESIAN_POINT('',(0.055499999999999994,0.,0.02025));
#4646=DIRECTION('',(0.,1.,0.));
#4647=DIRECTION('',(0.,0.,1.));
#4648=AXIS2_PLACEMENT_3D('',#4645,#4646,#4647);
#4649=CIRCLE('',#4648,0.001500000000000043);
#4650=EDGE_CURVE('',#2484,#2484,#4649,.T.);
#4651=ORIENTED_EDGE('',*,*,#4650,.F.);
#4652=EDGE_LOOP('',(#4651));
#4653=FACE_BOUND('',#4652,.F.);
#4654=CARTESIAN_POINT('',(0.055500000000000035,0.,-0.020250000000000004));
#4655=DIRECTION('',(0.,1.,0.));
#4656=DIRECTION('',(0.,0.,1.));
#4657=AXIS2_PLACEMENT_3D('',#4654,#4655,#4656);
#4658=CIRCLE('',#4657,0.0015000000000000042);
#4659=EDGE_CURVE('',#2456,#2456,#4658,.T.);
#4660=ORIENTED_EDGE('',*,*,#4659,.T.);
#4661=EDGE_LOOP('',(#4660));
#4662=FACE_BOUND('',#4661,.F.);
#4663=CARTESIAN_POINT('',(-0.05550000000000001,0.,0.008250000000000016));
#4664=DIRECTION('',(0.,1.,0.));
#4665=DIRECTION('',(0.,0.,1.));
#4666=AXIS2_PLACEMENT_3D('',#4663,#4664,#4665);
#4667=CIRCLE('',#4666,0.001500000000000004);
#4668=EDGE_CURVE('',#2428,#2428,#4667,.T.);
#4669=ORIENTED_EDGE('',*,*,#4668,.F.);
#4670=EDGE_LOOP('',(#4669));
#4671=FACE_BOUND('',#4670,.F.);
#4672=CARTESIAN_POINT('',(-0.05550000000000002,0.,0.020250000000000004));
#4673=DIRECTION('',(0.,1.,0.));
#4674=DIRECTION('',(0.,0.,1.));
#4675=AXIS2_PLACEMENT_3D('',#4672,#4673,#4674);
#4676=CIRCLE('',#4675,0.0014999999999999961);
#4677=EDGE_CURVE('',#2400,#2400,#4676,.T.);
#4678=ORIENTED_EDGE('',*,*,#4677,.T.);
#4679=EDGE_LOOP('',(#4678));
#4680=FACE_BOUND('',#4679,.F.);
#4681=CARTESIAN_POINT('',(0.065,0.,-0.017750000000000005));
#4682=DIRECTION('',(0.,1.,0.));
#4683=DIRECTION('',(0.,0.,1.));
#4684=AXIS2_PLACEMENT_3D('',#4681,#4682,#4683);
#4685=CIRCLE('',#4684,0.0014999999999999974);
#4686=EDGE_CURVE('',#2372,#2372,#4685,.T.);
#4687=ORIENTED_EDGE('',*,*,#4686,.T.);
#4688=EDGE_LOOP('',(#4687));
#4689=FACE_BOUND('',#4688,.F.);
#4690=CARTESIAN_POINT('',(0.022999999999999896,0.,0.03500000000000003));
#4691=DIRECTION('',(1.,0.,0.));
#4692=VECTOR('',#4691,1.);
#4693=LINE('',#4690,#4692);
#4694=EDGE_CURVE('',#255,#257,#4693,.T.);
#4695=ORIENTED_EDGE('',*,*,#4694,.T.);
#4696=CARTESIAN_POINT('',(0.03299999999999996,0.,0.03350000000000008));
#4697=DIRECTION('',(0.,1.,0.));
#4698=DIRECTION('',(0.,0.,1.));
#4699=AXIS2_PLACEMENT_3D('',#4696,#4697,#4698);
#4700=CIRCLE('',#4699,0.001499999999999918);
#4701=EDGE_CURVE('',#257,#333,#4700,.F.);
#4702=ORIENTED_EDGE('',*,*,#4701,.T.);
#4703=CARTESIAN_POINT('',(0.022999999999999896,0.,0.03200000000000019));
#4704=DIRECTION('',(1.,0.,6.938893903907222E-16));
#4705=VECTOR('',#4704,1.);
#4706=LINE('',#4703,#4705);
#4707=EDGE_CURVE('',#295,#333,#4706,.T.);
#4708=ORIENTED_EDGE('',*,*,#4707,.F.);
#4709=CARTESIAN_POINT('',(0.022999999999999958,0.,0.03350000000000004));
#4710=DIRECTION('',(0.,1.,0.));
#4711=DIRECTION('',(0.,0.,1.));
#4712=AXIS2_PLACEMENT_3D('',#4709,#4710,#4711);
#4713=CIRCLE('',#4712,0.0014999999999999215);
#4714=EDGE_CURVE('',#295,#255,#4713,.T.);
#4715=ORIENTED_EDGE('',*,*,#4714,.T.);
#4716=EDGE_LOOP('',(#4695,#4702,#4708,#4715));
#4717=FACE_BOUND('',#4716,.F.);
#4718=CARTESIAN_POINT('',(0.022999999999999916,0.,0.029000000000000012));
#4719=DIRECTION('',(1.,0.,0.));
#4720=VECTOR('',#4719,1.);
#4721=LINE('',#4718,#4720);
#4722=EDGE_CURVE('',#141,#143,#4721,.T.);
#4723=ORIENTED_EDGE('',*,*,#4722,.T.);
#4724=CARTESIAN_POINT('',(0.03299999999999996,0.,0.02750000000000006));
#4725=DIRECTION('',(0.,1.,0.));
#4726=DIRECTION('',(0.,0.,1.));
#4727=AXIS2_PLACEMENT_3D('',#4724,#4725,#4726);
#4728=CIRCLE('',#4727,0.0014999999999999163);
#4729=EDGE_CURVE('',#143,#219,#4728,.F.);
#4730=ORIENTED_EDGE('',*,*,#4729,.T.);
#4731=CARTESIAN_POINT('',(0.022999999999999916,0.,0.026000000000000172));
#4732=DIRECTION('',(1.,0.,6.938893903907222E-16));
#4733=VECTOR('',#4732,1.);
#4734=LINE('',#4731,#4733);
#4735=EDGE_CURVE('',#181,#219,#4734,.T.);
#4736=ORIENTED_EDGE('',*,*,#4735,.F.);
#4737=CARTESIAN_POINT('',(0.022999999999999958,0.,0.02750000000000002));
#4738=DIRECTION('',(0.,1.,0.));
#4739=DIRECTION('',(0.,0.,1.));
#4740=AXIS2_PLACEMENT_3D('',#4737,#4738,#4739);
#4741=CIRCLE('',#4740,0.0014999999999999198);
#4742=EDGE_CURVE('',#181,#141,#4741,.T.);
#4743=ORIENTED_EDGE('',*,*,#4742,.T.);
#4744=EDGE_LOOP('',(#4723,#4730,#4736,#4743));
#4745=FACE_BOUND('',#4744,.F.);
#4746=CARTESIAN_POINT('',(0.022999999999999937,0.,0.022999999999999996));
#4747=DIRECTION('',(1.,0.,0.));
#4748=VECTOR('',#4747,1.);
#4749=LINE('',#4746,#4748);
#4750=EDGE_CURVE('',#27,#29,#4749,.T.);
#4751=ORIENTED_EDGE('',*,*,#4750,.T.);
#4752=CARTESIAN_POINT('',(0.03299999999999996,0.,0.021500000000000047));
#4753=DIRECTION('',(0.,1.,0.));
#4754=DIRECTION('',(0.,0.,1.));
#4755=AXIS2_PLACEMENT_3D('',#4752,#4753,#4754);
#4756=CIRCLE('',#4755,0.0014999999999999163);
#4757=EDGE_CURVE('',#29,#105,#4756,.F.);
#4758=ORIENTED_EDGE('',*,*,#4757,.T.);
#4759=CARTESIAN_POINT('',(0.022999999999999937,0.,0.020000000000000157));
#4760=DIRECTION('',(1.,0.,6.938893903907222E-16));
#4761=VECTOR('',#4760,1.);
#4762=LINE('',#4759,#4761);
#4763=EDGE_CURVE('',#67,#105,#4762,.T.);
#4764=ORIENTED_EDGE('',*,*,#4763,.F.);
#4765=CARTESIAN_POINT('',(0.022999999999999958,0.,0.021500000000000005));
#4766=DIRECTION('',(0.,1.,0.));
#4767=DIRECTION('',(0.,0.,1.));
#4768=AXIS2_PLACEMENT_3D('',#4765,#4766,#4767);
#4769=CIRCLE('',#4768,0.0014999999999999198);
#4770=EDGE_CURVE('',#67,#27,#4769,.T.);
#4771=ORIENTED_EDGE('',*,*,#4770,.T.);
#4772=EDGE_LOOP('',(#4751,#4758,#4764,#4771));
#4773=FACE_BOUND('',#4772,.F.);
#4774=ADVANCED_FACE('',(#4103,#4131,#4159,#4168,#4177,#4186,#4195,#4204,#4213,#4241,#4269,#4297,#4325,#4353,#4381,#4390,#4399,#4408,#4417,#4426,#4435,#4444,#4453,#4479,#4505,#4607,#4616,#4644,#4653,#4662,#4671,#4680,#4689,#4717,#4745,#4773),#4075,.F.);
#4775=CLOSED_SHELL('',(#60,#98,#134,#174,#212,#248,#288,#326,#362,#404,#440,#478,#518,#556,#592,#630,#666,#702,#738,#774,#805,#843,#879,#917,#948,#984,#1020,#1060,#1096,#1132,#1172,#1208,#1244,#1284,#1322,#1358,#1400,#1436,#1474,#1516,#1552,#1590,#1632,#1668,#1706,#1748,#1784,#1822,#1864,#1900,#1938,#1980,#2016,#2054,#2096,#2132,#2170,#2212,#2248,#2286,#2320,#2354,#2382,#2410,#2438,#2466,#2494,#2526,#2554,#2586,#2618,#2650,#2678,#2706,#2734,#2762,#2790,#2818,#2846,#2874,#2908,#2940,#2972,#3004,#3036,#3068,#3096,#3124,#3152,#3180,#3208,#3236,#3268,#3300,#3332,#3366,#4070,#4774));
#4776=MANIFOLD_SOLID_BREP('',#4775);
#4777=CARTESIAN_POINT('',(0.,0.,0.));
#4778=DIRECTION('',(0.,0.,1.));
#4779=DIRECTION('',(1.,0.,0.));
#4780=AXIS2_PLACEMENT_3D('',#4777,#4778,#4779);
#4781=(LENGTH_UNIT() NAMED_UNIT(*) SI_UNIT($,.METRE.));
#4782=(NAMED_UNIT(*) PLANE_ANGLE_UNIT() SI_UNIT($,.RADIAN.));
#4783=(NAMED_UNIT(*) SI_UNIT($,.STERADIAN.) SOLID_ANGLE_UNIT());
#4784=UNCERTAINTY_MEASURE_WITH_UNIT(LENGTH_MEASURE(1.E-07),#4781,'distance_accuracy_value','confusion accuracy');
#4785=(GEOMETRIC_REPRESENTATION_CONTEXT(3) GLOBAL_UNCERTAINTY_ASSIGNED_CONTEXT((#4784)) GLOBAL_UNIT_ASSIGNED_CONTEXT((#4781,#4782,#4783)) REPRESENTATION_CONTEXT('','3D'));
#4786=ADVANCED_BREP_SHAPE_REPRESENTATION('',(#4780,#4776),#4785);
#4787=COLOUR_RGB('',0.792156862745098,0.8196078431372549,0.9333333333333333);
#4788=FILL_AREA_STYLE_COLOUR('',#4787);
#4789=FILL_AREA_STYLE('',(#4788));
#4790=SURFACE_STYLE_FILL_AREA(#4789);
#4791=SURFACE_SIDE_STYLE('',(#4790));
#4792=SURFACE_STYLE_USAGE(.BOTH.,#4791);
#4793=PRESENTATION_STYLE_ASSIGNMENT((#4792));
#4794=STYLED_ITEM('',(#4793),#4776);
#4795=MECHANICAL_DESIGN_GEOMETRIC_PRESENTATION_REPRESENTATION('',(#4794),#4785);
ENDSEC;
END-ISO-10303-21;