solid exported
	facet normal 0 -1 0
		outer loop
			vertex -63.99468231201172 0 -44.122764587402344
			vertex -67.44974517822266 0 -47.44974899291992
			vertex -66.38899230957031 0 -48.32028579711914
		endloop
	endfacet
	facet normal 0 -1 0
		outer loop
			vertex -64.2344741821289 0 -43.85209655761719
			vertex -68.3202896118164 0 -46.38899230957031
			vertex -67.44974517822266 0 -47.44974899291992
		endloop
	endfacet
	facet normal 0 -1 0
		outer loop
			vertex -64.2344741821289 0 -43.85209655761719
			vertex -67.44974517822266 0 -47.44974899291992
			vertex -63.99468231201172 0 -44.122764587402344
		endloop
	endfacet
	facet normal 0 -1 0
		outer loop
			vertex -63.697086334228516 0 -44.328182220458984
			vertex -66.38899230957031 0 -48.32028579711914
			vertex -65.17878723144531 0 -48.96715545654297
		endloop
	endfacet
	facet normal 0 -1 0
		outer loop
			vertex -63.697086334228516 0 -44.328182220458984
			vertex -63.99468231201172 0 -44.122764587402344
			vertex -66.38899230957031 0 -48.32028579711914
		endloop
	endfacet
	facet normal 0 -1 0
		outer loop
			vertex -64.40252685546875 0 -43.53190612792969
			vertex -68.96715545654297 0 -45.17878341674805
			vertex -68.3202896118164 0 -46.38899230957031
		endloop
	endfacet
	facet normal 0 -1 0
		outer loop
			vertex -64.40252685546875 0 -43.53190612792969
			vertex -68.3202896118164 0 -46.38899230957031
			vertex -64.2344741821289 0 -43.85209655761719
		endloop
	endfacet
	facet normal 0 -1 0
		outer loop
			vertex -63.35897445678711 0 -44.45641326904297
			vertex -65.17878723144531 0 -48.96715545654297
			vertex -63.865631103515625 0 -49.36549758911133
		endloop
	endfacet
	facet normal 0 -1 0
		outer loop
			vertex -63.35897445678711 0 -44.45641326904297
			vertex -63.697086334228516 0 -44.328182220458984
			vertex -65.17878723144531 0 -48.96715545654297
		endloop
	endfacet
	facet normal 0 -1 0
		outer loop
			vertex -64.48906707763672 0 -43.18080520629883
			vertex -69.36549377441406 0 -43.865631103515625
			vertex -68.96715545654297 0 -45.17878341674805
		endloop
	endfacet
	facet normal 0 -1 0
		outer loop
			vertex -64.48906707763672 0 -43.18080520629883
			vertex -68.96715545654297 0 -45.17878341674805
			vertex -64.40252685546875 0 -43.53190612792969
		endloop
	endfacet
	facet normal 0 -1 0
		outer loop
			vertex -63 0 -44.5
			vertex -63.865631103515625 0 -49.36549758911133
			vertex -62.5 0 -49.5
		endloop
	endfacet
	facet normal 0 -1 0
		outer loop
			vertex -63 0 -44.5
			vertex -63.35897445678711 0 -44.45641326904297
			vertex -63.865631103515625 0 -49.36549758911133
		endloop
	endfacet
	facet normal 0 -1 0
		outer loop
			vertex -64.48906707763672 0 -42.81919479370117
			vertex -69.5 0 -42.5
			vertex -69.36549377441406 0 -43.865631103515625
		endloop
	endfacet
	facet normal 0 -1 0
		outer loop
			vertex -64.48906707763672 0 -42.81919479370117
			vertex -69.36549377441406 0 -43.865631103515625
			vertex -64.48906707763672 0 -43.18080520629883
		endloop
	endfacet
	facet normal 0 -1 0
		outer loop
			vertex -62.64102554321289 0 -44.45641326904297
			vertex -63 0 -44.5
			vertex -62.5 0 -49.5
		endloop
	endfacet
	facet normal 0 -1 0
		outer loop
			vertex -64.40252685546875 0 -42.46809387207031
			vertex -69.5 0 -42.5
			vertex -64.48906707763672 0 -42.81919479370117
		endloop
	endfacet
	facet normal 0 -1 0
		outer loop
			vertex -62.302913665771484 0 -44.328182220458984
			vertex -62.64102554321289 0 -44.45641326904297
			vertex -62.5 0 -49.5
		endloop
	endfacet
	facet normal 0 -1 0
		outer loop
			vertex -64.2344741821289 0 -42.14790344238281
			vertex -69.5 0 -42.5
			vertex -64.40252685546875 0 -42.46809387207031
		endloop
	endfacet
	facet normal 0 -1 0
		outer loop
			vertex -62.00531768798828 0 -44.122764587402344
			vertex -62.302913665771484 0 -44.328182220458984
			vertex -62.5 0 -49.5
		endloop
	endfacet
	facet normal 0 -1 0
		outer loop
			vertex -63.99468231201172 0 -41.877235412597656
			vertex -69.5 0 -42.5
			vertex -64.2344741821289 0 -42.14790344238281
		endloop
	endfacet
	facet normal 0 -1 0
		outer loop
			vertex -61.765525817871094 0 -43.85209655761719
			vertex -62.00531768798828 0 -44.122764587402344
			vertex -62.5 0 -49.5
		endloop
	endfacet
	facet normal 0 -1 0
		outer loop
			vertex -63.697086334228516 0 -41.671817779541016
			vertex -69.5 0 -42.5
			vertex -63.99468231201172 0 -41.877235412597656
		endloop
	endfacet
	facet normal 0 -1 0
		outer loop
			vertex -61.597476959228516 0 -43.53190612792969
			vertex -61.765525817871094 0 -43.85209655761719
			vertex -62.5 0 -49.5
		endloop
	endfacet
	facet normal 0 -1 0
		outer loop
			vertex -66.2344741821289 0 -18.602096557617188
			vertex -69.5 0 -42.5
			vertex -65.99468231201172 0 -18.872766494750977
		endloop
	endfacet
	facet normal 0 -1 0
		outer loop
			vertex -65.69708251953125 0 -19.078184127807617
			vertex -65.99468231201172 0 -18.872766494750977
			vertex -69.5 0 -42.5
		endloop
	endfacet
	facet normal 0 -1 0
		outer loop
			vertex -66.40252685546875 0 -18.28190803527832
			vertex -69.5 0 -42.5
			vertex -66.2344741821289 0 -18.602096557617188
		endloop
	endfacet
	facet normal 0 -1 0
		outer loop
			vertex -65.35897064208984 0 -19.20641326904297
			vertex -63.697086334228516 0 -41.671817779541016
			vertex -63.35897445678711 0 -41.54358673095703
		endloop
	endfacet
	facet normal 0 -1 0
		outer loop
			vertex -65.35897064208984 0 -19.20641326904297
			vertex -69.5 0 -42.5
			vertex -63.697086334228516 0 -41.671817779541016
		endloop
	endfacet
	facet normal 0 -1 0
		outer loop
			vertex -65.35897064208984 0 -19.20641326904297
			vertex -65.69708251953125 0 -19.078184127807617
			vertex -69.5 0 -42.5
		endloop
	endfacet
	facet normal 0 -1 0
		outer loop
			vertex -66.48906707763672 0 -17.930805206298828
			vertex -69.5 0 -42.5
			vertex -66.40252685546875 0 -18.28190803527832
		endloop
	endfacet
	facet normal 0 -1 0
		outer loop
			vertex -65 0 -19.25
			vertex -65.35897064208984 0 -19.20641326904297
			vertex -63.35897445678711 0 -41.54358673095703
		endloop
	endfacet
	facet normal 0 -1 0
		outer loop
			vertex -65 0 -19.25
			vertex -63.35897445678711 0 -41.54358673095703
			vertex -63 0 -41.5
		endloop
	endfacet
	facet normal 0 -1 0
		outer loop
			vertex -66.48906707763672 0 -17.569194793701172
			vertex -69.5 0 -42.5
			vertex -66.48906707763672 0 -17.930805206298828
		endloop
	endfacet
	facet normal 0 -1 0
		outer loop
			vertex -64.64102935791016 0 -19.20641326904297
			vertex -65 0 -19.25
			vertex -63 0 -41.5
		endloop
	endfacet
	facet normal 0 -1 0
		outer loop
			vertex -32.5 0 -49.5
			vertex -61.597476959228516 0 -43.53190612792969
			vertex -62.5 0 -49.5
		endloop
	endfacet
	facet normal 0 -1 0
		outer loop
			vertex -32.5 0 -46.5
			vertex -61.597476959228516 0 -42.46809387207031
			vertex -61.51093673706055 0 -42.81919479370117
		endloop
	endfacet
	facet normal 0 -1 0
		outer loop
			vertex -32.5 0 -46.5
			vertex -61.597476959228516 0 -43.53190612792969
			vertex -32.5 0 -49.5
		endloop
	endfacet
	facet normal 0 -1 0
		outer loop
			vertex -32.5 0 -46.5
			vertex -61.51093673706055 0 -42.81919479370117
			vertex -61.51093673706055 0 -43.18080520629883
		endloop
	endfacet
	facet normal 0 -1 0
		outer loop
			vertex -32.5 0 -46.5
			vertex -61.51093673706055 0 -43.18080520629883
			vertex -61.597476959228516 0 -43.53190612792969
		endloop
	endfacet
	facet normal 0 -1 0
		outer loop
			vertex -56.49468231201172 0 -21.372766494750977
			vertex -64.64102935791016 0 -19.20641326904297
			vertex -63 0 -41.5
		endloop
	endfacet
	facet normal 0 -1 0
		outer loop
			vertex -56.734474182128906 0 -21.102096557617188
			vertex -64.30291748046875 0 -19.078184127807617
			vertex -64.64102935791016 0 -19.20641326904297
		endloop
	endfacet
	facet normal 0 -1 0
		outer loop
			vertex -56.734474182128906 0 -21.102096557617188
			vertex -64.64102935791016 0 -19.20641326904297
			vertex -56.49468231201172 0 -21.372766494750977
		endloop
	endfacet
	facet normal 0 -1 0
		outer loop
			vertex -56.197086334228516 0 -21.578184127807617
			vertex -63 0 -41.5
			vertex -62.64102554321289 0 -41.54358673095703
		endloop
	endfacet
	facet normal 0 -1 0
		outer loop
			vertex -56.197086334228516 0 -21.578184127807617
			vertex -56.49468231201172 0 -21.372766494750977
			vertex -63 0 -41.5
		endloop
	endfacet
	facet normal 0 -1 0
		outer loop
			vertex -56.902523040771484 0 -20.78190803527832
			vertex -64.00531768798828 0 -18.872766494750977
			vertex -64.30291748046875 0 -19.078184127807617
		endloop
	endfacet
	facet normal 0 -1 0
		outer loop
			vertex -56.902523040771484 0 -20.78190803527832
			vertex -64.30291748046875 0 -19.078184127807617
			vertex -56.734474182128906 0 -21.102096557617188
		endloop
	endfacet
	facet normal 0 -1 0
		outer loop
			vertex -55.85897445678711 0 -21.70641326904297
			vertex -62.64102554321289 0 -41.54358673095703
			vertex -62.302913665771484 0 -41.671817779541016
		endloop
	endfacet
	facet normal 0 -1 0
		outer loop
			vertex -55.85897445678711 0 -21.70641326904297
			vertex -56.197086334228516 0 -21.578184127807617
			vertex -62.64102554321289 0 -41.54358673095703
		endloop
	endfacet
	facet normal 0 -1 0
		outer loop
			vertex -56.98906326293945 0 -20.430805206298828
			vertex -63.765525817871094 0 -18.602096557617188
			vertex -64.00531768798828 0 -18.872766494750977
		endloop
	endfacet
	facet normal 0 -1 0
		outer loop
			vertex -56.98906326293945 0 -20.430805206298828
			vertex -64.00531768798828 0 -18.872766494750977
			vertex -56.902523040771484 0 -20.78190803527832
		endloop
	endfacet
	facet normal 0 -1 0
		outer loop
			vertex -55.5 0 -21.75
			vertex -62.302913665771484 0 -41.671817779541016
			vertex -62.00531768798828 0 -41.877235412597656
		endloop
	endfacet
	facet normal 0 -1 0
		outer loop
			vertex -55.5 0 -21.75
			vertex -55.85897445678711 0 -21.70641326904297
			vertex -62.302913665771484 0 -41.671817779541016
		endloop
	endfacet
	facet normal 0 -1 0
		outer loop
			vertex -56.98906326293945 0 -20.069194793701172
			vertex -63.597476959228516 0 -18.28190803527832
			vertex -63.765525817871094 0 -18.602096557617188
		endloop
	endfacet
	facet normal 0 -1 0
		outer loop
			vertex -56.98906326293945 0 -20.069194793701172
			vertex -63.765525817871094 0 -18.602096557617188
			vertex -56.98906326293945 0 -20.430805206298828
		endloop
	endfacet
	facet normal 0 -1 0
		outer loop
			vertex -55.14102554321289 0 -21.70641326904297
			vertex -62.00531768798828 0 -41.877235412597656
			vertex -61.765525817871094 0 -42.14790344238281
		endloop
	endfacet
	facet normal 0 -1 0
		outer loop
			vertex -55.14102554321289 0 -21.70641326904297
			vertex -55.5 0 -21.75
			vertex -62.00531768798828 0 -41.877235412597656
		endloop
	endfacet
	facet normal 0 -1 0
		outer loop
			vertex -56.902523040771484 0 -19.71809196472168
			vertex -63.51093673706055 0 -17.930805206298828
			vertex -63.597476959228516 0 -18.28190803527832
		endloop
	endfacet
	facet normal 0 -1 0
		outer loop
			vertex -56.902523040771484 0 -19.71809196472168
			vertex -63.597476959228516 0 -18.28190803527832
			vertex -56.98906326293945 0 -20.069194793701172
		endloop
	endfacet
	facet normal 0 -1 0
		outer loop
			vertex -54.802913665771484 0 -21.578184127807617
			vertex -61.765525817871094 0 -42.14790344238281
			vertex -61.597476959228516 0 -42.46809387207031
		endloop
	endfacet
	facet normal 0 -1 0
		outer loop
			vertex -54.802913665771484 0 -21.578184127807617
			vertex -55.14102554321289 0 -21.70641326904297
			vertex -61.765525817871094 0 -42.14790344238281
		endloop
	endfacet
	facet normal 0 -1 0
		outer loop
			vertex -56.734474182128906 0 -19.397903442382812
			vertex -63.51093673706055 0 -17.569194793701172
			vertex -63.51093673706055 0 -17.930805206298828
		endloop
	endfacet
	facet normal 0 -1 0
		outer loop
			vertex -56.734474182128906 0 -19.397903442382812
			vertex -63.51093673706055 0 -17.930805206298828
			vertex -56.902523040771484 0 -19.71809196472168
		endloop
	endfacet
	facet normal 0 -1 0
		outer loop
			vertex -56.49468231201172 0 -19.127233505249023
			vertex -63.597476959228516 0 -17.21809196472168
			vertex -63.51093673706055 0 -17.569194793701172
		endloop
	endfacet
	facet normal 0 -1 0
		outer loop
			vertex -56.49468231201172 0 -19.127233505249023
			vertex -63.51093673706055 0 -17.569194793701172
			vertex -56.734474182128906 0 -19.397903442382812
		endloop
	endfacet
	facet normal 0 -1 0
		outer loop
			vertex -56.197086334228516 0 -18.921815872192383
			vertex -63.765525817871094 0 -16.897903442382812
			vertex -63.597476959228516 0 -17.21809196472168
		endloop
	endfacet
	facet normal 0 -1 0
		outer loop
			vertex -56.197086334228516 0 -18.921815872192383
			vertex -63.597476959228516 0 -17.21809196472168
			vertex -56.49468231201172 0 -19.127233505249023
		endloop
	endfacet
	facet normal 0 -1 0
		outer loop
			vertex -56.49468231201172 0 -9.372766494750977
			vertex -64.00531768798828 0 -16.627233505249023
			vertex -63.765525817871094 0 -16.897903442382812
		endloop
	endfacet
	facet normal 0 -1 0
		outer loop
			vertex -56.734474182128906 0 -9.102097511291504
			vertex -64.30291748046875 0 -16.421815872192383
			vertex -64.00531768798828 0 -16.627233505249023
		endloop
	endfacet
	facet normal 0 -1 0
		outer loop
			vertex -56.734474182128906 0 -9.102097511291504
			vertex -64.00531768798828 0 -16.627233505249023
			vertex -56.49468231201172 0 -9.372766494750977
		endloop
	endfacet
	facet normal 0 -1 0
		outer loop
			vertex -56.197086334228516 0 -9.578184127807617
			vertex -63.765525817871094 0 -16.897903442382812
			vertex -56.197086334228516 0 -18.921815872192383
		endloop
	endfacet
	facet normal 0 -1 0
		outer loop
			vertex -56.197086334228516 0 -9.578184127807617
			vertex -56.49468231201172 0 -9.372766494750977
			vertex -63.765525817871094 0 -16.897903442382812
		endloop
	endfacet
	facet normal 0 -1 0
		outer loop
			vertex -56.902523040771484 0 -8.781907081604004
			vertex -64.64102935791016 0 -16.29358673095703
			vertex -64.30291748046875 0 -16.421815872192383
		endloop
	endfacet
	facet normal 0 -1 0
		outer loop
			vertex -56.902523040771484 0 -8.781907081604004
			vertex -64.30291748046875 0 -16.421815872192383
			vertex -56.734474182128906 0 -9.102097511291504
		endloop
	endfacet
	facet normal 0 -1 0
		outer loop
			vertex -55.85897445678711 0 -9.706412315368652
			vertex -56.197086334228516 0 -9.578184127807617
			vertex -56.197086334228516 0 -18.921815872192383
		endloop
	endfacet
	facet normal 0 -1 0
		outer loop
			vertex -55.85897445678711 0 -9.706412315368652
			vertex -56.197086334228516 0 -18.921815872192383
			vertex -55.85897445678711 0 -18.79358673095703
		endloop
	endfacet
	facet normal 0 -1 0
		outer loop
			vertex -56.98906326293945 0 -8.430805206298828
			vertex -65 0 -16.25
			vertex -64.64102935791016 0 -16.29358673095703
		endloop
	endfacet
	facet normal 0 -1 0
		outer loop
			vertex -56.98906326293945 0 -8.430805206298828
			vertex -64.64102935791016 0 -16.29358673095703
			vertex -56.902523040771484 0 -8.781907081604004
		endloop
	endfacet
	facet normal 0 -1 0
		outer loop
			vertex -55.5 0 -9.75
			vertex -55.85897445678711 0 -9.706412315368652
			vertex -55.85897445678711 0 -18.79358673095703
		endloop
	endfacet
	facet normal 0 -1 0
		outer loop
			vertex -55.5 0 -9.75
			vertex -55.5 0 -18.75
			vertex -55.14102554321289 0 -18.79358673095703
		endloop
	endfacet
	facet normal 0 -1 0
		outer loop
			vertex -55.5 0 -9.75
			vertex -55.85897445678711 0 -18.79358673095703
			vertex -55.5 0 -18.75
		endloop
	endfacet
	facet normal 0 -1 0
		outer loop
			vertex -56.98906326293945 0 -8.069194793701172
			vertex -65 0 -16.25
			vertex -56.98906326293945 0 -8.430805206298828
		endloop
	endfacet
	facet normal 0 -1 0
		outer loop
			vertex -56.98906326293945 0 -8.069194793701172
			vertex -65.35897064208984 0 -16.29358673095703
			vertex -65 0 -16.25
		endloop
	endfacet
	facet normal 0 -1 0
		outer loop
			vertex -55.14102554321289 0 -9.706412315368652
			vertex -55.5 0 -9.75
			vertex -55.14102554321289 0 -18.79358673095703
		endloop
	endfacet
	facet normal 0 -1 0
		outer loop
			vertex -56.902523040771484 0 -7.718092441558838
			vertex -65.35897064208984 0 -16.29358673095703
			vertex -56.98906326293945 0 -8.069194793701172
		endloop
	endfacet
	facet normal 0 -1 0
		outer loop
			vertex -56.902523040771484 0 -7.718092441558838
			vertex -65.69708251953125 0 -16.421815872192383
			vertex -65.35897064208984 0 -16.29358673095703
		endloop
	endfacet
	facet normal 0 -1 0
		outer loop
			vertex -54.802913665771484 0 -9.578184127807617
			vertex -55.14102554321289 0 -9.706412315368652
			vertex -55.14102554321289 0 -18.79358673095703
		endloop
	endfacet
	facet normal 0 -1 0
		outer loop
			vertex -54.802913665771484 0 -9.578184127807617
			vertex -55.14102554321289 0 -18.79358673095703
			vertex -54.802913665771484 0 -18.921815872192383
		endloop
	endfacet
	facet normal 0 -1 0
		outer loop
			vertex -45.75 0 -17.5
			vertex -54.265525817871094 0 -19.397903442382812
			vertex -54.097476959228516 0 -19.71809196472168
		endloop
	endfacet
	facet normal 0 -1 0
		outer loop
			vertex -45.75 0 -17.5
			vertex -54.097476959228516 0 -19.71809196472168
			vertex -54.01093673706055 0 -20.069194793701172
		endloop
	endfacet
	facet normal 0 -1 0
		outer loop
			vertex -45.75 0 -17.5
			vertex -54.01093673706055 0 -20.069194793701172
			vertex -54.01093673706055 0 -20.430805206298828
		endloop
	endfacet
	facet normal 0 -1 0
		outer loop
			vertex -45.75 0 -17.5
			vertex -54.01093673706055 0 -20.430805206298828
			vertex -54.097476959228516 0 -20.78190803527832
		endloop
	endfacet
	facet normal 0 -1 0
		outer loop
			vertex -45.75 0 -17.5
			vertex -54.097476959228516 0 -20.78190803527832
			vertex -54.265525817871094 0 -21.102096557617188
		endloop
	endfacet
	facet normal 0 -1 0
		outer loop
			vertex -45.75 0 -17.5
			vertex -54.265525817871094 0 -21.102096557617188
			vertex -54.50531768798828 0 -21.372766494750977
		endloop
	endfacet
	facet normal 0 -1 0
		outer loop
			vertex -44.75531768798828 0 -17.122766494750977
			vertex -45.39102554321289 0 -17.45641326904297
			vertex -45.052913665771484 0 -17.328184127807617
		endloop
	endfacet
	facet normal 0 -1 0
		outer loop
			vertex -45.75 0 -14.5
			vertex -45.75 0 -17.5
			vertex -45.39102554321289 0 -17.45641326904297
		endloop
	endfacet
	facet normal 0 -1 0
		outer loop
			vertex -45.75 0 -14.5
			vertex -54.265525817871094 0 -19.397903442382812
			vertex -45.75 0 -17.5
		endloop
	endfacet
	facet normal 0 -1 0
		outer loop
			vertex -45.75 0 -14.5
			vertex -54.802913665771484 0 -9.578184127807617
			vertex -54.802913665771484 0 -18.921815872192383
		endloop
	endfacet
	facet normal 0 -1 0
		outer loop
			vertex -45.75 0 -14.5
			vertex -54.265525817871094 0 -9.102097511291504
			vertex -54.50531768798828 0 -9.372766494750977
		endloop
	endfacet
	facet normal 0 -1 0
		outer loop
			vertex -45.75 0 -14.5
			vertex -54.50531768798828 0 -9.372766494750977
			vertex -54.802913665771484 0 -9.578184127807617
		endloop
	endfacet
	facet normal 0 -1 0
		outer loop
			vertex -45.75 0 -14.5
			vertex -54.802913665771484 0 -18.921815872192383
			vertex -54.50531768798828 0 -19.127233505249023
		endloop
	endfacet
	facet normal 0 -1 0
		outer loop
			vertex -45.75 0 -14.5
			vertex -54.50531768798828 0 -19.127233505249023
			vertex -54.265525817871094 0 -19.397903442382812
		endloop
	endfacet
	facet normal 0 -1 0
		outer loop
			vertex -32.5 0 -27.5
			vertex -61.597476959228516 0 -42.46809387207031
			vertex -32.5 0 -46.5
		endloop
	endfacet
	facet normal 0 -1 0
		outer loop
			vertex -32.5 0 -27.5
			vertex -45.75 0 -17.5
			vertex -54.50531768798828 0 -21.372766494750977
		endloop
	endfacet
	facet normal 0 -1 0
		outer loop
			vertex -32.5 0 -27.5
			vertex -54.50531768798828 0 -21.372766494750977
			vertex -54.802913665771484 0 -21.578184127807617
		endloop
	endfacet
	facet normal 0 -1 0
		outer loop
			vertex -32.5 0 -27.5
			vertex -54.802913665771484 0 -21.578184127807617
			vertex -61.597476959228516 0 -42.46809387207031
		endloop
	endfacet
	facet normal 0 -1 0
		outer loop
			vertex -45.39102554321289 0 -14.543587684631348
			vertex -45.39102554321289 0 -17.45641326904297
			vertex -44.75531768798828 0 -17.122766494750977
		endloop
	endfacet
	facet normal 0 -1 0
		outer loop
			vertex -45.39102554321289 0 -14.543587684631348
			vertex -45.75 0 -14.5
			vertex -45.39102554321289 0 -17.45641326904297
		endloop
	endfacet
	facet normal 0 -1 0
		outer loop
			vertex -44.347476959228516 0 -15.468092918395996
			vertex -44.26093673706055 0 -16.180805206298828
			vertex -44.26093673706055 0 -15.819194793701172
		endloop
	endfacet
	facet normal 0 -1 0
		outer loop
			vertex -44.347476959228516 0 -15.468092918395996
			vertex -44.347476959228516 0 -16.53190803527832
			vertex -44.26093673706055 0 -16.180805206298828
		endloop
	endfacet
	facet normal 0 -1 0
		outer loop
			vertex -44.347476959228516 0 -15.468092918395996
			vertex -44.515525817871094 0 -16.852096557617188
			vertex -44.347476959228516 0 -16.53190803527832
		endloop
	endfacet
	facet normal 0 -1 0
		outer loop
			vertex -44.75531768798828 0 -14.877233505249023
			vertex -44.75531768798828 0 -17.122766494750977
			vertex -44.515525817871094 0 -16.852096557617188
		endloop
	endfacet
	facet normal 0 -1 0
		outer loop
			vertex -44.75531768798828 0 -14.877233505249023
			vertex -44.515525817871094 0 -16.852096557617188
			vertex -44.347476959228516 0 -15.468092918395996
		endloop
	endfacet
	facet normal 0 -1 0
		outer loop
			vertex -44.75531768798828 0 -14.877233505249023
			vertex -44.347476959228516 0 -15.468092918395996
			vertex -44.515525817871094 0 -15.147902488708496
		endloop
	endfacet
	facet normal 0 -1 0
		outer loop
			vertex -45.75 0 -9.5
			vertex -54.265525817871094 0 -9.102097511291504
			vertex -45.75 0 -14.5
		endloop
	endfacet
	facet normal 0 -1 0
		outer loop
			vertex -45.75 0 -9.5
			vertex -54.01093673706055 0 -8.069194793701172
			vertex -54.01093673706055 0 -8.430805206298828
		endloop
	endfacet
	facet normal 0 -1 0
		outer loop
			vertex -45.75 0 -9.5
			vertex -54.01093673706055 0 -8.430805206298828
			vertex -54.097476959228516 0 -8.781907081604004
		endloop
	endfacet
	facet normal 0 -1 0
		outer loop
			vertex -45.75 0 -9.5
			vertex -54.097476959228516 0 -8.781907081604004
			vertex -54.265525817871094 0 -9.102097511291504
		endloop
	endfacet
	facet normal 0 -1 0
		outer loop
			vertex -44.75531768798828 0 -9.122766494750977
			vertex -45.39102554321289 0 -9.456412315368652
			vertex -45.052913665771484 0 -9.328184127807617
		endloop
	endfacet
	facet normal 0 -1 0
		outer loop
			vertex -44.515525817871094 0 -8.852097511291504
			vertex -45.39102554321289 0 -9.456412315368652
			vertex -44.75531768798828 0 -9.122766494750977
		endloop
	endfacet
	facet normal 0 -1 0
		outer loop
			vertex -44.515525817871094 0 -8.852097511291504
			vertex -45.75 0 -9.5
			vertex -45.39102554321289 0 -9.456412315368652
		endloop
	endfacet
	facet normal 0 -1 0
		outer loop
			vertex -44.347476959228516 0 -8.531907081604004
			vertex -45.75 0 -9.5
			vertex -44.515525817871094 0 -8.852097511291504
		endloop
	endfacet
	facet normal 0 -1 0
		outer loop
			vertex -45.75 0 -6.5
			vertex -45.75 0 -9.5
			vertex -44.347476959228516 0 -8.531907081604004
		endloop
	endfacet
	facet normal 0 -1 0
		outer loop
			vertex -45.75 0 -6.5
			vertex -54.01093673706055 0 -8.069194793701172
			vertex -45.75 0 -9.5
		endloop
	endfacet
	facet normal 0 -1 0
		outer loop
			vertex -45.75 0 -6.5
			vertex -54.265525817871094 0 -7.397902965545654
			vertex -54.097476959228516 0 -7.718092441558838
		endloop
	endfacet
	facet normal 0 -1 0
		outer loop
			vertex -45.75 0 -6.5
			vertex -54.097476959228516 0 -7.718092441558838
			vertex -54.01093673706055 0 -8.069194793701172
		endloop
	endfacet
	facet normal 0 -1 0
		outer loop
			vertex -44.347476959228516 0 -7.468092441558838
			vertex -44.26093673706055 0 -8.180805206298828
			vertex -44.26093673706055 0 -7.819194793701172
		endloop
	endfacet
	facet normal 0 -1 0
		outer loop
			vertex -44.347476959228516 0 -7.468092441558838
			vertex -44.347476959228516 0 -8.531907081604004
			vertex -44.26093673706055 0 -8.180805206298828
		endloop
	endfacet
	facet normal 0 -1 0
		outer loop
			vertex -23 0 -27.5
			vertex -32.5 0 -46.5
			vertex -23 0 -46.5
		endloop
	endfacet
	facet normal 0 -1 0
		outer loop
			vertex -23 0 -27.5
			vertex -32.5 0 -27.5
			vertex -32.5 0 -46.5
		endloop
	endfacet
	facet normal 0 -1 0
		outer loop
			vertex -56.49468231201172 0 7.127233982086182
			vertex -56.734474182128906 0 -7.397902965545654
			vertex -56.49468231201172 0 -7.127233982086182
		endloop
	endfacet
	facet normal 0 -1 0
		outer loop
			vertex -56.49468231201172 0 7.127233982086182
			vertex -56.49468231201172 0 -7.127233982086182
			vertex -56.197086334228516 0 -6.921815872192383
		endloop
	endfacet
	facet normal 0 -1 0
		outer loop
			vertex -56.734474182128906 0 7.397902965545654
			vertex -56.734474182128906 0 -7.397902965545654
			vertex -56.49468231201172 0 7.127233982086182
		endloop
	endfacet
	facet normal 0 -1 0
		outer loop
			vertex -66.2344741821289 0 16.897903442382812
			vertex -66.2344741821289 0 -16.897903442382812
			vertex -65.99468231201172 0 -16.627233505249023
		endloop
	endfacet
	facet normal 0 -1 0
		outer loop
			vertex -66.2344741821289 0 16.897903442382812
			vertex -65.99468231201172 0 -16.627233505249023
			vertex -65.99468231201172 0 16.627233505249023
		endloop
	endfacet
	facet normal 0 -1 0
		outer loop
			vertex -56.197086334228516 0 6.921815872192383
			vertex -56.49468231201172 0 7.127233982086182
			vertex -56.197086334228516 0 -6.921815872192383
		endloop
	endfacet
	facet normal 0 -1 0
		outer loop
			vertex -56.197086334228516 0 6.921815872192383
			vertex -56.197086334228516 0 -6.921815872192383
			vertex -55.85897445678711 0 -6.7935872077941895
		endloop
	endfacet
	facet normal 0 -1 0
		outer loop
			vertex -65.69708251953125 0 16.421815872192383
			vertex -65.99468231201172 0 -16.627233505249023
			vertex -65.69708251953125 0 -16.421815872192383
		endloop
	endfacet
	facet normal 0 -1 0
		outer loop
			vertex -65.69708251953125 0 16.421815872192383
			vertex -65.99468231201172 0 16.627233505249023
			vertex -65.99468231201172 0 -16.627233505249023
		endloop
	endfacet
	facet normal 0 -1 0
		outer loop
			vertex -56.902523040771484 0 7.718092441558838
			vertex -65.69708251953125 0 -16.421815872192383
			vertex -56.902523040771484 0 -7.718092441558838
		endloop
	endfacet
	facet normal 0 -1 0
		outer loop
			vertex -56.902523040771484 0 7.718092441558838
			vertex -56.734474182128906 0 -7.397902965545654
			vertex -56.734474182128906 0 7.397902965545654
		endloop
	endfacet
	facet normal 0 -1 0
		outer loop
			vertex -56.902523040771484 0 7.718092441558838
			vertex -65.69708251953125 0 16.421815872192383
			vertex -65.69708251953125 0 -16.421815872192383
		endloop
	endfacet
	facet normal 0 -1 0
		outer loop
			vertex -56.902523040771484 0 7.718092441558838
			vertex -56.902523040771484 0 -7.718092441558838
			vertex -56.734474182128906 0 -7.397902965545654
		endloop
	endfacet
	facet normal 0 -1 0
		outer loop
			vertex -66.40252685546875 0 17.21809196472168
			vertex -66.2344741821289 0 -16.897903442382812
			vertex -66.2344741821289 0 16.897903442382812
		endloop
	endfacet
	facet normal 0 -1 0
		outer loop
			vertex -66.40252685546875 0 17.21809196472168
			vertex -66.48906707763672 0 -17.569194793701172
			vertex -66.40252685546875 0 -17.21809196472168
		endloop
	endfacet
	facet normal 0 -1 0
		outer loop
			vertex -66.40252685546875 0 17.21809196472168
			vertex -66.40252685546875 0 -17.21809196472168
			vertex -66.2344741821289 0 -16.897903442382812
		endloop
	endfacet
	facet normal 0 -1 0
		outer loop
			vertex -55.85897445678711 0 6.7935872077941895
			vertex -56.197086334228516 0 6.921815872192383
			vertex -55.85897445678711 0 -6.7935872077941895
		endloop
	endfacet
	facet normal 0 -1 0
		outer loop
			vertex -65.35897064208984 0 16.29358673095703
			vertex -65.69708251953125 0 16.421815872192383
			vertex -56.902523040771484 0 7.718092441558838
		endloop
	endfacet
	facet normal 0 -1 0
		outer loop
			vertex -56.98906326293945 0 8.069194793701172
			vertex -65.35897064208984 0 16.29358673095703
			vertex -56.902523040771484 0 7.718092441558838
		endloop
	endfacet
	facet normal 0 -1 0
		outer loop
			vertex -66.48906707763672 0 17.569194793701172
			vertex -66.48906707763672 0 -17.569194793701172
			vertex -66.40252685546875 0 17.21809196472168
		endloop
	endfacet
	facet normal 0 -1 0
		outer loop
			vertex -55.5 0 6.75
			vertex -55.5 0 -6.75
			vertex -55.14102554321289 0 -6.7935872077941895
		endloop
	endfacet
	facet normal 0 -1 0
		outer loop
			vertex -55.5 0 6.75
			vertex -55.85897445678711 0 6.7935872077941895
			vertex -55.85897445678711 0 -6.7935872077941895
		endloop
	endfacet
	facet normal 0 -1 0
		outer loop
			vertex -55.5 0 6.75
			vertex -55.85897445678711 0 -6.7935872077941895
			vertex -55.5 0 -6.75
		endloop
	endfacet
	facet normal 0 -1 0
		outer loop
			vertex -65 0 16.25
			vertex -65.35897064208984 0 16.29358673095703
			vertex -56.98906326293945 0 8.069194793701172
		endloop
	endfacet
	facet normal 0 -1 0
		outer loop
			vertex -56.98906326293945 0 8.430805206298828
			vertex -65 0 16.25
			vertex -56.98906326293945 0 8.069194793701172
		endloop
	endfacet
	facet normal 0 -1 0
		outer loop
			vertex -55.14102554321289 0 6.7935872077941895
			vertex -55.5 0 6.75
			vertex -55.14102554321289 0 -6.7935872077941895
		endloop
	endfacet
	facet normal 0 -1 0
		outer loop
			vertex -64.64102935791016 0 16.29358673095703
			vertex -65 0 16.25
			vertex -56.98906326293945 0 8.430805206298828
		endloop
	endfacet
	facet normal 0 -1 0
		outer loop
			vertex -56.902523040771484 0 8.781907081604004
			vertex -64.64102935791016 0 16.29358673095703
			vertex -56.98906326293945 0 8.430805206298828
		endloop
	endfacet
	facet normal 0 -1 0
		outer loop
			vertex -64.30291748046875 0 16.421815872192383
			vertex -64.64102935791016 0 16.29358673095703
			vertex -56.902523040771484 0 8.781907081604004
		endloop
	endfacet
	facet normal 0 -1 0
		outer loop
			vertex -56.734474182128906 0 9.102097511291504
			vertex -64.30291748046875 0 16.421815872192383
			vertex -56.902523040771484 0 8.781907081604004
		endloop
	endfacet
	facet normal 0 -1 0
		outer loop
			vertex -64.00531768798828 0 16.627233505249023
			vertex -64.30291748046875 0 16.421815872192383
			vertex -56.734474182128906 0 9.102097511291504
		endloop
	endfacet
	facet normal 0 -1 0
		outer loop
			vertex -45.75 0 -1.5
			vertex -54.265525817871094 0 -7.397902965545654
			vertex -45.75 0 -6.5
		endloop
	endfacet
	facet normal 0 -1 0
		outer loop
			vertex -45.75 0 -1.5
			vertex -55.14102554321289 0 -6.7935872077941895
			vertex -54.802913665771484 0 -6.921815872192383
		endloop
	endfacet
	facet normal 0 -1 0
		outer loop
			vertex -45.75 0 -1.5
			vertex -54.802913665771484 0 -6.921815872192383
			vertex -54.50531768798828 0 -7.127233982086182
		endloop
	endfacet
	facet normal 0 -1 0
		outer loop
			vertex -45.75 0 -1.5
			vertex -54.50531768798828 0 -7.127233982086182
			vertex -54.265525817871094 0 -7.397902965545654
		endloop
	endfacet
	facet normal 0 -1 0
		outer loop
			vertex -56.49468231201172 0 9.372766494750977
			vertex -64.00531768798828 0 16.627233505249023
			vertex -56.734474182128906 0 9.102097511291504
		endloop
	endfacet
	facet normal 0 -1 0
		outer loop
			vertex -63.765525817871094 0 16.897903442382812
			vertex -64.00531768798828 0 16.627233505249023
			vertex -56.49468231201172 0 9.372766494750977
		endloop
	endfacet
	facet normal 0 -1 0
		outer loop
			vertex -56.197086334228516 0 9.578184127807617
			vertex -63.765525817871094 0 16.897903442382812
			vertex -56.49468231201172 0 9.372766494750977
		endloop
	endfacet
	facet normal 0 -1 0
		outer loop
			vertex -44.75531768798828 0 -1.122766137123108
			vertex -45.39102554321289 0 -1.456412672996521
			vertex -45.052913665771484 0 -1.3281840085983276
		endloop
	endfacet
	facet normal 0 -1 0
		outer loop
			vertex -44.75531768798828 0 -1.122766137123108
			vertex -45.75 0 -1.5
			vertex -45.39102554321289 0 -1.456412672996521
		endloop
	endfacet
	facet normal 0 -1 0
		outer loop
			vertex -44.347476959228516 0 -0.531907320022583
			vertex -44.75531768798828 0 -1.122766137123108
			vertex -44.515525817871094 0 -0.8520970940589905
		endloop
	endfacet
	facet normal 0 -1 0
		outer loop
			vertex -44.347476959228516 0 -0.531907320022583
			vertex -45.75 0 -1.5
			vertex -44.75531768798828 0 -1.122766137123108
		endloop
	endfacet
	facet normal 0 -1 0
		outer loop
			vertex -45.75 0 1.5
			vertex -55.14102554321289 0 -6.7935872077941895
			vertex -45.75 0 -1.5
		endloop
	endfacet
	facet normal 0 -1 0
		outer loop
			vertex -45.75 0 1.5
			vertex -55.14102554321289 0 6.7935872077941895
			vertex -55.14102554321289 0 -6.7935872077941895
		endloop
	endfacet
	facet normal 0 -1 0
		outer loop
			vertex -45.75 0 1.5
			vertex -54.265525817871094 0 7.397902965545654
			vertex -54.50531768798828 0 7.127233982086182
		endloop
	endfacet
	facet normal 0 -1 0
		outer loop
			vertex -45.75 0 1.5
			vertex -54.50531768798828 0 7.127233982086182
			vertex -54.802913665771484 0 6.921815872192383
		endloop
	endfacet
	facet normal 0 -1 0
		outer loop
			vertex -45.75 0 1.5
			vertex -54.802913665771484 0 6.921815872192383
			vertex -55.14102554321289 0 6.7935872077941895
		endloop
	endfacet
	facet normal 0 -1 0
		outer loop
			vertex -44.26093673706055 0 0.1808050274848938
			vertex -45.75 0 1.5
			vertex -45.75 0 -1.5
		endloop
	endfacet
	facet normal 0 -1 0
		outer loop
			vertex -44.26093673706055 0 0.1808050274848938
			vertex -44.347476959228516 0 -0.531907320022583
			vertex -44.26093673706055 0 -0.1808050274848938
		endloop
	endfacet
	facet normal 0 -1 0
		outer loop
			vertex -44.26093673706055 0 0.1808050274848938
			vertex -45.75 0 -1.5
			vertex -44.347476959228516 0 -0.531907320022583
		endloop
	endfacet
	facet normal 0 -1 0
		outer loop
			vertex -27.152524948120117 0 -16.53190803527832
			vertex -26.74468421936035 0 -17.122766494750977
			vertex -26.447084426879883 0 -17.328184127807617
		endloop
	endfacet
	facet normal 0 -1 0
		outer loop
			vertex -27.152524948120117 0 -16.53190803527832
			vertex -26.98447608947754 0 -16.852096557617188
			vertex -26.74468421936035 0 -17.122766494750977
		endloop
	endfacet
	facet normal 0 -1 0
		outer loop
			vertex -44.515525817871094 0 0.8520970940589905
			vertex -44.26093673706055 0 0.1808050274848938
			vertex -44.347476959228516 0 0.531907320022583
		endloop
	endfacet
	facet normal 0 -1 0
		outer loop
			vertex -44.515525817871094 0 0.8520970940589905
			vertex -45.75 0 1.5
			vertex -44.26093673706055 0 0.1808050274848938
		endloop
	endfacet
	facet normal 0 -1 0
		outer loop
			vertex -44.75531768798828 0 1.122766137123108
			vertex -45.39102554321289 0 1.456412672996521
			vertex -45.75 0 1.5
		endloop
	endfacet
	facet normal 0 -1 0
		outer loop
			vertex -44.75531768798828 0 1.122766137123108
			vertex -45.052913665771484 0 1.3281840085983276
			vertex -45.39102554321289 0 1.456412672996521
		endloop
	endfacet
	facet normal 0 -1 0
		outer loop
			vertex -44.75531768798828 0 1.122766137123108
			vertex -45.75 0 1.5
			vertex -44.515525817871094 0 0.8520970940589905
		endloop
	endfacet
	facet normal 0 -1 0
		outer loop
			vertex -26.108972549438477 0 -17.45641326904297
			vertex -27.152524948120117 0 -16.53190803527832
			vertex -26.447084426879883 0 -17.328184127807617
		endloop
	endfacet
	facet normal 0 -1 0
		outer loop
			vertex -27.239063262939453 0 -16.180805206298828
			vertex -27.152524948120117 0 -16.53190803527832
			vertex -26.108972549438477 0 -17.45641326904297
		endloop
	endfacet
	facet normal 0 -1 0
		outer loop
			vertex -27.152524948120117 0 -15.468092918395996
			vertex -27.239063262939453 0 -15.819194793701172
			vertex -27.239063262939453 0 -16.180805206298828
		endloop
	endfacet
	facet normal 0 -1 0
		outer loop
			vertex -26.74468421936035 0 -14.877233505249023
			vertex -26.98447608947754 0 -15.147902488708496
			vertex -27.152524948120117 0 -15.468092918395996
		endloop
	endfacet
	facet normal 0 -1 0
		outer loop
			vertex -26.447084426879883 0 -14.671815872192383
			vertex -27.239063262939453 0 -16.180805206298828
			vertex -26.108972549438477 0 -17.45641326904297
		endloop
	endfacet
	facet normal 0 -1 0
		outer loop
			vertex -26.447084426879883 0 -14.671815872192383
			vertex -26.108972549438477 0 -17.45641326904297
			vertex -25.75 0 -17.5
		endloop
	endfacet
	facet normal 0 -1 0
		outer loop
			vertex -26.447084426879883 0 -14.671815872192383
			vertex -27.152524948120117 0 -15.468092918395996
			vertex -27.239063262939453 0 -16.180805206298828
		endloop
	endfacet
	facet normal 0 -1 0
		outer loop
			vertex -26.447084426879883 0 -14.671815872192383
			vertex -26.74468421936035 0 -14.877233505249023
			vertex -27.152524948120117 0 -15.468092918395996
		endloop
	endfacet
	facet normal 0 -1 0
		outer loop
			vertex -25.75 0 -14.5
			vertex -26.108972549438477 0 -14.543587684631348
			vertex -26.447084426879883 0 -14.671815872192383
		endloop
	endfacet
	facet normal 0 -1 0
		outer loop
			vertex -25.75 0 -14.5
			vertex -25.75 0 -17.5
			vertex -23 0 -24.5
		endloop
	endfacet
	facet normal 0 -1 0
		outer loop
			vertex -25.75 0 -14.5
			vertex -26.447084426879883 0 -14.671815872192383
			vertex -25.75 0 -17.5
		endloop
	endfacet
	facet normal 0 -1 0
		outer loop
			vertex -45.75 0 6.5
			vertex -54.265525817871094 0 7.397902965545654
			vertex -45.75 0 1.5
		endloop
	endfacet
	facet normal 0 -1 0
		outer loop
			vertex -45.75 0 6.5
			vertex -54.01093673706055 0 8.069194793701172
			vertex -54.097476959228516 0 7.718092441558838
		endloop
	endfacet
	facet normal 0 -1 0
		outer loop
			vertex -45.75 0 6.5
			vertex -54.097476959228516 0 7.718092441558838
			vertex -54.265525817871094 0 7.397902965545654
		endloop
	endfacet
	facet normal 0 -1 0
		outer loop
			vertex 6.265524387359619 0 -43.85209655761719
			vertex -23 0 -49.5
			vertex 6.505315780639648 0 -44.122764587402344
		endloop
	endfacet
	facet normal 0 -1 0
		outer loop
			vertex 6.802915096282959 0 -44.328182220458984
			vertex 6.505315780639648 0 -44.122764587402344
			vertex -23 0 -49.5
		endloop
	endfacet
	facet normal 0 -1 0
		outer loop
			vertex 6.097475528717041 0 -43.53190612792969
			vertex -23 0 -46.5
			vertex -23 0 -49.5
		endloop
	endfacet
	facet normal 0 -1 0
		outer loop
			vertex 6.097475528717041 0 -43.53190612792969
			vertex -23 0 -49.5
			vertex 6.265524387359619 0 -43.85209655761719
		endloop
	endfacet
	facet normal 0 -1 0
		outer loop
			vertex -44.515525817871094 0 7.147902965545654
			vertex -45.052913665771484 0 6.671815872192383
			vertex -44.75531768798828 0 6.877233982086182
		endloop
	endfacet
	facet normal 0 -1 0
		outer loop
			vertex -56.49468231201172 0 19.127233505249023
			vertex -63.51093673706055 0 17.569194793701172
			vertex -63.597476959228516 0 17.21809196472168
		endloop
	endfacet
	facet normal 0 -1 0
		outer loop
			vertex -56.734474182128906 0 19.397903442382812
			vertex -63.51093673706055 0 17.930805206298828
			vertex -63.51093673706055 0 17.569194793701172
		endloop
	endfacet
	facet normal 0 -1 0
		outer loop
			vertex -56.734474182128906 0 19.397903442382812
			vertex -63.51093673706055 0 17.569194793701172
			vertex -56.49468231201172 0 19.127233505249023
		endloop
	endfacet
	facet normal 0 -1 0
		outer loop
			vertex 7.141026496887207 0 -44.45641326904297
			vertex 6.802915096282959 0 -44.328182220458984
			vertex -23 0 -49.5
		endloop
	endfacet
	facet normal 0 -1 0
		outer loop
			vertex -56.197086334228516 0 18.921815872192383
			vertex -56.49468231201172 0 19.127233505249023
			vertex -63.597476959228516 0 17.21809196472168
		endloop
	endfacet
	facet normal 0 -1 0
		outer loop
			vertex -56.197086334228516 0 18.921815872192383
			vertex -63.597476959228516 0 17.21809196472168
			vertex -63.765525817871094 0 16.897903442382812
		endloop
	endfacet
	facet normal 0 -1 0
		outer loop
			vertex -56.197086334228516 0 18.921815872192383
			vertex -56.197086334228516 0 9.578184127807617
			vertex -55.85897445678711 0 9.706412315368652
		endloop
	endfacet
	facet normal 0 -1 0
		outer loop
			vertex -56.197086334228516 0 18.921815872192383
			vertex -63.765525817871094 0 16.897903442382812
			vertex -56.197086334228516 0 9.578184127807617
		endloop
	endfacet
	facet normal 0 -1 0
		outer loop
			vertex -56.902523040771484 0 19.71809196472168
			vertex -63.51093673706055 0 17.930805206298828
			vertex -56.734474182128906 0 19.397903442382812
		endloop
	endfacet
	facet normal 0 -1 0
		outer loop
			vertex -56.902523040771484 0 19.71809196472168
			vertex -63.597476959228516 0 18.28190803527832
			vertex -63.51093673706055 0 17.930805206298828
		endloop
	endfacet
	facet normal 0 -1 0
		outer loop
			vertex 6.010936737060547 0 -43.18080520629883
			vertex -23 0 -46.5
			vertex 6.097475528717041 0 -43.53190612792969
		endloop
	endfacet
	facet normal 0 -1 0
		outer loop
			vertex -55.85897445678711 0 18.79358673095703
			vertex -56.197086334228516 0 18.921815872192383
			vertex -55.85897445678711 0 9.706412315368652
		endloop
	endfacet
	facet normal 0 -1 0
		outer loop
			vertex 7.5 0 -44.5
			vertex 7.141026496887207 0 -44.45641326904297
			vertex -23 0 -49.5
		endloop
	endfacet
	facet normal 0 -1 0
		outer loop
			vertex -56.98906326293945 0 20.069194793701172
			vertex -63.597476959228516 0 18.28190803527832
			vertex -56.902523040771484 0 19.71809196472168
		endloop
	endfacet
	facet normal 0 -1 0
		outer loop
			vertex -56.98906326293945 0 20.069194793701172
			vertex -63.765525817871094 0 18.602096557617188
			vertex -63.597476959228516 0 18.28190803527832
		endloop
	endfacet
	facet normal 0 -1 0
		outer loop
			vertex -44.347476959228516 0 7.468092441558838
			vertex -45.39102554321289 0 6.5435872077941895
			vertex -45.052913665771484 0 6.671815872192383
		endloop
	endfacet
	facet normal 0 -1 0
		outer loop
			vertex -44.347476959228516 0 7.468092441558838
			vertex -45.052913665771484 0 6.671815872192383
			vertex -44.515525817871094 0 7.147902965545654
		endloop
	endfacet
	facet normal 0 -1 0
		outer loop
			vertex 6.010936737060547 0 -42.81919479370117
			vertex -23 0 -46.5
			vertex 6.010936737060547 0 -43.18080520629883
		endloop
	endfacet
	facet normal 0 -1 0
		outer loop
			vertex -55.5 0 18.75
			vertex -55.85897445678711 0 18.79358673095703
			vertex -55.85897445678711 0 9.706412315368652
		endloop
	endfacet
	facet normal 0 -1 0
		outer loop
			vertex -55.5 0 18.75
			vertex -55.85897445678711 0 9.706412315368652
			vertex -55.5 0 9.75
		endloop
	endfacet
	facet normal 0 -1 0
		outer loop
			vertex -56.98906326293945 0 20.430805206298828
			vertex -63.765525817871094 0 18.602096557617188
			vertex -56.98906326293945 0 20.069194793701172
		endloop
	endfacet
	facet normal 0 -1 0
		outer loop
			vertex -56.98906326293945 0 20.430805206298828
			vertex -64.00531768798828 0 18.872766494750977
			vertex -63.765525817871094 0 18.602096557617188
		endloop
	endfacet
	facet normal 0 -1 0
		outer loop
			vertex 6.097475528717041 0 -42.46809387207031
			vertex -23 0 -27.5
			vertex -23 0 -46.5
		endloop
	endfacet
	facet normal 0 -1 0
		outer loop
			vertex 6.097475528717041 0 -42.46809387207031
			vertex -23 0 -46.5
			vertex 6.010936737060547 0 -42.81919479370117
		endloop
	endfacet
	facet normal 0 -1 0
		outer loop
			vertex -55.14102554321289 0 18.79358673095703
			vertex -55.5 0 18.75
			vertex -55.5 0 9.75
		endloop
	endfacet
	facet normal 0 -1 0
		outer loop
			vertex -55.14102554321289 0 18.79358673095703
			vertex -55.5 0 9.75
			vertex -55.14102554321289 0 9.706412315368652
		endloop
	endfacet
	facet normal 0 -1 0
		outer loop
			vertex -45.75 0 9.5
			vertex -54.265525817871094 0 9.102097511291504
			vertex -54.097476959228516 0 8.781907081604004
		endloop
	endfacet
	facet normal 0 -1 0
		outer loop
			vertex -45.75 0 9.5
			vertex -54.097476959228516 0 8.781907081604004
			vertex -54.01093673706055 0 8.430805206298828
		endloop
	endfacet
	facet normal 0 -1 0
		outer loop
			vertex -45.75 0 9.5
			vertex -54.01093673706055 0 8.430805206298828
			vertex -54.01093673706055 0 8.069194793701172
		endloop
	endfacet
	facet normal 0 -1 0
		outer loop
			vertex -45.75 0 9.5
			vertex -54.01093673706055 0 8.069194793701172
			vertex -45.75 0 6.5
		endloop
	endfacet
	facet normal 0 -1 0
		outer loop
			vertex -56.902523040771484 0 20.78190803527832
			vertex -64.00531768798828 0 18.872766494750977
			vertex -56.98906326293945 0 20.430805206298828
		endloop
	endfacet
	facet normal 0 -1 0
		outer loop
			vertex -56.902523040771484 0 20.78190803527832
			vertex -64.30291748046875 0 19.078184127807617
			vertex -64.00531768798828 0 18.872766494750977
		endloop
	endfacet
	facet normal 0 -1 0
		outer loop
			vertex -45.39102554321289 0 9.456412315368652
			vertex -45.75 0 6.5
			vertex -45.39102554321289 0 6.5435872077941895
		endloop
	endfacet
	facet normal 0 -1 0
		outer loop
			vertex -45.39102554321289 0 9.456412315368652
			vertex -45.39102554321289 0 6.5435872077941895
			vertex -44.347476959228516 0 7.468092441558838
		endloop
	endfacet
	facet normal 0 -1 0
		outer loop
			vertex -45.39102554321289 0 9.456412315368652
			vertex -45.75 0 9.5
			vertex -45.75 0 6.5
		endloop
	endfacet
	facet normal 0 -1 0
		outer loop
			vertex 6.265524387359619 0 -42.14790344238281
			vertex -23 0 -27.5
			vertex 6.097475528717041 0 -42.46809387207031
		endloop
	endfacet
	facet normal 0 -1 0
		outer loop
			vertex -54.802913665771484 0 18.921815872192383
			vertex -55.14102554321289 0 18.79358673095703
			vertex -55.14102554321289 0 9.706412315368652
		endloop
	endfacet
	facet normal 0 -1 0
		outer loop
			vertex -54.802913665771484 0 18.921815872192383
			vertex -55.14102554321289 0 9.706412315368652
			vertex -54.802913665771484 0 9.578184127807617
		endloop
	endfacet
	facet normal 0 -1 0
		outer loop
			vertex -44.347476959228516 0 8.531907081604004
			vertex -44.26093673706055 0 7.819194793701172
			vertex -44.26093673706055 0 8.180805206298828
		endloop
	endfacet
	facet normal 0 -1 0
		outer loop
			vertex -44.347476959228516 0 8.531907081604004
			vertex -44.347476959228516 0 7.468092441558838
			vertex -44.26093673706055 0 7.819194793701172
		endloop
	endfacet
	facet normal 0 -1 0
		outer loop
			vertex -45.052913665771484 0 9.328184127807617
			vertex -44.347476959228516 0 7.468092441558838
			vertex -44.347476959228516 0 8.531907081604004
		endloop
	endfacet
	facet normal 0 -1 0
		outer loop
			vertex -45.052913665771484 0 9.328184127807617
			vertex -45.39102554321289 0 9.456412315368652
			vertex -44.347476959228516 0 7.468092441558838
		endloop
	endfacet
	facet normal 0 -1 0
		outer loop
			vertex -44.75531768798828 0 9.122766494750977
			vertex -44.347476959228516 0 8.531907081604004
			vertex -44.515525817871094 0 8.852097511291504
		endloop
	endfacet
	facet normal 0 -1 0
		outer loop
			vertex -44.75531768798828 0 9.122766494750977
			vertex -45.052913665771484 0 9.328184127807617
			vertex -44.347476959228516 0 8.531907081604004
		endloop
	endfacet
	facet normal 0 -1 0
		outer loop
			vertex -56.734474182128906 0 21.102096557617188
			vertex -64.30291748046875 0 19.078184127807617
			vertex -56.902523040771484 0 20.78190803527832
		endloop
	endfacet
	facet normal 0 -1 0
		outer loop
			vertex -56.734474182128906 0 21.102096557617188
			vertex -64.64102935791016 0 19.20641326904297
			vertex -64.30291748046875 0 19.078184127807617
		endloop
	endfacet
	facet normal 0 -1 0
		outer loop
			vertex 6.505315780639648 0 -41.877235412597656
			vertex -23 0 -27.5
			vertex 6.265524387359619 0 -42.14790344238281
		endloop
	endfacet
	facet normal 0 -1 0
		outer loop
			vertex -56.49468231201172 0 21.372766494750977
			vertex -64.64102935791016 0 19.20641326904297
			vertex -56.734474182128906 0 21.102096557617188
		endloop
	endfacet
	facet normal 0 -1 0
		outer loop
			vertex 6.802915096282959 0 -41.671817779541016
			vertex -23 0 -24.5
			vertex -23 0 -27.5
		endloop
	endfacet
	facet normal 0 -1 0
		outer loop
			vertex 6.802915096282959 0 -41.671817779541016
			vertex -23 0 -27.5
			vertex 6.505315780639648 0 -41.877235412597656
		endloop
	endfacet
	facet normal 0 -1 0
		outer loop
			vertex -25.391027450561523 0 -9.456412315368652
			vertex -25.75 0 -9.5
			vertex -25.75 0 -14.5
		endloop
	endfacet
	facet normal 0 -1 0
		outer loop
			vertex 7.141026496887207 0 -41.54358673095703
			vertex -23 0 -24.5
			vertex 6.802915096282959 0 -41.671817779541016
		endloop
	endfacet
	facet normal 0 -1 0
		outer loop
			vertex -25.052915573120117 0 -9.328184127807617
			vertex -25.391027450561523 0 -9.456412315368652
			vertex -25.75 0 -14.5
		endloop
	endfacet
	facet normal 0 -1 0
		outer loop
			vertex -24.75531578063965 0 -9.122766494750977
			vertex -25.052915573120117 0 -9.328184127807617
			vertex -25.75 0 -14.5
		endloop
	endfacet
	facet normal 0 -1 0
		outer loop
			vertex -24.51552391052246 0 -8.852097511291504
			vertex -24.75531578063965 0 -9.122766494750977
			vertex -25.75 0 -14.5
		endloop
	endfacet
	facet normal 0 -1 0
		outer loop
			vertex -24.347475051879883 0 -8.531907081604004
			vertex -24.51552391052246 0 -8.852097511291504
			vertex -25.75 0 -14.5
		endloop
	endfacet
	facet normal 0 -1 0
		outer loop
			vertex -24.347475051879883 0 -8.531907081604004
			vertex -25.75 0 -14.5
			vertex -23 0 -24.5
		endloop
	endfacet
	facet normal 0 -1 0
		outer loop
			vertex -45.75 0 14.5
			vertex -54.265525817871094 0 19.397903442382812
			vertex -54.50531768798828 0 19.127233505249023
		endloop
	endfacet
	facet normal 0 -1 0
		outer loop
			vertex -45.75 0 14.5
			vertex -54.50531768798828 0 19.127233505249023
			vertex -54.802913665771484 0 18.921815872192383
		endloop
	endfacet
	facet normal 0 -1 0
		outer loop
			vertex -45.75 0 14.5
			vertex -54.802913665771484 0 18.921815872192383
			vertex -54.802913665771484 0 9.578184127807617
		endloop
	endfacet
	facet normal 0 -1 0
		outer loop
			vertex -45.75 0 14.5
			vertex -54.802913665771484 0 9.578184127807617
			vertex -54.50531768798828 0 9.372766494750977
		endloop
	endfacet
	facet normal 0 -1 0
		outer loop
			vertex -45.75 0 14.5
			vertex -54.50531768798828 0 9.372766494750977
			vertex -54.265525817871094 0 9.102097511291504
		endloop
	endfacet
	facet normal 0 -1 0
		outer loop
			vertex -45.75 0 14.5
			vertex -54.265525817871094 0 9.102097511291504
			vertex -45.75 0 9.5
		endloop
	endfacet
	facet normal 0 -1 0
		outer loop
			vertex -44.75531768798828 0 14.877233505249023
			vertex -45.39102554321289 0 14.543587684631348
			vertex -45.052913665771484 0 14.671815872192383
		endloop
	endfacet
	facet normal 0 -1 0
		outer loop
			vertex -44.75531768798828 0 14.877233505249023
			vertex -45.75 0 14.5
			vertex -45.39102554321289 0 14.543587684631348
		endloop
	endfacet
	facet normal 0 -1 0
		outer loop
			vertex -44.347476959228516 0 15.468092918395996
			vertex -44.75531768798828 0 14.877233505249023
			vertex -44.515525817871094 0 15.147902488708496
		endloop
	endfacet
	facet normal 0 -1 0
		outer loop
			vertex -44.26093673706055 0 15.819194793701172
			vertex -44.75531768798828 0 14.877233505249023
			vertex -44.347476959228516 0 15.468092918395996
		endloop
	endfacet
	facet normal 0 -1 0
		outer loop
			vertex -44.26093673706055 0 15.819194793701172
			vertex -45.75 0 14.5
			vertex -44.75531768798828 0 14.877233505249023
		endloop
	endfacet
	facet normal 0 -1 0
		outer loop
			vertex -45.75 0 17.5
			vertex -54.01093673706055 0 20.069194793701172
			vertex -54.097476959228516 0 19.71809196472168
		endloop
	endfacet
	facet normal 0 -1 0
		outer loop
			vertex -45.75 0 17.5
			vertex -54.097476959228516 0 19.71809196472168
			vertex -54.265525817871094 0 19.397903442382812
		endloop
	endfacet
	facet normal 0 -1 0
		outer loop
			vertex -45.75 0 17.5
			vertex -54.265525817871094 0 19.397903442382812
			vertex -45.75 0 14.5
		endloop
	endfacet
	facet normal 0 -1 0
		outer loop
			vertex -45.75 0 17.5
			vertex -54.50531768798828 0 21.372766494750977
			vertex -54.265525817871094 0 21.102096557617188
		endloop
	endfacet
	facet normal 0 -1 0
		outer loop
			vertex -45.75 0 17.5
			vertex -54.265525817871094 0 21.102096557617188
			vertex -54.097476959228516 0 20.78190803527832
		endloop
	endfacet
	facet normal 0 -1 0
		outer loop
			vertex -45.75 0 17.5
			vertex -54.097476959228516 0 20.78190803527832
			vertex -54.01093673706055 0 20.430805206298828
		endloop
	endfacet
	facet normal 0 -1 0
		outer loop
			vertex -45.75 0 17.5
			vertex -54.01093673706055 0 20.430805206298828
			vertex -54.01093673706055 0 20.069194793701172
		endloop
	endfacet
	facet normal 0 -1 0
		outer loop
			vertex -45.39102554321289 0 17.45641326904297
			vertex -45.75 0 17.5
			vertex -45.75 0 14.5
		endloop
	endfacet
	facet normal 0 -1 0
		outer loop
			vertex -44.347476959228516 0 16.53190803527832
			vertex -45.75 0 14.5
			vertex -44.26093673706055 0 15.819194793701172
		endloop
	endfacet
	facet normal 0 -1 0
		outer loop
			vertex -44.347476959228516 0 16.53190803527832
			vertex -44.26093673706055 0 15.819194793701172
			vertex -44.26093673706055 0 16.180805206298828
		endloop
	endfacet
	facet normal 0 -1 0
		outer loop
			vertex -45.052913665771484 0 17.328184127807617
			vertex -45.39102554321289 0 17.45641326904297
			vertex -45.75 0 14.5
		endloop
	endfacet
	facet normal 0 -1 0
		outer loop
			vertex -44.75531768798828 0 17.122766494750977
			vertex -45.052913665771484 0 17.328184127807617
			vertex -45.75 0 14.5
		endloop
	endfacet
	facet normal 0 -1 0
		outer loop
			vertex -44.75531768798828 0 17.122766494750977
			vertex -45.75 0 14.5
			vertex -44.347476959228516 0 16.53190803527832
		endloop
	endfacet
	facet normal 0 -1 0
		outer loop
			vertex -44.75531768798828 0 17.122766494750977
			vertex -44.347476959228516 0 16.53190803527832
			vertex -44.515525817871094 0 16.852096557617188
		endloop
	endfacet
	facet normal 0 -1 0
		outer loop
			vertex -69.5 0 42.5
			vertex -66.40252685546875 0 18.28190803527832
			vertex -66.2344741821289 0 18.602096557617188
		endloop
	endfacet
	facet normal 0 -1 0
		outer loop
			vertex -69.5 0 42.5
			vertex -66.2344741821289 0 18.602096557617188
			vertex -65.99468231201172 0 18.872766494750977
		endloop
	endfacet
	facet normal 0 -1 0
		outer loop
			vertex -69.5 0 42.5
			vertex -65.99468231201172 0 18.872766494750977
			vertex -65.69708251953125 0 19.078184127807617
		endloop
	endfacet
	facet normal 0 -1 0
		outer loop
			vertex -69.5 0 42.5
			vertex -65.69708251953125 0 19.078184127807617
			vertex -65.35897064208984 0 19.20641326904297
		endloop
	endfacet
	facet normal 0 -1 0
		outer loop
			vertex -69.5 0 42.5
			vertex -69.5 0 -42.5
			vertex -66.48906707763672 0 -17.569194793701172
		endloop
	endfacet
	facet normal 0 -1 0
		outer loop
			vertex -69.5 0 42.5
			vertex -66.48906707763672 0 -17.569194793701172
			vertex -66.48906707763672 0 17.569194793701172
		endloop
	endfacet
	facet normal 0 -1 0
		outer loop
			vertex -69.5 0 42.5
			vertex -66.48906707763672 0 17.569194793701172
			vertex -66.48906707763672 0 17.930805206298828
		endloop
	endfacet
	facet normal 0 -1 0
		outer loop
			vertex -69.5 0 42.5
			vertex -66.48906707763672 0 17.930805206298828
			vertex -66.40252685546875 0 18.28190803527832
		endloop
	endfacet
	facet normal 0 -1 0
		outer loop
			vertex -25.391027450561523 0 -1.456412672996521
			vertex -25.75 0 -1.5
			vertex -25.75 0 -6.5
		endloop
	endfacet
	facet normal 0 -1 0
		outer loop
			vertex -25.391027450561523 0 -1.456412672996521
			vertex -25.75 0 -6.5
			vertex -25.391027450561523 0 -6.5435872077941895
		endloop
	endfacet
	facet normal 0 -1 0
		outer loop
			vertex -25.052915573120117 0 -1.3281840085983276
			vertex -25.391027450561523 0 -1.456412672996521
			vertex -25.391027450561523 0 -6.5435872077941895
		endloop
	endfacet
	facet normal 0 -1 0
		outer loop
			vertex -25.052915573120117 0 -1.3281840085983276
			vertex -25.391027450561523 0 -6.5435872077941895
			vertex -25.052915573120117 0 -6.671815872192383
		endloop
	endfacet
	facet normal 0 -1 0
		outer loop
			vertex -24.75531578063965 0 -1.122766137123108
			vertex -25.052915573120117 0 -1.3281840085983276
			vertex -25.052915573120117 0 -6.671815872192383
		endloop
	endfacet
	facet normal 0 -1 0
		outer loop
			vertex -24.75531578063965 0 -1.122766137123108
			vertex -25.052915573120117 0 -6.671815872192383
			vertex -24.75531578063965 0 -6.877233982086182
		endloop
	endfacet
	facet normal 0 -1 0
		outer loop
			vertex -24.51552391052246 0 -0.8520970940589905
			vertex -24.75531578063965 0 -1.122766137123108
			vertex -24.75531578063965 0 -6.877233982086182
		endloop
	endfacet
	facet normal 0 -1 0
		outer loop
			vertex -24.51552391052246 0 -0.8520970940589905
			vertex -24.75531578063965 0 -6.877233982086182
			vertex -24.51552391052246 0 -7.147902965545654
		endloop
	endfacet
	facet normal 0 -1 0
		outer loop
			vertex -24.347475051879883 0 -0.531907320022583
			vertex -24.51552391052246 0 -0.8520970940589905
			vertex -24.51552391052246 0 -7.147902965545654
		endloop
	endfacet
	facet normal 0 -1 0
		outer loop
			vertex -24.347475051879883 0 -0.531907320022583
			vertex -24.51552391052246 0 -7.147902965545654
			vertex -24.347475051879883 0 -7.468092441558838
		endloop
	endfacet
	facet normal 0 -1 0
		outer loop
			vertex -24.260936737060547 0 -0.1808050274848938
			vertex -24.347475051879883 0 -0.531907320022583
			vertex -24.347475051879883 0 -7.468092441558838
		endloop
	endfacet
	facet normal 0 -1 0
		outer loop
			vertex -24.260936737060547 0 -0.1808050274848938
			vertex -24.347475051879883 0 -7.468092441558838
			vertex -24.260936737060547 0 -7.819194793701172
		endloop
	endfacet
	facet normal 0 -1 0
		outer loop
			vertex -64.2344741821289 0 42.14790344238281
			vertex -69.5 0 42.5
			vertex -63.99468231201172 0 41.877235412597656
		endloop
	endfacet
	facet normal 0 -1 0
		outer loop
			vertex -63.697086334228516 0 41.671817779541016
			vertex -69.5 0 42.5
			vertex -65.35897064208984 0 19.20641326904297
		endloop
	endfacet
	facet normal 0 -1 0
		outer loop
			vertex -63.697086334228516 0 41.671817779541016
			vertex -63.99468231201172 0 41.877235412597656
			vertex -69.5 0 42.5
		endloop
	endfacet
	facet normal 0 -1 0
		outer loop
			vertex -64.40252685546875 0 42.46809387207031
			vertex -69.5 0 42.5
			vertex -64.2344741821289 0 42.14790344238281
		endloop
	endfacet
	facet normal 0 -1 0
		outer loop
			vertex -63.35897445678711 0 41.54358673095703
			vertex -65.35897064208984 0 19.20641326904297
			vertex -65 0 19.25
		endloop
	endfacet
	facet normal 0 -1 0
		outer loop
			vertex -63.35897445678711 0 41.54358673095703
			vertex -63.697086334228516 0 41.671817779541016
			vertex -65.35897064208984 0 19.20641326904297
		endloop
	endfacet
	facet normal 0 -1 0
		outer loop
			vertex -64.48906707763672 0 42.81919479370117
			vertex -69.36549377441406 0 43.865631103515625
			vertex -69.5 0 42.5
		endloop
	endfacet
	facet normal 0 -1 0
		outer loop
			vertex -64.48906707763672 0 42.81919479370117
			vertex -69.5 0 42.5
			vertex -64.40252685546875 0 42.46809387207031
		endloop
	endfacet
	facet normal 0 -1 0
		outer loop
			vertex -63 0 41.5
			vertex -56.49468231201172 0 21.372766494750977
			vertex -56.197086334228516 0 21.578184127807617
		endloop
	endfacet
	facet normal 0 -1 0
		outer loop
			vertex -63 0 41.5
			vertex -63.35897445678711 0 41.54358673095703
			vertex -65 0 19.25
		endloop
	endfacet
	facet normal 0 -1 0
		outer loop
			vertex -63 0 41.5
			vertex -64.64102935791016 0 19.20641326904297
			vertex -56.49468231201172 0 21.372766494750977
		endloop
	endfacet
	facet normal 0 -1 0
		outer loop
			vertex -63 0 41.5
			vertex -65 0 19.25
			vertex -64.64102935791016 0 19.20641326904297
		endloop
	endfacet
	facet normal 0 -1 0
		outer loop
			vertex -64.48906707763672 0 43.18080520629883
			vertex -68.96715545654297 0 45.17878341674805
			vertex -69.36549377441406 0 43.865631103515625
		endloop
	endfacet
	facet normal 0 -1 0
		outer loop
			vertex -64.48906707763672 0 43.18080520629883
			vertex -69.36549377441406 0 43.865631103515625
			vertex -64.48906707763672 0 42.81919479370117
		endloop
	endfacet
	facet normal 0 -1 0
		outer loop
			vertex -62.64102554321289 0 41.54358673095703
			vertex -63 0 41.5
			vertex -56.197086334228516 0 21.578184127807617
		endloop
	endfacet
	facet normal 0 -1 0
		outer loop
			vertex -62.64102554321289 0 41.54358673095703
			vertex -56.197086334228516 0 21.578184127807617
			vertex -55.85897445678711 0 21.70641326904297
		endloop
	endfacet
	facet normal 0 -1 0
		outer loop
			vertex -64.40252685546875 0 43.53190612792969
			vertex -68.3202896118164 0 46.38899230957031
			vertex -68.96715545654297 0 45.17878341674805
		endloop
	endfacet
	facet normal 0 -1 0
		outer loop
			vertex -64.40252685546875 0 43.53190612792969
			vertex -68.96715545654297 0 45.17878341674805
			vertex -64.48906707763672 0 43.18080520629883
		endloop
	endfacet
	facet normal 0 -1 0
		outer loop
			vertex -62.302913665771484 0 41.671817779541016
			vertex -62.64102554321289 0 41.54358673095703
			vertex -55.85897445678711 0 21.70641326904297
		endloop
	endfacet
	facet normal 0 -1 0
		outer loop
			vertex -62.302913665771484 0 41.671817779541016
			vertex -55.85897445678711 0 21.70641326904297
			vertex -55.5 0 21.75
		endloop
	endfacet
	facet normal 0 -1 0
		outer loop
			vertex -64.2344741821289 0 43.85209655761719
			vertex -68.3202896118164 0 46.38899230957031
			vertex -64.40252685546875 0 43.53190612792969
		endloop
	endfacet
	facet normal 0 -1 0
		outer loop
			vertex -62.00531768798828 0 41.877235412597656
			vertex -62.302913665771484 0 41.671817779541016
			vertex -55.5 0 21.75
		endloop
	endfacet
	facet normal 0 -1 0
		outer loop
			vertex -62.00531768798828 0 41.877235412597656
			vertex -55.5 0 21.75
			vertex -55.14102554321289 0 21.70641326904297
		endloop
	endfacet
	facet normal 0 -1 0
		outer loop
			vertex -67.44974517822266 0 47.44974899291992
			vertex -68.3202896118164 0 46.38899230957031
			vertex -64.2344741821289 0 43.85209655761719
		endloop
	endfacet
	facet normal 0 -1 0
		outer loop
			vertex -63.99468231201172 0 44.122764587402344
			vertex -67.44974517822266 0 47.44974899291992
			vertex -64.2344741821289 0 43.85209655761719
		endloop
	endfacet
	facet normal 0 -1 0
		outer loop
			vertex -61.765525817871094 0 42.14790344238281
			vertex -62.00531768798828 0 41.877235412597656
			vertex -55.14102554321289 0 21.70641326904297
		endloop
	endfacet
	facet normal 0 -1 0
		outer loop
			vertex -61.765525817871094 0 42.14790344238281
			vertex -55.14102554321289 0 21.70641326904297
			vertex -54.802913665771484 0 21.578184127807617
		endloop
	endfacet
	facet normal 0 -1 0
		outer loop
			vertex -61.597476959228516 0 42.46809387207031
			vertex -61.765525817871094 0 42.14790344238281
			vertex -54.802913665771484 0 21.578184127807617
		endloop
	endfacet
	facet normal 0 -1 0
		outer loop
			vertex -25.391027450561523 0 6.5435872077941895
			vertex -25.75 0 1.5
			vertex -25.391027450561523 0 1.456412672996521
		endloop
	endfacet
	facet normal 0 -1 0
		outer loop
			vertex -25.391027450561523 0 6.5435872077941895
			vertex -25.75 0 6.5
			vertex -25.75 0 1.5
		endloop
	endfacet
	facet normal 0 -1 0
		outer loop
			vertex -25.052915573120117 0 6.671815872192383
			vertex -25.391027450561523 0 6.5435872077941895
			vertex -25.391027450561523 0 1.456412672996521
		endloop
	endfacet
	facet normal 0 -1 0
		outer loop
			vertex -25.052915573120117 0 6.671815872192383
			vertex -25.391027450561523 0 1.456412672996521
			vertex -25.052915573120117 0 1.3281840085983276
		endloop
	endfacet
	facet normal 0 -1 0
		outer loop
			vertex -25.052915573120117 0 6.671815872192383
			vertex -25.052915573120117 0 1.3281840085983276
			vertex -24.75531578063965 0 1.122766137123108
		endloop
	endfacet
	facet normal 0 -1 0
		outer loop
			vertex -66.38899230957031 0 48.32028579711914
			vertex -67.44974517822266 0 47.44974899291992
			vertex -63.99468231201172 0 44.122764587402344
		endloop
	endfacet
	facet normal 0 -1 0
		outer loop
			vertex -66.38899230957031 0 48.32028579711914
			vertex -63.99468231201172 0 44.122764587402344
			vertex -63.697086334228516 0 44.328182220458984
		endloop
	endfacet
	facet normal 0 -1 0
		outer loop
			vertex -24.75531578063965 0 6.877233982086182
			vertex -25.052915573120117 0 6.671815872192383
			vertex -24.75531578063965 0 1.122766137123108
		endloop
	endfacet
	facet normal 0 -1 0
		outer loop
			vertex -24.51552391052246 0 7.147902965545654
			vertex -24.75531578063965 0 1.122766137123108
			vertex -24.51552391052246 0 0.8520970940589905
		endloop
	endfacet
	facet normal 0 -1 0
		outer loop
			vertex -24.51552391052246 0 7.147902965545654
			vertex -24.75531578063965 0 6.877233982086182
			vertex -24.75531578063965 0 1.122766137123108
		endloop
	endfacet
	facet normal 0 -1 0
		outer loop
			vertex -24.347475051879883 0 7.468092441558838
			vertex -24.51552391052246 0 7.147902965545654
			vertex -24.51552391052246 0 0.8520970940589905
		endloop
	endfacet
	facet normal 0 -1 0
		outer loop
			vertex -24.347475051879883 0 7.468092441558838
			vertex -24.51552391052246 0 0.8520970940589905
			vertex -24.347475051879883 0 0.531907320022583
		endloop
	endfacet
	facet normal 0 -1 0
		outer loop
			vertex -24.347475051879883 0 7.468092441558838
			vertex -24.347475051879883 0 0.531907320022583
			vertex -24.260936737060547 0 0.1808050274848938
		endloop
	endfacet
	facet normal 0 -1 0
		outer loop
			vertex -24.260936737060547 0 7.819194793701172
			vertex -24.347475051879883 0 7.468092441558838
			vertex -24.260936737060547 0 0.1808050274848938
		endloop
	endfacet
	facet normal 0 -1 0
		outer loop
			vertex -65.17878723144531 0 48.96715545654297
			vertex -66.38899230957031 0 48.32028579711914
			vertex -63.697086334228516 0 44.328182220458984
		endloop
	endfacet
	facet normal 0 -1 0
		outer loop
			vertex -65.17878723144531 0 48.96715545654297
			vertex -63.697086334228516 0 44.328182220458984
			vertex -63.35897445678711 0 44.45641326904297
		endloop
	endfacet
	facet normal 0 -1 0
		outer loop
			vertex -63.865631103515625 0 49.36549758911133
			vertex -63.35897445678711 0 44.45641326904297
			vertex -63 0 44.5
		endloop
	endfacet
	facet normal 0 -1 0
		outer loop
			vertex -63.865631103515625 0 49.36549758911133
			vertex -65.17878723144531 0 48.96715545654297
			vertex -63.35897445678711 0 44.45641326904297
		endloop
	endfacet
	facet normal 0 -1 0
		outer loop
			vertex -62.5 0 49.5
			vertex -63.865631103515625 0 49.36549758911133
			vertex -63 0 44.5
		endloop
	endfacet
	facet normal 0 -1 0
		outer loop
			vertex -62.5 0 49.5
			vertex -63 0 44.5
			vertex -62.64102554321289 0 44.45641326904297
		endloop
	endfacet
	facet normal 0 -1 0
		outer loop
			vertex -62.5 0 49.5
			vertex -62.64102554321289 0 44.45641326904297
			vertex -62.302913665771484 0 44.328182220458984
		endloop
	endfacet
	facet normal 0 -1 0
		outer loop
			vertex -62.5 0 49.5
			vertex -62.302913665771484 0 44.328182220458984
			vertex -62.00531768798828 0 44.122764587402344
		endloop
	endfacet
	facet normal 0 -1 0
		outer loop
			vertex -62.5 0 49.5
			vertex -62.00531768798828 0 44.122764587402344
			vertex -61.765525817871094 0 43.85209655761719
		endloop
	endfacet
	facet normal 0 -1 0
		outer loop
			vertex -62.5 0 49.5
			vertex -61.765525817871094 0 43.85209655761719
			vertex -61.597476959228516 0 43.53190612792969
		endloop
	endfacet
	facet normal 0 -1 0
		outer loop
			vertex 22.00531578063965 0 -34.622764587402344
			vertex 8.9025239944458 0 -42.46809387207031
			vertex 8.989063262939453 0 -42.81919479370117
		endloop
	endfacet
	facet normal 0 -1 0
		outer loop
			vertex 21.76552391052246 0 -34.35209655761719
			vertex 8.734476089477539 0 -42.14790344238281
			vertex 8.9025239944458 0 -42.46809387207031
		endloop
	endfacet
	facet normal 0 -1 0
		outer loop
			vertex 21.76552391052246 0 -34.35209655761719
			vertex 8.9025239944458 0 -42.46809387207031
			vertex 22.00531578063965 0 -34.622764587402344
		endloop
	endfacet
	facet normal 0 -1 0
		outer loop
			vertex 22.302915573120117 0 -34.828182220458984
			vertex 8.989063262939453 0 -42.81919479370117
			vertex 8.989063262939453 0 -43.18080520629883
		endloop
	endfacet
	facet normal 0 -1 0
		outer loop
			vertex 22.302915573120117 0 -34.828182220458984
			vertex 22.00531578063965 0 -34.622764587402344
			vertex 8.989063262939453 0 -42.81919479370117
		endloop
	endfacet
	facet normal 0 -1 0
		outer loop
			vertex 21.597475051879883 0 -34.03190612792969
			vertex 8.494684219360352 0 -41.877235412597656
			vertex 8.734476089477539 0 -42.14790344238281
		endloop
	endfacet
	facet normal 0 -1 0
		outer loop
			vertex 21.597475051879883 0 -34.03190612792969
			vertex 8.734476089477539 0 -42.14790344238281
			vertex 21.76552391052246 0 -34.35209655761719
		endloop
	endfacet
	facet normal 0 -1 0
		outer loop
			vertex 22.641027450561523 0 -34.95641326904297
			vertex 8.989063262939453 0 -43.18080520629883
			vertex 8.9025239944458 0 -43.53190612792969
		endloop
	endfacet
	facet normal 0 -1 0
		outer loop
			vertex 22.641027450561523 0 -34.95641326904297
			vertex 22.302915573120117 0 -34.828182220458984
			vertex 8.989063262939453 0 -43.18080520629883
		endloop
	endfacet
	facet normal 0 -1 0
		outer loop
			vertex 21.510936737060547 0 -33.68080520629883
			vertex 8.197084426879883 0 -41.671817779541016
			vertex 8.494684219360352 0 -41.877235412597656
		endloop
	endfacet
	facet normal 0 -1 0
		outer loop
			vertex 21.510936737060547 0 -33.68080520629883
			vertex 8.494684219360352 0 -41.877235412597656
			vertex 21.597475051879883 0 -34.03190612792969
		endloop
	endfacet
	facet normal 0 -1 0
		outer loop
			vertex 23 0 -35
			vertex 8.9025239944458 0 -43.53190612792969
			vertex 8.734476089477539 0 -43.85209655761719
		endloop
	endfacet
	facet normal 0 -1 0
		outer loop
			vertex 23 0 -35
			vertex 22.641027450561523 0 -34.95641326904297
			vertex 8.9025239944458 0 -43.53190612792969
		endloop
	endfacet
	facet normal 0 -1 0
		outer loop
			vertex 21.510936737060547 0 -33.31919479370117
			vertex 7.858973503112793 0 -41.54358673095703
			vertex 8.197084426879883 0 -41.671817779541016
		endloop
	endfacet
	facet normal 0 -1 0
		outer loop
			vertex 21.510936737060547 0 -33.31919479370117
			vertex 8.197084426879883 0 -41.671817779541016
			vertex 21.510936737060547 0 -33.68080520629883
		endloop
	endfacet
	facet normal 0 -1 0
		outer loop
			vertex -26.447084426879883 0 14.671815872192383
			vertex -26.98447608947754 0 15.147902488708496
			vertex -26.74468421936035 0 14.877233505249023
		endloop
	endfacet
	facet normal 0 -1 0
		outer loop
			vertex -25.75 0 14.5
			vertex -25.75 0 9.5
			vertex -25.391027450561523 0 9.456412315368652
		endloop
	endfacet
	facet normal 0 -1 0
		outer loop
			vertex -25.75 0 14.5
			vertex -25.391027450561523 0 9.456412315368652
			vertex -25.052915573120117 0 9.328184127807617
		endloop
	endfacet
	facet normal 0 -1 0
		outer loop
			vertex -25.75 0 14.5
			vertex -25.052915573120117 0 9.328184127807617
			vertex -24.75531578063965 0 9.122766494750977
		endloop
	endfacet
	facet normal 0 -1 0
		outer loop
			vertex -25.75 0 14.5
			vertex -24.75531578063965 0 9.122766494750977
			vertex -24.51552391052246 0 8.852097511291504
		endloop
	endfacet
	facet normal 0 -1 0
		outer loop
			vertex -25.75 0 14.5
			vertex -24.51552391052246 0 8.852097511291504
			vertex -24.347475051879883 0 8.531907081604004
		endloop
	endfacet
	facet normal 0 -1 0
		outer loop
			vertex -27.239063262939453 0 16.180805206298828
			vertex -27.152524948120117 0 15.468092918395996
			vertex -26.98447608947754 0 15.147902488708496
		endloop
	endfacet
	facet normal 0 -1 0
		outer loop
			vertex -27.239063262939453 0 16.180805206298828
			vertex -27.239063262939453 0 15.819194793701172
			vertex -27.152524948120117 0 15.468092918395996
		endloop
	endfacet
	facet normal 0 -1 0
		outer loop
			vertex -27.239063262939453 0 16.180805206298828
			vertex -26.98447608947754 0 15.147902488708496
			vertex -26.447084426879883 0 14.671815872192383
		endloop
	endfacet
	facet normal 0 -1 0
		outer loop
			vertex -27.152524948120117 0 16.53190803527832
			vertex -27.239063262939453 0 16.180805206298828
			vertex -26.447084426879883 0 14.671815872192383
		endloop
	endfacet
	facet normal 0 -1 0
		outer loop
			vertex -27.152524948120117 0 16.53190803527832
			vertex -26.108972549438477 0 14.543587684631348
			vertex -25.75 0 14.5
		endloop
	endfacet
	facet normal 0 -1 0
		outer loop
			vertex -27.152524948120117 0 16.53190803527832
			vertex -26.447084426879883 0 14.671815872192383
			vertex -26.108972549438477 0 14.543587684631348
		endloop
	endfacet
	facet normal 0 -1 0
		outer loop
			vertex -26.74468421936035 0 17.122766494750977
			vertex -26.98447608947754 0 16.852096557617188
			vertex -27.152524948120117 0 16.53190803527832
		endloop
	endfacet
	facet normal 0 -1 0
		outer loop
			vertex -26.74468421936035 0 17.122766494750977
			vertex -27.152524948120117 0 16.53190803527832
			vertex -25.75 0 14.5
		endloop
	endfacet
	facet normal 0 -1 0
		outer loop
			vertex -26.108972549438477 0 17.45641326904297
			vertex -26.447084426879883 0 17.328184127807617
			vertex -26.74468421936035 0 17.122766494750977
		endloop
	endfacet
	facet normal 0 -1 0
		outer loop
			vertex -26.108972549438477 0 17.45641326904297
			vertex -26.74468421936035 0 17.122766494750977
			vertex -25.75 0 14.5
		endloop
	endfacet
	facet normal 0 -1 0
		outer loop
			vertex -25.75 0 17.5
			vertex -26.108972549438477 0 17.45641326904297
			vertex -25.75 0 14.5
		endloop
	endfacet
	facet normal 0 -1 0
		outer loop
			vertex 21.76552391052246 0 -28.352096557617188
			vertex 22.00531578063965 0 -32.377235412597656
			vertex 22.00531578063965 0 -28.622766494750977
		endloop
	endfacet
	facet normal 0 -1 0
		outer loop
			vertex 21.76552391052246 0 -28.352096557617188
			vertex 21.76552391052246 0 -32.64790344238281
			vertex 22.00531578063965 0 -32.377235412597656
		endloop
	endfacet
	facet normal 0 -1 0
		outer loop
			vertex 22.302915573120117 0 -28.828184127807617
			vertex 22.00531578063965 0 -28.622766494750977
			vertex 22.00531578063965 0 -32.377235412597656
		endloop
	endfacet
	facet normal 0 -1 0
		outer loop
			vertex 22.302915573120117 0 -28.828184127807617
			vertex 22.00531578063965 0 -32.377235412597656
			vertex 22.302915573120117 0 -32.171817779541016
		endloop
	endfacet
	facet normal 0 -1 0
		outer loop
			vertex 21.597475051879883 0 -28.03190803527832
			vertex 21.510936737060547 0 -33.31919479370117
			vertex 21.597475051879883 0 -32.96809387207031
		endloop
	endfacet
	facet normal 0 -1 0
		outer loop
			vertex 21.597475051879883 0 -28.03190803527832
			vertex 21.597475051879883 0 -32.96809387207031
			vertex 21.76552391052246 0 -32.64790344238281
		endloop
	endfacet
	facet normal 0 -1 0
		outer loop
			vertex 21.597475051879883 0 -28.03190803527832
			vertex 21.76552391052246 0 -32.64790344238281
			vertex 21.76552391052246 0 -28.352096557617188
		endloop
	endfacet
	facet normal 0 -1 0
		outer loop
			vertex 22.641027450561523 0 -28.95641326904297
			vertex 22.302915573120117 0 -28.828184127807617
			vertex 22.302915573120117 0 -32.171817779541016
		endloop
	endfacet
	facet normal 0 -1 0
		outer loop
			vertex 22.641027450561523 0 -28.95641326904297
			vertex 22.302915573120117 0 -32.171817779541016
			vertex 22.641027450561523 0 -32.04358673095703
		endloop
	endfacet
	facet normal 0 -1 0
		outer loop
			vertex 21.510936737060547 0 -27.680805206298828
			vertex 7.5 0 -41.5
			vertex 7.858973503112793 0 -41.54358673095703
		endloop
	endfacet
	facet normal 0 -1 0
		outer loop
			vertex 21.510936737060547 0 -27.680805206298828
			vertex 7.858973503112793 0 -41.54358673095703
			vertex 21.510936737060547 0 -33.31919479370117
		endloop
	endfacet
	facet normal 0 -1 0
		outer loop
			vertex 21.510936737060547 0 -27.680805206298828
			vertex 21.510936737060547 0 -33.31919479370117
			vertex 21.597475051879883 0 -28.03190803527832
		endloop
	endfacet
	facet normal 0 -1 0
		outer loop
			vertex 23 0 -29
			vertex 22.641027450561523 0 -32.04358673095703
			vertex 23 0 -32
		endloop
	endfacet
	facet normal 0 -1 0
		outer loop
			vertex 23 0 -29
			vertex 22.641027450561523 0 -28.95641326904297
			vertex 22.641027450561523 0 -32.04358673095703
		endloop
	endfacet
	facet normal 0 -1 0
		outer loop
			vertex 21.510936737060547 0 -27.319194793701172
			vertex 7.141026496887207 0 -41.54358673095703
			vertex 7.5 0 -41.5
		endloop
	endfacet
	facet normal 0 -1 0
		outer loop
			vertex 21.510936737060547 0 -27.319194793701172
			vertex 7.5 0 -41.5
			vertex 21.510936737060547 0 -27.680805206298828
		endloop
	endfacet
	facet normal 0 -1 0
		outer loop
			vertex -32.5 0 27.5
			vertex -61.597476959228516 0 42.46809387207031
			vertex -54.802913665771484 0 21.578184127807617
		endloop
	endfacet
	facet normal 0 -1 0
		outer loop
			vertex -32.5 0 27.5
			vertex -54.50531768798828 0 21.372766494750977
			vertex -45.75 0 17.5
		endloop
	endfacet
	facet normal 0 -1 0
		outer loop
			vertex -32.5 0 27.5
			vertex -54.802913665771484 0 21.578184127807617
			vertex -54.50531768798828 0 21.372766494750977
		endloop
	endfacet
	facet normal 0 -1 0
		outer loop
			vertex 32.64102554321289 0 -34.95641326904297
			vertex 32.00531768798828 0 -34.622764587402344
			vertex 32.302913665771484 0 -34.828182220458984
		endloop
	endfacet
	facet normal 0 -1 0
		outer loop
			vertex 32.64102554321289 0 -34.95641326904297
			vertex 31.76552391052246 0 -34.35209655761719
			vertex 32.00531768798828 0 -34.622764587402344
		endloop
	endfacet
	facet normal 0 -1 0
		outer loop
			vertex 32.64102554321289 0 -34.95641326904297
			vertex 31.597475051879883 0 -34.03190612792969
			vertex 31.76552391052246 0 -34.35209655761719
		endloop
	endfacet
	facet normal 0 -1 0
		outer loop
			vertex 33 0 -35
			vertex 31.510936737060547 0 -33.68080520629883
			vertex 31.597475051879883 0 -34.03190612792969
		endloop
	endfacet
	facet normal 0 -1 0
		outer loop
			vertex 33 0 -35
			vertex 31.597475051879883 0 -34.03190612792969
			vertex 32.64102554321289 0 -34.95641326904297
		endloop
	endfacet
	facet normal 0 -1 0
		outer loop
			vertex 31.597475051879883 0 -32.96809387207031
			vertex 31.510936737060547 0 -33.31919479370117
			vertex 31.510936737060547 0 -33.68080520629883
		endloop
	endfacet
	facet normal 0 -1 0
		outer loop
			vertex 21.76552391052246 0 -22.352096557617188
			vertex 22.00531578063965 0 -26.377233505249023
			vertex 22.00531578063965 0 -22.622766494750977
		endloop
	endfacet
	facet normal 0 -1 0
		outer loop
			vertex 21.76552391052246 0 -22.352096557617188
			vertex 21.597475051879883 0 -26.96809196472168
			vertex 21.76552391052246 0 -26.647903442382812
		endloop
	endfacet
	facet normal 0 -1 0
		outer loop
			vertex 21.76552391052246 0 -22.352096557617188
			vertex 21.76552391052246 0 -26.647903442382812
			vertex 22.00531578063965 0 -26.377233505249023
		endloop
	endfacet
	facet normal 0 -1 0
		outer loop
			vertex 22.302915573120117 0 -22.828184127807617
			vertex 22.00531578063965 0 -22.622766494750977
			vertex 22.00531578063965 0 -26.377233505249023
		endloop
	endfacet
	facet normal 0 -1 0
		outer loop
			vertex 22.302915573120117 0 -22.828184127807617
			vertex 22.00531578063965 0 -26.377233505249023
			vertex 22.302915573120117 0 -26.171815872192383
		endloop
	endfacet
	facet normal 0 -1 0
		outer loop
			vertex 21.597475051879883 0 -22.03190803527832
			vertex 21.597475051879883 0 -26.96809196472168
			vertex 21.76552391052246 0 -22.352096557617188
		endloop
	endfacet
	facet normal 0 -1 0
		outer loop
			vertex 32.00531768798828 0 -32.377235412597656
			vertex 31.76552391052246 0 -32.64790344238281
			vertex 31.597475051879883 0 -32.96809387207031
		endloop
	endfacet
	facet normal 0 -1 0
		outer loop
			vertex 22.641027450561523 0 -22.95641326904297
			vertex 22.302915573120117 0 -22.828184127807617
			vertex 22.302915573120117 0 -26.171815872192383
		endloop
	endfacet
	facet normal 0 -1 0
		outer loop
			vertex 22.641027450561523 0 -22.95641326904297
			vertex 22.302915573120117 0 -26.171815872192383
			vertex 22.641027450561523 0 -26.04358673095703
		endloop
	endfacet
	facet normal 0 -1 0
		outer loop
			vertex 22.641027450561523 0 -22.95641326904297
			vertex 22.641027450561523 0 -26.04358673095703
			vertex 23 0 -26
		endloop
	endfacet
	facet normal 0 -1 0
		outer loop
			vertex 21.510936737060547 0 -21.680805206298828
			vertex 21.597475051879883 0 -26.96809196472168
			vertex 21.597475051879883 0 -22.03190803527832
		endloop
	endfacet
	facet normal 0 -1 0
		outer loop
			vertex 21.510936737060547 0 -21.680805206298828
			vertex 7.141026496887207 0 -41.54358673095703
			vertex 21.510936737060547 0 -27.319194793701172
		endloop
	endfacet
	facet normal 0 -1 0
		outer loop
			vertex 21.510936737060547 0 -21.680805206298828
			vertex 21.510936737060547 0 -27.319194793701172
			vertex 21.597475051879883 0 -26.96809196472168
		endloop
	endfacet
	facet normal 0 -1 0
		outer loop
			vertex 23 0 -23
			vertex 22.641027450561523 0 -22.95641326904297
			vertex 23 0 -26
		endloop
	endfacet
	facet normal 0 -1 0
		outer loop
			vertex 21.510936737060547 0 -21.319194793701172
			vertex 7.141026496887207 0 -41.54358673095703
			vertex 21.510936737060547 0 -21.680805206298828
		endloop
	endfacet
	facet normal 0 -1 0
		outer loop
			vertex 21.510936737060547 0 -21.319194793701172
			vertex -23 0 -24.5
			vertex 7.141026496887207 0 -41.54358673095703
		endloop
	endfacet
	facet normal 0 -1 0
		outer loop
			vertex 32.64102554321289 0 -32.04358673095703
			vertex 31.597475051879883 0 -32.96809387207031
			vertex 31.510936737060547 0 -33.68080520629883
		endloop
	endfacet
	facet normal 0 -1 0
		outer loop
			vertex 32.64102554321289 0 -32.04358673095703
			vertex 32.302913665771484 0 -32.171817779541016
			vertex 32.00531768798828 0 -32.377235412597656
		endloop
	endfacet
	facet normal 0 -1 0
		outer loop
			vertex 32.64102554321289 0 -32.04358673095703
			vertex 32.00531768798828 0 -32.377235412597656
			vertex 31.597475051879883 0 -32.96809387207031
		endloop
	endfacet
	facet normal 0 -1 0
		outer loop
			vertex 21.597475051879883 0 -20.96809196472168
			vertex -24.347475051879883 0 -8.531907081604004
			vertex -23 0 -24.5
		endloop
	endfacet
	facet normal 0 -1 0
		outer loop
			vertex 21.597475051879883 0 -20.96809196472168
			vertex -23 0 -24.5
			vertex 21.510936737060547 0 -21.319194793701172
		endloop
	endfacet
	facet normal 0 -1 0
		outer loop
			vertex 21.597475051879883 0 -20.96809196472168
			vertex -24.260936737060547 0 -8.180805206298828
			vertex -24.347475051879883 0 -8.531907081604004
		endloop
	endfacet
	facet normal 0 -1 0
		outer loop
			vertex 33 0 -32
			vertex 32.64102554321289 0 -32.04358673095703
			vertex 31.510936737060547 0 -33.68080520629883
		endloop
	endfacet
	facet normal 0 -1 0
		outer loop
			vertex 33 0 -32
			vertex 31.510936737060547 0 -33.68080520629883
			vertex 33 0 -35
		endloop
	endfacet
	facet normal 0 -1 0
		outer loop
			vertex -23 0 24.5
			vertex -25.75 0 14.5
			vertex -24.347475051879883 0 8.531907081604004
		endloop
	endfacet
	facet normal 0 -1 0
		outer loop
			vertex -23 0 24.5
			vertex -25.75 0 17.5
			vertex -25.75 0 14.5
		endloop
	endfacet
	facet normal 0 -1 0
		outer loop
			vertex 31.510936737060547 0 -27.319194793701172
			vertex 31.76552391052246 0 -28.352096557617188
			vertex 32.00531768798828 0 -28.622766494750977
		endloop
	endfacet
	facet normal 0 -1 0
		outer loop
			vertex 31.510936737060547 0 -27.319194793701172
			vertex 31.597475051879883 0 -28.03190803527832
			vertex 31.76552391052246 0 -28.352096557617188
		endloop
	endfacet
	facet normal 0 -1 0
		outer loop
			vertex 31.510936737060547 0 -27.319194793701172
			vertex 31.510936737060547 0 -27.680805206298828
			vertex 31.597475051879883 0 -28.03190803527832
		endloop
	endfacet
	facet normal 0 -1 0
		outer loop
			vertex 32.00531768798828 0 -26.377233505249023
			vertex 31.597475051879883 0 -26.96809196472168
			vertex 31.510936737060547 0 -27.319194793701172
		endloop
	endfacet
	facet normal 0 -1 0
		outer loop
			vertex 32.00531768798828 0 -26.377233505249023
			vertex 31.76552391052246 0 -26.647903442382812
			vertex 31.597475051879883 0 -26.96809196472168
		endloop
	endfacet
	facet normal 0 -1 0
		outer loop
			vertex 23 0 -17
			vertex 21.76552391052246 0 -20.647903442382812
			vertex 22.00531578063965 0 -20.377233505249023
		endloop
	endfacet
	facet normal 0 -1 0
		outer loop
			vertex 23 0 -17
			vertex 22.00531578063965 0 -20.377233505249023
			vertex 22.302915573120117 0 -20.171815872192383
		endloop
	endfacet
	facet normal 0 -1 0
		outer loop
			vertex 23 0 -17
			vertex 22.302915573120117 0 -20.171815872192383
			vertex 22.641027450561523 0 -20.04358673095703
		endloop
	endfacet
	facet normal 0 -1 0
		outer loop
			vertex 23 0 -17
			vertex 22.641027450561523 0 -20.04358673095703
			vertex 23 0 -20
		endloop
	endfacet
	facet normal 0 -1 0
		outer loop
			vertex 32.64102554321289 0 -26.04358673095703
			vertex 31.510936737060547 0 -27.319194793701172
			vertex 32.64102554321289 0 -28.95641326904297
		endloop
	endfacet
	facet normal 0 -1 0
		outer loop
			vertex 32.64102554321289 0 -26.04358673095703
			vertex 32.00531768798828 0 -26.377233505249023
			vertex 31.510936737060547 0 -27.319194793701172
		endloop
	endfacet
	facet normal 0 -1 0
		outer loop
			vertex 32.64102554321289 0 -26.04358673095703
			vertex 32.302913665771484 0 -26.171815872192383
			vertex 32.00531768798828 0 -26.377233505249023
		endloop
	endfacet
	facet normal 0 -1 0
		outer loop
			vertex 33 0 -26
			vertex 32.64102554321289 0 -26.04358673095703
			vertex 32.64102554321289 0 -28.95641326904297
		endloop
	endfacet
	facet normal 0 -1 0
		outer loop
			vertex 33 0 -26
			vertex 32.64102554321289 0 -28.95641326904297
			vertex 33 0 -29
		endloop
	endfacet
	facet normal 0 -1 0
		outer loop
			vertex 23.99468421936035 0 -16.622766494750977
			vertex 23.358972549438477 0 -16.95641326904297
			vertex 23.697084426879883 0 -16.828184127807617
		endloop
	endfacet
	facet normal 0 -1 0
		outer loop
			vertex 23.99468421936035 0 -16.622766494750977
			vertex 23 0 -17
			vertex 23.358972549438477 0 -16.95641326904297
		endloop
	endfacet
	facet normal 0 -1 0
		outer loop
			vertex 24.23447608947754 0 -16.352096557617188
			vertex 23 0 -17
			vertex 23.99468421936035 0 -16.622766494750977
		endloop
	endfacet
	facet normal 0 -1 0
		outer loop
			vertex 23 0 -14
			vertex 21.597475051879883 0 -20.96809196472168
			vertex 21.76552391052246 0 -20.647903442382812
		endloop
	endfacet
	facet normal 0 -1 0
		outer loop
			vertex 23 0 -14
			vertex -24.260936737060547 0 -8.180805206298828
			vertex 21.597475051879883 0 -20.96809196472168
		endloop
	endfacet
	facet normal 0 -1 0
		outer loop
			vertex 23 0 -14
			vertex 21.76552391052246 0 -20.647903442382812
			vertex 23 0 -17
		endloop
	endfacet
	facet normal 0 -1 0
		outer loop
			vertex 23 0 -14
			vertex -24.260936737060547 0 -0.1808050274848938
			vertex -24.260936737060547 0 -7.819194793701172
		endloop
	endfacet
	facet normal 0 -1 0
		outer loop
			vertex 23 0 -14
			vertex -24.260936737060547 0 -7.819194793701172
			vertex -24.260936737060547 0 -8.180805206298828
		endloop
	endfacet
	facet normal 0 -1 0
		outer loop
			vertex 24.489063262939453 0 -15.319194793701172
			vertex 24.402524948120117 0 -16.03190803527832
			vertex 24.489063262939453 0 -15.680805206298828
		endloop
	endfacet
	facet normal 0 -1 0
		outer loop
			vertex 24.402524948120117 0 -14.968092918395996
			vertex 24.23447608947754 0 -16.352096557617188
			vertex 24.402524948120117 0 -16.03190803527832
		endloop
	endfacet
	facet normal 0 -1 0
		outer loop
			vertex 24.402524948120117 0 -14.968092918395996
			vertex 24.402524948120117 0 -16.03190803527832
			vertex 24.489063262939453 0 -15.319194793701172
		endloop
	endfacet
	facet normal 0 -1 0
		outer loop
			vertex 23.697084426879883 0 -14.171815872192383
			vertex 23.358972549438477 0 -14.043587684631348
			vertex 23 0 -14
		endloop
	endfacet
	facet normal 0 -1 0
		outer loop
			vertex 23.697084426879883 0 -14.171815872192383
			vertex 23 0 -14
			vertex 23 0 -17
		endloop
	endfacet
	facet normal 0 -1 0
		outer loop
			vertex 23.697084426879883 0 -14.171815872192383
			vertex 23 0 -17
			vertex 24.23447608947754 0 -16.352096557617188
		endloop
	endfacet
	facet normal 0 -1 0
		outer loop
			vertex 23.99468421936035 0 -14.377233505249023
			vertex 23.697084426879883 0 -14.171815872192383
			vertex 24.23447608947754 0 -16.352096557617188
		endloop
	endfacet
	facet normal 0 -1 0
		outer loop
			vertex 23.99468421936035 0 -14.377233505249023
			vertex 24.402524948120117 0 -14.968092918395996
			vertex 24.23447608947754 0 -14.647902488708496
		endloop
	endfacet
	facet normal 0 -1 0
		outer loop
			vertex 23.99468421936035 0 -14.377233505249023
			vertex 24.23447608947754 0 -16.352096557617188
			vertex 24.402524948120117 0 -14.968092918395996
		endloop
	endfacet
	facet normal 0 -1 0
		outer loop
			vertex 31.597475051879883 0 -20.96809196472168
			vertex 31.510936737060547 0 -21.319194793701172
			vertex 31.510936737060547 0 -21.680805206298828
		endloop
	endfacet
	facet normal 0 -1 0
		outer loop
			vertex 31.76552391052246 0 -20.647903442382812
			vertex 31.510936737060547 0 -21.680805206298828
			vertex 31.597475051879883 0 -22.03190803527832
		endloop
	endfacet
	facet normal 0 -1 0
		outer loop
			vertex 31.76552391052246 0 -20.647903442382812
			vertex 31.597475051879883 0 -20.96809196472168
			vertex 31.510936737060547 0 -21.680805206298828
		endloop
	endfacet
	facet normal 0 -1 0
		outer loop
			vertex 32.302913665771484 0 -20.171815872192383
			vertex 32.00531768798828 0 -20.377233505249023
			vertex 31.76552391052246 0 -20.647903442382812
		endloop
	endfacet
	facet normal 0 -1 0
		outer loop
			vertex 32.302913665771484 0 -20.171815872192383
			vertex 31.76552391052246 0 -20.647903442382812
			vertex 31.597475051879883 0 -22.03190803527832
		endloop
	endfacet
	facet normal 0 -1 0
		outer loop
			vertex 32.64102554321289 0 -20.04358673095703
			vertex 31.597475051879883 0 -22.03190803527832
			vertex 31.76552391052246 0 -22.352096557617188
		endloop
	endfacet
	facet normal 0 -1 0
		outer loop
			vertex 32.64102554321289 0 -20.04358673095703
			vertex 32.302913665771484 0 -20.171815872192383
			vertex 31.597475051879883 0 -22.03190803527832
		endloop
	endfacet
	facet normal 0 -1 0
		outer loop
			vertex 33 0 -20
			vertex 32.64102554321289 0 -20.04358673095703
			vertex 31.76552391052246 0 -22.352096557617188
		endloop
	endfacet
	facet normal 0 -1 0
		outer loop
			vertex 62.5 0 -49.5
			vertex 33 0 -35
			vertex 8.494684219360352 0 -44.122764587402344
		endloop
	endfacet
	facet normal 0 -1 0
		outer loop
			vertex 62.5 0 -49.5
			vertex 8.494684219360352 0 -44.122764587402344
			vertex 8.197084426879883 0 -44.328182220458984
		endloop
	endfacet
	facet normal 0 -1 0
		outer loop
			vertex 62.5 0 -49.5
			vertex 8.197084426879883 0 -44.328182220458984
			vertex 7.858973503112793 0 -44.45641326904297
		endloop
	endfacet
	facet normal 0 -1 0
		outer loop
			vertex 62.5 0 -49.5
			vertex 7.858973503112793 0 -44.45641326904297
			vertex 7.5 0 -44.5
		endloop
	endfacet
	facet normal 0 -1 0
		outer loop
			vertex 62.5 0 -49.5
			vertex 7.5 0 -44.5
			vertex -23 0 -49.5
		endloop
	endfacet
	facet normal 0 -1 0
		outer loop
			vertex -32.5 0 46.5
			vertex -32.5 0 27.5
			vertex -23 0 27.5
		endloop
	endfacet
	facet normal 0 -1 0
		outer loop
			vertex -32.5 0 46.5
			vertex -61.597476959228516 0 43.53190612792969
			vertex -61.51093673706055 0 43.18080520629883
		endloop
	endfacet
	facet normal 0 -1 0
		outer loop
			vertex -32.5 0 46.5
			vertex -61.51093673706055 0 43.18080520629883
			vertex -61.51093673706055 0 42.81919479370117
		endloop
	endfacet
	facet normal 0 -1 0
		outer loop
			vertex -32.5 0 46.5
			vertex -61.51093673706055 0 42.81919479370117
			vertex -61.597476959228516 0 42.46809387207031
		endloop
	endfacet
	facet normal 0 -1 0
		outer loop
			vertex -32.5 0 46.5
			vertex -61.597476959228516 0 42.46809387207031
			vertex -32.5 0 27.5
		endloop
	endfacet
	facet normal 0 -1 0
		outer loop
			vertex 33.35897445678711 0 -16.95641326904297
			vertex 33 0 -17
			vertex 33 0 -20
		endloop
	endfacet
	facet normal 0 -1 0
		outer loop
			vertex 33.697086334228516 0 -16.828184127807617
			vertex 33.35897445678711 0 -16.95641326904297
			vertex 33 0 -20
		endloop
	endfacet
	facet normal 0 -1 0
		outer loop
			vertex -32.5 0 49.5
			vertex -62.5 0 49.5
			vertex -61.597476959228516 0 43.53190612792969
		endloop
	endfacet
	facet normal 0 -1 0
		outer loop
			vertex -32.5 0 49.5
			vertex -61.597476959228516 0 43.53190612792969
			vertex -32.5 0 46.5
		endloop
	endfacet
	facet normal 0 -1 0
		outer loop
			vertex 33.99468231201172 0 -16.622766494750977
			vertex 33.697086334228516 0 -16.828184127807617
			vertex 33 0 -20
		endloop
	endfacet
	facet normal 0 -1 0
		outer loop
			vertex 34.234474182128906 0 -16.352096557617188
			vertex 33 0 -20
			vertex 33 0 -23
		endloop
	endfacet
	facet normal 0 -1 0
		outer loop
			vertex 34.234474182128906 0 -16.352096557617188
			vertex 33.99468231201172 0 -16.622766494750977
			vertex 33 0 -20
		endloop
	endfacet
	facet normal 0 -1 0
		outer loop
			vertex 61.765525817871094 0 -43.85209655761719
			vertex 62.5 0 -49.5
			vertex 62.00531768798828 0 -44.122764587402344
		endloop
	endfacet
	facet normal 0 -1 0
		outer loop
			vertex 62.302913665771484 0 -44.328182220458984
			vertex 62.00531768798828 0 -44.122764587402344
			vertex 62.5 0 -49.5
		endloop
	endfacet
	facet normal 0 -1 0
		outer loop
			vertex 61.597476959228516 0 -43.53190612792969
			vertex 33 0 -35
			vertex 62.5 0 -49.5
		endloop
	endfacet
	facet normal 0 -1 0
		outer loop
			vertex 61.597476959228516 0 -43.53190612792969
			vertex 62.5 0 -49.5
			vertex 61.765525817871094 0 -43.85209655761719
		endloop
	endfacet
	facet normal 0 -1 0
		outer loop
			vertex 62.64102554321289 0 -44.45641326904297
			vertex 62.302913665771484 0 -44.328182220458984
			vertex 62.5 0 -49.5
		endloop
	endfacet
	facet normal 0 -1 0
		outer loop
			vertex 61.51093673706055 0 -43.18080520629883
			vertex 33 0 -35
			vertex 61.597476959228516 0 -43.53190612792969
		endloop
	endfacet
	facet normal 0 -1 0
		outer loop
			vertex 63 0 -44.5
			vertex 62.5 0 -49.5
			vertex 63.865631103515625 0 -49.36549758911133
		endloop
	endfacet
	facet normal 0 -1 0
		outer loop
			vertex 63 0 -44.5
			vertex 62.64102554321289 0 -44.45641326904297
			vertex 62.5 0 -49.5
		endloop
	endfacet
	facet normal 0 -1 0
		outer loop
			vertex 61.51093673706055 0 -42.81919479370117
			vertex 33 0 -35
			vertex 61.51093673706055 0 -43.18080520629883
		endloop
	endfacet
	facet normal 0 -1 0
		outer loop
			vertex 63.35897445678711 0 -44.45641326904297
			vertex 63.865631103515625 0 -49.36549758911133
			vertex 65.17878723144531 0 -48.96715545654297
		endloop
	endfacet
	facet normal 0 -1 0
		outer loop
			vertex 63.35897445678711 0 -44.45641326904297
			vertex 63 0 -44.5
			vertex 63.865631103515625 0 -49.36549758911133
		endloop
	endfacet
	facet normal 0 -1 0
		outer loop
			vertex 61.597476959228516 0 -42.46809387207031
			vertex 33 0 -35
			vertex 61.51093673706055 0 -42.81919479370117
		endloop
	endfacet
	facet normal 0 -1 0
		outer loop
			vertex 63.697086334228516 0 -44.328182220458984
			vertex 65.17878723144531 0 -48.96715545654297
			vertex 66.38899230957031 0 -48.32028579711914
		endloop
	endfacet
	facet normal 0 -1 0
		outer loop
			vertex 63.697086334228516 0 -44.328182220458984
			vertex 63.35897445678711 0 -44.45641326904297
			vertex 65.17878723144531 0 -48.96715545654297
		endloop
	endfacet
	facet normal 0 -1 0
		outer loop
			vertex 63.99468231201172 0 -44.122764587402344
			vertex 63.697086334228516 0 -44.328182220458984
			vertex 66.38899230957031 0 -48.32028579711914
		endloop
	endfacet
	facet normal 0 -1 0
		outer loop
			vertex 67.44974517822266 0 -47.44974899291992
			vertex 63.99468231201172 0 -44.122764587402344
			vertex 66.38899230957031 0 -48.32028579711914
		endloop
	endfacet
	facet normal 0 -1 0
		outer loop
			vertex 64.2344741821289 0 -43.85209655761719
			vertex 63.99468231201172 0 -44.122764587402344
			vertex 67.44974517822266 0 -47.44974899291992
		endloop
	endfacet
	facet normal 0 -1 0
		outer loop
			vertex 68.3202896118164 0 -46.38899230957031
			vertex 64.40252685546875 0 -43.53190612792969
			vertex 64.2344741821289 0 -43.85209655761719
		endloop
	endfacet
	facet normal 0 -1 0
		outer loop
			vertex 68.3202896118164 0 -46.38899230957031
			vertex 64.2344741821289 0 -43.85209655761719
			vertex 67.44974517822266 0 -47.44974899291992
		endloop
	endfacet
	facet normal 0 -1 0
		outer loop
			vertex -23 0 46.5
			vertex -32.5 0 46.5
			vertex -23 0 27.5
		endloop
	endfacet
	facet normal 0 -1 0
		outer loop
			vertex 68.96715545654297 0 -45.17878341674805
			vertex 64.48906707763672 0 -43.18080520629883
			vertex 64.40252685546875 0 -43.53190612792969
		endloop
	endfacet
	facet normal 0 -1 0
		outer loop
			vertex 68.96715545654297 0 -45.17878341674805
			vertex 64.40252685546875 0 -43.53190612792969
			vertex 68.3202896118164 0 -46.38899230957031
		endloop
	endfacet
	facet normal 0 -1 0
		outer loop
			vertex 69.36549377441406 0 -43.865631103515625
			vertex 64.48906707763672 0 -42.81919479370117
			vertex 64.48906707763672 0 -43.18080520629883
		endloop
	endfacet
	facet normal 0 -1 0
		outer loop
			vertex 69.36549377441406 0 -43.865631103515625
			vertex 64.48906707763672 0 -43.18080520629883
			vertex 68.96715545654297 0 -45.17878341674805
		endloop
	endfacet
	facet normal 0 -1 0
		outer loop
			vertex 69.5 0 -42.5
			vertex 63.697086334228516 0 -41.671817779541016
			vertex 63.99468231201172 0 -41.877235412597656
		endloop
	endfacet
	facet normal 0 -1 0
		outer loop
			vertex 69.5 0 -42.5
			vertex 63.99468231201172 0 -41.877235412597656
			vertex 64.2344741821289 0 -42.14790344238281
		endloop
	endfacet
	facet normal 0 -1 0
		outer loop
			vertex 69.5 0 -42.5
			vertex 64.2344741821289 0 -42.14790344238281
			vertex 64.40252685546875 0 -42.46809387207031
		endloop
	endfacet
	facet normal 0 -1 0
		outer loop
			vertex 69.5 0 -42.5
			vertex 64.40252685546875 0 -42.46809387207031
			vertex 64.48906707763672 0 -42.81919479370117
		endloop
	endfacet
	facet normal 0 -1 0
		outer loop
			vertex 69.5 0 -42.5
			vertex 64.48906707763672 0 -42.81919479370117
			vertex 69.36549377441406 0 -43.865631103515625
		endloop
	endfacet
	facet normal 0 -1 0
		outer loop
			vertex 54.50531768798828 0 -21.372766494750977
			vertex 33 0 -29
			vertex 33 0 -32
		endloop
	endfacet
	facet normal 0 -1 0
		outer loop
			vertex 54.265525817871094 0 -21.102096557617188
			vertex 33 0 -26
			vertex 33 0 -29
		endloop
	endfacet
	facet normal 0 -1 0
		outer loop
			vertex 54.265525817871094 0 -21.102096557617188
			vertex 33 0 -29
			vertex 54.50531768798828 0 -21.372766494750977
		endloop
	endfacet
	facet normal 0 -1 0
		outer loop
			vertex 54.802913665771484 0 -21.578184127807617
			vertex 54.50531768798828 0 -21.372766494750977
			vertex 33 0 -32
		endloop
	endfacet
	facet normal 0 -1 0
		outer loop
			vertex 54.802913665771484 0 -21.578184127807617
			vertex 61.597476959228516 0 -42.46809387207031
			vertex 61.765525817871094 0 -42.14790344238281
		endloop
	endfacet
	facet normal 0 -1 0
		outer loop
			vertex 54.802913665771484 0 -21.578184127807617
			vertex 33 0 -32
			vertex 33 0 -35
		endloop
	endfacet
	facet normal 0 -1 0
		outer loop
			vertex 54.802913665771484 0 -21.578184127807617
			vertex 33 0 -35
			vertex 61.597476959228516 0 -42.46809387207031
		endloop
	endfacet
	facet normal 0 -1 0
		outer loop
			vertex 54.097476959228516 0 -20.78190803527832
			vertex 33 0 -23
			vertex 33 0 -26
		endloop
	endfacet
	facet normal 0 -1 0
		outer loop
			vertex 54.097476959228516 0 -20.78190803527832
			vertex 33 0 -26
			vertex 54.265525817871094 0 -21.102096557617188
		endloop
	endfacet
	facet normal 0 -1 0
		outer loop
			vertex 55.14102554321289 0 -21.70641326904297
			vertex 54.802913665771484 0 -21.578184127807617
			vertex 61.765525817871094 0 -42.14790344238281
		endloop
	endfacet
	facet normal 0 -1 0
		outer loop
			vertex 55.14102554321289 0 -21.70641326904297
			vertex 61.765525817871094 0 -42.14790344238281
			vertex 62.00531768798828 0 -41.877235412597656
		endloop
	endfacet
	facet normal 0 -1 0
		outer loop
			vertex 54.01093673706055 0 -20.430805206298828
			vertex 33 0 -23
			vertex 54.097476959228516 0 -20.78190803527832
		endloop
	endfacet
	facet normal 0 -1 0
		outer loop
			vertex 54.01093673706055 0 -20.430805206298828
			vertex 34.234474182128906 0 -16.352096557617188
			vertex 33 0 -23
		endloop
	endfacet
	facet normal 0 -1 0
		outer loop
			vertex 54.01093673706055 0 -20.430805206298828
			vertex 34.402523040771484 0 -16.03190803527832
			vertex 34.234474182128906 0 -16.352096557617188
		endloop
	endfacet
	facet normal 0 -1 0
		outer loop
			vertex 55.5 0 -21.75
			vertex 62.00531768798828 0 -41.877235412597656
			vertex 62.302913665771484 0 -41.671817779541016
		endloop
	endfacet
	facet normal 0 -1 0
		outer loop
			vertex 55.5 0 -21.75
			vertex 55.14102554321289 0 -21.70641326904297
			vertex 62.00531768798828 0 -41.877235412597656
		endloop
	endfacet
	facet normal 0 -1 0
		outer loop
			vertex 54.01093673706055 0 -20.069194793701172
			vertex 34.402523040771484 0 -16.03190803527832
			vertex 54.01093673706055 0 -20.430805206298828
		endloop
	endfacet
	facet normal 0 -1 0
		outer loop
			vertex 54.01093673706055 0 -20.069194793701172
			vertex 34.48906326293945 0 -15.680805206298828
			vertex 34.402523040771484 0 -16.03190803527832
		endloop
	endfacet
	facet normal 0 -1 0
		outer loop
			vertex 55.85897445678711 0 -21.70641326904297
			vertex 62.302913665771484 0 -41.671817779541016
			vertex 62.64102554321289 0 -41.54358673095703
		endloop
	endfacet
	facet normal 0 -1 0
		outer loop
			vertex 55.85897445678711 0 -21.70641326904297
			vertex 55.5 0 -21.75
			vertex 62.302913665771484 0 -41.671817779541016
		endloop
	endfacet
	facet normal 0 -1 0
		outer loop
			vertex 54.097476959228516 0 -19.71809196472168
			vertex 34.48906326293945 0 -15.680805206298828
			vertex 54.01093673706055 0 -20.069194793701172
		endloop
	endfacet
	facet normal 0 -1 0
		outer loop
			vertex 54.097476959228516 0 -19.71809196472168
			vertex 34.48906326293945 0 -15.319194793701172
			vertex 34.48906326293945 0 -15.680805206298828
		endloop
	endfacet
	facet normal 0 -1 0
		outer loop
			vertex 56.197086334228516 0 -21.578184127807617
			vertex 62.64102554321289 0 -41.54358673095703
			vertex 63 0 -41.5
		endloop
	endfacet
	facet normal 0 -1 0
		outer loop
			vertex 56.197086334228516 0 -21.578184127807617
			vertex 55.85897445678711 0 -21.70641326904297
			vertex 62.64102554321289 0 -41.54358673095703
		endloop
	endfacet
	facet normal 0 -1 0
		outer loop
			vertex 54.265525817871094 0 -19.397903442382812
			vertex 34.48906326293945 0 -15.319194793701172
			vertex 54.097476959228516 0 -19.71809196472168
		endloop
	endfacet
	facet normal 0 -1 0
		outer loop
			vertex 56.49468231201172 0 -21.372766494750977
			vertex 56.197086334228516 0 -21.578184127807617
			vertex 63 0 -41.5
		endloop
	endfacet
	facet normal 0 -1 0
		outer loop
			vertex 21.76552391052246 0 14.647902488708496
			vertex -24.260936737060547 0 -0.1808050274848938
			vertex 23 0 -14
		endloop
	endfacet
	facet normal 0 -1 0
		outer loop
			vertex 21.76552391052246 0 14.647902488708496
			vertex -24.260936737060547 0 0.1808050274848938
			vertex -24.260936737060547 0 -0.1808050274848938
		endloop
	endfacet
	facet normal 0 -1 0
		outer loop
			vertex 21.76552391052246 0 14.647902488708496
			vertex 23 0 -14
			vertex 22.00531578063965 0 14.377233505249023
		endloop
	endfacet
	facet normal 0 -1 0
		outer loop
			vertex 22.302915573120117 0 14.171815872192383
			vertex 22.00531578063965 0 14.377233505249023
			vertex 23 0 -14
		endloop
	endfacet
	facet normal 0 -1 0
		outer loop
			vertex 21.597475051879883 0 14.968092918395996
			vertex -24.260936737060547 0 8.180805206298828
			vertex -24.260936737060547 0 7.819194793701172
		endloop
	endfacet
	facet normal 0 -1 0
		outer loop
			vertex 21.597475051879883 0 14.968092918395996
			vertex -24.260936737060547 0 7.819194793701172
			vertex -24.260936737060547 0 0.1808050274848938
		endloop
	endfacet
	facet normal 0 -1 0
		outer loop
			vertex 21.597475051879883 0 14.968092918395996
			vertex -24.260936737060547 0 0.1808050274848938
			vertex 21.76552391052246 0 14.647902488708496
		endloop
	endfacet
	facet normal 0 -1 0
		outer loop
			vertex 22.641027450561523 0 14.043587684631348
			vertex 22.302915573120117 0 14.171815872192383
			vertex 23 0 -14
		endloop
	endfacet
	facet normal 0 -1 0
		outer loop
			vertex 21.510936737060547 0 15.319194793701172
			vertex -24.260936737060547 0 8.180805206298828
			vertex 21.597475051879883 0 14.968092918395996
		endloop
	endfacet
	facet normal 0 -1 0
		outer loop
			vertex 21.510936737060547 0 15.319194793701172
			vertex -23 0 24.5
			vertex -24.347475051879883 0 8.531907081604004
		endloop
	endfacet
	facet normal 0 -1 0
		outer loop
			vertex 21.510936737060547 0 15.319194793701172
			vertex -24.347475051879883 0 8.531907081604004
			vertex -24.260936737060547 0 8.180805206298828
		endloop
	endfacet
	facet normal 0 -1 0
		outer loop
			vertex 23 0 14
			vertex 22.641027450561523 0 14.043587684631348
			vertex 23 0 -14
		endloop
	endfacet
	facet normal 0 -1 0
		outer loop
			vertex 21.510936737060547 0 15.680805206298828
			vertex -23 0 24.5
			vertex 21.510936737060547 0 15.319194793701172
		endloop
	endfacet
	facet normal 0 -1 0
		outer loop
			vertex 22.00531578063965 0 20.377233505249023
			vertex 21.76552391052246 0 16.352096557617188
			vertex 22.00531578063965 0 16.622766494750977
		endloop
	endfacet
	facet normal 0 -1 0
		outer loop
			vertex 21.76552391052246 0 20.647903442382812
			vertex 21.76552391052246 0 16.352096557617188
			vertex 22.00531578063965 0 20.377233505249023
		endloop
	endfacet
	facet normal 0 -1 0
		outer loop
			vertex 22.302915573120117 0 20.171815872192383
			vertex 22.00531578063965 0 16.622766494750977
			vertex 22.302915573120117 0 16.828184127807617
		endloop
	endfacet
	facet normal 0 -1 0
		outer loop
			vertex 22.302915573120117 0 20.171815872192383
			vertex 22.00531578063965 0 20.377233505249023
			vertex 22.00531578063965 0 16.622766494750977
		endloop
	endfacet
	facet normal 0 -1 0
		outer loop
			vertex 21.597475051879883 0 20.96809196472168
			vertex 21.597475051879883 0 16.03190803527832
			vertex 21.76552391052246 0 16.352096557617188
		endloop
	endfacet
	facet normal 0 -1 0
		outer loop
			vertex 21.597475051879883 0 20.96809196472168
			vertex 21.76552391052246 0 16.352096557617188
			vertex 21.76552391052246 0 20.647903442382812
		endloop
	endfacet
	facet normal 0 -1 0
		outer loop
			vertex 22.641027450561523 0 20.04358673095703
			vertex 22.302915573120117 0 20.171815872192383
			vertex 22.302915573120117 0 16.828184127807617
		endloop
	endfacet
	facet normal 0 -1 0
		outer loop
			vertex 22.641027450561523 0 20.04358673095703
			vertex 22.302915573120117 0 16.828184127807617
			vertex 22.641027450561523 0 16.95641326904297
		endloop
	endfacet
	facet normal 0 -1 0
		outer loop
			vertex 22.641027450561523 0 20.04358673095703
			vertex 22.641027450561523 0 16.95641326904297
			vertex 23 0 17
		endloop
	endfacet
	facet normal 0 -1 0
		outer loop
			vertex 21.510936737060547 0 21.319194793701172
			vertex -23 0 24.5
			vertex 21.510936737060547 0 15.680805206298828
		endloop
	endfacet
	facet normal 0 -1 0
		outer loop
			vertex 21.510936737060547 0 21.319194793701172
			vertex 21.510936737060547 0 15.680805206298828
			vertex 21.597475051879883 0 16.03190803527832
		endloop
	endfacet
	facet normal 0 -1 0
		outer loop
			vertex 21.510936737060547 0 21.319194793701172
			vertex 21.597475051879883 0 16.03190803527832
			vertex 21.597475051879883 0 20.96809196472168
		endloop
	endfacet
	facet normal 0 -1 0
		outer loop
			vertex 23 0 20
			vertex 22.641027450561523 0 20.04358673095703
			vertex 23 0 17
		endloop
	endfacet
	facet normal 0 -1 0
		outer loop
			vertex 46.00531768798828 0 -1.122766137123108
			vertex 33.99468231201172 0 -14.377233505249023
			vertex 34.234474182128906 0 -14.647902488708496
		endloop
	endfacet
	facet normal 0 -1 0
		outer loop
			vertex 45.765525817871094 0 -0.8520970940589905
			vertex 33.99468231201172 0 -14.377233505249023
			vertex 46.00531768798828 0 -1.122766137123108
		endloop
	endfacet
	facet normal 0 -1 0
		outer loop
			vertex 45.765525817871094 0 -0.8520970940589905
			vertex 33.697086334228516 0 -14.171815872192383
			vertex 33.99468231201172 0 -14.377233505249023
		endloop
	endfacet
	facet normal 0 -1 0
		outer loop
			vertex 46.302913665771484 0 -1.3281840085983276
			vertex 46.00531768798828 0 -1.122766137123108
			vertex 34.234474182128906 0 -14.647902488708496
		endloop
	endfacet
	facet normal 0 -1 0
		outer loop
			vertex 46.302913665771484 0 -1.3281840085983276
			vertex 34.234474182128906 0 -14.647902488708496
			vertex 34.402523040771484 0 -14.968092918395996
		endloop
	endfacet
	facet normal 0 -1 0
		outer loop
			vertex 45.597476959228516 0 -0.531907320022583
			vertex 33.697086334228516 0 -14.171815872192383
			vertex 45.765525817871094 0 -0.8520970940589905
		endloop
	endfacet
	facet normal 0 -1 0
		outer loop
			vertex 45.597476959228516 0 -0.531907320022583
			vertex 33.35897445678711 0 -14.043587684631348
			vertex 33.697086334228516 0 -14.171815872192383
		endloop
	endfacet
	facet normal 0 -1 0
		outer loop
			vertex 54.50531768798828 0 -9.372766494750977
			vertex 54.265525817871094 0 -19.397903442382812
			vertex 54.50531768798828 0 -19.127233505249023
		endloop
	endfacet
	facet normal 0 -1 0
		outer loop
			vertex 54.50531768798828 0 -9.372766494750977
			vertex 54.50531768798828 0 -19.127233505249023
			vertex 54.802913665771484 0 -18.921815872192383
		endloop
	endfacet
	facet normal 0 -1 0
		outer loop
			vertex 64.00531768798828 0 -18.872766494750977
			vertex 56.98906326293945 0 -20.430805206298828
			vertex 56.902523040771484 0 -20.78190803527832
		endloop
	endfacet
	facet normal 0 -1 0
		outer loop
			vertex 63.765525817871094 0 -18.602096557617188
			vertex 56.98906326293945 0 -20.430805206298828
			vertex 64.00531768798828 0 -18.872766494750977
		endloop
	endfacet
	facet normal 0 -1 0
		outer loop
			vertex 63.765525817871094 0 -18.602096557617188
			vertex 56.98906326293945 0 -20.069194793701172
			vertex 56.98906326293945 0 -20.430805206298828
		endloop
	endfacet
	facet normal 0 -1 0
		outer loop
			vertex 54.265525817871094 0 -9.102097511291504
			vertex 34.48906326293945 0 -15.319194793701172
			vertex 54.265525817871094 0 -19.397903442382812
		endloop
	endfacet
	facet normal 0 -1 0
		outer loop
			vertex 54.265525817871094 0 -9.102097511291504
			vertex 54.265525817871094 0 -19.397903442382812
			vertex 54.50531768798828 0 -9.372766494750977
		endloop
	endfacet
	facet normal 0 -1 0
		outer loop
			vertex 46.64102554321289 0 -1.456412672996521
			vertex 46.302913665771484 0 -1.3281840085983276
			vertex 34.402523040771484 0 -14.968092918395996
		endloop
	endfacet
	facet normal 0 -1 0
		outer loop
			vertex 54.802913665771484 0 -9.578184127807617
			vertex 54.50531768798828 0 -9.372766494750977
			vertex 54.802913665771484 0 -18.921815872192383
		endloop
	endfacet
	facet normal 0 -1 0
		outer loop
			vertex 64.30291748046875 0 -19.078184127807617
			vertex 56.902523040771484 0 -20.78190803527832
			vertex 56.734474182128906 0 -21.102096557617188
		endloop
	endfacet
	facet normal 0 -1 0
		outer loop
			vertex 64.30291748046875 0 -19.078184127807617
			vertex 64.00531768798828 0 -18.872766494750977
			vertex 56.902523040771484 0 -20.78190803527832
		endloop
	endfacet
	facet normal 0 -1 0
		outer loop
			vertex 63.597476959228516 0 -18.28190803527832
			vertex 56.902523040771484 0 -19.71809196472168
			vertex 56.98906326293945 0 -20.069194793701172
		endloop
	endfacet
	facet normal 0 -1 0
		outer loop
			vertex 63.597476959228516 0 -18.28190803527832
			vertex 56.98906326293945 0 -20.069194793701172
			vertex 63.765525817871094 0 -18.602096557617188
		endloop
	endfacet
	facet normal 0 -1 0
		outer loop
			vertex 54.097476959228516 0 -8.781907081604004
			vertex 46.64102554321289 0 -1.456412672996521
			vertex 34.402523040771484 0 -14.968092918395996
		endloop
	endfacet
	facet normal 0 -1 0
		outer loop
			vertex 54.097476959228516 0 -8.781907081604004
			vertex 34.48906326293945 0 -15.319194793701172
			vertex 54.265525817871094 0 -9.102097511291504
		endloop
	endfacet
	facet normal 0 -1 0
		outer loop
			vertex 54.097476959228516 0 -8.781907081604004
			vertex 34.402523040771484 0 -14.968092918395996
			vertex 34.48906326293945 0 -15.319194793701172
		endloop
	endfacet
	facet normal 0 -1 0
		outer loop
			vertex 45.51093673706055 0 -0.1808050274848938
			vertex 33.35897445678711 0 -14.043587684631348
			vertex 45.597476959228516 0 -0.531907320022583
		endloop
	endfacet
	facet normal 0 -1 0
		outer loop
			vertex 45.51093673706055 0 -0.1808050274848938
			vertex 33 0 -14
			vertex 33.35897445678711 0 -14.043587684631348
		endloop
	endfacet
	facet normal 0 -1 0
		outer loop
			vertex 55.14102554321289 0 -9.706412315368652
			vertex 54.802913665771484 0 -18.921815872192383
			vertex 55.14102554321289 0 -18.79358673095703
		endloop
	endfacet
	facet normal 0 -1 0
		outer loop
			vertex 55.14102554321289 0 -9.706412315368652
			vertex 54.802913665771484 0 -9.578184127807617
			vertex 54.802913665771484 0 -18.921815872192383
		endloop
	endfacet
	facet normal 0 -1 0
		outer loop
			vertex 64.64102935791016 0 -19.20641326904297
			vertex 56.734474182128906 0 -21.102096557617188
			vertex 56.49468231201172 0 -21.372766494750977
		endloop
	endfacet
	facet normal 0 -1 0
		outer loop
			vertex 64.64102935791016 0 -19.20641326904297
			vertex 64.30291748046875 0 -19.078184127807617
			vertex 56.734474182128906 0 -21.102096557617188
		endloop
	endfacet
	facet normal 0 -1 0
		outer loop
			vertex 64.64102935791016 0 -19.20641326904297
			vertex 56.49468231201172 0 -21.372766494750977
			vertex 63 0 -41.5
		endloop
	endfacet
	facet normal 0 -1 0
		outer loop
			vertex 63.51093673706055 0 -17.930805206298828
			vertex 56.734474182128906 0 -19.397903442382812
			vertex 56.902523040771484 0 -19.71809196472168
		endloop
	endfacet
	facet normal 0 -1 0
		outer loop
			vertex 63.51093673706055 0 -17.930805206298828
			vertex 56.902523040771484 0 -19.71809196472168
			vertex 63.597476959228516 0 -18.28190803527832
		endloop
	endfacet
	facet normal 0 -1 0
		outer loop
			vertex 54.01093673706055 0 -8.430805206298828
			vertex 46.64102554321289 0 -1.456412672996521
			vertex 54.097476959228516 0 -8.781907081604004
		endloop
	endfacet
	facet normal 0 -1 0
		outer loop
			vertex 54.01093673706055 0 -8.430805206298828
			vertex 47 0 -1.5
			vertex 46.64102554321289 0 -1.456412672996521
		endloop
	endfacet
	facet normal 0 -1 0
		outer loop
			vertex 65 0 -19.25
			vertex 63 0 -41.5
			vertex 63.35897445678711 0 -41.54358673095703
		endloop
	endfacet
	facet normal 0 -1 0
		outer loop
			vertex 65 0 -19.25
			vertex 64.64102935791016 0 -19.20641326904297
			vertex 63 0 -41.5
		endloop
	endfacet
	facet normal 0 -1 0
		outer loop
			vertex 55.5 0 -9.75
			vertex 55.14102554321289 0 -18.79358673095703
			vertex 55.5 0 -18.75
		endloop
	endfacet
	facet normal 0 -1 0
		outer loop
			vertex 55.5 0 -9.75
			vertex 55.14102554321289 0 -9.706412315368652
			vertex 55.14102554321289 0 -18.79358673095703
		endloop
	endfacet
	facet normal 0 -1 0
		outer loop
			vertex 63.51093673706055 0 -17.569194793701172
			vertex 56.49468231201172 0 -19.127233505249023
			vertex 56.734474182128906 0 -19.397903442382812
		endloop
	endfacet
	facet normal 0 -1 0
		outer loop
			vertex 63.51093673706055 0 -17.569194793701172
			vertex 56.734474182128906 0 -19.397903442382812
			vertex 63.51093673706055 0 -17.930805206298828
		endloop
	endfacet
	facet normal 0 -1 0
		outer loop
			vertex 54.01093673706055 0 -8.069194793701172
			vertex 47 0 -1.5
			vertex 54.01093673706055 0 -8.430805206298828
		endloop
	endfacet
	facet normal 0 -1 0
		outer loop
			vertex 54.01093673706055 0 -8.069194793701172
			vertex 47.35897445678711 0 -1.456412672996521
			vertex 47 0 -1.5
		endloop
	endfacet
	facet normal 0 -1 0
		outer loop
			vertex 65.35897064208984 0 -19.20641326904297
			vertex 65 0 -19.25
			vertex 63.35897445678711 0 -41.54358673095703
		endloop
	endfacet
	facet normal 0 -1 0
		outer loop
			vertex 65.35897064208984 0 -19.20641326904297
			vertex 63.35897445678711 0 -41.54358673095703
			vertex 63.697086334228516 0 -41.671817779541016
		endloop
	endfacet
	facet normal 0 -1 0
		outer loop
			vertex 65.35897064208984 0 -19.20641326904297
			vertex 63.697086334228516 0 -41.671817779541016
			vertex 69.5 0 -42.5
		endloop
	endfacet
	facet normal 0 -1 0
		outer loop
			vertex 55.85897445678711 0 -9.706412315368652
			vertex 55.5 0 -18.75
			vertex 55.85897445678711 0 -18.79358673095703
		endloop
	endfacet
	facet normal 0 -1 0
		outer loop
			vertex 55.85897445678711 0 -9.706412315368652
			vertex 55.85897445678711 0 -18.79358673095703
			vertex 56.197086334228516 0 -18.921815872192383
		endloop
	endfacet
	facet normal 0 -1 0
		outer loop
			vertex 55.85897445678711 0 -9.706412315368652
			vertex 55.5 0 -9.75
			vertex 55.5 0 -18.75
		endloop
	endfacet
	facet normal 0 -1 0
		outer loop
			vertex 63.597476959228516 0 -17.21809196472168
			vertex 56.197086334228516 0 -18.921815872192383
			vertex 56.49468231201172 0 -19.127233505249023
		endloop
	endfacet
	facet normal 0 -1 0
		outer loop
			vertex 63.597476959228516 0 -17.21809196472168
			vertex 56.49468231201172 0 -19.127233505249023
			vertex 63.51093673706055 0 -17.569194793701172
		endloop
	endfacet
	facet normal 0 -1 0
		outer loop
			vertex 54.097476959228516 0 -7.718092441558838
			vertex 47.35897445678711 0 -1.456412672996521
			vertex 54.01093673706055 0 -8.069194793701172
		endloop
	endfacet
	facet normal 0 -1 0
		outer loop
			vertex 56.197086334228516 0 -9.578184127807617
			vertex 55.85897445678711 0 -9.706412315368652
			vertex 56.197086334228516 0 -18.921815872192383
		endloop
	endfacet
	facet normal 0 -1 0
		outer loop
			vertex 65.69708251953125 0 -19.078184127807617
			vertex 65.35897064208984 0 -19.20641326904297
			vertex 69.5 0 -42.5
		endloop
	endfacet
	facet normal 0 -1 0
		outer loop
			vertex 63.765525817871094 0 -16.897903442382812
			vertex 56.197086334228516 0 -9.578184127807617
			vertex 56.197086334228516 0 -18.921815872192383
		endloop
	endfacet
	facet normal 0 -1 0
		outer loop
			vertex 63.765525817871094 0 -16.897903442382812
			vertex 56.197086334228516 0 -18.921815872192383
			vertex 63.597476959228516 0 -17.21809196472168
		endloop
	endfacet
	facet normal 0 -1 0
		outer loop
			vertex 33 0 14
			vertex 45.51093673706055 0 -0.1808050274848938
			vertex 45.51093673706055 0 0.1808050274848938
		endloop
	endfacet
	facet normal 0 -1 0
		outer loop
			vertex 33 0 14
			vertex 33 0 -14
			vertex 45.51093673706055 0 -0.1808050274848938
		endloop
	endfacet
	facet normal 0 -1 0
		outer loop
			vertex 65.99468231201172 0 -18.872766494750977
			vertex 65.69708251953125 0 -19.078184127807617
			vertex 69.5 0 -42.5
		endloop
	endfacet
	facet normal 0 -1 0
		outer loop
			vertex 56.49468231201172 0 -9.372766494750977
			vertex 56.197086334228516 0 -9.578184127807617
			vertex 63.765525817871094 0 -16.897903442382812
		endloop
	endfacet
	facet normal 0 -1 0
		outer loop
			vertex 64.00531768798828 0 -16.627233505249023
			vertex 56.49468231201172 0 -9.372766494750977
			vertex 63.765525817871094 0 -16.897903442382812
		endloop
	endfacet
	facet normal 0 -1 0
		outer loop
			vertex 33.35897445678711 0 14.043587684631348
			vertex 45.51093673706055 0 0.1808050274848938
			vertex 45.597476959228516 0 0.531907320022583
		endloop
	endfacet
	facet normal 0 -1 0
		outer loop
			vertex 33.35897445678711 0 14.043587684631348
			vertex 33 0 14
			vertex 45.51093673706055 0 0.1808050274848938
		endloop
	endfacet
	facet normal 0 -1 0
		outer loop
			vertex 66.2344741821289 0 -18.602096557617188
			vertex 65.99468231201172 0 -18.872766494750977
			vertex 69.5 0 -42.5
		endloop
	endfacet
	facet normal 0 -1 0
		outer loop
			vertex 56.734474182128906 0 -9.102097511291504
			vertex 56.49468231201172 0 -9.372766494750977
			vertex 64.00531768798828 0 -16.627233505249023
		endloop
	endfacet
	facet normal 0 -1 0
		outer loop
			vertex 33.697086334228516 0 14.171815872192383
			vertex 33.35897445678711 0 14.043587684631348
			vertex 45.597476959228516 0 0.531907320022583
		endloop
	endfacet
	facet normal 0 -1 0
		outer loop
			vertex 33.697086334228516 0 14.171815872192383
			vertex 45.597476959228516 0 0.531907320022583
			vertex 45.765525817871094 0 0.8520970940589905
		endloop
	endfacet
	facet normal 0 -1 0
		outer loop
			vertex 64.30291748046875 0 -16.421815872192383
			vertex 56.734474182128906 0 -9.102097511291504
			vertex 64.00531768798828 0 -16.627233505249023
		endloop
	endfacet
	facet normal 0 -1 0
		outer loop
			vertex 66.40252685546875 0 -18.28190803527832
			vertex 66.2344741821289 0 -18.602096557617188
			vertex 69.5 0 -42.5
		endloop
	endfacet
	facet normal 0 -1 0
		outer loop
			vertex 56.902523040771484 0 -8.781907081604004
			vertex 56.734474182128906 0 -9.102097511291504
			vertex 64.30291748046875 0 -16.421815872192383
		endloop
	endfacet
	facet normal 0 -1 0
		outer loop
			vertex 64.64102935791016 0 -16.29358673095703
			vertex 56.902523040771484 0 -8.781907081604004
			vertex 64.30291748046875 0 -16.421815872192383
		endloop
	endfacet
	facet normal 0 -1 0
		outer loop
			vertex 33.99468231201172 0 14.377233505249023
			vertex 33.697086334228516 0 14.171815872192383
			vertex 45.765525817871094 0 0.8520970940589905
		endloop
	endfacet
	facet normal 0 -1 0
		outer loop
			vertex 33.99468231201172 0 14.377233505249023
			vertex 45.765525817871094 0 0.8520970940589905
			vertex 46.00531768798828 0 1.122766137123108
		endloop
	endfacet
	facet normal 0 -1 0
		outer loop
			vertex 6.265524387359619 0 42.14790344238281
			vertex -23 0 27.5
			vertex 6.505315780639648 0 41.877235412597656
		endloop
	endfacet
	facet normal 0 -1 0
		outer loop
			vertex 21.76552391052246 0 26.647903442382812
			vertex 21.76552391052246 0 22.352096557617188
			vertex 22.00531578063965 0 22.622766494750977
		endloop
	endfacet
	facet normal 0 -1 0
		outer loop
			vertex 21.76552391052246 0 26.647903442382812
			vertex 22.00531578063965 0 22.622766494750977
			vertex 22.00531578063965 0 26.377233505249023
		endloop
	endfacet
	facet normal 0 -1 0
		outer loop
			vertex 6.802915096282959 0 41.671817779541016
			vertex -23 0 27.5
			vertex -23 0 24.5
		endloop
	endfacet
	facet normal 0 -1 0
		outer loop
			vertex 6.802915096282959 0 41.671817779541016
			vertex 6.505315780639648 0 41.877235412597656
			vertex -23 0 27.5
		endloop
	endfacet
	facet normal 0 -1 0
		outer loop
			vertex 22.302915573120117 0 26.171815872192383
			vertex 22.00531578063965 0 22.622766494750977
			vertex 22.302915573120117 0 22.828184127807617
		endloop
	endfacet
	facet normal 0 -1 0
		outer loop
			vertex 22.302915573120117 0 26.171815872192383
			vertex 22.00531578063965 0 26.377233505249023
			vertex 22.00531578063965 0 22.622766494750977
		endloop
	endfacet
	facet normal 0 -1 0
		outer loop
			vertex 66.48906707763672 0 -17.930805206298828
			vertex 66.40252685546875 0 -18.28190803527832
			vertex 69.5 0 -42.5
		endloop
	endfacet
	facet normal 0 -1 0
		outer loop
			vertex 56.98906326293945 0 -8.430805206298828
			vertex 56.902523040771484 0 -8.781907081604004
			vertex 64.64102935791016 0 -16.29358673095703
		endloop
	endfacet
	facet normal 0 -1 0
		outer loop
			vertex 6.097475528717041 0 42.46809387207031
			vertex -23 0 46.5
			vertex -23 0 27.5
		endloop
	endfacet
	facet normal 0 -1 0
		outer loop
			vertex 6.097475528717041 0 42.46809387207031
			vertex -23 0 27.5
			vertex 6.265524387359619 0 42.14790344238281
		endloop
	endfacet
	facet normal 0 -1 0
		outer loop
			vertex 21.597475051879883 0 26.96809196472168
			vertex 21.510936737060547 0 21.680805206298828
			vertex 21.597475051879883 0 22.03190803527832
		endloop
	endfacet
	facet normal 0 -1 0
		outer loop
			vertex 21.597475051879883 0 26.96809196472168
			vertex 21.597475051879883 0 22.03190803527832
			vertex 21.76552391052246 0 22.352096557617188
		endloop
	endfacet
	facet normal 0 -1 0
		outer loop
			vertex 21.597475051879883 0 26.96809196472168
			vertex 21.76552391052246 0 22.352096557617188
			vertex 21.76552391052246 0 26.647903442382812
		endloop
	endfacet
	facet normal 0 -1 0
		outer loop
			vertex 7.141026496887207 0 41.54358673095703
			vertex 21.510936737060547 0 21.319194793701172
			vertex 21.510936737060547 0 21.680805206298828
		endloop
	endfacet
	facet normal 0 -1 0
		outer loop
			vertex 7.141026496887207 0 41.54358673095703
			vertex 6.802915096282959 0 41.671817779541016
			vertex -23 0 24.5
		endloop
	endfacet
	facet normal 0 -1 0
		outer loop
			vertex 7.141026496887207 0 41.54358673095703
			vertex -23 0 24.5
			vertex 21.510936737060547 0 21.319194793701172
		endloop
	endfacet
	facet normal 0 -1 0
		outer loop
			vertex 22.641027450561523 0 26.04358673095703
			vertex 22.302915573120117 0 22.828184127807617
			vertex 22.641027450561523 0 22.95641326904297
		endloop
	endfacet
	facet normal 0 -1 0
		outer loop
			vertex 22.641027450561523 0 26.04358673095703
			vertex 22.641027450561523 0 22.95641326904297
			vertex 23 0 23
		endloop
	endfacet
	facet normal 0 -1 0
		outer loop
			vertex 22.641027450561523 0 26.04358673095703
			vertex 22.302915573120117 0 26.171815872192383
			vertex 22.302915573120117 0 22.828184127807617
		endloop
	endfacet
	facet normal 0 -1 0
		outer loop
			vertex 65 0 -16.25
			vertex 56.98906326293945 0 -8.430805206298828
			vertex 64.64102935791016 0 -16.29358673095703
		endloop
	endfacet
	facet normal 0 -1 0
		outer loop
			vertex 6.010936737060547 0 42.81919479370117
			vertex -23 0 46.5
			vertex 6.097475528717041 0 42.46809387207031
		endloop
	endfacet
	facet normal 0 -1 0
		outer loop
			vertex 21.510936737060547 0 27.319194793701172
			vertex 21.510936737060547 0 21.680805206298828
			vertex 21.597475051879883 0 26.96809196472168
		endloop
	endfacet
	facet normal 0 -1 0
		outer loop
			vertex 21.510936737060547 0 27.319194793701172
			vertex 7.141026496887207 0 41.54358673095703
			vertex 21.510936737060547 0 21.680805206298828
		endloop
	endfacet
	facet normal 0 -1 0
		outer loop
			vertex 34.234474182128906 0 14.647902488708496
			vertex 33.99468231201172 0 14.377233505249023
			vertex 46.00531768798828 0 1.122766137123108
		endloop
	endfacet
	facet normal 0 -1 0
		outer loop
			vertex 34.234474182128906 0 14.647902488708496
			vertex 46.00531768798828 0 1.122766137123108
			vertex 46.302913665771484 0 1.3281840085983276
		endloop
	endfacet
	facet normal 0 -1 0
		outer loop
			vertex 56.98906326293945 0 -8.069194793701172
			vertex 56.98906326293945 0 -8.430805206298828
			vertex 65 0 -16.25
		endloop
	endfacet
	facet normal 0 -1 0
		outer loop
			vertex 7.5 0 41.5
			vertex 7.141026496887207 0 41.54358673095703
			vertex 21.510936737060547 0 27.319194793701172
		endloop
	endfacet
	facet normal 0 -1 0
		outer loop
			vertex 23 0 26
			vertex 22.641027450561523 0 26.04358673095703
			vertex 23 0 23
		endloop
	endfacet
	facet normal 0 -1 0
		outer loop
			vertex 6.010936737060547 0 43.18080520629883
			vertex -23 0 46.5
			vertex 6.010936737060547 0 42.81919479370117
		endloop
	endfacet
	facet normal 0 -1 0
		outer loop
			vertex 21.510936737060547 0 27.680805206298828
			vertex 7.5 0 41.5
			vertex 21.510936737060547 0 27.319194793701172
		endloop
	endfacet
	facet normal 0 -1 0
		outer loop
			vertex 34.402523040771484 0 14.968092918395996
			vertex 34.234474182128906 0 14.647902488708496
			vertex 46.302913665771484 0 1.3281840085983276
		endloop
	endfacet
	facet normal 0 -1 0
		outer loop
			vertex 34.402523040771484 0 14.968092918395996
			vertex 46.302913665771484 0 1.3281840085983276
			vertex 46.64102554321289 0 1.456412672996521
		endloop
	endfacet
	facet normal 0 -1 0
		outer loop
			vertex 7.858973503112793 0 41.54358673095703
			vertex 7.5 0 41.5
			vertex 21.510936737060547 0 27.680805206298828
		endloop
	endfacet
	facet normal 0 -1 0
		outer loop
			vertex 6.097475528717041 0 43.53190612792969
			vertex -23 0 49.5
			vertex -23 0 46.5
		endloop
	endfacet
	facet normal 0 -1 0
		outer loop
			vertex 6.097475528717041 0 43.53190612792969
			vertex -23 0 46.5
			vertex 6.010936737060547 0 43.18080520629883
		endloop
	endfacet
	facet normal 0 -1 0
		outer loop
			vertex 52.84750747680664 0 -2.9940431118011475
			vertex 47.35897445678711 0 -1.456412672996521
			vertex 54.097476959228516 0 -7.718092441558838
		endloop
	endfacet
	facet normal 0 -1 0
		outer loop
			vertex 52.84750747680664 0 -2.9940431118011475
			vertex 47.697086334228516 0 -1.3281840085983276
			vertex 47.35897445678711 0 -1.456412672996521
		endloop
	endfacet
	facet normal 0 -1 0
		outer loop
			vertex 52.84750747680664 0 -2.9940431118011475
			vertex 54.097476959228516 0 -7.718092441558838
			vertex 54.265525817871094 0 -7.397902965545654
		endloop
	endfacet
	facet normal 0 -1 0
		outer loop
			vertex 52.208065032958984 0 -2.272258996963501
			vertex 47.697086334228516 0 -1.3281840085983276
			vertex 52.84750747680664 0 -2.9940431118011475
		endloop
	endfacet
	facet normal 0 -1 0
		outer loop
			vertex 52.208065032958984 0 -2.272258996963501
			vertex 47.99468231201172 0 -1.122766137123108
			vertex 47.697086334228516 0 -1.3281840085983276
		endloop
	endfacet
	facet normal 0 -1 0
		outer loop
			vertex 53.64110565185547 0 -3.5418241024017334
			vertex 52.84750747680664 0 -2.9940431118011475
			vertex 54.265525817871094 0 -7.397902965545654
		endloop
	endfacet
	facet normal 0 -1 0
		outer loop
			vertex 53.64110565185547 0 -3.5418241024017334
			vertex 54.265525817871094 0 -7.397902965545654
			vertex 54.50531768798828 0 -7.127233982086182
		endloop
	endfacet
	facet normal 0 -1 0
		outer loop
			vertex 6.265524387359619 0 43.85209655761719
			vertex -23 0 49.5
			vertex 6.097475528717041 0 43.53190612792969
		endloop
	endfacet
	facet normal 0 -1 0
		outer loop
			vertex 51.75993347167969 0 -1.418419599533081
			vertex 48.402523040771484 0 -0.531907320022583
			vertex 48.234474182128906 0 -0.8520970940589905
		endloop
	endfacet
	facet normal 0 -1 0
		outer loop
			vertex 51.75993347167969 0 -1.418419599533081
			vertex 48.234474182128906 0 -0.8520970940589905
			vertex 47.99468231201172 0 -1.122766137123108
		endloop
	endfacet
	facet normal 0 -1 0
		outer loop
			vertex 51.75993347167969 0 -1.418419599533081
			vertex 47.99468231201172 0 -1.122766137123108
			vertex 52.208065032958984 0 -2.272258996963501
		endloop
	endfacet
	facet normal 0 -1 0
		outer loop
			vertex 6.505315780639648 0 44.122764587402344
			vertex -23 0 49.5
			vertex 6.265524387359619 0 43.85209655761719
		endloop
	endfacet
	facet normal 0 -1 0
		outer loop
			vertex 54.5427360534668 0 -3.8837673664093018
			vertex 53.64110565185547 0 -3.5418241024017334
			vertex 54.50531768798828 0 -7.127233982086182
		endloop
	endfacet
	facet normal 0 -1 0
		outer loop
			vertex 54.5427360534668 0 -3.8837673664093018
			vertex 54.50531768798828 0 -7.127233982086182
			vertex 54.802913665771484 0 -6.921815872192383
		endloop
	endfacet
	facet normal 0 -1 0
		outer loop
			vertex 54.5427360534668 0 -3.8837673664093018
			vertex 54.802913665771484 0 -6.921815872192383
			vertex 55.14102554321289 0 -6.7935872077941895
		endloop
	endfacet
	facet normal 0 -1 0
		outer loop
			vertex 51.5291633605957 0 -0.4821467101573944
			vertex 48.48906326293945 0 -0.1808050274848938
			vertex 48.402523040771484 0 -0.531907320022583
		endloop
	endfacet
	facet normal 0 -1 0
		outer loop
			vertex 51.5291633605957 0 -0.4821467101573944
			vertex 48.402523040771484 0 -0.531907320022583
			vertex 51.75993347167969 0 -1.418419599533081
		endloop
	endfacet
	facet normal 0 -1 0
		outer loop
			vertex 6.802915096282959 0 44.328182220458984
			vertex -23 0 49.5
			vertex 6.505315780639648 0 44.122764587402344
		endloop
	endfacet
	facet normal 0 -1 0
		outer loop
			vertex 55.5 0 -4
			vertex 54.5427360534668 0 -3.8837673664093018
			vertex 55.14102554321289 0 -6.7935872077941895
		endloop
	endfacet
	facet normal 0 -1 0
		outer loop
			vertex 55.5 0 -4
			vertex 55.5 0 -6.75
			vertex 55.85897445678711 0 -6.7935872077941895
		endloop
	endfacet
	facet normal 0 -1 0
		outer loop
			vertex 55.5 0 -4
			vertex 55.14102554321289 0 -6.7935872077941895
			vertex 55.5 0 -6.75
		endloop
	endfacet
	facet normal 0 -1 0
		outer loop
			vertex 7.141026496887207 0 44.45641326904297
			vertex -23 0 49.5
			vertex 6.802915096282959 0 44.328182220458984
		endloop
	endfacet
	facet normal 0 -1 0
		outer loop
			vertex 7.5 0 44.5
			vertex -23 0 49.5
			vertex 7.141026496887207 0 44.45641326904297
		endloop
	endfacet
	facet normal 0 -1 0
		outer loop
			vertex 51.5291633605957 0 0.4821467101573944
			vertex 48.48906326293945 0 -0.1808050274848938
			vertex 51.5291633605957 0 -0.4821467101573944
		endloop
	endfacet
	facet normal 0 -1 0
		outer loop
			vertex 51.5291633605957 0 0.4821467101573944
			vertex 48.402523040771484 0 0.531907320022583
			vertex 48.48906326293945 0 0.1808050274848938
		endloop
	endfacet
	facet normal 0 -1 0
		outer loop
			vertex 51.5291633605957 0 0.4821467101573944
			vertex 48.48906326293945 0 0.1808050274848938
			vertex 48.48906326293945 0 -0.1808050274848938
		endloop
	endfacet
	facet normal 0 -1 0
		outer loop
			vertex 56.4572639465332 0 -3.8837673664093018
			vertex 55.5 0 -4
			vertex 55.85897445678711 0 -6.7935872077941895
		endloop
	endfacet
	facet normal 0 -1 0
		outer loop
			vertex 56.4572639465332 0 -3.8837673664093018
			vertex 55.85897445678711 0 -6.7935872077941895
			vertex 56.197086334228516 0 -6.921815872192383
		endloop
	endfacet
	facet normal 0 -1 0
		outer loop
			vertex 56.4572639465332 0 -3.8837673664093018
			vertex 56.197086334228516 0 -6.921815872192383
			vertex 56.49468231201172 0 -7.127233982086182
		endloop
	endfacet
	facet normal 0 -1 0
		outer loop
			vertex 33 0 20
			vertex 32.302913665771484 0 20.171815872192383
			vertex 32.64102554321289 0 20.04358673095703
		endloop
	endfacet
	facet normal 0 -1 0
		outer loop
			vertex 33 0 20
			vertex 32.00531768798828 0 20.377233505249023
			vertex 32.302913665771484 0 20.171815872192383
		endloop
	endfacet
	facet normal 0 -1 0
		outer loop
			vertex 33 0 20
			vertex 31.76552391052246 0 20.647903442382812
			vertex 32.00531768798828 0 20.377233505249023
		endloop
	endfacet
	facet normal 0 -1 0
		outer loop
			vertex 33 0 20
			vertex 33 0 17
			vertex 33.35897445678711 0 16.95641326904297
		endloop
	endfacet
	facet normal 0 -1 0
		outer loop
			vertex 33 0 20
			vertex 33.35897445678711 0 16.95641326904297
			vertex 33.697086334228516 0 16.828184127807617
		endloop
	endfacet
	facet normal 0 -1 0
		outer loop
			vertex 33 0 20
			vertex 33.697086334228516 0 16.828184127807617
			vertex 33.99468231201172 0 16.622766494750977
		endloop
	endfacet
	facet normal 0 -1 0
		outer loop
			vertex 33 0 20
			vertex 33.99468231201172 0 16.622766494750977
			vertex 34.234474182128906 0 16.352096557617188
		endloop
	endfacet
	facet normal 0 -1 0
		outer loop
			vertex 51.75993347167969 0 1.418419599533081
			vertex 48.402523040771484 0 0.531907320022583
			vertex 51.5291633605957 0 0.4821467101573944
		endloop
	endfacet
	facet normal 0 -1 0
		outer loop
			vertex 51.75993347167969 0 1.418419599533081
			vertex 47.99468231201172 0 1.122766137123108
			vertex 48.234474182128906 0 0.8520970940589905
		endloop
	endfacet
	facet normal 0 -1 0
		outer loop
			vertex 51.75993347167969 0 1.418419599533081
			vertex 48.234474182128906 0 0.8520970940589905
			vertex 48.402523040771484 0 0.531907320022583
		endloop
	endfacet
	facet normal 0 -1 0
		outer loop
			vertex 31.510936737060547 0 21.680805206298828
			vertex 31.510936737060547 0 21.319194793701172
			vertex 31.597475051879883 0 20.96809196472168
		endloop
	endfacet
	facet normal 0 -1 0
		outer loop
			vertex 57.35889434814453 0 -3.5418241024017334
			vertex 56.4572639465332 0 -3.8837673664093018
			vertex 56.49468231201172 0 -7.127233982086182
		endloop
	endfacet
	facet normal 0 -1 0
		outer loop
			vertex 57.35889434814453 0 -3.5418241024017334
			vertex 56.49468231201172 0 -7.127233982086182
			vertex 56.734474182128906 0 -7.397902965545654
		endloop
	endfacet
	facet normal 0 -1 0
		outer loop
			vertex 31.76552391052246 0 22.352096557617188
			vertex 31.597475051879883 0 20.96809196472168
			vertex 31.76552391052246 0 20.647903442382812
		endloop
	endfacet
	facet normal 0 -1 0
		outer loop
			vertex 31.76552391052246 0 22.352096557617188
			vertex 31.597475051879883 0 22.03190803527832
			vertex 31.510936737060547 0 21.680805206298828
		endloop
	endfacet
	facet normal 0 -1 0
		outer loop
			vertex 31.76552391052246 0 22.352096557617188
			vertex 31.510936737060547 0 21.680805206298828
			vertex 31.597475051879883 0 20.96809196472168
		endloop
	endfacet
	facet normal 0 -1 0
		outer loop
			vertex 31.76552391052246 0 22.352096557617188
			vertex 31.76552391052246 0 20.647903442382812
			vertex 33 0 20
		endloop
	endfacet
	facet normal 0 -1 0
		outer loop
			vertex 21.76552391052246 0 32.64790344238281
			vertex 22.00531578063965 0 28.622766494750977
			vertex 22.00531578063965 0 32.377235412597656
		endloop
	endfacet
	facet normal 0 -1 0
		outer loop
			vertex 21.76552391052246 0 32.64790344238281
			vertex 21.76552391052246 0 28.352096557617188
			vertex 22.00531578063965 0 28.622766494750977
		endloop
	endfacet
	facet normal 0 -1 0
		outer loop
			vertex 22.302915573120117 0 32.171817779541016
			vertex 22.00531578063965 0 32.377235412597656
			vertex 22.00531578063965 0 28.622766494750977
		endloop
	endfacet
	facet normal 0 -1 0
		outer loop
			vertex 22.302915573120117 0 32.171817779541016
			vertex 22.00531578063965 0 28.622766494750977
			vertex 22.302915573120117 0 28.828184127807617
		endloop
	endfacet
	facet normal 0 -1 0
		outer loop
			vertex 52.208065032958984 0 2.272258996963501
			vertex 47.99468231201172 0 1.122766137123108
			vertex 51.75993347167969 0 1.418419599533081
		endloop
	endfacet
	facet normal 0 -1 0
		outer loop
			vertex 52.208065032958984 0 2.272258996963501
			vertex 47.697086334228516 0 1.3281840085983276
			vertex 47.99468231201172 0 1.122766137123108
		endloop
	endfacet
	facet normal 0 -1 0
		outer loop
			vertex 21.597475051879883 0 32.96809387207031
			vertex 21.76552391052246 0 28.352096557617188
			vertex 21.76552391052246 0 32.64790344238281
		endloop
	endfacet
	facet normal 0 -1 0
		outer loop
			vertex 21.597475051879883 0 32.96809387207031
			vertex 21.510936737060547 0 27.680805206298828
			vertex 21.597475051879883 0 28.03190803527832
		endloop
	endfacet
	facet normal 0 -1 0
		outer loop
			vertex 21.597475051879883 0 32.96809387207031
			vertex 21.597475051879883 0 28.03190803527832
			vertex 21.76552391052246 0 28.352096557617188
		endloop
	endfacet
	facet normal 0 -1 0
		outer loop
			vertex 22.641027450561523 0 32.04358673095703
			vertex 22.302915573120117 0 32.171817779541016
			vertex 22.302915573120117 0 28.828184127807617
		endloop
	endfacet
	facet normal 0 -1 0
		outer loop
			vertex 22.641027450561523 0 32.04358673095703
			vertex 22.302915573120117 0 28.828184127807617
			vertex 22.641027450561523 0 28.95641326904297
		endloop
	endfacet
	facet normal 0 -1 0
		outer loop
			vertex 22.641027450561523 0 32.04358673095703
			vertex 22.641027450561523 0 28.95641326904297
			vertex 23 0 29
		endloop
	endfacet
	facet normal 0 -1 0
		outer loop
			vertex 21.510936737060547 0 33.31919479370117
			vertex 7.858973503112793 0 41.54358673095703
			vertex 21.510936737060547 0 27.680805206298828
		endloop
	endfacet
	facet normal 0 -1 0
		outer loop
			vertex 21.510936737060547 0 33.31919479370117
			vertex 8.197084426879883 0 41.671817779541016
			vertex 7.858973503112793 0 41.54358673095703
		endloop
	endfacet
	facet normal 0 -1 0
		outer loop
			vertex 21.510936737060547 0 33.31919479370117
			vertex 21.510936737060547 0 27.680805206298828
			vertex 21.597475051879883 0 32.96809387207031
		endloop
	endfacet
	facet normal 0 -1 0
		outer loop
			vertex 23 0 32
			vertex 22.641027450561523 0 32.04358673095703
			vertex 23 0 29
		endloop
	endfacet
	facet normal 0 -1 0
		outer loop
			vertex 32.302913665771484 0 22.828184127807617
			vertex 32.00531768798828 0 22.622766494750977
			vertex 31.76552391052246 0 22.352096557617188
		endloop
	endfacet
	facet normal 0 -1 0
		outer loop
			vertex 58.15249252319336 0 -2.9940431118011475
			vertex 57.35889434814453 0 -3.5418241024017334
			vertex 56.734474182128906 0 -7.397902965545654
		endloop
	endfacet
	facet normal 0 -1 0
		outer loop
			vertex 58.15249252319336 0 -2.9940431118011475
			vertex 56.734474182128906 0 -7.397902965545654
			vertex 56.902523040771484 0 -7.718092441558838
		endloop
	endfacet
	facet normal 0 -1 0
		outer loop
			vertex 58.15249252319336 0 -2.9940431118011475
			vertex 56.902523040771484 0 -7.718092441558838
			vertex 56.98906326293945 0 -8.069194793701172
		endloop
	endfacet
	facet normal 0 -1 0
		outer loop
			vertex 21.510936737060547 0 33.68080520629883
			vertex 8.494684219360352 0 41.877235412597656
			vertex 8.197084426879883 0 41.671817779541016
		endloop
	endfacet
	facet normal 0 -1 0
		outer loop
			vertex 21.510936737060547 0 33.68080520629883
			vertex 8.197084426879883 0 41.671817779541016
			vertex 21.510936737060547 0 33.31919479370117
		endloop
	endfacet
	facet normal 0 -1 0
		outer loop
			vertex 32.64102554321289 0 22.95641326904297
			vertex 32.302913665771484 0 22.828184127807617
			vertex 31.76552391052246 0 22.352096557617188
		endloop
	endfacet
	facet normal 0 -1 0
		outer loop
			vertex 32.64102554321289 0 22.95641326904297
			vertex 31.76552391052246 0 22.352096557617188
			vertex 33 0 20
		endloop
	endfacet
	facet normal 0 -1 0
		outer loop
			vertex 21.597475051879883 0 34.03190612792969
			vertex 8.494684219360352 0 41.877235412597656
			vertex 21.510936737060547 0 33.68080520629883
		endloop
	endfacet
	facet normal 0 -1 0
		outer loop
			vertex 21.597475051879883 0 34.03190612792969
			vertex 8.734476089477539 0 42.14790344238281
			vertex 8.494684219360352 0 41.877235412597656
		endloop
	endfacet
	facet normal 0 -1 0
		outer loop
			vertex 52.84750747680664 0 2.9940431118011475
			vertex 47.35897445678711 0 1.456412672996521
			vertex 47.697086334228516 0 1.3281840085983276
		endloop
	endfacet
	facet normal 0 -1 0
		outer loop
			vertex 52.84750747680664 0 2.9940431118011475
			vertex 47.697086334228516 0 1.3281840085983276
			vertex 52.208065032958984 0 2.272258996963501
		endloop
	endfacet
	facet normal 0 -1 0
		outer loop
			vertex 33 0 23
			vertex 32.64102554321289 0 22.95641326904297
			vertex 33 0 20
		endloop
	endfacet
	facet normal 0 -1 0
		outer loop
			vertex 33 0 23
			vertex 33 0 20
			vertex 34.234474182128906 0 16.352096557617188
		endloop
	endfacet
	facet normal 0 -1 0
		outer loop
			vertex 21.76552391052246 0 34.35209655761719
			vertex 8.9025239944458 0 42.46809387207031
			vertex 8.734476089477539 0 42.14790344238281
		endloop
	endfacet
	facet normal 0 -1 0
		outer loop
			vertex 21.76552391052246 0 34.35209655761719
			vertex 8.734476089477539 0 42.14790344238281
			vertex 21.597475051879883 0 34.03190612792969
		endloop
	endfacet
	facet normal 0 -1 0
		outer loop
			vertex 58.791934967041016 0 -2.272258996963501
			vertex 65 0 -16.25
			vertex 65.35897064208984 0 -16.29358673095703
		endloop
	endfacet
	facet normal 0 -1 0
		outer loop
			vertex 58.791934967041016 0 -2.272258996963501
			vertex 56.98906326293945 0 -8.069194793701172
			vertex 65 0 -16.25
		endloop
	endfacet
	facet normal 0 -1 0
		outer loop
			vertex 58.791934967041016 0 -2.272258996963501
			vertex 58.15249252319336 0 -2.9940431118011475
			vertex 56.98906326293945 0 -8.069194793701172
		endloop
	endfacet
	facet normal 0 -1 0
		outer loop
			vertex 22.00531578063965 0 34.622764587402344
			vertex 8.989063262939453 0 42.81919479370117
			vertex 8.9025239944458 0 42.46809387207031
		endloop
	endfacet
	facet normal 0 -1 0
		outer loop
			vertex 22.00531578063965 0 34.622764587402344
			vertex 8.9025239944458 0 42.46809387207031
			vertex 21.76552391052246 0 34.35209655761719
		endloop
	endfacet
	facet normal 0 -1 0
		outer loop
			vertex 22.302915573120117 0 34.828182220458984
			vertex 8.989063262939453 0 42.81919479370117
			vertex 22.00531578063965 0 34.622764587402344
		endloop
	endfacet
	facet normal 0 -1 0
		outer loop
			vertex 22.302915573120117 0 34.828182220458984
			vertex 8.989063262939453 0 43.18080520629883
			vertex 8.989063262939453 0 42.81919479370117
		endloop
	endfacet
	facet normal 0 -1 0
		outer loop
			vertex 22.641027450561523 0 34.95641326904297
			vertex 8.9025239944458 0 43.53190612792969
			vertex 8.989063262939453 0 43.18080520629883
		endloop
	endfacet
	facet normal 0 -1 0
		outer loop
			vertex 22.641027450561523 0 34.95641326904297
			vertex 8.989063262939453 0 43.18080520629883
			vertex 22.302915573120117 0 34.828182220458984
		endloop
	endfacet
	facet normal 0 -1 0
		outer loop
			vertex 59.24006652832031 0 -1.418419599533081
			vertex 65.35897064208984 0 -16.29358673095703
			vertex 65.69708251953125 0 -16.421815872192383
		endloop
	endfacet
	facet normal 0 -1 0
		outer loop
			vertex 59.24006652832031 0 -1.418419599533081
			vertex 58.791934967041016 0 -2.272258996963501
			vertex 65.35897064208984 0 -16.29358673095703
		endloop
	endfacet
	facet normal 0 -1 0
		outer loop
			vertex 23 0 35
			vertex 8.9025239944458 0 43.53190612792969
			vertex 22.641027450561523 0 34.95641326904297
		endloop
	endfacet
	facet normal 0 -1 0
		outer loop
			vertex 23 0 35
			vertex 8.734476089477539 0 43.85209655761719
			vertex 8.9025239944458 0 43.53190612792969
		endloop
	endfacet
	facet normal 0 -1 0
		outer loop
			vertex 32.302913665771484 0 26.171815872192383
			vertex 31.76552391052246 0 26.647903442382812
			vertex 32.00531768798828 0 26.377233505249023
		endloop
	endfacet
	facet normal 0 -1 0
		outer loop
			vertex 31.597475051879883 0 26.96809196472168
			vertex 31.76552391052246 0 26.647903442382812
			vertex 32.302913665771484 0 26.171815872192383
		endloop
	endfacet
	facet normal 0 -1 0
		outer loop
			vertex 59.4708366394043 0 -0.4821467101573944
			vertex 65.69708251953125 0 -16.421815872192383
			vertex 65.99468231201172 0 -16.627233505249023
		endloop
	endfacet
	facet normal 0 -1 0
		outer loop
			vertex 59.4708366394043 0 -0.4821467101573944
			vertex 59.24006652832031 0 -1.418419599533081
			vertex 65.69708251953125 0 -16.421815872192383
		endloop
	endfacet
	facet normal 0 -1 0
		outer loop
			vertex 33 0 26
			vertex 31.597475051879883 0 26.96809196472168
			vertex 32.302913665771484 0 26.171815872192383
		endloop
	endfacet
	facet normal 0 -1 0
		outer loop
			vertex 33 0 26
			vertex 32.302913665771484 0 26.171815872192383
			vertex 32.64102554321289 0 26.04358673095703
		endloop
	endfacet
	facet normal 0 -1 0
		outer loop
			vertex 31.510936737060547 0 27.680805206298828
			vertex 31.510936737060547 0 27.319194793701172
			vertex 31.597475051879883 0 26.96809196472168
		endloop
	endfacet
	facet normal 0 -1 0
		outer loop
			vertex 31.597475051879883 0 28.03190803527832
			vertex 31.510936737060547 0 27.680805206298828
			vertex 31.597475051879883 0 26.96809196472168
		endloop
	endfacet
	facet normal 0 -1 0
		outer loop
			vertex 59.4708366394043 0 0.4821467101573944
			vertex 59.4708366394043 0 -0.4821467101573944
			vertex 65.99468231201172 0 -16.627233505249023
		endloop
	endfacet
	facet normal 0 -1 0
		outer loop
			vertex 32.00531768798828 0 28.622766494750977
			vertex 31.597475051879883 0 26.96809196472168
			vertex 33 0 26
		endloop
	endfacet
	facet normal 0 -1 0
		outer loop
			vertex 32.00531768798828 0 28.622766494750977
			vertex 31.597475051879883 0 28.03190803527832
			vertex 31.597475051879883 0 26.96809196472168
		endloop
	endfacet
	facet normal 0 -1 0
		outer loop
			vertex 32.00531768798828 0 28.622766494750977
			vertex 31.76552391052246 0 28.352096557617188
			vertex 31.597475051879883 0 28.03190803527832
		endloop
	endfacet
	facet normal 0 -1 0
		outer loop
			vertex 54.50531768798828 0 7.127233982086182
			vertex 53.64110565185547 0 3.5418241024017334
			vertex 54.5427360534668 0 3.8837673664093018
		endloop
	endfacet
	facet normal 0 -1 0
		outer loop
			vertex 54.265525817871094 0 7.397902965545654
			vertex 52.84750747680664 0 2.9940431118011475
			vertex 53.64110565185547 0 3.5418241024017334
		endloop
	endfacet
	facet normal 0 -1 0
		outer loop
			vertex 54.265525817871094 0 7.397902965545654
			vertex 53.64110565185547 0 3.5418241024017334
			vertex 54.50531768798828 0 7.127233982086182
		endloop
	endfacet
	facet normal 0 -1 0
		outer loop
			vertex 54.802913665771484 0 6.921815872192383
			vertex 54.50531768798828 0 7.127233982086182
			vertex 54.5427360534668 0 3.8837673664093018
		endloop
	endfacet
	facet normal 0 -1 0
		outer loop
			vertex 54.097476959228516 0 7.718092441558838
			vertex 52.84750747680664 0 2.9940431118011475
			vertex 54.265525817871094 0 7.397902965545654
		endloop
	endfacet
	facet normal 0 -1 0
		outer loop
			vertex 54.097476959228516 0 7.718092441558838
			vertex 47.35897445678711 0 1.456412672996521
			vertex 52.84750747680664 0 2.9940431118011475
		endloop
	endfacet
	facet normal 0 -1 0
		outer loop
			vertex 55.14102554321289 0 6.7935872077941895
			vertex 54.802913665771484 0 6.921815872192383
			vertex 54.5427360534668 0 3.8837673664093018
		endloop
	endfacet
	facet normal 0 -1 0
		outer loop
			vertex 55.14102554321289 0 6.7935872077941895
			vertex 54.5427360534668 0 3.8837673664093018
			vertex 55.5 0 4
		endloop
	endfacet
	facet normal 0 -1 0
		outer loop
			vertex 33 0 29
			vertex 32.00531768798828 0 28.622766494750977
			vertex 33 0 26
		endloop
	endfacet
	facet normal 0 -1 0
		outer loop
			vertex 33 0 29
			vertex 32.302913665771484 0 28.828184127807617
			vertex 32.00531768798828 0 28.622766494750977
		endloop
	endfacet
	facet normal 0 -1 0
		outer loop
			vertex 33 0 29
			vertex 32.64102554321289 0 28.95641326904297
			vertex 32.302913665771484 0 28.828184127807617
		endloop
	endfacet
	facet normal 0 -1 0
		outer loop
			vertex 54.01093673706055 0 8.069194793701172
			vertex 47.35897445678711 0 1.456412672996521
			vertex 54.097476959228516 0 7.718092441558838
		endloop
	endfacet
	facet normal 0 -1 0
		outer loop
			vertex 54.01093673706055 0 8.069194793701172
			vertex 47 0 1.5
			vertex 47.35897445678711 0 1.456412672996521
		endloop
	endfacet
	facet normal 0 -1 0
		outer loop
			vertex 55.5 0 6.75
			vertex 55.14102554321289 0 6.7935872077941895
			vertex 55.5 0 4
		endloop
	endfacet
	facet normal 0 -1 0
		outer loop
			vertex 54.01093673706055 0 8.430805206298828
			vertex 47 0 1.5
			vertex 54.01093673706055 0 8.069194793701172
		endloop
	endfacet
	facet normal 0 -1 0
		outer loop
			vertex 54.01093673706055 0 8.430805206298828
			vertex 46.64102554321289 0 1.456412672996521
			vertex 47 0 1.5
		endloop
	endfacet
	facet normal 0 -1 0
		outer loop
			vertex 55.85897445678711 0 6.7935872077941895
			vertex 55.5 0 4
			vertex 56.4572639465332 0 3.8837673664093018
		endloop
	endfacet
	facet normal 0 -1 0
		outer loop
			vertex 55.85897445678711 0 6.7935872077941895
			vertex 55.5 0 6.75
			vertex 55.5 0 4
		endloop
	endfacet
	facet normal 0 -1 0
		outer loop
			vertex 54.097476959228516 0 8.781907081604004
			vertex 34.48906326293945 0 15.319194793701172
			vertex 34.402523040771484 0 14.968092918395996
		endloop
	endfacet
	facet normal 0 -1 0
		outer loop
			vertex 54.097476959228516 0 8.781907081604004
			vertex 34.402523040771484 0 14.968092918395996
			vertex 46.64102554321289 0 1.456412672996521
		endloop
	endfacet
	facet normal 0 -1 0
		outer loop
			vertex 54.097476959228516 0 8.781907081604004
			vertex 46.64102554321289 0 1.456412672996521
			vertex 54.01093673706055 0 8.430805206298828
		endloop
	endfacet
	facet normal 0 -1 0
		outer loop
			vertex 56.197086334228516 0 6.921815872192383
			vertex 55.85897445678711 0 6.7935872077941895
			vertex 56.4572639465332 0 3.8837673664093018
		endloop
	endfacet
	facet normal 0 -1 0
		outer loop
			vertex 54.265525817871094 0 9.102097511291504
			vertex 34.48906326293945 0 15.319194793701172
			vertex 54.097476959228516 0 8.781907081604004
		endloop
	endfacet
	facet normal 0 -1 0
		outer loop
			vertex 56.49468231201172 0 7.127233982086182
			vertex 56.4572639465332 0 3.8837673664093018
			vertex 57.35889434814453 0 3.5418241024017334
		endloop
	endfacet
	facet normal 0 -1 0
		outer loop
			vertex 56.49468231201172 0 7.127233982086182
			vertex 56.197086334228516 0 6.921815872192383
			vertex 56.4572639465332 0 3.8837673664093018
		endloop
	endfacet
	facet normal 0 -1 0
		outer loop
			vertex 56.734474182128906 0 7.397902965545654
			vertex 57.35889434814453 0 3.5418241024017334
			vertex 58.15249252319336 0 2.9940431118011475
		endloop
	endfacet
	facet normal 0 -1 0
		outer loop
			vertex 56.734474182128906 0 7.397902965545654
			vertex 56.49468231201172 0 7.127233982086182
			vertex 57.35889434814453 0 3.5418241024017334
		endloop
	endfacet
	facet normal 0 -1 0
		outer loop
			vertex 56.902523040771484 0 7.718092441558838
			vertex 56.734474182128906 0 7.397902965545654
			vertex 58.15249252319336 0 2.9940431118011475
		endloop
	endfacet
	facet normal 0 -1 0
		outer loop
			vertex 31.510936737060547 0 33.31919479370117
			vertex 31.76552391052246 0 32.64790344238281
			vertex 32.00531768798828 0 32.377235412597656
		endloop
	endfacet
	facet normal 0 -1 0
		outer loop
			vertex 31.510936737060547 0 33.31919479370117
			vertex 31.597475051879883 0 32.96809387207031
			vertex 31.76552391052246 0 32.64790344238281
		endloop
	endfacet
	facet normal 0 -1 0
		outer loop
			vertex 33 0 32
			vertex 32.302913665771484 0 32.171817779541016
			vertex 32.64102554321289 0 32.04358673095703
		endloop
	endfacet
	facet normal 0 -1 0
		outer loop
			vertex 33 0 32
			vertex 32.00531768798828 0 32.377235412597656
			vertex 32.302913665771484 0 32.171817779541016
		endloop
	endfacet
	facet normal 0 -1 0
		outer loop
			vertex 33 0 32
			vertex 31.510936737060547 0 33.31919479370117
			vertex 32.00531768798828 0 32.377235412597656
		endloop
	endfacet
	facet normal 0 -1 0
		outer loop
			vertex 56.98906326293945 0 8.069194793701172
			vertex 58.15249252319336 0 2.9940431118011475
			vertex 58.791934967041016 0 2.272258996963501
		endloop
	endfacet
	facet normal 0 -1 0
		outer loop
			vertex 56.98906326293945 0 8.069194793701172
			vertex 56.902523040771484 0 7.718092441558838
			vertex 58.15249252319336 0 2.9940431118011475
		endloop
	endfacet
	facet normal 0 -1 0
		outer loop
			vertex 31.510936737060547 0 33.68080520629883
			vertex 31.510936737060547 0 33.31919479370117
			vertex 33 0 32
		endloop
	endfacet
	facet normal 0 -1 0
		outer loop
			vertex 31.597475051879883 0 34.03190612792969
			vertex 31.510936737060547 0 33.68080520629883
			vertex 33 0 32
		endloop
	endfacet
	facet normal 0 -1 0
		outer loop
			vertex 32.302913665771484 0 34.828182220458984
			vertex 32.00531768798828 0 34.622764587402344
			vertex 31.76552391052246 0 34.35209655761719
		endloop
	endfacet
	facet normal 0 -1 0
		outer loop
			vertex 33 0 35
			vertex 31.597475051879883 0 34.03190612792969
			vertex 33 0 32
		endloop
	endfacet
	facet normal 0 -1 0
		outer loop
			vertex 33 0 35
			vertex 32.302913665771484 0 34.828182220458984
			vertex 31.76552391052246 0 34.35209655761719
		endloop
	endfacet
	facet normal 0 -1 0
		outer loop
			vertex 33 0 35
			vertex 31.76552391052246 0 34.35209655761719
			vertex 31.597475051879883 0 34.03190612792969
		endloop
	endfacet
	facet normal 0 -1 0
		outer loop
			vertex 33 0 35
			vertex 32.64102554321289 0 34.95641326904297
			vertex 32.302913665771484 0 34.828182220458984
		endloop
	endfacet
	facet normal 0 -1 0
		outer loop
			vertex 54.265525817871094 0 19.397903442382812
			vertex 54.50531768798828 0 9.372766494750977
			vertex 54.50531768798828 0 19.127233505249023
		endloop
	endfacet
	facet normal 0 -1 0
		outer loop
			vertex 54.265525817871094 0 19.397903442382812
			vertex 34.48906326293945 0 15.319194793701172
			vertex 54.265525817871094 0 9.102097511291504
		endloop
	endfacet
	facet normal 0 -1 0
		outer loop
			vertex 54.265525817871094 0 19.397903442382812
			vertex 54.265525817871094 0 9.102097511291504
			vertex 54.50531768798828 0 9.372766494750977
		endloop
	endfacet
	facet normal 0 -1 0
		outer loop
			vertex 54.802913665771484 0 18.921815872192383
			vertex 54.50531768798828 0 19.127233505249023
			vertex 54.50531768798828 0 9.372766494750977
		endloop
	endfacet
	facet normal 0 -1 0
		outer loop
			vertex 54.802913665771484 0 18.921815872192383
			vertex 54.50531768798828 0 9.372766494750977
			vertex 54.802913665771484 0 9.578184127807617
		endloop
	endfacet
	facet normal 0 -1 0
		outer loop
			vertex 54.097476959228516 0 19.71809196472168
			vertex 34.48906326293945 0 15.319194793701172
			vertex 54.265525817871094 0 19.397903442382812
		endloop
	endfacet
	facet normal 0 -1 0
		outer loop
			vertex 54.097476959228516 0 19.71809196472168
			vertex 34.48906326293945 0 15.680805206298828
			vertex 34.48906326293945 0 15.319194793701172
		endloop
	endfacet
	facet normal 0 -1 0
		outer loop
			vertex 55.14102554321289 0 18.79358673095703
			vertex 54.802913665771484 0 18.921815872192383
			vertex 54.802913665771484 0 9.578184127807617
		endloop
	endfacet
	facet normal 0 -1 0
		outer loop
			vertex 55.14102554321289 0 18.79358673095703
			vertex 54.802913665771484 0 9.578184127807617
			vertex 55.14102554321289 0 9.706412315368652
		endloop
	endfacet
	facet normal 0 -1 0
		outer loop
			vertex 55.14102554321289 0 18.79358673095703
			vertex 55.14102554321289 0 9.706412315368652
			vertex 55.5 0 9.75
		endloop
	endfacet
	facet normal 0 -1 0
		outer loop
			vertex 54.01093673706055 0 20.069194793701172
			vertex 34.402523040771484 0 16.03190803527832
			vertex 34.48906326293945 0 15.680805206298828
		endloop
	endfacet
	facet normal 0 -1 0
		outer loop
			vertex 54.01093673706055 0 20.069194793701172
			vertex 34.48906326293945 0 15.680805206298828
			vertex 54.097476959228516 0 19.71809196472168
		endloop
	endfacet
	facet normal 0 -1 0
		outer loop
			vertex 55.5 0 18.75
			vertex 55.14102554321289 0 18.79358673095703
			vertex 55.5 0 9.75
		endloop
	endfacet
	facet normal 0 -1 0
		outer loop
			vertex 54.01093673706055 0 20.430805206298828
			vertex 34.402523040771484 0 16.03190803527832
			vertex 54.01093673706055 0 20.069194793701172
		endloop
	endfacet
	facet normal 0 -1 0
		outer loop
			vertex 54.01093673706055 0 20.430805206298828
			vertex 34.234474182128906 0 16.352096557617188
			vertex 34.402523040771484 0 16.03190803527832
		endloop
	endfacet
	facet normal 0 -1 0
		outer loop
			vertex 54.01093673706055 0 20.430805206298828
			vertex 33 0 23
			vertex 34.234474182128906 0 16.352096557617188
		endloop
	endfacet
	facet normal 0 -1 0
		outer loop
			vertex 55.85897445678711 0 18.79358673095703
			vertex 55.5 0 18.75
			vertex 55.5 0 9.75
		endloop
	endfacet
	facet normal 0 -1 0
		outer loop
			vertex 55.85897445678711 0 18.79358673095703
			vertex 55.5 0 9.75
			vertex 55.85897445678711 0 9.706412315368652
		endloop
	endfacet
	facet normal 0 -1 0
		outer loop
			vertex 54.097476959228516 0 20.78190803527832
			vertex 33 0 23
			vertex 54.01093673706055 0 20.430805206298828
		endloop
	endfacet
	facet normal 0 -1 0
		outer loop
			vertex 54.097476959228516 0 20.78190803527832
			vertex 33 0 26
			vertex 33 0 23
		endloop
	endfacet
	facet normal 0 -1 0
		outer loop
			vertex 56.197086334228516 0 18.921815872192383
			vertex 55.85897445678711 0 18.79358673095703
			vertex 55.85897445678711 0 9.706412315368652
		endloop
	endfacet
	facet normal 0 -1 0
		outer loop
			vertex 56.197086334228516 0 18.921815872192383
			vertex 55.85897445678711 0 9.706412315368652
			vertex 56.197086334228516 0 9.578184127807617
		endloop
	endfacet
	facet normal 0 -1 0
		outer loop
			vertex 54.265525817871094 0 21.102096557617188
			vertex 33 0 26
			vertex 54.097476959228516 0 20.78190803527832
		endloop
	endfacet
	facet normal 0 -1 0
		outer loop
			vertex 54.265525817871094 0 21.102096557617188
			vertex 33 0 29
			vertex 33 0 26
		endloop
	endfacet
	facet normal 0 -1 0
		outer loop
			vertex 54.50531768798828 0 21.372766494750977
			vertex 33 0 32
			vertex 33 0 29
		endloop
	endfacet
	facet normal 0 -1 0
		outer loop
			vertex 54.50531768798828 0 21.372766494750977
			vertex 33 0 29
			vertex 54.265525817871094 0 21.102096557617188
		endloop
	endfacet
	facet normal 0 -1 0
		outer loop
			vertex 54.802913665771484 0 21.578184127807617
			vertex 33 0 32
			vertex 54.50531768798828 0 21.372766494750977
		endloop
	endfacet
	facet normal 0 -1 0
		outer loop
			vertex 54.802913665771484 0 21.578184127807617
			vertex 33 0 35
			vertex 33 0 32
		endloop
	endfacet
	facet normal 0 -1 0
		outer loop
			vertex 64.00531768798828 0 16.627233505249023
			vertex 56.49468231201172 0 9.372766494750977
			vertex 56.734474182128906 0 9.102097511291504
		endloop
	endfacet
	facet normal 0 -1 0
		outer loop
			vertex 63.765525817871094 0 16.897903442382812
			vertex 56.197086334228516 0 18.921815872192383
			vertex 56.197086334228516 0 9.578184127807617
		endloop
	endfacet
	facet normal 0 -1 0
		outer loop
			vertex 63.765525817871094 0 16.897903442382812
			vertex 56.197086334228516 0 9.578184127807617
			vertex 56.49468231201172 0 9.372766494750977
		endloop
	endfacet
	facet normal 0 -1 0
		outer loop
			vertex 63.765525817871094 0 16.897903442382812
			vertex 56.49468231201172 0 9.372766494750977
			vertex 64.00531768798828 0 16.627233505249023
		endloop
	endfacet
	facet normal 0 -1 0
		outer loop
			vertex 64.30291748046875 0 16.421815872192383
			vertex 56.734474182128906 0 9.102097511291504
			vertex 56.902523040771484 0 8.781907081604004
		endloop
	endfacet
	facet normal 0 -1 0
		outer loop
			vertex 64.30291748046875 0 16.421815872192383
			vertex 64.00531768798828 0 16.627233505249023
			vertex 56.734474182128906 0 9.102097511291504
		endloop
	endfacet
	facet normal 0 -1 0
		outer loop
			vertex 63.597476959228516 0 17.21809196472168
			vertex 56.49468231201172 0 19.127233505249023
			vertex 56.197086334228516 0 18.921815872192383
		endloop
	endfacet
	facet normal 0 -1 0
		outer loop
			vertex 63.597476959228516 0 17.21809196472168
			vertex 56.197086334228516 0 18.921815872192383
			vertex 63.765525817871094 0 16.897903442382812
		endloop
	endfacet
	facet normal 0 -1 0
		outer loop
			vertex 64.64102935791016 0 16.29358673095703
			vertex 56.902523040771484 0 8.781907081604004
			vertex 56.98906326293945 0 8.430805206298828
		endloop
	endfacet
	facet normal 0 -1 0
		outer loop
			vertex 64.64102935791016 0 16.29358673095703
			vertex 64.30291748046875 0 16.421815872192383
			vertex 56.902523040771484 0 8.781907081604004
		endloop
	endfacet
	facet normal 0 -1 0
		outer loop
			vertex 63.51093673706055 0 17.569194793701172
			vertex 56.49468231201172 0 19.127233505249023
			vertex 63.597476959228516 0 17.21809196472168
		endloop
	endfacet
	facet normal 0 -1 0
		outer loop
			vertex 63.51093673706055 0 17.569194793701172
			vertex 56.734474182128906 0 19.397903442382812
			vertex 56.49468231201172 0 19.127233505249023
		endloop
	endfacet
	facet normal 0 -1 0
		outer loop
			vertex 65 0 16.25
			vertex 56.98906326293945 0 8.069194793701172
			vertex 58.791934967041016 0 2.272258996963501
		endloop
	endfacet
	facet normal 0 -1 0
		outer loop
			vertex 65 0 16.25
			vertex 64.64102935791016 0 16.29358673095703
			vertex 56.98906326293945 0 8.430805206298828
		endloop
	endfacet
	facet normal 0 -1 0
		outer loop
			vertex 65 0 16.25
			vertex 56.98906326293945 0 8.430805206298828
			vertex 56.98906326293945 0 8.069194793701172
		endloop
	endfacet
	facet normal 0 -1 0
		outer loop
			vertex 63.51093673706055 0 17.930805206298828
			vertex 56.902523040771484 0 19.71809196472168
			vertex 56.734474182128906 0 19.397903442382812
		endloop
	endfacet
	facet normal 0 -1 0
		outer loop
			vertex 63.51093673706055 0 17.930805206298828
			vertex 56.734474182128906 0 19.397903442382812
			vertex 63.51093673706055 0 17.569194793701172
		endloop
	endfacet
	facet normal 0 -1 0
		outer loop
			vertex 65.35897064208984 0 16.29358673095703
			vertex 58.791934967041016 0 2.272258996963501
			vertex 59.24006652832031 0 1.418419599533081
		endloop
	endfacet
	facet normal 0 -1 0
		outer loop
			vertex 65.35897064208984 0 16.29358673095703
			vertex 65 0 16.25
			vertex 58.791934967041016 0 2.272258996963501
		endloop
	endfacet
	facet normal 0 -1 0
		outer loop
			vertex 63.597476959228516 0 18.28190803527832
			vertex 56.98906326293945 0 20.069194793701172
			vertex 56.902523040771484 0 19.71809196472168
		endloop
	endfacet
	facet normal 0 -1 0
		outer loop
			vertex 63.597476959228516 0 18.28190803527832
			vertex 56.902523040771484 0 19.71809196472168
			vertex 63.51093673706055 0 17.930805206298828
		endloop
	endfacet
	facet normal 0 -1 0
		outer loop
			vertex 65.69708251953125 0 16.421815872192383
			vertex 59.24006652832031 0 1.418419599533081
			vertex 59.4708366394043 0 0.4821467101573944
		endloop
	endfacet
	facet normal 0 -1 0
		outer loop
			vertex 65.69708251953125 0 16.421815872192383
			vertex 65.35897064208984 0 16.29358673095703
			vertex 59.24006652832031 0 1.418419599533081
		endloop
	endfacet
	facet normal 0 -1 0
		outer loop
			vertex 63.765525817871094 0 18.602096557617188
			vertex 56.98906326293945 0 20.430805206298828
			vertex 56.98906326293945 0 20.069194793701172
		endloop
	endfacet
	facet normal 0 -1 0
		outer loop
			vertex 63.765525817871094 0 18.602096557617188
			vertex 56.98906326293945 0 20.069194793701172
			vertex 63.597476959228516 0 18.28190803527832
		endloop
	endfacet
	facet normal 0 -1 0
		outer loop
			vertex 65.99468231201172 0 16.627233505249023
			vertex 65.69708251953125 0 16.421815872192383
			vertex 59.4708366394043 0 0.4821467101573944
		endloop
	endfacet
	facet normal 0 -1 0
		outer loop
			vertex 65.99468231201172 0 16.627233505249023
			vertex 65.99468231201172 0 -16.627233505249023
			vertex 66.2344741821289 0 -16.897903442382812
		endloop
	endfacet
	facet normal 0 -1 0
		outer loop
			vertex 65.99468231201172 0 16.627233505249023
			vertex 59.4708366394043 0 0.4821467101573944
			vertex 65.99468231201172 0 -16.627233505249023
		endloop
	endfacet
	facet normal 0 -1 0
		outer loop
			vertex 64.00531768798828 0 18.872766494750977
			vertex 56.902523040771484 0 20.78190803527832
			vertex 56.98906326293945 0 20.430805206298828
		endloop
	endfacet
	facet normal 0 -1 0
		outer loop
			vertex 64.00531768798828 0 18.872766494750977
			vertex 56.98906326293945 0 20.430805206298828
			vertex 63.765525817871094 0 18.602096557617188
		endloop
	endfacet
	facet normal 0 -1 0
		outer loop
			vertex 66.2344741821289 0 16.897903442382812
			vertex 65.99468231201172 0 16.627233505249023
			vertex 66.2344741821289 0 -16.897903442382812
		endloop
	endfacet
	facet normal 0 -1 0
		outer loop
			vertex 64.30291748046875 0 19.078184127807617
			vertex 56.734474182128906 0 21.102096557617188
			vertex 56.902523040771484 0 20.78190803527832
		endloop
	endfacet
	facet normal 0 -1 0
		outer loop
			vertex 64.30291748046875 0 19.078184127807617
			vertex 56.902523040771484 0 20.78190803527832
			vertex 64.00531768798828 0 18.872766494750977
		endloop
	endfacet
	facet normal 0 -1 0
		outer loop
			vertex 66.40252685546875 0 17.21809196472168
			vertex 66.2344741821289 0 16.897903442382812
			vertex 66.2344741821289 0 -16.897903442382812
		endloop
	endfacet
	facet normal 0 -1 0
		outer loop
			vertex 66.40252685546875 0 17.21809196472168
			vertex 66.2344741821289 0 -16.897903442382812
			vertex 66.40252685546875 0 -17.21809196472168
		endloop
	endfacet
	facet normal 0 -1 0
		outer loop
			vertex 64.64102935791016 0 19.20641326904297
			vertex 56.49468231201172 0 21.372766494750977
			vertex 56.734474182128906 0 21.102096557617188
		endloop
	endfacet
	facet normal 0 -1 0
		outer loop
			vertex 64.64102935791016 0 19.20641326904297
			vertex 56.734474182128906 0 21.102096557617188
			vertex 64.30291748046875 0 19.078184127807617
		endloop
	endfacet
	facet normal 0 -1 0
		outer loop
			vertex 62.00531768798828 0 41.877235412597656
			vertex 55.14102554321289 0 21.70641326904297
			vertex 55.5 0 21.75
		endloop
	endfacet
	facet normal 0 -1 0
		outer loop
			vertex 61.765525817871094 0 42.14790344238281
			vertex 54.802913665771484 0 21.578184127807617
			vertex 55.14102554321289 0 21.70641326904297
		endloop
	endfacet
	facet normal 0 -1 0
		outer loop
			vertex 61.765525817871094 0 42.14790344238281
			vertex 55.14102554321289 0 21.70641326904297
			vertex 62.00531768798828 0 41.877235412597656
		endloop
	endfacet
	facet normal 0 -1 0
		outer loop
			vertex 62.302913665771484 0 41.671817779541016
			vertex 55.5 0 21.75
			vertex 55.85897445678711 0 21.70641326904297
		endloop
	endfacet
	facet normal 0 -1 0
		outer loop
			vertex 62.302913665771484 0 41.671817779541016
			vertex 62.00531768798828 0 41.877235412597656
			vertex 55.5 0 21.75
		endloop
	endfacet
	facet normal 0 -1 0
		outer loop
			vertex 61.597476959228516 0 42.46809387207031
			vertex 54.802913665771484 0 21.578184127807617
			vertex 61.765525817871094 0 42.14790344238281
		endloop
	endfacet
	facet normal 0 -1 0
		outer loop
			vertex 61.597476959228516 0 42.46809387207031
			vertex 33 0 35
			vertex 54.802913665771484 0 21.578184127807617
		endloop
	endfacet
	facet normal 0 -1 0
		outer loop
			vertex 62.64102554321289 0 41.54358673095703
			vertex 62.302913665771484 0 41.671817779541016
			vertex 55.85897445678711 0 21.70641326904297
		endloop
	endfacet
	facet normal 0 -1 0
		outer loop
			vertex 62.64102554321289 0 41.54358673095703
			vertex 55.85897445678711 0 21.70641326904297
			vertex 56.197086334228516 0 21.578184127807617
		endloop
	endfacet
	facet normal 0 -1 0
		outer loop
			vertex 61.51093673706055 0 42.81919479370117
			vertex 33 0 35
			vertex 61.597476959228516 0 42.46809387207031
		endloop
	endfacet
	facet normal 0 -1 0
		outer loop
			vertex 63 0 41.5
			vertex 56.197086334228516 0 21.578184127807617
			vertex 56.49468231201172 0 21.372766494750977
		endloop
	endfacet
	facet normal 0 -1 0
		outer loop
			vertex 63 0 41.5
			vertex 62.64102554321289 0 41.54358673095703
			vertex 56.197086334228516 0 21.578184127807617
		endloop
	endfacet
	facet normal 0 -1 0
		outer loop
			vertex 63 0 41.5
			vertex 56.49468231201172 0 21.372766494750977
			vertex 64.64102935791016 0 19.20641326904297
		endloop
	endfacet
	facet normal 0 -1 0
		outer loop
			vertex 63 0 41.5
			vertex 64.64102935791016 0 19.20641326904297
			vertex 65 0 19.25
		endloop
	endfacet
	facet normal 0 -1 0
		outer loop
			vertex 61.51093673706055 0 43.18080520629883
			vertex 33 0 35
			vertex 61.51093673706055 0 42.81919479370117
		endloop
	endfacet
	facet normal 0 -1 0
		outer loop
			vertex 63.35897445678711 0 41.54358673095703
			vertex 63 0 41.5
			vertex 65 0 19.25
		endloop
	endfacet
	facet normal 0 -1 0
		outer loop
			vertex 63.35897445678711 0 41.54358673095703
			vertex 65 0 19.25
			vertex 65.35897064208984 0 19.20641326904297
		endloop
	endfacet
	facet normal 0 -1 0
		outer loop
			vertex 61.597476959228516 0 43.53190612792969
			vertex 33 0 35
			vertex 61.51093673706055 0 43.18080520629883
		endloop
	endfacet
	facet normal 0 -1 0
		outer loop
			vertex 63.697086334228516 0 41.671817779541016
			vertex 63.35897445678711 0 41.54358673095703
			vertex 65.35897064208984 0 19.20641326904297
		endloop
	endfacet
	facet normal 0 -1 0
		outer loop
			vertex 69.5 0 42.5
			vertex 63.697086334228516 0 41.671817779541016
			vertex 65.35897064208984 0 19.20641326904297
		endloop
	endfacet
	facet normal 0 -1 0
		outer loop
			vertex 69.5 0 42.5
			vertex 65.35897064208984 0 19.20641326904297
			vertex 65.69708251953125 0 19.078184127807617
		endloop
	endfacet
	facet normal 0 -1 0
		outer loop
			vertex 69.5 0 42.5
			vertex 65.69708251953125 0 19.078184127807617
			vertex 65.99468231201172 0 18.872766494750977
		endloop
	endfacet
	facet normal 0 -1 0
		outer loop
			vertex 69.5 0 42.5
			vertex 65.99468231201172 0 18.872766494750977
			vertex 66.2344741821289 0 18.602096557617188
		endloop
	endfacet
	facet normal 0 -1 0
		outer loop
			vertex 69.5 0 42.5
			vertex 66.2344741821289 0 18.602096557617188
			vertex 66.40252685546875 0 18.28190803527832
		endloop
	endfacet
	facet normal 0 -1 0
		outer loop
			vertex 69.5 0 42.5
			vertex 66.40252685546875 0 18.28190803527832
			vertex 66.48906707763672 0 17.930805206298828
		endloop
	endfacet
	facet normal 0 -1 0
		outer loop
			vertex 69.5 0 42.5
			vertex 64.48906707763672 0 42.81919479370117
			vertex 64.40252685546875 0 42.46809387207031
		endloop
	endfacet
	facet normal 0 -1 0
		outer loop
			vertex 69.5 0 42.5
			vertex 64.40252685546875 0 42.46809387207031
			vertex 64.2344741821289 0 42.14790344238281
		endloop
	endfacet
	facet normal 0 -1 0
		outer loop
			vertex 69.5 0 42.5
			vertex 64.2344741821289 0 42.14790344238281
			vertex 63.99468231201172 0 41.877235412597656
		endloop
	endfacet
	facet normal 0 -1 0
		outer loop
			vertex 69.5 0 42.5
			vertex 63.99468231201172 0 41.877235412597656
			vertex 63.697086334228516 0 41.671817779541016
		endloop
	endfacet
	facet normal 0 -1 0
		outer loop
			vertex 62.5 0 49.5
			vertex 62.00531768798828 0 44.122764587402344
			vertex 62.302913665771484 0 44.328182220458984
		endloop
	endfacet
	facet normal 0 -1 0
		outer loop
			vertex 62.5 0 49.5
			vertex 62.302913665771484 0 44.328182220458984
			vertex 62.64102554321289 0 44.45641326904297
		endloop
	endfacet
	facet normal 0 -1 0
		outer loop
			vertex 62.5 0 49.5
			vertex 62.64102554321289 0 44.45641326904297
			vertex 63 0 44.5
		endloop
	endfacet
	facet normal 0 -1 0
		outer loop
			vertex 62.5 0 49.5
			vertex -23 0 49.5
			vertex 7.5 0 44.5
		endloop
	endfacet
	facet normal 0 -1 0
		outer loop
			vertex 62.5 0 49.5
			vertex 7.5 0 44.5
			vertex 7.858973503112793 0 44.45641326904297
		endloop
	endfacet
	facet normal 0 -1 0
		outer loop
			vertex 62.5 0 49.5
			vertex 7.858973503112793 0 44.45641326904297
			vertex 8.197084426879883 0 44.328182220458984
		endloop
	endfacet
	facet normal 0 -1 0
		outer loop
			vertex 62.5 0 49.5
			vertex 8.197084426879883 0 44.328182220458984
			vertex 8.494684219360352 0 44.122764587402344
		endloop
	endfacet
	facet normal 0 -1 0
		outer loop
			vertex 62.5 0 49.5
			vertex 8.494684219360352 0 44.122764587402344
			vertex 33 0 35
		endloop
	endfacet
	facet normal 0 -1 0
		outer loop
			vertex 62.5 0 49.5
			vertex 33 0 35
			vertex 61.597476959228516 0 43.53190612792969
		endloop
	endfacet
	facet normal 0 -1 0
		outer loop
			vertex 62.5 0 49.5
			vertex 61.597476959228516 0 43.53190612792969
			vertex 61.765525817871094 0 43.85209655761719
		endloop
	endfacet
	facet normal 0 -1 0
		outer loop
			vertex 62.5 0 49.5
			vertex 61.765525817871094 0 43.85209655761719
			vertex 62.00531768798828 0 44.122764587402344
		endloop
	endfacet
	facet normal 0 -1 0
		outer loop
			vertex 69.36549377441406 0 43.865631103515625
			vertex 64.48906707763672 0 42.81919479370117
			vertex 69.5 0 42.5
		endloop
	endfacet
	facet normal 0 -1 0
		outer loop
			vertex 69.36549377441406 0 43.865631103515625
			vertex 64.48906707763672 0 43.18080520629883
			vertex 64.48906707763672 0 42.81919479370117
		endloop
	endfacet
	facet normal 0 -1 0
		outer loop
			vertex 63.865631103515625 0 49.36549758911133
			vertex 63 0 44.5
			vertex 63.35897445678711 0 44.45641326904297
		endloop
	endfacet
	facet normal 0 -1 0
		outer loop
			vertex 63.865631103515625 0 49.36549758911133
			vertex 62.5 0 49.5
			vertex 63 0 44.5
		endloop
	endfacet
	facet normal 0 -1 0
		outer loop
			vertex 68.96715545654297 0 45.17878341674805
			vertex 64.40252685546875 0 43.53190612792969
			vertex 64.48906707763672 0 43.18080520629883
		endloop
	endfacet
	facet normal 0 -1 0
		outer loop
			vertex 68.96715545654297 0 45.17878341674805
			vertex 64.48906707763672 0 43.18080520629883
			vertex 69.36549377441406 0 43.865631103515625
		endloop
	endfacet
	facet normal 0 -1 0
		outer loop
			vertex 65.17878723144531 0 48.96715545654297
			vertex 63.865631103515625 0 49.36549758911133
			vertex 63.35897445678711 0 44.45641326904297
		endloop
	endfacet
	facet normal 0 -1 0
		outer loop
			vertex 65.17878723144531 0 48.96715545654297
			vertex 63.35897445678711 0 44.45641326904297
			vertex 63.697086334228516 0 44.328182220458984
		endloop
	endfacet
	facet normal 0 -1 0
		outer loop
			vertex 68.3202896118164 0 46.38899230957031
			vertex 64.40252685546875 0 43.53190612792969
			vertex 68.96715545654297 0 45.17878341674805
		endloop
	endfacet
	facet normal 0 -1 0
		outer loop
			vertex 68.3202896118164 0 46.38899230957031
			vertex 64.2344741821289 0 43.85209655761719
			vertex 64.40252685546875 0 43.53190612792969
		endloop
	endfacet
	facet normal 0 -1 0
		outer loop
			vertex 66.38899230957031 0 48.32028579711914
			vertex 65.17878723144531 0 48.96715545654297
			vertex 63.697086334228516 0 44.328182220458984
		endloop
	endfacet
	facet normal 0 -1 0
		outer loop
			vertex 66.38899230957031 0 48.32028579711914
			vertex 63.697086334228516 0 44.328182220458984
			vertex 63.99468231201172 0 44.122764587402344
		endloop
	endfacet
	facet normal 0 -1 0
		outer loop
			vertex 67.44974517822266 0 47.44974899291992
			vertex 64.2344741821289 0 43.85209655761719
			vertex 68.3202896118164 0 46.38899230957031
		endloop
	endfacet
	facet normal 0 -1 0
		outer loop
			vertex 67.44974517822266 0 47.44974899291992
			vertex 66.38899230957031 0 48.32028579711914
			vertex 63.99468231201172 0 44.122764587402344
		endloop
	endfacet
	facet normal 0 -1 0
		outer loop
			vertex 67.44974517822266 0 47.44974899291992
			vertex 63.99468231201172 0 44.122764587402344
			vertex 64.2344741821289 0 43.85209655761719
		endloop
	endfacet
	facet normal 0 -1 0
		outer loop
			vertex 69.5 0 42.5
			vertex 66.48906707763672 0 17.569194793701172
			vertex 69.5 0 -42.5
		endloop
	endfacet
	facet normal 0 -1 0
		outer loop
			vertex 66.48906707763672 0 17.569194793701172
			vertex 66.40252685546875 0 17.21809196472168
			vertex 69.5 0 -42.5
		endloop
	endfacet
	facet normal 0 -1 0
		outer loop
			vertex 66.40252685546875 0 17.21809196472168
			vertex 66.48906707763672 0 -17.569194793701172
			vertex 69.5 0 -42.5
		endloop
	endfacet
	facet normal 0 -1 0
		outer loop
			vertex 66.48906707763672 0 -17.569194793701172
			vertex 66.48906707763672 0 -17.930805206298828
			vertex 69.5 0 -42.5
		endloop
	endfacet
	facet normal 0 -1 0
		outer loop
			vertex 69.5 0 42.5
			vertex 66.48906707763672 0 17.930805206298828
			vertex 66.48906707763672 0 17.569194793701172
		endloop
	endfacet
	facet normal 0 -1 0
		outer loop
			vertex 66.40252685546875 0 17.21809196472168
			vertex 66.40252685546875 0 -17.21809196472168
			vertex 66.48906707763672 0 -17.569194793701172
		endloop
	endfacet
	facet normal 0 -1 0
		outer loop
			vertex 23 0 -35
			vertex 8.734476089477539 0 -43.85209655761719
			vertex 33 0 -35
		endloop
	endfacet
	facet normal 0 -1 0
		outer loop
			vertex 8.734476089477539 0 -43.85209655761719
			vertex 8.494684219360352 0 -44.122764587402344
			vertex 33 0 -35
		endloop
	endfacet
	facet normal 0 -1 0
		outer loop
			vertex 33 0 -32
			vertex 33 0 -29
			vertex 23 0 -32
		endloop
	endfacet
	facet normal 0 -1 0
		outer loop
			vertex 23 0 -29
			vertex 23 0 -32
			vertex 33 0 -29
		endloop
	endfacet
	facet normal 0 -1 0
		outer loop
			vertex 32.64102554321289 0 -28.95641326904297
			vertex 31.510936737060547 0 -27.319194793701172
			vertex 32.302913665771484 0 -28.828184127807617
		endloop
	endfacet
	facet normal 0 -1 0
		outer loop
			vertex 31.510936737060547 0 -27.319194793701172
			vertex 32.00531768798828 0 -28.622766494750977
			vertex 32.302913665771484 0 -28.828184127807617
		endloop
	endfacet
	facet normal 0 -1 0
		outer loop
			vertex 33 0 -26
			vertex 33 0 -23
			vertex 23 0 -26
		endloop
	endfacet
	facet normal 0 -1 0
		outer loop
			vertex 23 0 -23
			vertex 23 0 -26
			vertex 33 0 -23
		endloop
	endfacet
	facet normal 0 -1 0
		outer loop
			vertex 33 0 -23
			vertex 31.76552391052246 0 -22.352096557617188
			vertex 32.64102554321289 0 -22.95641326904297
		endloop
	endfacet
	facet normal 0 -1 0
		outer loop
			vertex 31.76552391052246 0 -22.352096557617188
			vertex 32.302913665771484 0 -22.828184127807617
			vertex 32.64102554321289 0 -22.95641326904297
		endloop
	endfacet
	facet normal 0 -1 0
		outer loop
			vertex 31.76552391052246 0 -22.352096557617188
			vertex 32.00531768798828 0 -22.622766494750977
			vertex 32.302913665771484 0 -22.828184127807617
		endloop
	endfacet
	facet normal 0 -1 0
		outer loop
			vertex 33 0 -23
			vertex 33 0 -20
			vertex 31.76552391052246 0 -22.352096557617188
		endloop
	endfacet
	facet normal 0 -1 0
		outer loop
			vertex 33 0 -20
			vertex 33 0 -17
			vertex 23 0 -20
		endloop
	endfacet
	facet normal 0 -1 0
		outer loop
			vertex -25.75 0 17.5
			vertex -23 0 24.5
			vertex -45.75 0 17.5
		endloop
	endfacet
	facet normal 0 -1 0
		outer loop
			vertex -23 0 24.5
			vertex -32.5 0 24.5
			vertex -45.75 0 17.5
		endloop
	endfacet
	facet normal 0 -1 0
		outer loop
			vertex -32.5 0 24.5
			vertex -32.5 0 27.5
			vertex -45.75 0 17.5
		endloop
	endfacet
	facet normal 0 -1 0
		outer loop
			vertex -45.75 0 14.5
			vertex -25.75 0 9.5
			vertex -25.75 0 14.5
		endloop
	endfacet
	facet normal 0 -1 0
		outer loop
			vertex -45.75 0 14.5
			vertex -45.75 0 9.5
			vertex -25.75 0 9.5
		endloop
	endfacet
	facet normal 0 -1 0
		outer loop
			vertex -45.75 0 6.5
			vertex -25.75 0 1.5
			vertex -25.75 0 6.5
		endloop
	endfacet
	facet normal 0 -1 0
		outer loop
			vertex -45.75 0 6.5
			vertex -45.75 0 1.5
			vertex -25.75 0 1.5
		endloop
	endfacet
	facet normal 0 -1 0
		outer loop
			vertex -45.75 0 -1.5
			vertex -45.75 0 -6.5
			vertex -25.75 0 -1.5
		endloop
	endfacet
	facet normal 0 -1 0
		outer loop
			vertex -25.75 0 -6.5
			vertex -25.75 0 -1.5
			vertex -45.75 0 -6.5
		endloop
	endfacet
	facet normal 0 -1 0
		outer loop
			vertex -45.75 0 -6.5
			vertex -44.347476959228516 0 -8.531907081604004
			vertex -45.39102554321289 0 -6.5435872077941895
		endloop
	endfacet
	facet normal 0 -1 0
		outer loop
			vertex -44.347476959228516 0 -8.531907081604004
			vertex -45.052913665771484 0 -6.671815872192383
			vertex -45.39102554321289 0 -6.5435872077941895
		endloop
	endfacet
	facet normal 0 -1 0
		outer loop
			vertex -44.347476959228516 0 -8.531907081604004
			vertex -44.75531768798828 0 -6.877233982086182
			vertex -45.052913665771484 0 -6.671815872192383
		endloop
	endfacet
	facet normal 0 -1 0
		outer loop
			vertex -44.347476959228516 0 -8.531907081604004
			vertex -44.515525817871094 0 -7.147902965545654
			vertex -44.75531768798828 0 -6.877233982086182
		endloop
	endfacet
	facet normal 0 -1 0
		outer loop
			vertex -44.347476959228516 0 -8.531907081604004
			vertex -44.347476959228516 0 -7.468092441558838
			vertex -44.515525817871094 0 -7.147902965545654
		endloop
	endfacet
	facet normal 0 -1 0
		outer loop
			vertex -45.75 0 -9.5
			vertex -45.75 0 -14.5
			vertex -25.75 0 -9.5
		endloop
	endfacet
	facet normal 0 -1 0
		outer loop
			vertex -25.75 0 -14.5
			vertex -25.75 0 -9.5
			vertex -45.75 0 -14.5
		endloop
	endfacet
	facet normal 0 -1 0
		outer loop
			vertex -45.39102554321289 0 -14.543587684631348
			vertex -44.75531768798828 0 -17.122766494750977
			vertex -45.052913665771484 0 -14.671815872192383
		endloop
	endfacet
	facet normal 0 -1 0
		outer loop
			vertex -44.75531768798828 0 -17.122766494750977
			vertex -44.75531768798828 0 -14.877233505249023
			vertex -45.052913665771484 0 -14.671815872192383
		endloop
	endfacet
	facet normal 0 -1 0
		outer loop
			vertex -45.75 0 -17.5
			vertex -23 0 -24.5
			vertex -25.75 0 -17.5
		endloop
	endfacet
	facet normal 0 -1 0
		outer loop
			vertex -45.75 0 -17.5
			vertex -32.5 0 -24.5
			vertex -23 0 -24.5
		endloop
	endfacet
	facet normal 0 -1 0
		outer loop
			vertex -45.75 0 -17.5
			vertex -32.5 0 -27.5
			vertex -32.5 0 -24.5
		endloop
	endfacet
	facet normal 0 -1 0
		outer loop
			vertex 23 0 -17
			vertex 23 0 -20
			vertex 33 0 -17
		endloop
	endfacet
	facet normal 0 -1 0
		outer loop
			vertex 33 0 -14
			vertex 23 0 14
			vertex 23 0 -14
		endloop
	endfacet
	facet normal 0 -1 0
		outer loop
			vertex 33 0 -14
			vertex 33 0 14
			vertex 23 0 14
		endloop
	endfacet
	facet normal 0 -1 0
		outer loop
			vertex 23 0 32
			vertex 33 0 29
			vertex 33 0 32
		endloop
	endfacet
	facet normal 0 -1 0
		outer loop
			vertex 23 0 32
			vertex 23 0 29
			vertex 33 0 29
		endloop
	endfacet
	facet normal 0 -1 0
		outer loop
			vertex 33 0 35
			vertex 8.494684219360352 0 44.122764587402344
			vertex 23 0 35
		endloop
	endfacet
	facet normal 0 -1 0
		outer loop
			vertex 8.494684219360352 0 44.122764587402344
			vertex 8.734476089477539 0 43.85209655761719
			vertex 23 0 35
		endloop
	endfacet
	facet normal 0 -1 0
		outer loop
			vertex 23 0 26
			vertex 33 0 23
			vertex 33 0 26
		endloop
	endfacet
	facet normal 0 -1 0
		outer loop
			vertex 23 0 26
			vertex 23 0 23
			vertex 33 0 23
		endloop
	endfacet
	facet normal 0 -1 0
		outer loop
			vertex 23 0 20
			vertex 33 0 17
			vertex 33 0 20
		endloop
	endfacet
	facet normal 0 -1 0
		outer loop
			vertex 23 0 20
			vertex 23 0 17
			vertex 33 0 17
		endloop
	endfacet
	facet normal 0 0 -1
		outer loop
			vertex 33 0 23
			vertex 23 0 23
			vertex 23 3 23
		endloop
	endfacet
	facet normal 0 0 -1
		outer loop
			vertex 33 3 23
			vertex 33 0 23
			vertex 23 3 23
		endloop
	endfacet
	facet normal 0.1205355140761992 0 -0.9927090156971411
		outer loop
			vertex 22.641027450561523 0 22.95641326904297
			vertex 23 3 23
			vertex 23 0 23
		endloop
	endfacet
	facet normal 0.1205355140761992 0 -0.9927090156971411
		outer loop
			vertex 22.641027450561523 0 22.95641326904297
			vertex 22.641027450561523 3 22.95641326904297
			vertex 23 3 23
		endloop
	endfacet
	facet normal 0.35460541900537196 0 -0.9350160409383491
		outer loop
			vertex 22.302915573120117 0 22.828184127807617
			vertex 22.302915573120117 3 22.828184127807617
			vertex 22.641027450561523 3 22.95641326904297
		endloop
	endfacet
	facet normal 0.35460541900537196 0 -0.9350160409383491
		outer loop
			vertex 22.302915573120117 0 22.828184127807617
			vertex 22.641027450561523 3 22.95641326904297
			vertex 22.641027450561523 0 22.95641326904297
		endloop
	endfacet
	facet normal 0.7485118046442782 0 -0.6631214657271819
		outer loop
			vertex 22.00531578063965 0 22.622766494750977
			vertex 21.76552391052246 3 22.352096557617188
			vertex 22.00531578063965 3 22.622766494750977
		endloop
	endfacet
	facet normal 0.5680634882407555 0 -0.8229847345654385
		outer loop
			vertex 22.00531578063965 0 22.622766494750977
			vertex 22.00531578063965 3 22.622766494750977
			vertex 22.302915573120117 3 22.828184127807617
		endloop
	endfacet
	facet normal 0.5680634882407555 0 -0.8229847345654385
		outer loop
			vertex 22.00531578063965 0 22.622766494750977
			vertex 22.302915573120117 3 22.828184127807617
			vertex 22.302915573120117 0 22.828184127807617
		endloop
	endfacet
	facet normal 0.7485118046442782 0 -0.6631214657271819
		outer loop
			vertex 21.76552391052246 0 22.352096557617188
			vertex 21.76552391052246 3 22.352096557617188
			vertex 22.00531578063965 0 22.622766494750977
		endloop
	endfacet
	facet normal 0.885454934894803 0 -0.4647252503043498
		outer loop
			vertex 21.597475051879883 0 22.03190803527832
			vertex 21.597475051879883 3 22.03190803527832
			vertex 21.76552391052246 3 22.352096557617188
		endloop
	endfacet
	facet normal 0.885454934894803 0 -0.4647252503043498
		outer loop
			vertex 21.597475051879883 0 22.03190803527832
			vertex 21.76552391052246 3 22.352096557617188
			vertex 21.76552391052246 0 22.352096557617188
		endloop
	endfacet
	facet normal 1 0 0
		outer loop
			vertex 21.510936737060547 0 21.680805206298828
			vertex 21.510936737060547 3 21.319194793701172
			vertex 21.510936737060547 3 21.680805206298828
		endloop
	endfacet
	facet normal 0.9709423058911132 0 -0.23931368249819748
		outer loop
			vertex 21.510936737060547 0 21.680805206298828
			vertex 21.510936737060547 3 21.680805206298828
			vertex 21.597475051879883 3 22.03190803527832
		endloop
	endfacet
	facet normal 0.9709423058911132 0 -0.23931368249819748
		outer loop
			vertex 21.510936737060547 0 21.680805206298828
			vertex 21.597475051879883 3 22.03190803527832
			vertex 21.597475051879883 0 22.03190803527832
		endloop
	endfacet
	facet normal 0.9709423058911132 0 0.23931368249819748
		outer loop
			vertex 21.510936737060547 0 21.319194793701172
			vertex 21.597475051879883 3 20.96809196472168
			vertex 21.510936737060547 3 21.319194793701172
		endloop
	endfacet
	facet normal 1 0 0
		outer loop
			vertex 21.510936737060547 0 21.319194793701172
			vertex 21.510936737060547 3 21.319194793701172
			vertex 21.510936737060547 0 21.680805206298828
		endloop
	endfacet
	facet normal 0.9709423058911132 0 0.23931368249819748
		outer loop
			vertex 21.597475051879883 0 20.96809196472168
			vertex 21.597475051879883 3 20.96809196472168
			vertex 21.510936737060547 0 21.319194793701172
		endloop
	endfacet
	facet normal 0.885454934894803 0 0.4647252503043498
		outer loop
			vertex 21.76552391052246 0 20.647903442382812
			vertex 21.76552391052246 3 20.647903442382812
			vertex 21.597475051879883 3 20.96809196472168
		endloop
	endfacet
	facet normal 0.885454934894803 0 0.4647252503043498
		outer loop
			vertex 21.76552391052246 0 20.647903442382812
			vertex 21.597475051879883 3 20.96809196472168
			vertex 21.597475051879883 0 20.96809196472168
		endloop
	endfacet
	facet normal 0.7485118046442782 0 0.6631214657271819
		outer loop
			vertex 22.00531578063965 0 20.377233505249023
			vertex 22.00531578063965 3 20.377233505249023
			vertex 21.76552391052246 3 20.647903442382812
		endloop
	endfacet
	facet normal 0.7485118046442782 0 0.6631214657271819
		outer loop
			vertex 22.00531578063965 0 20.377233505249023
			vertex 21.76552391052246 3 20.647903442382812
			vertex 21.76552391052246 0 20.647903442382812
		endloop
	endfacet
	facet normal 0.5680634882407555 0 0.8229847345654385
		outer loop
			vertex 22.302915573120117 0 20.171815872192383
			vertex 22.302915573120117 3 20.171815872192383
			vertex 22.00531578063965 3 20.377233505249023
		endloop
	endfacet
	facet normal 0.5680634882407555 0 0.8229847345654385
		outer loop
			vertex 22.302915573120117 0 20.171815872192383
			vertex 22.00531578063965 3 20.377233505249023
			vertex 22.00531578063965 0 20.377233505249023
		endloop
	endfacet
	facet normal 0.35460541900537196 0 0.9350160409383491
		outer loop
			vertex 22.641027450561523 0 20.04358673095703
			vertex 22.641027450561523 3 20.04358673095703
			vertex 22.302915573120117 3 20.171815872192383
		endloop
	endfacet
	facet normal 0.35460541900537196 0 0.9350160409383491
		outer loop
			vertex 22.641027450561523 0 20.04358673095703
			vertex 22.302915573120117 3 20.171815872192383
			vertex 22.302915573120117 0 20.171815872192383
		endloop
	endfacet
	facet normal 0.1205355140761992 0 0.9927090156971411
		outer loop
			vertex 23 0 20
			vertex 23 3 20
			vertex 22.641027450561523 3 20.04358673095703
		endloop
	endfacet
	facet normal 0.1205355140761992 0 0.9927090156971411
		outer loop
			vertex 23 0 20
			vertex 22.641027450561523 3 20.04358673095703
			vertex 22.641027450561523 0 20.04358673095703
		endloop
	endfacet
	facet normal 0 0 1
		outer loop
			vertex 33 0 20
			vertex 23 3 20
			vertex 23 0 20
		endloop
	endfacet
	facet normal 0 0 1
		outer loop
			vertex 33 3 20
			vertex 23 3 20
			vertex 33 0 20
		endloop
	endfacet
	facet normal 0 0 -1
		outer loop
			vertex 33 0 29
			vertex 23 0 29
			vertex 23 3 29
		endloop
	endfacet
	facet normal 0 0 -1
		outer loop
			vertex 33 3 29
			vertex 33 0 29
			vertex 23 3 29
		endloop
	endfacet
	facet normal 0.1205355140761992 0 -0.9927090156971411
		outer loop
			vertex 22.641027450561523 0 28.95641326904297
			vertex 23 3 29
			vertex 23 0 29
		endloop
	endfacet
	facet normal 0.1205355140761992 0 -0.9927090156971411
		outer loop
			vertex 22.641027450561523 0 28.95641326904297
			vertex 22.641027450561523 3 28.95641326904297
			vertex 23 3 29
		endloop
	endfacet
	facet normal 0.35460541900537196 0 -0.9350160409383491
		outer loop
			vertex 22.302915573120117 0 28.828184127807617
			vertex 22.302915573120117 3 28.828184127807617
			vertex 22.641027450561523 3 28.95641326904297
		endloop
	endfacet
	facet normal 0.35460541900537196 0 -0.9350160409383491
		outer loop
			vertex 22.302915573120117 0 28.828184127807617
			vertex 22.641027450561523 3 28.95641326904297
			vertex 22.641027450561523 0 28.95641326904297
		endloop
	endfacet
	facet normal 0.7485118046442782 0 -0.6631214657271819
		outer loop
			vertex 22.00531578063965 0 28.622766494750977
			vertex 21.76552391052246 3 28.352096557617188
			vertex 22.00531578063965 3 28.622766494750977
		endloop
	endfacet
	facet normal 0.5680634882407555 0 -0.8229847345654385
		outer loop
			vertex 22.00531578063965 0 28.622766494750977
			vertex 22.00531578063965 3 28.622766494750977
			vertex 22.302915573120117 3 28.828184127807617
		endloop
	endfacet
	facet normal 0.5680634882407555 0 -0.8229847345654385
		outer loop
			vertex 22.00531578063965 0 28.622766494750977
			vertex 22.302915573120117 3 28.828184127807617
			vertex 22.302915573120117 0 28.828184127807617
		endloop
	endfacet
	facet normal 0.7485118046442782 0 -0.6631214657271819
		outer loop
			vertex 21.76552391052246 0 28.352096557617188
			vertex 21.76552391052246 3 28.352096557617188
			vertex 22.00531578063965 0 28.622766494750977
		endloop
	endfacet
	facet normal 0.885454934894803 0 -0.4647252503043498
		outer loop
			vertex 21.597475051879883 0 28.03190803527832
			vertex 21.597475051879883 3 28.03190803527832
			vertex 21.76552391052246 3 28.352096557617188
		endloop
	endfacet
	facet normal 0.885454934894803 0 -0.4647252503043498
		outer loop
			vertex 21.597475051879883 0 28.03190803527832
			vertex 21.76552391052246 3 28.352096557617188
			vertex 21.76552391052246 0 28.352096557617188
		endloop
	endfacet
	facet normal 1 0 0
		outer loop
			vertex 21.510936737060547 0 27.680805206298828
			vertex 21.510936737060547 3 27.319194793701172
			vertex 21.510936737060547 3 27.680805206298828
		endloop
	endfacet
	facet normal 0.9709423058911132 0 -0.23931368249819748
		outer loop
			vertex 21.510936737060547 0 27.680805206298828
			vertex 21.510936737060547 3 27.680805206298828
			vertex 21.597475051879883 3 28.03190803527832
		endloop
	endfacet
	facet normal 0.9709423058911132 0 -0.23931368249819748
		outer loop
			vertex 21.510936737060547 0 27.680805206298828
			vertex 21.597475051879883 3 28.03190803527832
			vertex 21.597475051879883 0 28.03190803527832
		endloop
	endfacet
	facet normal 0.9709423058911132 0 0.23931368249819748
		outer loop
			vertex 21.510936737060547 0 27.319194793701172
			vertex 21.597475051879883 3 26.96809196472168
			vertex 21.510936737060547 3 27.319194793701172
		endloop
	endfacet
	facet normal 1 0 0
		outer loop
			vertex 21.510936737060547 0 27.319194793701172
			vertex 21.510936737060547 3 27.319194793701172
			vertex 21.510936737060547 0 27.680805206298828
		endloop
	endfacet
	facet normal 0.9709423058911132 0 0.23931368249819748
		outer loop
			vertex 21.597475051879883 0 26.96809196472168
			vertex 21.597475051879883 3 26.96809196472168
			vertex 21.510936737060547 0 27.319194793701172
		endloop
	endfacet
	facet normal 0.885454934894803 0 0.4647252503043498
		outer loop
			vertex 21.76552391052246 0 26.647903442382812
			vertex 21.76552391052246 3 26.647903442382812
			vertex 21.597475051879883 3 26.96809196472168
		endloop
	endfacet
	facet normal 0.885454934894803 0 0.4647252503043498
		outer loop
			vertex 21.76552391052246 0 26.647903442382812
			vertex 21.597475051879883 3 26.96809196472168
			vertex 21.597475051879883 0 26.96809196472168
		endloop
	endfacet
	facet normal 0.7485118046442782 0 0.6631214657271819
		outer loop
			vertex 22.00531578063965 0 26.377233505249023
			vertex 22.00531578063965 3 26.377233505249023
			vertex 21.76552391052246 3 26.647903442382812
		endloop
	endfacet
	facet normal 0.7485118046442782 0 0.6631214657271819
		outer loop
			vertex 22.00531578063965 0 26.377233505249023
			vertex 21.76552391052246 3 26.647903442382812
			vertex 21.76552391052246 0 26.647903442382812
		endloop
	endfacet
	facet normal 0.5680634882407555 0 0.8229847345654385
		outer loop
			vertex 22.302915573120117 0 26.171815872192383
			vertex 22.302915573120117 3 26.171815872192383
			vertex 22.00531578063965 3 26.377233505249023
		endloop
	endfacet
	facet normal 0.5680634882407555 0 0.8229847345654385
		outer loop
			vertex 22.302915573120117 0 26.171815872192383
			vertex 22.00531578063965 3 26.377233505249023
			vertex 22.00531578063965 0 26.377233505249023
		endloop
	endfacet
	facet normal 0.35460541900537196 0 0.9350160409383491
		outer loop
			vertex 22.641027450561523 0 26.04358673095703
			vertex 22.641027450561523 3 26.04358673095703
			vertex 22.302915573120117 3 26.171815872192383
		endloop
	endfacet
	facet normal 0.35460541900537196 0 0.9350160409383491
		outer loop
			vertex 22.641027450561523 0 26.04358673095703
			vertex 22.302915573120117 3 26.171815872192383
			vertex 22.302915573120117 0 26.171815872192383
		endloop
	endfacet
	facet normal 0.1205355140761992 0 0.9927090156971411
		outer loop
			vertex 23 0 26
			vertex 23 3 26
			vertex 22.641027450561523 3 26.04358673095703
		endloop
	endfacet
	facet normal 0.1205355140761992 0 0.9927090156971411
		outer loop
			vertex 23 0 26
			vertex 22.641027450561523 3 26.04358673095703
			vertex 22.641027450561523 0 26.04358673095703
		endloop
	endfacet
	facet normal 0 0 1
		outer loop
			vertex 33 0 26
			vertex 23 3 26
			vertex 23 0 26
		endloop
	endfacet
	facet normal 0 0 1
		outer loop
			vertex 33 3 26
			vertex 23 3 26
			vertex 33 0 26
		endloop
	endfacet
	facet normal 0 0 -1
		outer loop
			vertex 33 0 35
			vertex 23 0 35
			vertex 23 3 35
		endloop
	endfacet
	facet normal 0 0 -1
		outer loop
			vertex 33 3 35
			vertex 33 0 35
			vertex 23 3 35
		endloop
	endfacet
	facet normal 0.1205355140761992 0 -0.9927090156971411
		outer loop
			vertex 22.641027450561523 0 34.95641326904297
			vertex 23 3 35
			vertex 23 0 35
		endloop
	endfacet
	facet normal 0.1205355140761992 0 -0.9927090156971411
		outer loop
			vertex 22.641027450561523 0 34.95641326904297
			vertex 22.641027450561523 3 34.95641326904297
			vertex 23 3 35
		endloop
	endfacet
	facet normal 0.3546100303292007 0 -0.935014292077893
		outer loop
			vertex 22.302915573120117 0 34.828182220458984
			vertex 22.302915573120117 3 34.828182220458984
			vertex 22.641027450561523 3 34.95641326904297
		endloop
	endfacet
	facet normal 0.3546100303292007 0 -0.935014292077893
		outer loop
			vertex 22.302915573120117 0 34.828182220458984
			vertex 22.641027450561523 3 34.95641326904297
			vertex 22.641027450561523 0 34.95641326904297
		endloop
	endfacet
	facet normal 0.7485094852346303 0 -0.6631240837986423
		outer loop
			vertex 22.00531578063965 0 34.622764587402344
			vertex 21.76552391052246 3 34.35209655761719
			vertex 22.00531578063965 3 34.622764587402344
		endloop
	endfacet
	facet normal 0.5680634882407555 0 -0.8229847345654385
		outer loop
			vertex 22.00531578063965 0 34.622764587402344
			vertex 22.00531578063965 3 34.622764587402344
			vertex 22.302915573120117 3 34.828182220458984
		endloop
	endfacet
	facet normal 0.5680634882407555 0 -0.8229847345654385
		outer loop
			vertex 22.00531578063965 0 34.622764587402344
			vertex 22.302915573120117 3 34.828182220458984
			vertex 22.302915573120117 0 34.828182220458984
		endloop
	endfacet
	facet normal 0.7485094852346303 0 -0.6631240837986423
		outer loop
			vertex 21.76552391052246 0 34.35209655761719
			vertex 21.76552391052246 3 34.35209655761719
			vertex 22.00531578063965 0 34.622764587402344
		endloop
	endfacet
	facet normal 0.8854560740431457 0 -0.46472307984443745
		outer loop
			vertex 21.597475051879883 0 34.03190612792969
			vertex 21.597475051879883 3 34.03190612792969
			vertex 21.76552391052246 3 34.35209655761719
		endloop
	endfacet
	facet normal 0.8854560740431457 0 -0.46472307984443745
		outer loop
			vertex 21.597475051879883 0 34.03190612792969
			vertex 21.76552391052246 3 34.35209655761719
			vertex 21.76552391052246 0 34.35209655761719
		endloop
	endfacet
	facet normal 1 0 0
		outer loop
			vertex 21.510936737060547 0 33.68080520629883
			vertex 21.510936737060547 3 33.31919479370117
			vertex 21.510936737060547 3 33.68080520629883
		endloop
	endfacet
	facet normal 0.9709420038072172 0 -0.23931490810817832
		outer loop
			vertex 21.510936737060547 0 33.68080520629883
			vertex 21.510936737060547 3 33.68080520629883
			vertex 21.597475051879883 3 34.03190612792969
		endloop
	endfacet
	facet normal 0.9709420038072172 0 -0.23931490810817832
		outer loop
			vertex 21.510936737060547 0 33.68080520629883
			vertex 21.597475051879883 3 34.03190612792969
			vertex 21.597475051879883 0 34.03190612792969
		endloop
	endfacet
	facet normal 0.9709420038072172 0 0.23931490810817832
		outer loop
			vertex 21.510936737060547 0 33.31919479370117
			vertex 21.597475051879883 3 32.96809387207031
			vertex 21.510936737060547 3 33.31919479370117
		endloop
	endfacet
	facet normal 1 0 0
		outer loop
			vertex 21.510936737060547 0 33.31919479370117
			vertex 21.510936737060547 3 33.31919479370117
			vertex 21.510936737060547 0 33.68080520629883
		endloop
	endfacet
	facet normal 0.9709420038072172 0 0.23931490810817832
		outer loop
			vertex 21.597475051879883 0 32.96809387207031
			vertex 21.597475051879883 3 32.96809387207031
			vertex 21.510936737060547 0 33.31919479370117
		endloop
	endfacet
	facet normal 0.8854560740431457 0 0.46472307984443745
		outer loop
			vertex 21.76552391052246 0 32.64790344238281
			vertex 21.76552391052246 3 32.64790344238281
			vertex 21.597475051879883 3 32.96809387207031
		endloop
	endfacet
	facet normal 0.8854560740431457 0 0.46472307984443745
		outer loop
			vertex 21.76552391052246 0 32.64790344238281
			vertex 21.597475051879883 3 32.96809387207031
			vertex 21.597475051879883 0 32.96809387207031
		endloop
	endfacet
	facet normal 0.7485094852346303 0 0.6631240837986423
		outer loop
			vertex 22.00531578063965 0 32.377235412597656
			vertex 22.00531578063965 3 32.377235412597656
			vertex 21.76552391052246 3 32.64790344238281
		endloop
	endfacet
	facet normal 0.7485094852346303 0 0.6631240837986423
		outer loop
			vertex 22.00531578063965 0 32.377235412597656
			vertex 21.76552391052246 3 32.64790344238281
			vertex 21.76552391052246 0 32.64790344238281
		endloop
	endfacet
	facet normal 0.5680634882407555 0 0.8229847345654385
		outer loop
			vertex 22.302915573120117 0 32.171817779541016
			vertex 22.302915573120117 3 32.171817779541016
			vertex 22.00531578063965 3 32.377235412597656
		endloop
	endfacet
	facet normal 0.5680634882407555 0 0.8229847345654385
		outer loop
			vertex 22.302915573120117 0 32.171817779541016
			vertex 22.00531578063965 3 32.377235412597656
			vertex 22.00531578063965 0 32.377235412597656
		endloop
	endfacet
	facet normal 0.3546100303292007 0 0.935014292077893
		outer loop
			vertex 22.641027450561523 0 32.04358673095703
			vertex 22.641027450561523 3 32.04358673095703
			vertex 22.302915573120117 3 32.171817779541016
		endloop
	endfacet
	facet normal 0.3546100303292007 0 0.935014292077893
		outer loop
			vertex 22.641027450561523 0 32.04358673095703
			vertex 22.302915573120117 3 32.171817779541016
			vertex 22.302915573120117 0 32.171817779541016
		endloop
	endfacet
	facet normal 0.1205355140761992 0 0.9927090156971411
		outer loop
			vertex 23 0 32
			vertex 23 3 32
			vertex 22.641027450561523 3 32.04358673095703
		endloop
	endfacet
	facet normal 0.1205355140761992 0 0.9927090156971411
		outer loop
			vertex 23 0 32
			vertex 22.641027450561523 3 32.04358673095703
			vertex 22.641027450561523 0 32.04358673095703
		endloop
	endfacet
	facet normal 0 0 1
		outer loop
			vertex 33 0 32
			vertex 23 3 32
			vertex 23 0 32
		endloop
	endfacet
	facet normal 0 0 1
		outer loop
			vertex 33 3 32
			vertex 23 3 32
			vertex 33 0 32
		endloop
	endfacet
	facet normal 0.1205355140761992 0 -0.9927090156971411
		outer loop
			vertex 23.358972549438477 0 -16.95641326904297
			vertex 23 0 -17
			vertex 23 3 -17
		endloop
	endfacet
	facet normal 0.1205355140761992 0 -0.9927090156971411
		outer loop
			vertex 23.358972549438477 0 -16.95641326904297
			vertex 23 3 -17
			vertex 23.358972549438477 3 -16.95641326904297
		endloop
	endfacet
	facet normal 0.35460541900537196 0 -0.9350160409383491
		outer loop
			vertex 23.697084426879883 0 -16.828184127807617
			vertex 23.358972549438477 3 -16.95641326904297
			vertex 23.697084426879883 3 -16.828184127807617
		endloop
	endfacet
	facet normal 0.35460541900537196 0 -0.9350160409383491
		outer loop
			vertex 23.697084426879883 0 -16.828184127807617
			vertex 23.358972549438477 0 -16.95641326904297
			vertex 23.358972549438477 3 -16.95641326904297
		endloop
	endfacet
	facet normal 0.5680634882407555 0 -0.8229847345654385
		outer loop
			vertex 23.99468421936035 0 -16.622766494750977
			vertex 23.697084426879883 3 -16.828184127807617
			vertex 23.99468421936035 3 -16.622766494750977
		endloop
	endfacet
	facet normal 0.5680634882407555 0 -0.8229847345654385
		outer loop
			vertex 23.99468421936035 0 -16.622766494750977
			vertex 23.697084426879883 0 -16.828184127807617
			vertex 23.697084426879883 3 -16.828184127807617
		endloop
	endfacet
	facet normal 0.7485118046442782 0 -0.6631214657271819
		outer loop
			vertex 24.23447608947754 0 -16.352096557617188
			vertex 23.99468421936035 3 -16.622766494750977
			vertex 24.23447608947754 3 -16.352096557617188
		endloop
	endfacet
	facet normal 0.7485118046442782 0 -0.6631214657271819
		outer loop
			vertex 24.23447608947754 0 -16.352096557617188
			vertex 23.99468421936035 0 -16.622766494750977
			vertex 23.99468421936035 3 -16.622766494750977
		endloop
	endfacet
	facet normal 0.885454934894803 0 -0.4647252503043498
		outer loop
			vertex 24.402524948120117 0 -16.03190803527832
			vertex 24.23447608947754 3 -16.352096557617188
			vertex 24.402524948120117 3 -16.03190803527832
		endloop
	endfacet
	facet normal 0.885454934894803 0 -0.4647252503043498
		outer loop
			vertex 24.402524948120117 0 -16.03190803527832
			vertex 24.23447608947754 0 -16.352096557617188
			vertex 24.23447608947754 3 -16.352096557617188
		endloop
	endfacet
	facet normal 0.9709423058911132 0 -0.23931368249819748
		outer loop
			vertex 24.489063262939453 0 -15.680805206298828
			vertex 24.402524948120117 3 -16.03190803527832
			vertex 24.489063262939453 3 -15.680805206298828
		endloop
	endfacet
	facet normal 0.9709423058911132 0 -0.23931368249819748
		outer loop
			vertex 24.489063262939453 0 -15.680805206298828
			vertex 24.402524948120117 0 -16.03190803527832
			vertex 24.402524948120117 3 -16.03190803527832
		endloop
	endfacet
	facet normal 1 0 0
		outer loop
			vertex 24.489063262939453 0 -15.319194793701172
			vertex 24.489063262939453 3 -15.680805206298828
			vertex 24.489063262939453 3 -15.319194793701172
		endloop
	endfacet
	facet normal 1 0 0
		outer loop
			vertex 24.489063262939453 0 -15.319194793701172
			vertex 24.489063262939453 0 -15.680805206298828
			vertex 24.489063262939453 3 -15.680805206298828
		endloop
	endfacet
	facet normal 0.8854560740431457 0 0.46472307984443745
		outer loop
			vertex 24.402524948120117 0 -14.968092918395996
			vertex 24.402524948120117 3 -14.968092918395996
			vertex 24.23447608947754 3 -14.647902488708496
		endloop
	endfacet
	facet normal 0.9709421548497453 0 0.23931429530166637
		outer loop
			vertex 24.402524948120117 0 -14.968092918395996
			vertex 24.489063262939453 3 -15.319194793701172
			vertex 24.402524948120117 3 -14.968092918395996
		endloop
	endfacet
	facet normal 0.9709421548497453 0 0.23931429530166637
		outer loop
			vertex 24.402524948120117 0 -14.968092918395996
			vertex 24.489063262939453 0 -15.319194793701172
			vertex 24.489063262939453 3 -15.319194793701172
		endloop
	endfacet
	facet normal 0.8854560740431457 0 0.46472307984443745
		outer loop
			vertex 24.23447608947754 0 -14.647902488708496
			vertex 24.402524948120117 0 -14.968092918395996
			vertex 24.23447608947754 3 -14.647902488708496
		endloop
	endfacet
	facet normal 0.5680634882407555 0 0.8229847345654385
		outer loop
			vertex 23.99468421936035 0 -14.377233505249023
			vertex 23.99468421936035 3 -14.377233505249023
			vertex 23.697084426879883 3 -14.171815872192383
		endloop
	endfacet
	facet normal 0.7485106449428883 0 0.6631227747613421
		outer loop
			vertex 23.99468421936035 0 -14.377233505249023
			vertex 24.23447608947754 3 -14.647902488708496
			vertex 23.99468421936035 3 -14.377233505249023
		endloop
	endfacet
	facet normal 0.7485106449428883 0 0.6631227747613421
		outer loop
			vertex 23.99468421936035 0 -14.377233505249023
			vertex 24.23447608947754 0 -14.647902488708496
			vertex 24.23447608947754 3 -14.647902488708496
		endloop
	endfacet
	facet normal 0.5680634882407555 0 0.8229847345654385
		outer loop
			vertex 23.697084426879883 0 -14.171815872192383
			vertex 23.99468421936035 0 -14.377233505249023
			vertex 23.697084426879883 3 -14.171815872192383
		endloop
	endfacet
	facet normal 0.35460311333375444 0 0.9350169153625022
		outer loop
			vertex 23.358972549438477 0 -14.043587684631348
			vertex 23.697084426879883 3 -14.171815872192383
			vertex 23.358972549438477 3 -14.043587684631348
		endloop
	endfacet
	facet normal 0.35460311333375444 0 0.9350169153625022
		outer loop
			vertex 23.358972549438477 0 -14.043587684631348
			vertex 23.697084426879883 0 -14.171815872192383
			vertex 23.697084426879883 3 -14.171815872192383
		endloop
	endfacet
	facet normal 0.1205381130657807 0 0.9927087001223174
		outer loop
			vertex 23 0 -14
			vertex 23.358972549438477 3 -14.043587684631348
			vertex 23 3 -14
		endloop
	endfacet
	facet normal 0.1205381130657807 0 0.9927087001223174
		outer loop
			vertex 23 0 -14
			vertex 23.358972549438477 0 -14.043587684631348
			vertex 23.358972549438477 3 -14.043587684631348
		endloop
	endfacet
	facet normal 0 0 1
		outer loop
			vertex 33 0 -17
			vertex 23 3 -17
			vertex 23 0 -17
		endloop
	endfacet
	facet normal 0 0 1
		outer loop
			vertex 33 3 -17
			vertex 23 3 -17
			vertex 33 0 -17
		endloop
	endfacet
	facet normal 0.1205348829364362 0 -0.9927090923304268
		outer loop
			vertex 33.35897445678711 0 -16.95641326904297
			vertex 33 0 -17
			vertex 33 3 -17
		endloop
	endfacet
	facet normal 0.1205348829364362 0 -0.9927090923304268
		outer loop
			vertex 33.35897445678711 0 -16.95641326904297
			vertex 33 3 -17
			vertex 33.35897445678711 3 -16.95641326904297
		endloop
	endfacet
	facet normal 0.35460541900537196 0 -0.9350160409383491
		outer loop
			vertex 33.697086334228516 0 -16.828184127807617
			vertex 33.35897445678711 3 -16.95641326904297
			vertex 33.697086334228516 3 -16.828184127807617
		endloop
	endfacet
	facet normal 0.35460541900537196 0 -0.9350160409383491
		outer loop
			vertex 33.697086334228516 0 -16.828184127807617
			vertex 33.35897445678711 0 -16.95641326904297
			vertex 33.35897445678711 3 -16.95641326904297
		endloop
	endfacet
	facet normal 0.5680684201010048 0 -0.8229813303374192
		outer loop
			vertex 33.99468231201172 0 -16.622766494750977
			vertex 33.697086334228516 3 -16.828184127807617
			vertex 33.99468231201172 3 -16.622766494750977
		endloop
	endfacet
	facet normal 0.5680684201010048 0 -0.8229813303374192
		outer loop
			vertex 33.99468231201172 0 -16.622766494750977
			vertex 33.697086334228516 0 -16.828184127807617
			vertex 33.697086334228516 3 -16.828184127807617
		endloop
	endfacet
	facet normal 0.7485118046442782 0 -0.6631214657271819
		outer loop
			vertex 34.234474182128906 0 -16.352096557617188
			vertex 33.99468231201172 3 -16.622766494750977
			vertex 34.234474182128906 3 -16.352096557617188
		endloop
	endfacet
	facet normal 0.7485118046442782 0 -0.6631214657271819
		outer loop
			vertex 34.234474182128906 0 -16.352096557617188
			vertex 33.99468231201172 0 -16.622766494750977
			vertex 33.99468231201172 3 -16.622766494750977
		endloop
	endfacet
	facet normal 0.885454934894803 0 -0.4647252503043498
		outer loop
			vertex 34.402523040771484 0 -16.03190803527832
			vertex 34.234474182128906 3 -16.352096557617188
			vertex 34.402523040771484 3 -16.03190803527832
		endloop
	endfacet
	facet normal 0.885454934894803 0 -0.4647252503043498
		outer loop
			vertex 34.402523040771484 0 -16.03190803527832
			vertex 34.234474182128906 0 -16.352096557617188
			vertex 34.234474182128906 3 -16.352096557617188
		endloop
	endfacet
	facet normal 0.9709410802760327 0 -0.23931865500292893
		outer loop
			vertex 34.48906326293945 0 -15.680805206298828
			vertex 34.402523040771484 3 -16.03190803527832
			vertex 34.48906326293945 3 -15.680805206298828
		endloop
	endfacet
	facet normal 0.9709410802760327 0 -0.23931865500292893
		outer loop
			vertex 34.48906326293945 0 -15.680805206298828
			vertex 34.402523040771484 0 -16.03190803527832
			vertex 34.402523040771484 3 -16.03190803527832
		endloop
	endfacet
	facet normal 1 0 0
		outer loop
			vertex 34.48906326293945 0 -15.319194793701172
			vertex 34.48906326293945 3 -15.680805206298828
			vertex 34.48906326293945 3 -15.319194793701172
		endloop
	endfacet
	facet normal 1 0 0
		outer loop
			vertex 34.48906326293945 0 -15.319194793701172
			vertex 34.48906326293945 0 -15.680805206298828
			vertex 34.48906326293945 3 -15.680805206298828
		endloop
	endfacet
	facet normal 0.8854560740431457 0 0.46472307984443745
		outer loop
			vertex 34.402523040771484 0 -14.968092918395996
			vertex 34.402523040771484 3 -14.968092918395996
			vertex 34.234474182128906 3 -14.647902488708496
		endloop
	endfacet
	facet normal 0.9709409292285788 0 0.2393192678175837
		outer loop
			vertex 34.402523040771484 0 -14.968092918395996
			vertex 34.48906326293945 3 -15.319194793701172
			vertex 34.402523040771484 3 -14.968092918395996
		endloop
	endfacet
	facet normal 0.9709409292285788 0 0.2393192678175837
		outer loop
			vertex 34.402523040771484 0 -14.968092918395996
			vertex 34.48906326293945 0 -15.319194793701172
			vertex 34.48906326293945 3 -15.319194793701172
		endloop
	endfacet
	facet normal 0.8854560740431457 0 0.46472307984443745
		outer loop
			vertex 34.234474182128906 0 -14.647902488708496
			vertex 34.402523040771484 0 -14.968092918395996
			vertex 34.234474182128906 3 -14.647902488708496
		endloop
	endfacet
	facet normal 0.5680684201010048 0 0.8229813303374192
		outer loop
			vertex 33.99468231201172 0 -14.377233505249023
			vertex 33.99468231201172 3 -14.377233505249023
			vertex 33.697086334228516 3 -14.171815872192383
		endloop
	endfacet
	facet normal 0.7485106449428883 0 0.6631227747613421
		outer loop
			vertex 33.99468231201172 0 -14.377233505249023
			vertex 34.234474182128906 3 -14.647902488708496
			vertex 33.99468231201172 3 -14.377233505249023
		endloop
	endfacet
	facet normal 0.7485106449428883 0 0.6631227747613421
		outer loop
			vertex 33.99468231201172 0 -14.377233505249023
			vertex 34.234474182128906 0 -14.647902488708496
			vertex 34.234474182128906 3 -14.647902488708496
		endloop
	endfacet
	facet normal 0.5680684201010048 0 0.8229813303374192
		outer loop
			vertex 33.697086334228516 0 -14.171815872192383
			vertex 33.99468231201172 0 -14.377233505249023
			vertex 33.697086334228516 3 -14.171815872192383
		endloop
	endfacet
	facet normal 0.12053748191281036 0 0.9927087767588836
		outer loop
			vertex 33.35897445678711 0 -14.043587684631348
			vertex 33.35897445678711 3 -14.043587684631348
			vertex 33 3 -14
		endloop
	endfacet
	facet normal 0.35460311333375444 0 0.9350169153625022
		outer loop
			vertex 33.35897445678711 0 -14.043587684631348
			vertex 33.697086334228516 3 -14.171815872192383
			vertex 33.35897445678711 3 -14.043587684631348
		endloop
	endfacet
	facet normal 0.35460311333375444 0 0.9350169153625022
		outer loop
			vertex 33.35897445678711 0 -14.043587684631348
			vertex 33.697086334228516 0 -14.171815872192383
			vertex 33.697086334228516 3 -14.171815872192383
		endloop
	endfacet
	facet normal 0.12053748191281036 0 0.9927087767588836
		outer loop
			vertex 33 0 -14
			vertex 33.35897445678711 0 -14.043587684631348
			vertex 33 3 -14
		endloop
	endfacet
	facet normal 0 0 -1
		outer loop
			vertex -32.5 0 -49.5
			vertex -62.5 0 -49.5
			vertex -62.5 3 -49.5
		endloop
	endfacet
	facet normal 0 0 -1
		outer loop
			vertex -32.5 3 -49.5
			vertex -32.5 0 -49.5
			vertex -62.5 3 -49.5
		endloop
	endfacet
	facet normal 0.995184491966791 0 0.09801952330428906
		outer loop
			vertex -69.36549377441406 0 -43.865631103515625
			vertex -69.5 3 -42.5
			vertex -69.5 0 -42.5
		endloop
	endfacet
	facet normal 0.995184491966791 0 0.09801952330428906
		outer loop
			vertex -69.36549377441406 0 -43.865631103515625
			vertex -69.36549377441406 3 -43.865631103515625
			vertex -69.5 3 -42.5
		endloop
	endfacet
	facet normal 0.95694075707683 0 0.2902832882637638
		outer loop
			vertex -68.96715545654297 0 -45.17878341674805
			vertex -68.96715545654297 3 -45.17878341674805
			vertex -69.36549377441406 3 -43.865631103515625
		endloop
	endfacet
	facet normal 0.95694075707683 0 0.2902832882637638
		outer loop
			vertex -68.96715545654297 0 -45.17878341674805
			vertex -69.36549377441406 3 -43.865631103515625
			vertex -69.36549377441406 0 -43.865631103515625
		endloop
	endfacet
	facet normal 0.8819225626272335 0 0.4713943079090091
		outer loop
			vertex -68.3202896118164 0 -46.38899230957031
			vertex -68.3202896118164 3 -46.38899230957031
			vertex -68.96715545654297 3 -45.17878341674805
		endloop
	endfacet
	facet normal 0.8819225626272335 0 0.4713943079090091
		outer loop
			vertex -68.3202896118164 0 -46.38899230957031
			vertex -68.96715545654297 3 -45.17878341674805
			vertex -68.96715545654297 0 -45.17878341674805
		endloop
	endfacet
	facet normal 0.6343930327263569 0 0.7730106597119186
		outer loop
			vertex -67.44974517822266 0 -47.44974899291992
			vertex -66.38899230957031 3 -48.32028579711914
			vertex -67.44974517822266 3 -47.44974899291992
		endloop
	endfacet
	facet normal 0.7730090520091916 0 0.6343949917140355
		outer loop
			vertex -67.44974517822266 0 -47.44974899291992
			vertex -67.44974517822266 3 -47.44974899291992
			vertex -68.3202896118164 3 -46.38899230957031
		endloop
	endfacet
	facet normal 0.7730090520091916 0 0.6343949917140355
		outer loop
			vertex -67.44974517822266 0 -47.44974899291992
			vertex -68.3202896118164 3 -46.38899230957031
			vertex -68.3202896118164 0 -46.38899230957031
		endloop
	endfacet
	facet normal 0.6343930327263569 0 0.7730106597119186
		outer loop
			vertex -66.38899230957031 0 -48.32028579711914
			vertex -66.38899230957031 3 -48.32028579711914
			vertex -67.44974517822266 0 -47.44974899291992
		endloop
	endfacet
	facet normal 0.2902850617025407 0 0.9569402191110752
		outer loop
			vertex -65.17878723144531 0 -48.96715545654297
			vertex -63.865631103515625 3 -49.36549758911133
			vertex -65.17878723144531 3 -48.96715545654297
		endloop
	endfacet
	facet normal 0.4713976257853832 0 0.8819207891890882
		outer loop
			vertex -65.17878723144531 0 -48.96715545654297
			vertex -65.17878723144531 3 -48.96715545654297
			vertex -66.38899230957031 3 -48.32028579711914
		endloop
	endfacet
	facet normal 0.4713976257853832 0 0.8819207891890882
		outer loop
			vertex -65.17878723144531 0 -48.96715545654297
			vertex -66.38899230957031 3 -48.32028579711914
			vertex -66.38899230957031 0 -48.32028579711914
		endloop
	endfacet
	facet normal 0.09801677010495938 0 0.995184763136068
		outer loop
			vertex -63.865631103515625 0 -49.36549758911133
			vertex -62.5 3 -49.5
			vertex -63.865631103515625 3 -49.36549758911133
		endloop
	endfacet
	facet normal 0.2902850617025407 0 0.9569402191110752
		outer loop
			vertex -63.865631103515625 0 -49.36549758911133
			vertex -63.865631103515625 3 -49.36549758911133
			vertex -65.17878723144531 0 -48.96715545654297
		endloop
	endfacet
	facet normal 0.09801677010495938 0 0.995184763136068
		outer loop
			vertex -62.5 0 -49.5
			vertex -62.5 3 -49.5
			vertex -63.865631103515625 0 -49.36549758911133
		endloop
	endfacet
	facet normal -1 0 0
		outer loop
			vertex -69.5 0 42.5
			vertex -69.5 3 -42.5
			vertex -69.5 0 -42.5
		endloop
	endfacet
	facet normal -1 0 0
		outer loop
			vertex -69.5 3 42.5
			vertex -69.5 3 -42.5
			vertex -69.5 0 42.5
		endloop
	endfacet
	facet normal -0.09801677010495938 0 0.995184763136068
		outer loop
			vertex -63.865631103515625 0 49.36549758911133
			vertex -62.5 0 49.5
			vertex -62.5 3 49.5
		endloop
	endfacet
	facet normal -0.09801677010495938 0 0.995184763136068
		outer loop
			vertex -63.865631103515625 0 49.36549758911133
			vertex -62.5 3 49.5
			vertex -63.865631103515625 3 49.36549758911133
		endloop
	endfacet
	facet normal -0.4713976257853832 0 0.8819207891890882
		outer loop
			vertex -65.17878723144531 0 48.96715545654297
			vertex -65.17878723144531 3 48.96715545654297
			vertex -66.38899230957031 3 48.32028579711914
		endloop
	endfacet
	facet normal -0.2902850617025407 0 0.9569402191110752
		outer loop
			vertex -65.17878723144531 0 48.96715545654297
			vertex -63.865631103515625 3 49.36549758911133
			vertex -65.17878723144531 3 48.96715545654297
		endloop
	endfacet
	facet normal -0.2902850617025407 0 0.9569402191110752
		outer loop
			vertex -65.17878723144531 0 48.96715545654297
			vertex -63.865631103515625 0 49.36549758911133
			vertex -63.865631103515625 3 49.36549758911133
		endloop
	endfacet
	facet normal -0.4713976257853832 0 0.8819207891890882
		outer loop
			vertex -66.38899230957031 0 48.32028579711914
			vertex -65.17878723144531 0 48.96715545654297
			vertex -66.38899230957031 3 48.32028579711914
		endloop
	endfacet
	facet normal -0.6343930327263569 0 0.7730106597119186
		outer loop
			vertex -67.44974517822266 0 47.44974899291992
			vertex -66.38899230957031 3 48.32028579711914
			vertex -67.44974517822266 3 47.44974899291992
		endloop
	endfacet
	facet normal -0.6343930327263569 0 0.7730106597119186
		outer loop
			vertex -67.44974517822266 0 47.44974899291992
			vertex -66.38899230957031 0 48.32028579711914
			vertex -66.38899230957031 3 48.32028579711914
		endloop
	endfacet
	facet normal -0.7730090520091916 0 0.6343949917140355
		outer loop
			vertex -68.3202896118164 0 46.38899230957031
			vertex -67.44974517822266 3 47.44974899291992
			vertex -68.3202896118164 3 46.38899230957031
		endloop
	endfacet
	facet normal -0.7730090520091916 0 0.6343949917140355
		outer loop
			vertex -68.3202896118164 0 46.38899230957031
			vertex -67.44974517822266 0 47.44974899291992
			vertex -67.44974517822266 3 47.44974899291992
		endloop
	endfacet
	facet normal -0.8819225626272335 0 0.4713943079090091
		outer loop
			vertex -68.96715545654297 0 45.17878341674805
			vertex -68.3202896118164 3 46.38899230957031
			vertex -68.96715545654297 3 45.17878341674805
		endloop
	endfacet
	facet normal -0.8819225626272335 0 0.4713943079090091
		outer loop
			vertex -68.96715545654297 0 45.17878341674805
			vertex -68.3202896118164 0 46.38899230957031
			vertex -68.3202896118164 3 46.38899230957031
		endloop
	endfacet
	facet normal -0.95694075707683 0 0.2902832882637638
		outer loop
			vertex -69.36549377441406 0 43.865631103515625
			vertex -68.96715545654297 3 45.17878341674805
			vertex -69.36549377441406 3 43.865631103515625
		endloop
	endfacet
	facet normal -0.95694075707683 0 0.2902832882637638
		outer loop
			vertex -69.36549377441406 0 43.865631103515625
			vertex -68.96715545654297 0 45.17878341674805
			vertex -68.96715545654297 3 45.17878341674805
		endloop
	endfacet
	facet normal -0.995184491966791 0 0.09801952330428906
		outer loop
			vertex -69.5 0 42.5
			vertex -69.36549377441406 3 43.865631103515625
			vertex -69.5 3 42.5
		endloop
	endfacet
	facet normal -0.995184491966791 0 0.09801952330428906
		outer loop
			vertex -69.5 0 42.5
			vertex -69.36549377441406 0 43.865631103515625
			vertex -69.36549377441406 3 43.865631103515625
		endloop
	endfacet
	facet normal 0 0 1
		outer loop
			vertex -32.5 0 49.5
			vertex -62.5 3 49.5
			vertex -62.5 0 49.5
		endloop
	endfacet
	facet normal 0 0 1
		outer loop
			vertex -32.5 3 49.5
			vertex -62.5 3 49.5
			vertex -32.5 0 49.5
		endloop
	endfacet
	facet normal 1 0 0
		outer loop
			vertex -32.5 3 49.5
			vertex -32.5 0 46.5
			vertex -32.5 3 46.5
		endloop
	endfacet
	facet normal 1 0 0
		outer loop
			vertex -32.5 3 49.5
			vertex -32.5 0 49.5
			vertex -32.5 0 46.5
		endloop
	endfacet
	facet normal 0 0 1
		outer loop
			vertex -32.5 3 46.5
			vertex -23 0 46.5
			vertex -23 3 46.5
		endloop
	endfacet
	facet normal 0 0 1
		outer loop
			vertex -32.5 3 46.5
			vertex -32.5 0 46.5
			vertex -23 0 46.5
		endloop
	endfacet
	facet normal -1 0 0
		outer loop
			vertex -23 3 49.5
			vertex -23 0 46.5
			vertex -23 0 49.5
		endloop
	endfacet
	facet normal -1 0 0
		outer loop
			vertex -23 3 49.5
			vertex -23 3 46.5
			vertex -23 0 46.5
		endloop
	endfacet
	facet normal 0 0 1
		outer loop
			vertex 62.5 0 49.5
			vertex -23 3 49.5
			vertex -23 0 49.5
		endloop
	endfacet
	facet normal 0 0 1
		outer loop
			vertex 62.5 3 49.5
			vertex -23 3 49.5
			vertex 62.5 0 49.5
		endloop
	endfacet
	facet normal -0.995184491966791 0 -0.09801952330428906
		outer loop
			vertex 69.5 0 42.5
			vertex 69.36549377441406 3 43.865631103515625
			vertex 69.5 3 42.5
		endloop
	endfacet
	facet normal -0.995184491966791 0 -0.09801952330428906
		outer loop
			vertex 69.36549377441406 0 43.865631103515625
			vertex 69.36549377441406 3 43.865631103515625
			vertex 69.5 0 42.5
		endloop
	endfacet
	facet normal -0.95694075707683 0 -0.2902832882637638
		outer loop
			vertex 68.96715545654297 0 45.17878341674805
			vertex 68.96715545654297 3 45.17878341674805
			vertex 69.36549377441406 3 43.865631103515625
		endloop
	endfacet
	facet normal -0.95694075707683 0 -0.2902832882637638
		outer loop
			vertex 68.96715545654297 0 45.17878341674805
			vertex 69.36549377441406 3 43.865631103515625
			vertex 69.36549377441406 0 43.865631103515625
		endloop
	endfacet
	facet normal -0.7730090520091916 0 -0.6343949917140355
		outer loop
			vertex 68.3202896118164 0 46.38899230957031
			vertex 67.44974517822266 3 47.44974899291992
			vertex 68.3202896118164 3 46.38899230957031
		endloop
	endfacet
	facet normal -0.8819225626272335 0 -0.4713943079090091
		outer loop
			vertex 68.3202896118164 0 46.38899230957031
			vertex 68.3202896118164 3 46.38899230957031
			vertex 68.96715545654297 3 45.17878341674805
		endloop
	endfacet
	facet normal -0.8819225626272335 0 -0.4713943079090091
		outer loop
			vertex 68.3202896118164 0 46.38899230957031
			vertex 68.96715545654297 3 45.17878341674805
			vertex 68.96715545654297 0 45.17878341674805
		endloop
	endfacet
	facet normal -0.7730090520091916 0 -0.6343949917140355
		outer loop
			vertex 67.44974517822266 0 47.44974899291992
			vertex 67.44974517822266 3 47.44974899291992
			vertex 68.3202896118164 0 46.38899230957031
		endloop
	endfacet
	facet normal -0.6343930327263569 0 -0.7730106597119186
		outer loop
			vertex 66.38899230957031 0 48.32028579711914
			vertex 66.38899230957031 3 48.32028579711914
			vertex 67.44974517822266 3 47.44974899291992
		endloop
	endfacet
	facet normal -0.6343930327263569 0 -0.7730106597119186
		outer loop
			vertex 66.38899230957031 0 48.32028579711914
			vertex 67.44974517822266 3 47.44974899291992
			vertex 67.44974517822266 0 47.44974899291992
		endloop
	endfacet
	facet normal -0.4713976257853832 0 -0.8819207891890882
		outer loop
			vertex 65.17878723144531 0 48.96715545654297
			vertex 65.17878723144531 3 48.96715545654297
			vertex 66.38899230957031 3 48.32028579711914
		endloop
	endfacet
	facet normal -0.4713976257853832 0 -0.8819207891890882
		outer loop
			vertex 65.17878723144531 0 48.96715545654297
			vertex 66.38899230957031 3 48.32028579711914
			vertex 66.38899230957031 0 48.32028579711914
		endloop
	endfacet
	facet normal -0.2902850617025407 0 -0.9569402191110752
		outer loop
			vertex 63.865631103515625 0 49.36549758911133
			vertex 63.865631103515625 3 49.36549758911133
			vertex 65.17878723144531 3 48.96715545654297
		endloop
	endfacet
	facet normal -0.2902850617025407 0 -0.9569402191110752
		outer loop
			vertex 63.865631103515625 0 49.36549758911133
			vertex 65.17878723144531 3 48.96715545654297
			vertex 65.17878723144531 0 48.96715545654297
		endloop
	endfacet
	facet normal -0.09801677010495938 0 -0.995184763136068
		outer loop
			vertex 62.5 0 49.5
			vertex 62.5 3 49.5
			vertex 63.865631103515625 3 49.36549758911133
		endloop
	endfacet
	facet normal -0.09801677010495938 0 -0.995184763136068
		outer loop
			vertex 62.5 0 49.5
			vertex 63.865631103515625 3 49.36549758911133
			vertex 63.865631103515625 0 49.36549758911133
		endloop
	endfacet
	facet normal 1 0 0
		outer loop
			vertex 69.5 0 42.5
			vertex 69.5 0 -42.5
			vertex 69.5 3 -42.5
		endloop
	endfacet
	facet normal 1 0 0
		outer loop
			vertex 69.5 3 42.5
			vertex 69.5 0 42.5
			vertex 69.5 3 -42.5
		endloop
	endfacet
	facet normal -0.09801677010495938 0 0.995184763136068
		outer loop
			vertex 63.865631103515625 0 -49.36549758911133
			vertex 62.5 3 -49.5
			vertex 62.5 0 -49.5
		endloop
	endfacet
	facet normal -0.09801677010495938 0 0.995184763136068
		outer loop
			vertex 63.865631103515625 0 -49.36549758911133
			vertex 63.865631103515625 3 -49.36549758911133
			vertex 62.5 3 -49.5
		endloop
	endfacet
	facet normal -0.2902850617025407 0 0.9569402191110752
		outer loop
			vertex 65.17878723144531 0 -48.96715545654297
			vertex 65.17878723144531 3 -48.96715545654297
			vertex 63.865631103515625 3 -49.36549758911133
		endloop
	endfacet
	facet normal -0.2902850617025407 0 0.9569402191110752
		outer loop
			vertex 65.17878723144531 0 -48.96715545654297
			vertex 63.865631103515625 3 -49.36549758911133
			vertex 63.865631103515625 0 -49.36549758911133
		endloop
	endfacet
	facet normal -0.6343930327263569 0 0.7730106597119186
		outer loop
			vertex 66.38899230957031 0 -48.32028579711914
			vertex 67.44974517822266 3 -47.44974899291992
			vertex 66.38899230957031 3 -48.32028579711914
		endloop
	endfacet
	facet normal -0.4713976257853832 0 0.8819207891890882
		outer loop
			vertex 66.38899230957031 0 -48.32028579711914
			vertex 66.38899230957031 3 -48.32028579711914
			vertex 65.17878723144531 3 -48.96715545654297
		endloop
	endfacet
	facet normal -0.4713976257853832 0 0.8819207891890882
		outer loop
			vertex 66.38899230957031 0 -48.32028579711914
			vertex 65.17878723144531 3 -48.96715545654297
			vertex 65.17878723144531 0 -48.96715545654297
		endloop
	endfacet
	facet normal -0.6343930327263569 0 0.7730106597119186
		outer loop
			vertex 67.44974517822266 0 -47.44974899291992
			vertex 67.44974517822266 3 -47.44974899291992
			vertex 66.38899230957031 0 -48.32028579711914
		endloop
	endfacet
	facet normal -0.7730090520091916 0 0.6343949917140355
		outer loop
			vertex 68.3202896118164 0 -46.38899230957031
			vertex 68.3202896118164 3 -46.38899230957031
			vertex 67.44974517822266 3 -47.44974899291992
		endloop
	endfacet
	facet normal -0.7730090520091916 0 0.6343949917140355
		outer loop
			vertex 68.3202896118164 0 -46.38899230957031
			vertex 67.44974517822266 3 -47.44974899291992
			vertex 67.44974517822266 0 -47.44974899291992
		endloop
	endfacet
	facet normal -0.95694075707683 0 0.2902832882637638
		outer loop
			vertex 68.96715545654297 0 -45.17878341674805
			vertex 69.36549377441406 3 -43.865631103515625
			vertex 68.96715545654297 3 -45.17878341674805
		endloop
	endfacet
	facet normal -0.8819225626272335 0 0.4713943079090091
		outer loop
			vertex 68.96715545654297 0 -45.17878341674805
			vertex 68.96715545654297 3 -45.17878341674805
			vertex 68.3202896118164 3 -46.38899230957031
		endloop
	endfacet
	facet normal -0.8819225626272335 0 0.4713943079090091
		outer loop
			vertex 68.96715545654297 0 -45.17878341674805
			vertex 68.3202896118164 3 -46.38899230957031
			vertex 68.3202896118164 0 -46.38899230957031
		endloop
	endfacet
	facet normal -0.995184491966791 0 0.09801952330428906
		outer loop
			vertex 69.36549377441406 0 -43.865631103515625
			vertex 69.5 3 -42.5
			vertex 69.36549377441406 3 -43.865631103515625
		endloop
	endfacet
	facet normal -0.95694075707683 0 0.2902832882637638
		outer loop
			vertex 69.36549377441406 0 -43.865631103515625
			vertex 69.36549377441406 3 -43.865631103515625
			vertex 68.96715545654297 0 -45.17878341674805
		endloop
	endfacet
	facet normal -0.995184491966791 0 0.09801952330428906
		outer loop
			vertex 69.5 0 -42.5
			vertex 69.5 3 -42.5
			vertex 69.36549377441406 0 -43.865631103515625
		endloop
	endfacet
	facet normal 0 0 -1
		outer loop
			vertex 62.5 0 -49.5
			vertex -23 0 -49.5
			vertex -23 3 -49.5
		endloop
	endfacet
	facet normal 0 0 -1
		outer loop
			vertex 62.5 3 -49.5
			vertex 62.5 0 -49.5
			vertex -23 3 -49.5
		endloop
	endfacet
	facet normal -1 0 0
		outer loop
			vertex -23 3 -49.5
			vertex -23 0 -46.5
			vertex -23 3 -46.5
		endloop
	endfacet
	facet normal -1 0 0
		outer loop
			vertex -23 3 -49.5
			vertex -23 0 -49.5
			vertex -23 0 -46.5
		endloop
	endfacet
	facet normal 0 0 -1
		outer loop
			vertex -32.5 3 -46.5
			vertex -23 0 -46.5
			vertex -32.5 0 -46.5
		endloop
	endfacet
	facet normal 0 0 -1
		outer loop
			vertex -32.5 3 -46.5
			vertex -23 3 -46.5
			vertex -23 0 -46.5
		endloop
	endfacet
	facet normal 1 0 0
		outer loop
			vertex -32.5 3 -27.5
			vertex -32.5 0 -24.5
			vertex -32.5 0 -27.5
		endloop
	endfacet
	facet normal 1 0 0
		outer loop
			vertex -32.5 3 -27.5
			vertex -32.5 3 -24.5
			vertex -32.5 0 -24.5
		endloop
	endfacet
	facet normal 0 0 1
		outer loop
			vertex -32.5 3 -27.5
			vertex -23 0 -27.5
			vertex -23 3 -27.5
		endloop
	endfacet
	facet normal 0 0 1
		outer loop
			vertex -32.5 3 -27.5
			vertex -32.5 0 -27.5
			vertex -23 0 -27.5
		endloop
	endfacet
	facet normal -1 0 0
		outer loop
			vertex -23 3 -27.5
			vertex -23 0 -24.5
			vertex -23 3 -24.5
		endloop
	endfacet
	facet normal -1 0 0
		outer loop
			vertex -23 3 -27.5
			vertex -23 0 -27.5
			vertex -23 0 -24.5
		endloop
	endfacet
	facet normal -1 0 0
		outer loop
			vertex -23 3 27.5
			vertex -23 0 24.5
			vertex -23 0 27.5
		endloop
	endfacet
	facet normal -1 0 0
		outer loop
			vertex -23 3 27.5
			vertex -23 3 24.5
			vertex -23 0 24.5
		endloop
	endfacet
	facet normal 0 0 -1
		outer loop
			vertex -32.5 3 27.5
			vertex -23 0 27.5
			vertex -32.5 0 27.5
		endloop
	endfacet
	facet normal 0 0 -1
		outer loop
			vertex -32.5 3 27.5
			vertex -23 3 27.5
			vertex -23 0 27.5
		endloop
	endfacet
	facet normal 1 0 0
		outer loop
			vertex -32.5 3 27.5
			vertex -32.5 0 24.5
			vertex -32.5 3 24.5
		endloop
	endfacet
	facet normal 1 0 0
		outer loop
			vertex -32.5 3 27.5
			vertex -32.5 0 27.5
			vertex -32.5 0 24.5
		endloop
	endfacet
	facet normal 0 0 -1
		outer loop
			vertex 33 0 17
			vertex 23 0 17
			vertex 23 3 17
		endloop
	endfacet
	facet normal 0 0 -1
		outer loop
			vertex 33 3 17
			vertex 33 0 17
			vertex 23 3 17
		endloop
	endfacet
	facet normal 0.1205355140761992 0 -0.9927090156971411
		outer loop
			vertex 22.641027450561523 0 16.95641326904297
			vertex 23 3 17
			vertex 23 0 17
		endloop
	endfacet
	facet normal 0.1205355140761992 0 -0.9927090156971411
		outer loop
			vertex 22.641027450561523 0 16.95641326904297
			vertex 22.641027450561523 3 16.95641326904297
			vertex 23 3 17
		endloop
	endfacet
	facet normal 0.35460541900537196 0 -0.9350160409383491
		outer loop
			vertex 22.302915573120117 0 16.828184127807617
			vertex 22.302915573120117 3 16.828184127807617
			vertex 22.641027450561523 3 16.95641326904297
		endloop
	endfacet
	facet normal 0.35460541900537196 0 -0.9350160409383491
		outer loop
			vertex 22.302915573120117 0 16.828184127807617
			vertex 22.641027450561523 3 16.95641326904297
			vertex 22.641027450561523 0 16.95641326904297
		endloop
	endfacet
	facet normal 0.7485118046442782 0 -0.6631214657271819
		outer loop
			vertex 22.00531578063965 0 16.622766494750977
			vertex 21.76552391052246 3 16.352096557617188
			vertex 22.00531578063965 3 16.622766494750977
		endloop
	endfacet
	facet normal 0.5680634882407555 0 -0.8229847345654385
		outer loop
			vertex 22.00531578063965 0 16.622766494750977
			vertex 22.00531578063965 3 16.622766494750977
			vertex 22.302915573120117 3 16.828184127807617
		endloop
	endfacet
	facet normal 0.5680634882407555 0 -0.8229847345654385
		outer loop
			vertex 22.00531578063965 0 16.622766494750977
			vertex 22.302915573120117 3 16.828184127807617
			vertex 22.302915573120117 0 16.828184127807617
		endloop
	endfacet
	facet normal 0.7485118046442782 0 -0.6631214657271819
		outer loop
			vertex 21.76552391052246 0 16.352096557617188
			vertex 21.76552391052246 3 16.352096557617188
			vertex 22.00531578063965 0 16.622766494750977
		endloop
	endfacet
	facet normal 0.885454934894803 0 -0.4647252503043498
		outer loop
			vertex 21.597475051879883 0 16.03190803527832
			vertex 21.597475051879883 3 16.03190803527832
			vertex 21.76552391052246 3 16.352096557617188
		endloop
	endfacet
	facet normal 0.885454934894803 0 -0.4647252503043498
		outer loop
			vertex 21.597475051879883 0 16.03190803527832
			vertex 21.76552391052246 3 16.352096557617188
			vertex 21.76552391052246 0 16.352096557617188
		endloop
	endfacet
	facet normal 1 0 0
		outer loop
			vertex 21.510936737060547 0 15.680805206298828
			vertex 21.510936737060547 3 15.319194793701172
			vertex 21.510936737060547 3 15.680805206298828
		endloop
	endfacet
	facet normal 0.9709423058911132 0 -0.23931368249819748
		outer loop
			vertex 21.510936737060547 0 15.680805206298828
			vertex 21.510936737060547 3 15.680805206298828
			vertex 21.597475051879883 3 16.03190803527832
		endloop
	endfacet
	facet normal 0.9709423058911132 0 -0.23931368249819748
		outer loop
			vertex 21.510936737060547 0 15.680805206298828
			vertex 21.597475051879883 3 16.03190803527832
			vertex 21.597475051879883 0 16.03190803527832
		endloop
	endfacet
	facet normal 0.9709421548497453 0 0.23931429530166637
		outer loop
			vertex 21.510936737060547 0 15.319194793701172
			vertex 21.597475051879883 3 14.968092918395996
			vertex 21.510936737060547 3 15.319194793701172
		endloop
	endfacet
	facet normal 1 0 0
		outer loop
			vertex 21.510936737060547 0 15.319194793701172
			vertex 21.510936737060547 3 15.319194793701172
			vertex 21.510936737060547 0 15.680805206298828
		endloop
	endfacet
	facet normal 0.9709421548497453 0 0.23931429530166637
		outer loop
			vertex 21.597475051879883 0 14.968092918395996
			vertex 21.597475051879883 3 14.968092918395996
			vertex 21.510936737060547 0 15.319194793701172
		endloop
	endfacet
	facet normal 0.8854560740431457 0 0.46472307984443745
		outer loop
			vertex 21.76552391052246 0 14.647902488708496
			vertex 21.76552391052246 3 14.647902488708496
			vertex 21.597475051879883 3 14.968092918395996
		endloop
	endfacet
	facet normal 0.8854560740431457 0 0.46472307984443745
		outer loop
			vertex 21.76552391052246 0 14.647902488708496
			vertex 21.597475051879883 3 14.968092918395996
			vertex 21.597475051879883 0 14.968092918395996
		endloop
	endfacet
	facet normal 0.7485106449428883 0 0.6631227747613421
		outer loop
			vertex 22.00531578063965 0 14.377233505249023
			vertex 22.00531578063965 3 14.377233505249023
			vertex 21.76552391052246 3 14.647902488708496
		endloop
	endfacet
	facet normal 0.7485106449428883 0 0.6631227747613421
		outer loop
			vertex 22.00531578063965 0 14.377233505249023
			vertex 21.76552391052246 3 14.647902488708496
			vertex 21.76552391052246 0 14.647902488708496
		endloop
	endfacet
	facet normal 0.5680634882407555 0 0.8229847345654385
		outer loop
			vertex 22.302915573120117 0 14.171815872192383
			vertex 22.302915573120117 3 14.171815872192383
			vertex 22.00531578063965 3 14.377233505249023
		endloop
	endfacet
	facet normal 0.5680634882407555 0 0.8229847345654385
		outer loop
			vertex 22.302915573120117 0 14.171815872192383
			vertex 22.00531578063965 3 14.377233505249023
			vertex 22.00531578063965 0 14.377233505249023
		endloop
	endfacet
	facet normal 0.35460311333375444 0 0.9350169153625022
		outer loop
			vertex 22.641027450561523 0 14.043587684631348
			vertex 22.641027450561523 3 14.043587684631348
			vertex 22.302915573120117 3 14.171815872192383
		endloop
	endfacet
	facet normal 0.35460311333375444 0 0.9350169153625022
		outer loop
			vertex 22.641027450561523 0 14.043587684631348
			vertex 22.302915573120117 3 14.171815872192383
			vertex 22.302915573120117 0 14.171815872192383
		endloop
	endfacet
	facet normal 0.1205381130657807 0 0.9927087001223174
		outer loop
			vertex 23 0 14
			vertex 23 3 14
			vertex 22.641027450561523 3 14.043587684631348
		endloop
	endfacet
	facet normal 0.1205381130657807 0 0.9927087001223174
		outer loop
			vertex 23 0 14
			vertex 22.641027450561523 3 14.043587684631348
			vertex 22.641027450561523 0 14.043587684631348
		endloop
	endfacet
	facet normal 0 0 1
		outer loop
			vertex 33 3 14
			vertex 23 0 14
			vertex 33 0 14
		endloop
	endfacet
	facet normal 0 0 1
		outer loop
			vertex 33 3 14
			vertex 23 3 14
			vertex 23 0 14
		endloop
	endfacet
	facet normal -0.1205381130657807 0 0.9927087001223174
		outer loop
			vertex -26.108972549438477 0 -14.543587684631348
			vertex -25.75 0 -14.5
			vertex -25.75 3 -14.5
		endloop
	endfacet
	facet normal -0.1205381130657807 0 0.9927087001223174
		outer loop
			vertex -26.108972549438477 0 -14.543587684631348
			vertex -25.75 3 -14.5
			vertex -26.108972549438477 3 -14.543587684631348
		endloop
	endfacet
	facet normal -0.35460311333375444 0 0.9350169153625022
		outer loop
			vertex -26.447084426879883 0 -14.671815872192383
			vertex -26.108972549438477 3 -14.543587684631348
			vertex -26.447084426879883 3 -14.671815872192383
		endloop
	endfacet
	facet normal -0.35460311333375444 0 0.9350169153625022
		outer loop
			vertex -26.447084426879883 0 -14.671815872192383
			vertex -26.108972549438477 0 -14.543587684631348
			vertex -26.108972549438477 3 -14.543587684631348
		endloop
	endfacet
	facet normal -0.7485106449428883 0 0.6631227747613421
		outer loop
			vertex -26.74468421936035 0 -14.877233505249023
			vertex -26.74468421936035 3 -14.877233505249023
			vertex -26.98447608947754 3 -15.147902488708496
		endloop
	endfacet
	facet normal -0.5680634882407555 0 0.8229847345654385
		outer loop
			vertex -26.74468421936035 0 -14.877233505249023
			vertex -26.447084426879883 3 -14.671815872192383
			vertex -26.74468421936035 3 -14.877233505249023
		endloop
	endfacet
	facet normal -0.5680634882407555 0 0.8229847345654385
		outer loop
			vertex -26.74468421936035 0 -14.877233505249023
			vertex -26.447084426879883 0 -14.671815872192383
			vertex -26.447084426879883 3 -14.671815872192383
		endloop
	endfacet
	facet normal -0.7485106449428883 0 0.6631227747613421
		outer loop
			vertex -26.98447608947754 0 -15.147902488708496
			vertex -26.74468421936035 0 -14.877233505249023
			vertex -26.98447608947754 3 -15.147902488708496
		endloop
	endfacet
	facet normal -0.8854560740431457 0 0.46472307984443745
		outer loop
			vertex -27.152524948120117 0 -15.468092918395996
			vertex -26.98447608947754 3 -15.147902488708496
			vertex -27.152524948120117 3 -15.468092918395996
		endloop
	endfacet
	facet normal -0.8854560740431457 0 0.46472307984443745
		outer loop
			vertex -27.152524948120117 0 -15.468092918395996
			vertex -26.98447608947754 0 -15.147902488708496
			vertex -26.98447608947754 3 -15.147902488708496
		endloop
	endfacet
	facet normal -1 0 0
		outer loop
			vertex -27.239063262939453 0 -15.819194793701172
			vertex -27.239063262939453 3 -15.819194793701172
			vertex -27.239063262939453 3 -16.180805206298828
		endloop
	endfacet
	facet normal -0.9709421548497453 0 0.23931429530166637
		outer loop
			vertex -27.239063262939453 0 -15.819194793701172
			vertex -27.152524948120117 3 -15.468092918395996
			vertex -27.239063262939453 3 -15.819194793701172
		endloop
	endfacet
	facet normal -0.9709421548497453 0 0.23931429530166637
		outer loop
			vertex -27.239063262939453 0 -15.819194793701172
			vertex -27.152524948120117 0 -15.468092918395996
			vertex -27.152524948120117 3 -15.468092918395996
		endloop
	endfacet
	facet normal -0.9709423058911132 0 -0.23931368249819748
		outer loop
			vertex -27.239063262939453 0 -16.180805206298828
			vertex -27.239063262939453 3 -16.180805206298828
			vertex -27.152524948120117 3 -16.53190803527832
		endloop
	endfacet
	facet normal -1 0 0
		outer loop
			vertex -27.239063262939453 0 -16.180805206298828
			vertex -27.239063262939453 0 -15.819194793701172
			vertex -27.239063262939453 3 -16.180805206298828
		endloop
	endfacet
	facet normal -0.9709423058911132 0 -0.23931368249819748
		outer loop
			vertex -27.152524948120117 0 -16.53190803527832
			vertex -27.239063262939453 0 -16.180805206298828
			vertex -27.152524948120117 3 -16.53190803527832
		endloop
	endfacet
	facet normal -0.885454934894803 0 -0.4647252503043498
		outer loop
			vertex -26.98447608947754 0 -16.852096557617188
			vertex -27.152524948120117 3 -16.53190803527832
			vertex -26.98447608947754 3 -16.852096557617188
		endloop
	endfacet
	facet normal -0.885454934894803 0 -0.4647252503043498
		outer loop
			vertex -26.98447608947754 0 -16.852096557617188
			vertex -27.152524948120117 0 -16.53190803527832
			vertex -27.152524948120117 3 -16.53190803527832
		endloop
	endfacet
	facet normal -0.7485118046442782 0 -0.6631214657271819
		outer loop
			vertex -26.74468421936035 0 -17.122766494750977
			vertex -26.98447608947754 3 -16.852096557617188
			vertex -26.74468421936035 3 -17.122766494750977
		endloop
	endfacet
	facet normal -0.7485118046442782 0 -0.6631214657271819
		outer loop
			vertex -26.74468421936035 0 -17.122766494750977
			vertex -26.98447608947754 0 -16.852096557617188
			vertex -26.98447608947754 3 -16.852096557617188
		endloop
	endfacet
	facet normal -0.5680634882407555 0 -0.8229847345654385
		outer loop
			vertex -26.447084426879883 0 -17.328184127807617
			vertex -26.74468421936035 3 -17.122766494750977
			vertex -26.447084426879883 3 -17.328184127807617
		endloop
	endfacet
	facet normal -0.5680634882407555 0 -0.8229847345654385
		outer loop
			vertex -26.447084426879883 0 -17.328184127807617
			vertex -26.74468421936035 0 -17.122766494750977
			vertex -26.74468421936035 3 -17.122766494750977
		endloop
	endfacet
	facet normal -0.35460541900537196 0 -0.9350160409383491
		outer loop
			vertex -26.108972549438477 0 -17.45641326904297
			vertex -26.447084426879883 3 -17.328184127807617
			vertex -26.108972549438477 3 -17.45641326904297
		endloop
	endfacet
	facet normal -0.35460541900537196 0 -0.9350160409383491
		outer loop
			vertex -26.108972549438477 0 -17.45641326904297
			vertex -26.447084426879883 0 -17.328184127807617
			vertex -26.447084426879883 3 -17.328184127807617
		endloop
	endfacet
	facet normal -0.1205355140761992 0 -0.9927090156971411
		outer loop
			vertex -25.75 0 -17.5
			vertex -26.108972549438477 3 -17.45641326904297
			vertex -25.75 3 -17.5
		endloop
	endfacet
	facet normal -0.1205355140761992 0 -0.9927090156971411
		outer loop
			vertex -25.75 0 -17.5
			vertex -26.108972549438477 0 -17.45641326904297
			vertex -26.108972549438477 3 -17.45641326904297
		endloop
	endfacet
	facet normal 0 0 -1
		outer loop
			vertex -45.75 3 -14.5
			vertex -25.75 0 -14.5
			vertex -45.75 0 -14.5
		endloop
	endfacet
	facet normal 0 0 -1
		outer loop
			vertex -45.75 3 -14.5
			vertex -25.75 3 -14.5
			vertex -25.75 0 -14.5
		endloop
	endfacet
	facet normal 0.1205348829364362 0 -0.9927090923304268
		outer loop
			vertex -45.39102554321289 0 -17.45641326904297
			vertex -45.75 0 -17.5
			vertex -45.75 3 -17.5
		endloop
	endfacet
	facet normal 0.1205348829364362 0 -0.9927090923304268
		outer loop
			vertex -45.39102554321289 0 -17.45641326904297
			vertex -45.75 3 -17.5
			vertex -45.39102554321289 3 -17.45641326904297
		endloop
	endfacet
	facet normal 0.35460541900537196 0 -0.9350160409383491
		outer loop
			vertex -45.052913665771484 0 -17.328184127807617
			vertex -45.39102554321289 3 -17.45641326904297
			vertex -45.052913665771484 3 -17.328184127807617
		endloop
	endfacet
	facet normal 0.35460541900537196 0 -0.9350160409383491
		outer loop
			vertex -45.052913665771484 0 -17.328184127807617
			vertex -45.39102554321289 0 -17.45641326904297
			vertex -45.39102554321289 3 -17.45641326904297
		endloop
	endfacet
	facet normal 0.5680684201010048 0 -0.8229813303374192
		outer loop
			vertex -44.75531768798828 0 -17.122766494750977
			vertex -45.052913665771484 3 -17.328184127807617
			vertex -44.75531768798828 3 -17.122766494750977
		endloop
	endfacet
	facet normal 0.5680684201010048 0 -0.8229813303374192
		outer loop
			vertex -44.75531768798828 0 -17.122766494750977
			vertex -45.052913665771484 0 -17.328184127807617
			vertex -45.052913665771484 3 -17.328184127807617
		endloop
	endfacet
	facet normal 0.7485118046442782 0 -0.6631214657271819
		outer loop
			vertex -44.515525817871094 0 -16.852096557617188
			vertex -44.75531768798828 3 -17.122766494750977
			vertex -44.515525817871094 3 -16.852096557617188
		endloop
	endfacet
	facet normal 0.7485118046442782 0 -0.6631214657271819
		outer loop
			vertex -44.515525817871094 0 -16.852096557617188
			vertex -44.75531768798828 0 -17.122766494750977
			vertex -44.75531768798828 3 -17.122766494750977
		endloop
	endfacet
	facet normal 0.885454934894803 0 -0.4647252503043498
		outer loop
			vertex -44.347476959228516 0 -16.53190803527832
			vertex -44.515525817871094 3 -16.852096557617188
			vertex -44.347476959228516 3 -16.53190803527832
		endloop
	endfacet
	facet normal 0.885454934894803 0 -0.4647252503043498
		outer loop
			vertex -44.347476959228516 0 -16.53190803527832
			vertex -44.515525817871094 0 -16.852096557617188
			vertex -44.515525817871094 3 -16.852096557617188
		endloop
	endfacet
	facet normal 0.9709410802760327 0 -0.23931865500292893
		outer loop
			vertex -44.26093673706055 0 -16.180805206298828
			vertex -44.347476959228516 3 -16.53190803527832
			vertex -44.26093673706055 3 -16.180805206298828
		endloop
	endfacet
	facet normal 0.9709410802760327 0 -0.23931865500292893
		outer loop
			vertex -44.26093673706055 0 -16.180805206298828
			vertex -44.347476959228516 0 -16.53190803527832
			vertex -44.347476959228516 3 -16.53190803527832
		endloop
	endfacet
	facet normal 1 0 0
		outer loop
			vertex -44.26093673706055 0 -15.819194793701172
			vertex -44.26093673706055 3 -16.180805206298828
			vertex -44.26093673706055 3 -15.819194793701172
		endloop
	endfacet
	facet normal 1 0 0
		outer loop
			vertex -44.26093673706055 0 -15.819194793701172
			vertex -44.26093673706055 0 -16.180805206298828
			vertex -44.26093673706055 3 -16.180805206298828
		endloop
	endfacet
	facet normal 0.8854560740431457 0 0.46472307984443745
		outer loop
			vertex -44.347476959228516 0 -15.468092918395996
			vertex -44.347476959228516 3 -15.468092918395996
			vertex -44.515525817871094 3 -15.147902488708496
		endloop
	endfacet
	facet normal 0.9709409292285788 0 0.2393192678175837
		outer loop
			vertex -44.347476959228516 0 -15.468092918395996
			vertex -44.26093673706055 3 -15.819194793701172
			vertex -44.347476959228516 3 -15.468092918395996
		endloop
	endfacet
	facet normal 0.9709409292285788 0 0.2393192678175837
		outer loop
			vertex -44.347476959228516 0 -15.468092918395996
			vertex -44.26093673706055 0 -15.819194793701172
			vertex -44.26093673706055 3 -15.819194793701172
		endloop
	endfacet
	facet normal 0.8854560740431457 0 0.46472307984443745
		outer loop
			vertex -44.515525817871094 0 -15.147902488708496
			vertex -44.347476959228516 0 -15.468092918395996
			vertex -44.515525817871094 3 -15.147902488708496
		endloop
	endfacet
	facet normal 0.5680684201010048 0 0.8229813303374192
		outer loop
			vertex -44.75531768798828 0 -14.877233505249023
			vertex -44.75531768798828 3 -14.877233505249023
			vertex -45.052913665771484 3 -14.671815872192383
		endloop
	endfacet
	facet normal 0.7485106449428883 0 0.6631227747613421
		outer loop
			vertex -44.75531768798828 0 -14.877233505249023
			vertex -44.515525817871094 3 -15.147902488708496
			vertex -44.75531768798828 3 -14.877233505249023
		endloop
	endfacet
	facet normal 0.7485106449428883 0 0.6631227747613421
		outer loop
			vertex -44.75531768798828 0 -14.877233505249023
			vertex -44.515525817871094 0 -15.147902488708496
			vertex -44.515525817871094 3 -15.147902488708496
		endloop
	endfacet
	facet normal 0.5680684201010048 0 0.8229813303374192
		outer loop
			vertex -45.052913665771484 0 -14.671815872192383
			vertex -44.75531768798828 0 -14.877233505249023
			vertex -45.052913665771484 3 -14.671815872192383
		endloop
	endfacet
	facet normal 0.35460311333375444 0 0.9350169153625022
		outer loop
			vertex -45.39102554321289 0 -14.543587684631348
			vertex -45.052913665771484 3 -14.671815872192383
			vertex -45.39102554321289 3 -14.543587684631348
		endloop
	endfacet
	facet normal 0.35460311333375444 0 0.9350169153625022
		outer loop
			vertex -45.39102554321289 0 -14.543587684631348
			vertex -45.052913665771484 0 -14.671815872192383
			vertex -45.052913665771484 3 -14.671815872192383
		endloop
	endfacet
	facet normal 0.12053748191281036 0 0.9927087767588836
		outer loop
			vertex -45.75 0 -14.5
			vertex -45.39102554321289 3 -14.543587684631348
			vertex -45.75 3 -14.5
		endloop
	endfacet
	facet normal 0.12053748191281036 0 0.9927087767588836
		outer loop
			vertex -45.75 0 -14.5
			vertex -45.39102554321289 0 -14.543587684631348
			vertex -45.39102554321289 3 -14.543587684631348
		endloop
	endfacet
	facet normal 0.1205381130657807 0 -0.9927087001223174
		outer loop
			vertex -25.391027450561523 0 -9.456412315368652
			vertex -25.75 0 -9.5
			vertex -25.75 3 -9.5
		endloop
	endfacet
	facet normal 0.1205381130657807 0 -0.9927087001223174
		outer loop
			vertex -25.391027450561523 0 -9.456412315368652
			vertex -25.75 3 -9.5
			vertex -25.391027450561523 3 -9.456412315368652
		endloop
	endfacet
	facet normal 0.35460311333375444 0 -0.9350169153625022
		outer loop
			vertex -25.052915573120117 0 -9.328184127807617
			vertex -25.391027450561523 3 -9.456412315368652
			vertex -25.052915573120117 3 -9.328184127807617
		endloop
	endfacet
	facet normal 0.35460311333375444 0 -0.9350169153625022
		outer loop
			vertex -25.052915573120117 0 -9.328184127807617
			vertex -25.391027450561523 0 -9.456412315368652
			vertex -25.391027450561523 3 -9.456412315368652
		endloop
	endfacet
	facet normal 0.5680634882407555 0 -0.8229847345654385
		outer loop
			vertex -24.75531578063965 0 -9.122766494750977
			vertex -25.052915573120117 3 -9.328184127807617
			vertex -24.75531578063965 3 -9.122766494750977
		endloop
	endfacet
	facet normal 0.5680634882407555 0 -0.8229847345654385
		outer loop
			vertex -24.75531578063965 0 -9.122766494750977
			vertex -25.052915573120117 0 -9.328184127807617
			vertex -25.052915573120117 3 -9.328184127807617
		endloop
	endfacet
	facet normal 0.7485106449428883 0 -0.6631227747613421
		outer loop
			vertex -24.51552391052246 0 -8.852097511291504
			vertex -24.75531578063965 3 -9.122766494750977
			vertex -24.51552391052246 3 -8.852097511291504
		endloop
	endfacet
	facet normal 0.7485106449428883 0 -0.6631227747613421
		outer loop
			vertex -24.51552391052246 0 -8.852097511291504
			vertex -24.75531578063965 0 -9.122766494750977
			vertex -24.75531578063965 3 -9.122766494750977
		endloop
	endfacet
	facet normal 0.8854560740431457 0 -0.46472307984443745
		outer loop
			vertex -24.347475051879883 0 -8.531907081604004
			vertex -24.51552391052246 3 -8.852097511291504
			vertex -24.347475051879883 3 -8.531907081604004
		endloop
	endfacet
	facet normal 0.8854560740431457 0 -0.46472307984443745
		outer loop
			vertex -24.347475051879883 0 -8.531907081604004
			vertex -24.51552391052246 0 -8.852097511291504
			vertex -24.51552391052246 3 -8.852097511291504
		endloop
	endfacet
	facet normal 0.9709421548497453 0 -0.23931429530166637
		outer loop
			vertex -24.260936737060547 0 -8.180805206298828
			vertex -24.347475051879883 3 -8.531907081604004
			vertex -24.260936737060547 3 -8.180805206298828
		endloop
	endfacet
	facet normal 0.9709421548497453 0 -0.23931429530166637
		outer loop
			vertex -24.260936737060547 0 -8.180805206298828
			vertex -24.347475051879883 0 -8.531907081604004
			vertex -24.347475051879883 3 -8.531907081604004
		endloop
	endfacet
	facet normal 1 0 0
		outer loop
			vertex -24.260936737060547 0 -7.819194793701172
			vertex -24.260936737060547 3 -8.180805206298828
			vertex -24.260936737060547 3 -7.819194793701172
		endloop
	endfacet
	facet normal 1 0 0
		outer loop
			vertex -24.260936737060547 0 -7.819194793701172
			vertex -24.260936737060547 0 -8.180805206298828
			vertex -24.260936737060547 3 -8.180805206298828
		endloop
	endfacet
	facet normal 0.8854555044709695 0 0.46472416507220843
		outer loop
			vertex -24.347475051879883 0 -7.468092441558838
			vertex -24.347475051879883 3 -7.468092441558838
			vertex -24.51552391052246 3 -7.147902965545654
		endloop
	endfacet
	facet normal 0.9709422303705743 0 0.23931398889955155
		outer loop
			vertex -24.347475051879883 0 -7.468092441558838
			vertex -24.260936737060547 3 -7.819194793701172
			vertex -24.347475051879883 3 -7.468092441558838
		endloop
	endfacet
	facet normal 0.9709422303705743 0 0.23931398889955155
		outer loop
			vertex -24.347475051879883 0 -7.468092441558838
			vertex -24.260936737060547 0 -7.819194793701172
			vertex -24.260936737060547 3 -7.819194793701172
		endloop
	endfacet
	facet normal 0.8854555044709695 0 0.46472416507220843
		outer loop
			vertex -24.51552391052246 0 -7.147902965545654
			vertex -24.347475051879883 0 -7.468092441558838
			vertex -24.51552391052246 3 -7.147902965545654
		endloop
	endfacet
	facet normal 0.568064381365903 0 0.8229841180869616
		outer loop
			vertex -24.75531578063965 0 -6.877233982086182
			vertex -24.75531578063965 3 -6.877233982086182
			vertex -25.052915573120117 3 -6.671815872192383
		endloop
	endfacet
	facet normal 0.7485106449428883 0 0.6631227747613421
		outer loop
			vertex -24.75531578063965 0 -6.877233982086182
			vertex -24.51552391052246 3 -7.147902965545654
			vertex -24.75531578063965 3 -6.877233982086182
		endloop
	endfacet
	facet normal 0.7485106449428883 0 0.6631227747613421
		outer loop
			vertex -24.75531578063965 0 -6.877233982086182
			vertex -24.51552391052246 0 -7.147902965545654
			vertex -24.51552391052246 3 -7.147902965545654
		endloop
	endfacet
	facet normal 0.568064381365903 0 0.8229841180869616
		outer loop
			vertex -25.052915573120117 0 -6.671815872192383
			vertex -24.75531578063965 0 -6.877233982086182
			vertex -25.052915573120117 3 -6.671815872192383
		endloop
	endfacet
	facet normal 0.12053681357129976 0 0.9927088579105547
		outer loop
			vertex -25.391027450561523 0 -6.5435872077941895
			vertex -25.391027450561523 3 -6.5435872077941895
			vertex -25.75 3 -6.5
		endloop
	endfacet
	facet normal 0.3546042661703718 0 0.9350164781509319
		outer loop
			vertex -25.391027450561523 0 -6.5435872077941895
			vertex -25.052915573120117 3 -6.671815872192383
			vertex -25.391027450561523 3 -6.5435872077941895
		endloop
	endfacet
	facet normal 0.3546042661703718 0 0.9350164781509319
		outer loop
			vertex -25.391027450561523 0 -6.5435872077941895
			vertex -25.052915573120117 0 -6.671815872192383
			vertex -25.052915573120117 3 -6.671815872192383
		endloop
	endfacet
	facet normal 0.12053681357129976 0 0.9927088579105547
		outer loop
			vertex -25.75 0 -6.5
			vertex -25.391027450561523 0 -6.5435872077941895
			vertex -25.75 3 -6.5
		endloop
	endfacet
	facet normal 0 0 -1
		outer loop
			vertex -45.75 3 -6.5
			vertex -25.75 0 -6.5
			vertex -45.75 0 -6.5
		endloop
	endfacet
	facet normal 0 0 -1
		outer loop
			vertex -45.75 3 -6.5
			vertex -25.75 3 -6.5
			vertex -25.75 0 -6.5
		endloop
	endfacet
	facet normal 0.12053748191281036 0 -0.9927087767588836
		outer loop
			vertex -45.39102554321289 0 -9.456412315368652
			vertex -45.75 0 -9.5
			vertex -45.75 3 -9.5
		endloop
	endfacet
	facet normal 0.12053748191281036 0 -0.9927087767588836
		outer loop
			vertex -45.39102554321289 0 -9.456412315368652
			vertex -45.75 3 -9.5
			vertex -45.39102554321289 3 -9.456412315368652
		endloop
	endfacet
	facet normal 0.35460311333375444 0 -0.9350169153625022
		outer loop
			vertex -45.052913665771484 0 -9.328184127807617
			vertex -45.39102554321289 3 -9.456412315368652
			vertex -45.052913665771484 3 -9.328184127807617
		endloop
	endfacet
	facet normal 0.35460311333375444 0 -0.9350169153625022
		outer loop
			vertex -45.052913665771484 0 -9.328184127807617
			vertex -45.39102554321289 0 -9.456412315368652
			vertex -45.39102554321289 3 -9.456412315368652
		endloop
	endfacet
	facet normal 0.5680684201010048 0 -0.8229813303374192
		outer loop
			vertex -44.75531768798828 0 -9.122766494750977
			vertex -45.052913665771484 3 -9.328184127807617
			vertex -44.75531768798828 3 -9.122766494750977
		endloop
	endfacet
	facet normal 0.5680684201010048 0 -0.8229813303374192
		outer loop
			vertex -44.75531768798828 0 -9.122766494750977
			vertex -45.052913665771484 0 -9.328184127807617
			vertex -45.052913665771484 3 -9.328184127807617
		endloop
	endfacet
	facet normal 0.7485106449428883 0 -0.6631227747613421
		outer loop
			vertex -44.515525817871094 0 -8.852097511291504
			vertex -44.75531768798828 3 -9.122766494750977
			vertex -44.515525817871094 3 -8.852097511291504
		endloop
	endfacet
	facet normal 0.7485106449428883 0 -0.6631227747613421
		outer loop
			vertex -44.515525817871094 0 -8.852097511291504
			vertex -44.75531768798828 0 -9.122766494750977
			vertex -44.75531768798828 3 -9.122766494750977
		endloop
	endfacet
	facet normal 0.8854560740431457 0 -0.46472307984443745
		outer loop
			vertex -44.347476959228516 0 -8.531907081604004
			vertex -44.515525817871094 3 -8.852097511291504
			vertex -44.347476959228516 3 -8.531907081604004
		endloop
	endfacet
	facet normal 0.8854560740431457 0 -0.46472307984443745
		outer loop
			vertex -44.347476959228516 0 -8.531907081604004
			vertex -44.515525817871094 0 -8.852097511291504
			vertex -44.515525817871094 3 -8.852097511291504
		endloop
	endfacet
	facet normal 0.9709409292285788 0 -0.2393192678175837
		outer loop
			vertex -44.26093673706055 0 -8.180805206298828
			vertex -44.347476959228516 3 -8.531907081604004
			vertex -44.26093673706055 3 -8.180805206298828
		endloop
	endfacet
	facet normal 0.9709409292285788 0 -0.2393192678175837
		outer loop
			vertex -44.26093673706055 0 -8.180805206298828
			vertex -44.347476959228516 0 -8.531907081604004
			vertex -44.347476959228516 3 -8.531907081604004
		endloop
	endfacet
	facet normal 1 0 0
		outer loop
			vertex -44.26093673706055 0 -7.819194793701172
			vertex -44.26093673706055 3 -8.180805206298828
			vertex -44.26093673706055 3 -7.819194793701172
		endloop
	endfacet
	facet normal 1 0 0
		outer loop
			vertex -44.26093673706055 0 -7.819194793701172
			vertex -44.26093673706055 0 -8.180805206298828
			vertex -44.26093673706055 3 -8.180805206298828
		endloop
	endfacet
	facet normal 0.8854555044709695 0 0.46472416507220843
		outer loop
			vertex -44.347476959228516 0 -7.468092441558838
			vertex -44.347476959228516 3 -7.468092441558838
			vertex -44.515525817871094 3 -7.147902965545654
		endloop
	endfacet
	facet normal 0.9709410047524507 0 0.2393189614098759
		outer loop
			vertex -44.347476959228516 0 -7.468092441558838
			vertex -44.26093673706055 3 -7.819194793701172
			vertex -44.347476959228516 3 -7.468092441558838
		endloop
	endfacet
	facet normal 0.9709410047524507 0 0.2393189614098759
		outer loop
			vertex -44.347476959228516 0 -7.468092441558838
			vertex -44.26093673706055 0 -7.819194793701172
			vertex -44.26093673706055 3 -7.819194793701172
		endloop
	endfacet
	facet normal 0.8854555044709695 0 0.46472416507220843
		outer loop
			vertex -44.515525817871094 0 -7.147902965545654
			vertex -44.347476959228516 0 -7.468092441558838
			vertex -44.515525817871094 3 -7.147902965545654
		endloop
	endfacet
	facet normal 0.5680693132265177 0 0.8229807138507881
		outer loop
			vertex -44.75531768798828 0 -6.877233982086182
			vertex -44.75531768798828 3 -6.877233982086182
			vertex -45.052913665771484 3 -6.671815872192383
		endloop
	endfacet
	facet normal 0.7485106449428883 0 0.6631227747613421
		outer loop
			vertex -44.75531768798828 0 -6.877233982086182
			vertex -44.515525817871094 3 -7.147902965545654
			vertex -44.75531768798828 3 -6.877233982086182
		endloop
	endfacet
	facet normal 0.7485106449428883 0 0.6631227747613421
		outer loop
			vertex -44.75531768798828 0 -6.877233982086182
			vertex -44.515525817871094 0 -7.147902965545654
			vertex -44.515525817871094 3 -7.147902965545654
		endloop
	endfacet
	facet normal 0.5680693132265177 0 0.8229807138507881
		outer loop
			vertex -45.052913665771484 0 -6.671815872192383
			vertex -44.75531768798828 0 -6.877233982086182
			vertex -45.052913665771484 3 -6.671815872192383
		endloop
	endfacet
	facet normal 0.3546042661703718 0 0.9350164781509319
		outer loop
			vertex -45.39102554321289 0 -6.5435872077941895
			vertex -45.052913665771484 3 -6.671815872192383
			vertex -45.39102554321289 3 -6.5435872077941895
		endloop
	endfacet
	facet normal 0.3546042661703718 0 0.9350164781509319
		outer loop
			vertex -45.39102554321289 0 -6.5435872077941895
			vertex -45.052913665771484 0 -6.671815872192383
			vertex -45.052913665771484 3 -6.671815872192383
		endloop
	endfacet
	facet normal 0.12053618242493312 0 0.9927089345454807
		outer loop
			vertex -45.75 0 -6.5
			vertex -45.39102554321289 3 -6.5435872077941895
			vertex -45.75 3 -6.5
		endloop
	endfacet
	facet normal 0.12053618242493312 0 0.9927089345454807
		outer loop
			vertex -45.75 0 -6.5
			vertex -45.39102554321289 0 -6.5435872077941895
			vertex -45.39102554321289 3 -6.5435872077941895
		endloop
	endfacet
	facet normal 0.12053713844497811 0 -0.9927088184636502
		outer loop
			vertex -25.391027450561523 0 -1.456412672996521
			vertex -25.75 0 -1.5
			vertex -25.75 3 -1.5
		endloop
	endfacet
	facet normal 0.12053713844497811 0 -0.9927088184636502
		outer loop
			vertex -25.391027450561523 0 -1.456412672996521
			vertex -25.75 3 -1.5
			vertex -25.391027450561523 3 -1.456412672996521
		endloop
	endfacet
	facet normal 0.3546042661703718 0 -0.9350164781509319
		outer loop
			vertex -25.052915573120117 0 -1.3281840085983276
			vertex -25.391027450561523 3 -1.456412672996521
			vertex -25.052915573120117 3 -1.3281840085983276
		endloop
	endfacet
	facet normal 0.3546042661703718 0 -0.9350164781509319
		outer loop
			vertex -25.052915573120117 0 -1.3281840085983276
			vertex -25.391027450561523 0 -1.456412672996521
			vertex -25.391027450561523 3 -1.456412672996521
		endloop
	endfacet
	facet normal 0.5680639348035801 0 -0.8229844263262057
		outer loop
			vertex -24.75531578063965 0 -1.122766137123108
			vertex -25.052915573120117 3 -1.3281840085983276
			vertex -24.75531578063965 3 -1.122766137123108
		endloop
	endfacet
	facet normal 0.5680639348035801 0 -0.8229844263262057
		outer loop
			vertex -24.75531578063965 0 -1.122766137123108
			vertex -25.052915573120117 0 -1.3281840085983276
			vertex -25.052915573120117 3 -1.3281840085983276
		endloop
	endfacet
	facet normal 0.7485107174244263 0 -0.6631226929466151
		outer loop
			vertex -24.51552391052246 0 -0.8520970940589905
			vertex -24.75531578063965 3 -1.122766137123108
			vertex -24.51552391052246 3 -0.8520970940589905
		endloop
	endfacet
	facet normal 0.7485107174244263 0 -0.6631226929466151
		outer loop
			vertex -24.51552391052246 0 -0.8520970940589905
			vertex -24.75531578063965 0 -1.122766137123108
			vertex -24.75531578063965 3 -1.122766137123108
		endloop
	endfacet
	facet normal 0.8854556824627032 0 -0.4647238259380605
		outer loop
			vertex -24.347475051879883 0 -0.531907320022583
			vertex -24.51552391052246 3 -0.8520970940589905
			vertex -24.347475051879883 3 -0.531907320022583
		endloop
	endfacet
	facet normal 0.8854556824627032 0 -0.4647238259380605
		outer loop
			vertex -24.347475051879883 0 -0.531907320022583
			vertex -24.51552391052246 0 -0.8520970940589905
			vertex -24.51552391052246 3 -0.8520970940589905
		endloop
	endfacet
	facet normal 0.9709422209304865 0 -0.2393140271997743
		outer loop
			vertex -24.260936737060547 0 -0.1808050274848938
			vertex -24.347475051879883 3 -0.531907320022583
			vertex -24.260936737060547 3 -0.1808050274848938
		endloop
	endfacet
	facet normal 0.9709422209304865 0 -0.2393140271997743
		outer loop
			vertex -24.260936737060547 0 -0.1808050274848938
			vertex -24.347475051879883 0 -0.531907320022583
			vertex -24.347475051879883 3 -0.531907320022583
		endloop
	endfacet
	facet normal 1 0 0
		outer loop
			vertex -24.260936737060547 0 0.1808050274848938
			vertex -24.260936737060547 3 -0.1808050274848938
			vertex -24.260936737060547 3 0.1808050274848938
		endloop
	endfacet
	facet normal 1 0 0
		outer loop
			vertex -24.260936737060547 0 0.1808050274848938
			vertex -24.260936737060547 0 -0.1808050274848938
			vertex -24.260936737060547 3 -0.1808050274848938
		endloop
	endfacet
	facet normal 0.8854556824627032 0 0.4647238259380605
		outer loop
			vertex -24.347475051879883 0 0.531907320022583
			vertex -24.347475051879883 3 0.531907320022583
			vertex -24.51552391052246 3 0.8520970940589905
		endloop
	endfacet
	facet normal 0.9709422209304865 0 0.2393140271997743
		outer loop
			vertex -24.347475051879883 0 0.531907320022583
			vertex -24.260936737060547 3 0.1808050274848938
			vertex -24.347475051879883 3 0.531907320022583
		endloop
	endfacet
	facet normal 0.9709422209304865 0 0.2393140271997743
		outer loop
			vertex -24.347475051879883 0 0.531907320022583
			vertex -24.260936737060547 0 0.1808050274848938
			vertex -24.260936737060547 3 0.1808050274848938
		endloop
	endfacet
	facet normal 0.8854556824627032 0 0.4647238259380605
		outer loop
			vertex -24.51552391052246 0 0.8520970940589905
			vertex -24.347475051879883 0 0.531907320022583
			vertex -24.51552391052246 3 0.8520970940589905
		endloop
	endfacet
	facet normal 0.5680639348035801 0 0.8229844263262057
		outer loop
			vertex -24.75531578063965 0 1.122766137123108
			vertex -24.75531578063965 3 1.122766137123108
			vertex -25.052915573120117 3 1.3281840085983276
		endloop
	endfacet
	facet normal 0.7485107174244263 0 0.6631226929466151
		outer loop
			vertex -24.75531578063965 0 1.122766137123108
			vertex -24.51552391052246 3 0.8520970940589905
			vertex -24.75531578063965 3 1.122766137123108
		endloop
	endfacet
	facet normal 0.7485107174244263 0 0.6631226929466151
		outer loop
			vertex -24.75531578063965 0 1.122766137123108
			vertex -24.51552391052246 0 0.8520970940589905
			vertex -24.51552391052246 3 0.8520970940589905
		endloop
	endfacet
	facet normal 0.5680639348035801 0 0.8229844263262057
		outer loop
			vertex -25.052915573120117 0 1.3281840085983276
			vertex -24.75531578063965 0 1.122766137123108
			vertex -25.052915573120117 3 1.3281840085983276
		endloop
	endfacet
	facet normal 0.12053713844497811 0 0.9927088184636502
		outer loop
			vertex -25.391027450561523 0 1.456412672996521
			vertex -25.391027450561523 3 1.456412672996521
			vertex -25.75 3 1.5
		endloop
	endfacet
	facet normal 0.3546042661703718 0 0.9350164781509319
		outer loop
			vertex -25.391027450561523 0 1.456412672996521
			vertex -25.052915573120117 3 1.3281840085983276
			vertex -25.391027450561523 3 1.456412672996521
		endloop
	endfacet
	facet normal 0.3546042661703718 0 0.9350164781509319
		outer loop
			vertex -25.391027450561523 0 1.456412672996521
			vertex -25.052915573120117 0 1.3281840085983276
			vertex -25.052915573120117 3 1.3281840085983276
		endloop
	endfacet
	facet normal 0.12053713844497811 0 0.9927088184636502
		outer loop
			vertex -25.75 0 1.5
			vertex -25.391027450561523 0 1.456412672996521
			vertex -25.75 3 1.5
		endloop
	endfacet
	facet normal 0 0 -1
		outer loop
			vertex -45.75 3 1.5
			vertex -25.75 0 1.5
			vertex -45.75 0 1.5
		endloop
	endfacet
	facet normal 0 0 -1
		outer loop
			vertex -45.75 3 1.5
			vertex -25.75 3 1.5
			vertex -25.75 0 1.5
		endloop
	endfacet
	facet normal 0.1205365072969605 0 -0.9927088950989861
		outer loop
			vertex -45.39102554321289 0 -1.456412672996521
			vertex -45.75 0 -1.5
			vertex -45.75 3 -1.5
		endloop
	endfacet
	facet normal 0.1205365072969605 0 -0.9927088950989861
		outer loop
			vertex -45.39102554321289 0 -1.456412672996521
			vertex -45.75 3 -1.5
			vertex -45.39102554321289 3 -1.456412672996521
		endloop
	endfacet
	facet normal 0.3546042661703718 0 -0.9350164781509319
		outer loop
			vertex -45.052913665771484 0 -1.3281840085983276
			vertex -45.39102554321289 3 -1.456412672996521
			vertex -45.052913665771484 3 -1.3281840085983276
		endloop
	endfacet
	facet normal 0.3546042661703718 0 -0.9350164781509319
		outer loop
			vertex -45.052913665771484 0 -1.3281840085983276
			vertex -45.39102554321289 0 -1.456412672996521
			vertex -45.39102554321289 3 -1.456412672996521
		endloop
	endfacet
	facet normal 0.5680688666640121 0 -0.8229810220941095
		outer loop
			vertex -44.75531768798828 0 -1.122766137123108
			vertex -45.052913665771484 3 -1.3281840085983276
			vertex -44.75531768798828 3 -1.122766137123108
		endloop
	endfacet
	facet normal 0.5680688666640121 0 -0.8229810220941095
		outer loop
			vertex -44.75531768798828 0 -1.122766137123108
			vertex -45.052913665771484 0 -1.3281840085983276
			vertex -45.052913665771484 3 -1.3281840085983276
		endloop
	endfacet
	facet normal 0.7485107174244263 0 -0.6631226929466151
		outer loop
			vertex -44.515525817871094 0 -0.8520970940589905
			vertex -44.75531768798828 3 -1.122766137123108
			vertex -44.515525817871094 3 -0.8520970940589905
		endloop
	endfacet
	facet normal 0.7485107174244263 0 -0.6631226929466151
		outer loop
			vertex -44.515525817871094 0 -0.8520970940589905
			vertex -44.75531768798828 0 -1.122766137123108
			vertex -44.75531768798828 3 -1.122766137123108
		endloop
	endfacet
	facet normal 0.8854556824627032 0 -0.4647238259380605
		outer loop
			vertex -44.347476959228516 0 -0.531907320022583
			vertex -44.515525817871094 3 -0.8520970940589905
			vertex -44.347476959228516 3 -0.531907320022583
		endloop
	endfacet
	facet normal 0.8854556824627032 0 -0.4647238259380605
		outer loop
			vertex -44.347476959228516 0 -0.531907320022583
			vertex -44.515525817871094 0 -0.8520970940589905
			vertex -44.515525817871094 3 -0.8520970940589905
		endloop
	endfacet
	facet normal 0.9709409953119826 0 -0.2393189997107978
		outer loop
			vertex -44.26093673706055 0 -0.1808050274848938
			vertex -44.347476959228516 3 -0.531907320022583
			vertex -44.26093673706055 3 -0.1808050274848938
		endloop
	endfacet
	facet normal 0.9709409953119826 0 -0.2393189997107978
		outer loop
			vertex -44.26093673706055 0 -0.1808050274848938
			vertex -44.347476959228516 0 -0.531907320022583
			vertex -44.347476959228516 3 -0.531907320022583
		endloop
	endfacet
	facet normal 1 0 0
		outer loop
			vertex -44.26093673706055 0 0.1808050274848938
			vertex -44.26093673706055 3 -0.1808050274848938
			vertex -44.26093673706055 3 0.1808050274848938
		endloop
	endfacet
	facet normal 1 0 0
		outer loop
			vertex -44.26093673706055 0 0.1808050274848938
			vertex -44.26093673706055 0 -0.1808050274848938
			vertex -44.26093673706055 3 -0.1808050274848938
		endloop
	endfacet
	facet normal 0.8854556824627032 0 0.4647238259380605
		outer loop
			vertex -44.347476959228516 0 0.531907320022583
			vertex -44.347476959228516 3 0.531907320022583
			vertex -44.515525817871094 3 0.8520970940589905
		endloop
	endfacet
	facet normal 0.9709409953119826 0 0.2393189997107978
		outer loop
			vertex -44.347476959228516 0 0.531907320022583
			vertex -44.26093673706055 3 0.1808050274848938
			vertex -44.347476959228516 3 0.531907320022583
		endloop
	endfacet
	facet normal 0.9709409953119826 0 0.2393189997107978
		outer loop
			vertex -44.347476959228516 0 0.531907320022583
			vertex -44.26093673706055 0 0.1808050274848938
			vertex -44.26093673706055 3 0.1808050274848938
		endloop
	endfacet
	facet normal 0.8854556824627032 0 0.4647238259380605
		outer loop
			vertex -44.515525817871094 0 0.8520970940589905
			vertex -44.347476959228516 0 0.531907320022583
			vertex -44.515525817871094 3 0.8520970940589905
		endloop
	endfacet
	facet normal 0.5680688666640121 0 0.8229810220941095
		outer loop
			vertex -44.75531768798828 0 1.122766137123108
			vertex -44.75531768798828 3 1.122766137123108
			vertex -45.052913665771484 3 1.3281840085983276
		endloop
	endfacet
	facet normal 0.7485107174244263 0 0.6631226929466151
		outer loop
			vertex -44.75531768798828 0 1.122766137123108
			vertex -44.515525817871094 3 0.8520970940589905
			vertex -44.75531768798828 3 1.122766137123108
		endloop
	endfacet
	facet normal 0.7485107174244263 0 0.6631226929466151
		outer loop
			vertex -44.75531768798828 0 1.122766137123108
			vertex -44.515525817871094 0 0.8520970940589905
			vertex -44.515525817871094 3 0.8520970940589905
		endloop
	endfacet
	facet normal 0.5680688666640121 0 0.8229810220941095
		outer loop
			vertex -45.052913665771484 0 1.3281840085983276
			vertex -44.75531768798828 0 1.122766137123108
			vertex -45.052913665771484 3 1.3281840085983276
		endloop
	endfacet
	facet normal 0.3546042661703718 0 0.9350164781509319
		outer loop
			vertex -45.39102554321289 0 1.456412672996521
			vertex -45.052913665771484 3 1.3281840085983276
			vertex -45.39102554321289 3 1.456412672996521
		endloop
	endfacet
	facet normal 0.3546042661703718 0 0.9350164781509319
		outer loop
			vertex -45.39102554321289 0 1.456412672996521
			vertex -45.052913665771484 0 1.3281840085983276
			vertex -45.052913665771484 3 1.3281840085983276
		endloop
	endfacet
	facet normal 0.1205365072969605 0 0.9927088950989861
		outer loop
			vertex -45.75 0 1.5
			vertex -45.39102554321289 3 1.456412672996521
			vertex -45.75 3 1.5
		endloop
	endfacet
	facet normal 0.1205365072969605 0 0.9927088950989861
		outer loop
			vertex -45.75 0 1.5
			vertex -45.39102554321289 0 1.456412672996521
			vertex -45.39102554321289 3 1.456412672996521
		endloop
	endfacet
	facet normal 0.12053681357129976 0 -0.9927088579105547
		outer loop
			vertex -25.391027450561523 0 6.5435872077941895
			vertex -25.75 0 6.5
			vertex -25.75 3 6.5
		endloop
	endfacet
	facet normal 0.12053681357129976 0 -0.9927088579105547
		outer loop
			vertex -25.391027450561523 0 6.5435872077941895
			vertex -25.75 3 6.5
			vertex -25.391027450561523 3 6.5435872077941895
		endloop
	endfacet
	facet normal 0.3546042661703718 0 -0.9350164781509319
		outer loop
			vertex -25.052915573120117 0 6.671815872192383
			vertex -25.391027450561523 3 6.5435872077941895
			vertex -25.052915573120117 3 6.671815872192383
		endloop
	endfacet
	facet normal 0.3546042661703718 0 -0.9350164781509319
		outer loop
			vertex -25.052915573120117 0 6.671815872192383
			vertex -25.391027450561523 0 6.5435872077941895
			vertex -25.391027450561523 3 6.5435872077941895
		endloop
	endfacet
	facet normal 0.568064381365903 0 -0.8229841180869616
		outer loop
			vertex -24.75531578063965 0 6.877233982086182
			vertex -25.052915573120117 3 6.671815872192383
			vertex -24.75531578063965 3 6.877233982086182
		endloop
	endfacet
	facet normal 0.568064381365903 0 -0.8229841180869616
		outer loop
			vertex -24.75531578063965 0 6.877233982086182
			vertex -25.052915573120117 0 6.671815872192383
			vertex -25.052915573120117 3 6.671815872192383
		endloop
	endfacet
	facet normal 0.7485106449428883 0 -0.6631227747613421
		outer loop
			vertex -24.51552391052246 0 7.147902965545654
			vertex -24.75531578063965 3 6.877233982086182
			vertex -24.51552391052246 3 7.147902965545654
		endloop
	endfacet
	facet normal 0.7485106449428883 0 -0.6631227747613421
		outer loop
			vertex -24.51552391052246 0 7.147902965545654
			vertex -24.75531578063965 0 6.877233982086182
			vertex -24.75531578063965 3 6.877233982086182
		endloop
	endfacet
	facet normal 0.8854555044709695 0 -0.46472416507220843
		outer loop
			vertex -24.347475051879883 0 7.468092441558838
			vertex -24.51552391052246 3 7.147902965545654
			vertex -24.347475051879883 3 7.468092441558838
		endloop
	endfacet
	facet normal 0.8854555044709695 0 -0.46472416507220843
		outer loop
			vertex -24.347475051879883 0 7.468092441558838
			vertex -24.51552391052246 0 7.147902965545654
			vertex -24.51552391052246 3 7.147902965545654
		endloop
	endfacet
	facet normal 0.9709422303705743 0 -0.23931398889955155
		outer loop
			vertex -24.260936737060547 0 7.819194793701172
			vertex -24.347475051879883 3 7.468092441558838
			vertex -24.260936737060547 3 7.819194793701172
		endloop
	endfacet
	facet normal 0.9709422303705743 0 -0.23931398889955155
		outer loop
			vertex -24.260936737060547 0 7.819194793701172
			vertex -24.347475051879883 0 7.468092441558838
			vertex -24.347475051879883 3 7.468092441558838
		endloop
	endfacet
	facet normal 1 0 0
		outer loop
			vertex -24.260936737060547 0 8.180805206298828
			vertex -24.260936737060547 3 7.819194793701172
			vertex -24.260936737060547 3 8.180805206298828
		endloop
	endfacet
	facet normal 1 0 0
		outer loop
			vertex -24.260936737060547 0 8.180805206298828
			vertex -24.260936737060547 0 7.819194793701172
			vertex -24.260936737060547 3 7.819194793701172
		endloop
	endfacet
	facet normal 0.8854560740431457 0 0.46472307984443745
		outer loop
			vertex -24.347475051879883 0 8.531907081604004
			vertex -24.347475051879883 3 8.531907081604004
			vertex -24.51552391052246 3 8.852097511291504
		endloop
	endfacet
	facet normal 0.9709421548497453 0 0.23931429530166637
		outer loop
			vertex -24.347475051879883 0 8.531907081604004
			vertex -24.260936737060547 3 8.180805206298828
			vertex -24.347475051879883 3 8.531907081604004
		endloop
	endfacet
	facet normal 0.9709421548497453 0 0.23931429530166637
		outer loop
			vertex -24.347475051879883 0 8.531907081604004
			vertex -24.260936737060547 0 8.180805206298828
			vertex -24.260936737060547 3 8.180805206298828
		endloop
	endfacet
	facet normal 0.8854560740431457 0 0.46472307984443745
		outer loop
			vertex -24.51552391052246 0 8.852097511291504
			vertex -24.347475051879883 0 8.531907081604004
			vertex -24.51552391052246 3 8.852097511291504
		endloop
	endfacet
	facet normal 0.5680634882407555 0 0.8229847345654385
		outer loop
			vertex -24.75531578063965 0 9.122766494750977
			vertex -24.75531578063965 3 9.122766494750977
			vertex -25.052915573120117 3 9.328184127807617
		endloop
	endfacet
	facet normal 0.7485106449428883 0 0.6631227747613421
		outer loop
			vertex -24.75531578063965 0 9.122766494750977
			vertex -24.51552391052246 3 8.852097511291504
			vertex -24.75531578063965 3 9.122766494750977
		endloop
	endfacet
	facet normal 0.7485106449428883 0 0.6631227747613421
		outer loop
			vertex -24.75531578063965 0 9.122766494750977
			vertex -24.51552391052246 0 8.852097511291504
			vertex -24.51552391052246 3 8.852097511291504
		endloop
	endfacet
	facet normal 0.5680634882407555 0 0.8229847345654385
		outer loop
			vertex -25.052915573120117 0 9.328184127807617
			vertex -24.75531578063965 0 9.122766494750977
			vertex -25.052915573120117 3 9.328184127807617
		endloop
	endfacet
	facet normal 0.1205381130657807 0 0.9927087001223174
		outer loop
			vertex -25.391027450561523 0 9.456412315368652
			vertex -25.391027450561523 3 9.456412315368652
			vertex -25.75 3 9.5
		endloop
	endfacet
	facet normal 0.35460311333375444 0 0.9350169153625022
		outer loop
			vertex -25.391027450561523 0 9.456412315368652
			vertex -25.052915573120117 3 9.328184127807617
			vertex -25.391027450561523 3 9.456412315368652
		endloop
	endfacet
	facet normal 0.35460311333375444 0 0.9350169153625022
		outer loop
			vertex -25.391027450561523 0 9.456412315368652
			vertex -25.052915573120117 0 9.328184127807617
			vertex -25.052915573120117 3 9.328184127807617
		endloop
	endfacet
	facet normal 0.1205381130657807 0 0.9927087001223174
		outer loop
			vertex -25.75 0 9.5
			vertex -25.391027450561523 0 9.456412315368652
			vertex -25.75 3 9.5
		endloop
	endfacet
	facet normal 0 0 -1
		outer loop
			vertex -45.75 3 9.5
			vertex -25.75 0 9.5
			vertex -45.75 0 9.5
		endloop
	endfacet
	facet normal 0 0 -1
		outer loop
			vertex -45.75 3 9.5
			vertex -25.75 3 9.5
			vertex -25.75 0 9.5
		endloop
	endfacet
	facet normal 0.12053618242493312 0 -0.9927089345454807
		outer loop
			vertex -45.39102554321289 0 6.5435872077941895
			vertex -45.75 0 6.5
			vertex -45.75 3 6.5
		endloop
	endfacet
	facet normal 0.12053618242493312 0 -0.9927089345454807
		outer loop
			vertex -45.39102554321289 0 6.5435872077941895
			vertex -45.75 3 6.5
			vertex -45.39102554321289 3 6.5435872077941895
		endloop
	endfacet
	facet normal 0.3546042661703718 0 -0.9350164781509319
		outer loop
			vertex -45.052913665771484 0 6.671815872192383
			vertex -45.39102554321289 3 6.5435872077941895
			vertex -45.052913665771484 3 6.671815872192383
		endloop
	endfacet
	facet normal 0.3546042661703718 0 -0.9350164781509319
		outer loop
			vertex -45.052913665771484 0 6.671815872192383
			vertex -45.39102554321289 0 6.5435872077941895
			vertex -45.39102554321289 3 6.5435872077941895
		endloop
	endfacet
	facet normal 0.5680693132265177 0 -0.8229807138507881
		outer loop
			vertex -44.75531768798828 0 6.877233982086182
			vertex -45.052913665771484 3 6.671815872192383
			vertex -44.75531768798828 3 6.877233982086182
		endloop
	endfacet
	facet normal 0.5680693132265177 0 -0.8229807138507881
		outer loop
			vertex -44.75531768798828 0 6.877233982086182
			vertex -45.052913665771484 0 6.671815872192383
			vertex -45.052913665771484 3 6.671815872192383
		endloop
	endfacet
	facet normal 0.7485106449428883 0 -0.6631227747613421
		outer loop
			vertex -44.515525817871094 0 7.147902965545654
			vertex -44.75531768798828 3 6.877233982086182
			vertex -44.515525817871094 3 7.147902965545654
		endloop
	endfacet
	facet normal 0.7485106449428883 0 -0.6631227747613421
		outer loop
			vertex -44.515525817871094 0 7.147902965545654
			vertex -44.75531768798828 0 6.877233982086182
			vertex -44.75531768798828 3 6.877233982086182
		endloop
	endfacet
	facet normal 0.8854555044709695 0 -0.46472416507220843
		outer loop
			vertex -44.347476959228516 0 7.468092441558838
			vertex -44.515525817871094 3 7.147902965545654
			vertex -44.347476959228516 3 7.468092441558838
		endloop
	endfacet
	facet normal 0.8854555044709695 0 -0.46472416507220843
		outer loop
			vertex -44.347476959228516 0 7.468092441558838
			vertex -44.515525817871094 0 7.147902965545654
			vertex -44.515525817871094 3 7.147902965545654
		endloop
	endfacet
	facet normal 0.9709410047524507 0 -0.2393189614098759
		outer loop
			vertex -44.26093673706055 0 7.819194793701172
			vertex -44.347476959228516 3 7.468092441558838
			vertex -44.26093673706055 3 7.819194793701172
		endloop
	endfacet
	facet normal 0.9709410047524507 0 -0.2393189614098759
		outer loop
			vertex -44.26093673706055 0 7.819194793701172
			vertex -44.347476959228516 0 7.468092441558838
			vertex -44.347476959228516 3 7.468092441558838
		endloop
	endfacet
	facet normal 1 0 0
		outer loop
			vertex -44.26093673706055 0 8.180805206298828
			vertex -44.26093673706055 3 7.819194793701172
			vertex -44.26093673706055 3 8.180805206298828
		endloop
	endfacet
	facet normal 1 0 0
		outer loop
			vertex -44.26093673706055 0 8.180805206298828
			vertex -44.26093673706055 0 7.819194793701172
			vertex -44.26093673706055 3 7.819194793701172
		endloop
	endfacet
	facet normal 0.8854560740431457 0 0.46472307984443745
		outer loop
			vertex -44.347476959228516 0 8.531907081604004
			vertex -44.347476959228516 3 8.531907081604004
			vertex -44.515525817871094 3 8.852097511291504
		endloop
	endfacet
	facet normal 0.9709409292285788 0 0.2393192678175837
		outer loop
			vertex -44.347476959228516 0 8.531907081604004
			vertex -44.26093673706055 3 8.180805206298828
			vertex -44.347476959228516 3 8.531907081604004
		endloop
	endfacet
	facet normal 0.9709409292285788 0 0.2393192678175837
		outer loop
			vertex -44.347476959228516 0 8.531907081604004
			vertex -44.26093673706055 0 8.180805206298828
			vertex -44.26093673706055 3 8.180805206298828
		endloop
	endfacet
	facet normal 0.8854560740431457 0 0.46472307984443745
		outer loop
			vertex -44.515525817871094 0 8.852097511291504
			vertex -44.347476959228516 0 8.531907081604004
			vertex -44.515525817871094 3 8.852097511291504
		endloop
	endfacet
	facet normal 0.5680684201010048 0 0.8229813303374192
		outer loop
			vertex -44.75531768798828 0 9.122766494750977
			vertex -44.75531768798828 3 9.122766494750977
			vertex -45.052913665771484 3 9.328184127807617
		endloop
	endfacet
	facet normal 0.7485106449428883 0 0.6631227747613421
		outer loop
			vertex -44.75531768798828 0 9.122766494750977
			vertex -44.515525817871094 3 8.852097511291504
			vertex -44.75531768798828 3 9.122766494750977
		endloop
	endfacet
	facet normal 0.7485106449428883 0 0.6631227747613421
		outer loop
			vertex -44.75531768798828 0 9.122766494750977
			vertex -44.515525817871094 0 8.852097511291504
			vertex -44.515525817871094 3 8.852097511291504
		endloop
	endfacet
	facet normal 0.5680684201010048 0 0.8229813303374192
		outer loop
			vertex -45.052913665771484 0 9.328184127807617
			vertex -44.75531768798828 0 9.122766494750977
			vertex -45.052913665771484 3 9.328184127807617
		endloop
	endfacet
	facet normal 0.35460311333375444 0 0.9350169153625022
		outer loop
			vertex -45.39102554321289 0 9.456412315368652
			vertex -45.052913665771484 3 9.328184127807617
			vertex -45.39102554321289 3 9.456412315368652
		endloop
	endfacet
	facet normal 0.35460311333375444 0 0.9350169153625022
		outer loop
			vertex -45.39102554321289 0 9.456412315368652
			vertex -45.052913665771484 0 9.328184127807617
			vertex -45.052913665771484 3 9.328184127807617
		endloop
	endfacet
	facet normal 0.12053748191281036 0 0.9927087767588836
		outer loop
			vertex -45.75 0 9.5
			vertex -45.39102554321289 3 9.456412315368652
			vertex -45.75 3 9.5
		endloop
	endfacet
	facet normal 0.12053748191281036 0 0.9927087767588836
		outer loop
			vertex -45.75 0 9.5
			vertex -45.39102554321289 0 9.456412315368652
			vertex -45.39102554321289 3 9.456412315368652
		endloop
	endfacet
	facet normal -0.1205355140761992 0 0.9927090156971411
		outer loop
			vertex -25.75 0 17.5
			vertex -25.75 3 17.5
			vertex -26.108972549438477 3 17.45641326904297
		endloop
	endfacet
	facet normal -0.1205355140761992 0 0.9927090156971411
		outer loop
			vertex -26.108972549438477 0 17.45641326904297
			vertex -25.75 0 17.5
			vertex -26.108972549438477 3 17.45641326904297
		endloop
	endfacet
	facet normal -0.35460541900537196 0 0.9350160409383491
		outer loop
			vertex -26.447084426879883 0 17.328184127807617
			vertex -26.108972549438477 3 17.45641326904297
			vertex -26.447084426879883 3 17.328184127807617
		endloop
	endfacet
	facet normal -0.35460541900537196 0 0.9350160409383491
		outer loop
			vertex -26.447084426879883 0 17.328184127807617
			vertex -26.108972549438477 0 17.45641326904297
			vertex -26.108972549438477 3 17.45641326904297
		endloop
	endfacet
	facet normal -0.7485118046442782 0 0.6631214657271819
		outer loop
			vertex -26.74468421936035 0 17.122766494750977
			vertex -26.74468421936035 3 17.122766494750977
			vertex -26.98447608947754 3 16.852096557617188
		endloop
	endfacet
	facet normal -0.5680634882407555 0 0.8229847345654385
		outer loop
			vertex -26.74468421936035 0 17.122766494750977
			vertex -26.447084426879883 3 17.328184127807617
			vertex -26.74468421936035 3 17.122766494750977
		endloop
	endfacet
	facet normal -0.5680634882407555 0 0.8229847345654385
		outer loop
			vertex -26.74468421936035 0 17.122766494750977
			vertex -26.447084426879883 0 17.328184127807617
			vertex -26.447084426879883 3 17.328184127807617
		endloop
	endfacet
	facet normal -0.7485118046442782 0 0.6631214657271819
		outer loop
			vertex -26.98447608947754 0 16.852096557617188
			vertex -26.74468421936035 0 17.122766494750977
			vertex -26.98447608947754 3 16.852096557617188
		endloop
	endfacet
	facet normal -0.885454934894803 0 0.4647252503043498
		outer loop
			vertex -27.152524948120117 0 16.53190803527832
			vertex -26.98447608947754 3 16.852096557617188
			vertex -27.152524948120117 3 16.53190803527832
		endloop
	endfacet
	facet normal -0.885454934894803 0 0.4647252503043498
		outer loop
			vertex -27.152524948120117 0 16.53190803527832
			vertex -26.98447608947754 0 16.852096557617188
			vertex -26.98447608947754 3 16.852096557617188
		endloop
	endfacet
	facet normal -1 0 0
		outer loop
			vertex -27.239063262939453 0 16.180805206298828
			vertex -27.239063262939453 3 16.180805206298828
			vertex -27.239063262939453 3 15.819194793701172
		endloop
	endfacet
	facet normal -0.9709423058911132 0 0.23931368249819748
		outer loop
			vertex -27.239063262939453 0 16.180805206298828
			vertex -27.152524948120117 3 16.53190803527832
			vertex -27.239063262939453 3 16.180805206298828
		endloop
	endfacet
	facet normal -0.9709423058911132 0 0.23931368249819748
		outer loop
			vertex -27.239063262939453 0 16.180805206298828
			vertex -27.152524948120117 0 16.53190803527832
			vertex -27.152524948120117 3 16.53190803527832
		endloop
	endfacet
	facet normal -0.9709421548497453 0 -0.23931429530166637
		outer loop
			vertex -27.239063262939453 0 15.819194793701172
			vertex -27.239063262939453 3 15.819194793701172
			vertex -27.152524948120117 3 15.468092918395996
		endloop
	endfacet
	facet normal -1 0 0
		outer loop
			vertex -27.239063262939453 0 15.819194793701172
			vertex -27.239063262939453 0 16.180805206298828
			vertex -27.239063262939453 3 15.819194793701172
		endloop
	endfacet
	facet normal -0.9709421548497453 0 -0.23931429530166637
		outer loop
			vertex -27.152524948120117 0 15.468092918395996
			vertex -27.239063262939453 0 15.819194793701172
			vertex -27.152524948120117 3 15.468092918395996
		endloop
	endfacet
	facet normal -0.8854560740431457 0 -0.46472307984443745
		outer loop
			vertex -26.98447608947754 0 15.147902488708496
			vertex -27.152524948120117 3 15.468092918395996
			vertex -26.98447608947754 3 15.147902488708496
		endloop
	endfacet
	facet normal -0.8854560740431457 0 -0.46472307984443745
		outer loop
			vertex -26.98447608947754 0 15.147902488708496
			vertex -27.152524948120117 0 15.468092918395996
			vertex -27.152524948120117 3 15.468092918395996
		endloop
	endfacet
	facet normal -0.7485106449428883 0 -0.6631227747613421
		outer loop
			vertex -26.74468421936035 0 14.877233505249023
			vertex -26.98447608947754 3 15.147902488708496
			vertex -26.74468421936035 3 14.877233505249023
		endloop
	endfacet
	facet normal -0.7485106449428883 0 -0.6631227747613421
		outer loop
			vertex -26.74468421936035 0 14.877233505249023
			vertex -26.98447608947754 0 15.147902488708496
			vertex -26.98447608947754 3 15.147902488708496
		endloop
	endfacet
	facet normal -0.5680634882407555 0 -0.8229847345654385
		outer loop
			vertex -26.447084426879883 0 14.671815872192383
			vertex -26.74468421936035 3 14.877233505249023
			vertex -26.447084426879883 3 14.671815872192383
		endloop
	endfacet
	facet normal -0.5680634882407555 0 -0.8229847345654385
		outer loop
			vertex -26.447084426879883 0 14.671815872192383
			vertex -26.74468421936035 0 14.877233505249023
			vertex -26.74468421936035 3 14.877233505249023
		endloop
	endfacet
	facet normal -0.35460311333375444 0 -0.9350169153625022
		outer loop
			vertex -26.108972549438477 0 14.543587684631348
			vertex -26.447084426879883 3 14.671815872192383
			vertex -26.108972549438477 3 14.543587684631348
		endloop
	endfacet
	facet normal -0.35460311333375444 0 -0.9350169153625022
		outer loop
			vertex -26.108972549438477 0 14.543587684631348
			vertex -26.447084426879883 0 14.671815872192383
			vertex -26.447084426879883 3 14.671815872192383
		endloop
	endfacet
	facet normal -0.1205381130657807 0 -0.9927087001223174
		outer loop
			vertex -25.75 0 14.5
			vertex -26.108972549438477 3 14.543587684631348
			vertex -25.75 3 14.5
		endloop
	endfacet
	facet normal -0.1205381130657807 0 -0.9927087001223174
		outer loop
			vertex -25.75 0 14.5
			vertex -26.108972549438477 0 14.543587684631348
			vertex -26.108972549438477 3 14.543587684631348
		endloop
	endfacet
	facet normal 0 0 -1
		outer loop
			vertex -45.75 3 17.5
			vertex -25.75 0 17.5
			vertex -45.75 0 17.5
		endloop
	endfacet
	facet normal 0 0 -1
		outer loop
			vertex -45.75 3 17.5
			vertex -25.75 3 17.5
			vertex -25.75 0 17.5
		endloop
	endfacet
	facet normal 0.12053748191281036 0 -0.9927087767588836
		outer loop
			vertex -45.39102554321289 0 14.543587684631348
			vertex -45.75 0 14.5
			vertex -45.75 3 14.5
		endloop
	endfacet
	facet normal 0.12053748191281036 0 -0.9927087767588836
		outer loop
			vertex -45.39102554321289 0 14.543587684631348
			vertex -45.75 3 14.5
			vertex -45.39102554321289 3 14.543587684631348
		endloop
	endfacet
	facet normal 0.35460311333375444 0 -0.9350169153625022
		outer loop
			vertex -45.052913665771484 0 14.671815872192383
			vertex -45.39102554321289 3 14.543587684631348
			vertex -45.052913665771484 3 14.671815872192383
		endloop
	endfacet
	facet normal 0.35460311333375444 0 -0.9350169153625022
		outer loop
			vertex -45.052913665771484 0 14.671815872192383
			vertex -45.39102554321289 0 14.543587684631348
			vertex -45.39102554321289 3 14.543587684631348
		endloop
	endfacet
	facet normal 0.5680684201010048 0 -0.8229813303374192
		outer loop
			vertex -44.75531768798828 0 14.877233505249023
			vertex -45.052913665771484 3 14.671815872192383
			vertex -44.75531768798828 3 14.877233505249023
		endloop
	endfacet
	facet normal 0.5680684201010048 0 -0.8229813303374192
		outer loop
			vertex -44.75531768798828 0 14.877233505249023
			vertex -45.052913665771484 0 14.671815872192383
			vertex -45.052913665771484 3 14.671815872192383
		endloop
	endfacet
	facet normal 0.7485106449428883 0 -0.6631227747613421
		outer loop
			vertex -44.515525817871094 0 15.147902488708496
			vertex -44.75531768798828 3 14.877233505249023
			vertex -44.515525817871094 3 15.147902488708496
		endloop
	endfacet
	facet normal 0.7485106449428883 0 -0.6631227747613421
		outer loop
			vertex -44.515525817871094 0 15.147902488708496
			vertex -44.75531768798828 0 14.877233505249023
			vertex -44.75531768798828 3 14.877233505249023
		endloop
	endfacet
	facet normal 0.8854560740431457 0 -0.46472307984443745
		outer loop
			vertex -44.347476959228516 0 15.468092918395996
			vertex -44.515525817871094 3 15.147902488708496
			vertex -44.347476959228516 3 15.468092918395996
		endloop
	endfacet
	facet normal 0.8854560740431457 0 -0.46472307984443745
		outer loop
			vertex -44.347476959228516 0 15.468092918395996
			vertex -44.515525817871094 0 15.147902488708496
			vertex -44.515525817871094 3 15.147902488708496
		endloop
	endfacet
	facet normal 0.9709409292285788 0 -0.2393192678175837
		outer loop
			vertex -44.26093673706055 0 15.819194793701172
			vertex -44.347476959228516 3 15.468092918395996
			vertex -44.26093673706055 3 15.819194793701172
		endloop
	endfacet
	facet normal 0.9709409292285788 0 -0.2393192678175837
		outer loop
			vertex -44.26093673706055 0 15.819194793701172
			vertex -44.347476959228516 0 15.468092918395996
			vertex -44.347476959228516 3 15.468092918395996
		endloop
	endfacet
	facet normal 1 0 0
		outer loop
			vertex -44.26093673706055 0 16.180805206298828
			vertex -44.26093673706055 3 15.819194793701172
			vertex -44.26093673706055 3 16.180805206298828
		endloop
	endfacet
	facet normal 1 0 0
		outer loop
			vertex -44.26093673706055 0 16.180805206298828
			vertex -44.26093673706055 0 15.819194793701172
			vertex -44.26093673706055 3 15.819194793701172
		endloop
	endfacet
	facet normal 0.885454934894803 0 0.4647252503043498
		outer loop
			vertex -44.347476959228516 0 16.53190803527832
			vertex -44.347476959228516 3 16.53190803527832
			vertex -44.515525817871094 3 16.852096557617188
		endloop
	endfacet
	facet normal 0.9709410802760327 0 0.23931865500292893
		outer loop
			vertex -44.347476959228516 0 16.53190803527832
			vertex -44.26093673706055 3 16.180805206298828
			vertex -44.347476959228516 3 16.53190803527832
		endloop
	endfacet
	facet normal 0.9709410802760327 0 0.23931865500292893
		outer loop
			vertex -44.347476959228516 0 16.53190803527832
			vertex -44.26093673706055 0 16.180805206298828
			vertex -44.26093673706055 3 16.180805206298828
		endloop
	endfacet
	facet normal 0.885454934894803 0 0.4647252503043498
		outer loop
			vertex -44.515525817871094 0 16.852096557617188
			vertex -44.347476959228516 0 16.53190803527832
			vertex -44.515525817871094 3 16.852096557617188
		endloop
	endfacet
	facet normal 0.5680684201010048 0 0.8229813303374192
		outer loop
			vertex -44.75531768798828 0 17.122766494750977
			vertex -44.75531768798828 3 17.122766494750977
			vertex -45.052913665771484 3 17.328184127807617
		endloop
	endfacet
	facet normal 0.7485118046442782 0 0.6631214657271819
		outer loop
			vertex -44.75531768798828 0 17.122766494750977
			vertex -44.515525817871094 3 16.852096557617188
			vertex -44.75531768798828 3 17.122766494750977
		endloop
	endfacet
	facet normal 0.7485118046442782 0 0.6631214657271819
		outer loop
			vertex -44.75531768798828 0 17.122766494750977
			vertex -44.515525817871094 0 16.852096557617188
			vertex -44.515525817871094 3 16.852096557617188
		endloop
	endfacet
	facet normal 0.5680684201010048 0 0.8229813303374192
		outer loop
			vertex -45.052913665771484 0 17.328184127807617
			vertex -44.75531768798828 0 17.122766494750977
			vertex -45.052913665771484 3 17.328184127807617
		endloop
	endfacet
	facet normal 0.35460541900537196 0 0.9350160409383491
		outer loop
			vertex -45.39102554321289 0 17.45641326904297
			vertex -45.052913665771484 3 17.328184127807617
			vertex -45.39102554321289 3 17.45641326904297
		endloop
	endfacet
	facet normal 0.35460541900537196 0 0.9350160409383491
		outer loop
			vertex -45.39102554321289 0 17.45641326904297
			vertex -45.052913665771484 0 17.328184127807617
			vertex -45.052913665771484 3 17.328184127807617
		endloop
	endfacet
	facet normal 0.1205348829364362 0 0.9927090923304268
		outer loop
			vertex -45.75 0 17.5
			vertex -45.39102554321289 3 17.45641326904297
			vertex -45.75 3 17.5
		endloop
	endfacet
	facet normal 0.1205348829364362 0 0.9927090923304268
		outer loop
			vertex -45.75 0 17.5
			vertex -45.39102554321289 0 17.45641326904297
			vertex -45.39102554321289 3 17.45641326904297
		endloop
	endfacet
	facet normal -0.1205355140761992 0 0.9927090156971411
		outer loop
			vertex 22.641027450561523 0 -20.04358673095703
			vertex 23 0 -20
			vertex 23 3 -20
		endloop
	endfacet
	facet normal -0.1205355140761992 0 0.9927090156971411
		outer loop
			vertex 22.641027450561523 0 -20.04358673095703
			vertex 23 3 -20
			vertex 22.641027450561523 3 -20.04358673095703
		endloop
	endfacet
	facet normal -0.35460541900537196 0 0.9350160409383491
		outer loop
			vertex 22.302915573120117 0 -20.171815872192383
			vertex 22.641027450561523 3 -20.04358673095703
			vertex 22.302915573120117 3 -20.171815872192383
		endloop
	endfacet
	facet normal -0.35460541900537196 0 0.9350160409383491
		outer loop
			vertex 22.302915573120117 0 -20.171815872192383
			vertex 22.641027450561523 0 -20.04358673095703
			vertex 22.641027450561523 3 -20.04358673095703
		endloop
	endfacet
	facet normal -0.7485118046442782 0 0.6631214657271819
		outer loop
			vertex 22.00531578063965 0 -20.377233505249023
			vertex 22.00531578063965 3 -20.377233505249023
			vertex 21.76552391052246 3 -20.647903442382812
		endloop
	endfacet
	facet normal -0.5680634882407555 0 0.8229847345654385
		outer loop
			vertex 22.00531578063965 0 -20.377233505249023
			vertex 22.302915573120117 3 -20.171815872192383
			vertex 22.00531578063965 3 -20.377233505249023
		endloop
	endfacet
	facet normal -0.5680634882407555 0 0.8229847345654385
		outer loop
			vertex 22.00531578063965 0 -20.377233505249023
			vertex 22.302915573120117 0 -20.171815872192383
			vertex 22.302915573120117 3 -20.171815872192383
		endloop
	endfacet
	facet normal -0.7485118046442782 0 0.6631214657271819
		outer loop
			vertex 21.76552391052246 0 -20.647903442382812
			vertex 22.00531578063965 0 -20.377233505249023
			vertex 21.76552391052246 3 -20.647903442382812
		endloop
	endfacet
	facet normal -0.885454934894803 0 0.4647252503043498
		outer loop
			vertex 21.597475051879883 0 -20.96809196472168
			vertex 21.76552391052246 3 -20.647903442382812
			vertex 21.597475051879883 3 -20.96809196472168
		endloop
	endfacet
	facet normal -0.885454934894803 0 0.4647252503043498
		outer loop
			vertex 21.597475051879883 0 -20.96809196472168
			vertex 21.76552391052246 0 -20.647903442382812
			vertex 21.76552391052246 3 -20.647903442382812
		endloop
	endfacet
	facet normal -1 0 0
		outer loop
			vertex 21.510936737060547 0 -21.319194793701172
			vertex 21.510936737060547 3 -21.319194793701172
			vertex 21.510936737060547 3 -21.680805206298828
		endloop
	endfacet
	facet normal -0.9709423058911132 0 0.23931368249819748
		outer loop
			vertex 21.510936737060547 0 -21.319194793701172
			vertex 21.597475051879883 3 -20.96809196472168
			vertex 21.510936737060547 3 -21.319194793701172
		endloop
	endfacet
	facet normal -0.9709423058911132 0 0.23931368249819748
		outer loop
			vertex 21.510936737060547 0 -21.319194793701172
			vertex 21.597475051879883 0 -20.96809196472168
			vertex 21.597475051879883 3 -20.96809196472168
		endloop
	endfacet
	facet normal -0.9709423058911132 0 -0.23931368249819748
		outer loop
			vertex 21.510936737060547 0 -21.680805206298828
			vertex 21.510936737060547 3 -21.680805206298828
			vertex 21.597475051879883 3 -22.03190803527832
		endloop
	endfacet
	facet normal -1 0 0
		outer loop
			vertex 21.510936737060547 0 -21.680805206298828
			vertex 21.510936737060547 0 -21.319194793701172
			vertex 21.510936737060547 3 -21.680805206298828
		endloop
	endfacet
	facet normal -0.9709423058911132 0 -0.23931368249819748
		outer loop
			vertex 21.597475051879883 0 -22.03190803527832
			vertex 21.510936737060547 0 -21.680805206298828
			vertex 21.597475051879883 3 -22.03190803527832
		endloop
	endfacet
	facet normal -0.885454934894803 0 -0.4647252503043498
		outer loop
			vertex 21.76552391052246 0 -22.352096557617188
			vertex 21.597475051879883 3 -22.03190803527832
			vertex 21.76552391052246 3 -22.352096557617188
		endloop
	endfacet
	facet normal -0.885454934894803 0 -0.4647252503043498
		outer loop
			vertex 21.76552391052246 0 -22.352096557617188
			vertex 21.597475051879883 0 -22.03190803527832
			vertex 21.597475051879883 3 -22.03190803527832
		endloop
	endfacet
	facet normal -0.7485118046442782 0 -0.6631214657271819
		outer loop
			vertex 22.00531578063965 0 -22.622766494750977
			vertex 21.76552391052246 3 -22.352096557617188
			vertex 22.00531578063965 3 -22.622766494750977
		endloop
	endfacet
	facet normal -0.7485118046442782 0 -0.6631214657271819
		outer loop
			vertex 22.00531578063965 0 -22.622766494750977
			vertex 21.76552391052246 0 -22.352096557617188
			vertex 21.76552391052246 3 -22.352096557617188
		endloop
	endfacet
	facet normal -0.5680634882407555 0 -0.8229847345654385
		outer loop
			vertex 22.302915573120117 0 -22.828184127807617
			vertex 22.00531578063965 3 -22.622766494750977
			vertex 22.302915573120117 3 -22.828184127807617
		endloop
	endfacet
	facet normal -0.5680634882407555 0 -0.8229847345654385
		outer loop
			vertex 22.302915573120117 0 -22.828184127807617
			vertex 22.00531578063965 0 -22.622766494750977
			vertex 22.00531578063965 3 -22.622766494750977
		endloop
	endfacet
	facet normal -0.35460541900537196 0 -0.9350160409383491
		outer loop
			vertex 22.641027450561523 0 -22.95641326904297
			vertex 22.302915573120117 3 -22.828184127807617
			vertex 22.641027450561523 3 -22.95641326904297
		endloop
	endfacet
	facet normal -0.35460541900537196 0 -0.9350160409383491
		outer loop
			vertex 22.641027450561523 0 -22.95641326904297
			vertex 22.302915573120117 0 -22.828184127807617
			vertex 22.302915573120117 3 -22.828184127807617
		endloop
	endfacet
	facet normal -0.1205355140761992 0 -0.9927090156971411
		outer loop
			vertex 23 0 -23
			vertex 22.641027450561523 3 -22.95641326904297
			vertex 23 3 -23
		endloop
	endfacet
	facet normal -0.1205355140761992 0 -0.9927090156971411
		outer loop
			vertex 23 0 -23
			vertex 22.641027450561523 0 -22.95641326904297
			vertex 22.641027450561523 3 -22.95641326904297
		endloop
	endfacet
	facet normal 0 0 1
		outer loop
			vertex 33 0 -23
			vertex 23 3 -23
			vertex 23 0 -23
		endloop
	endfacet
	facet normal 0 0 1
		outer loop
			vertex 33 3 -23
			vertex 23 3 -23
			vertex 33 0 -23
		endloop
	endfacet
	facet normal -0.1205348829364362 0 0.9927090923304268
		outer loop
			vertex 33 0 -20
			vertex 33 3 -20
			vertex 32.64102554321289 3 -20.04358673095703
		endloop
	endfacet
	facet normal -0.1205348829364362 0 0.9927090923304268
		outer loop
			vertex 32.64102554321289 0 -20.04358673095703
			vertex 33 0 -20
			vertex 32.64102554321289 3 -20.04358673095703
		endloop
	endfacet
	facet normal -0.35460541900537196 0 0.9350160409383491
		outer loop
			vertex 32.302913665771484 0 -20.171815872192383
			vertex 32.64102554321289 3 -20.04358673095703
			vertex 32.302913665771484 3 -20.171815872192383
		endloop
	endfacet
	facet normal -0.35460541900537196 0 0.9350160409383491
		outer loop
			vertex 32.302913665771484 0 -20.171815872192383
			vertex 32.64102554321289 0 -20.04358673095703
			vertex 32.64102554321289 3 -20.04358673095703
		endloop
	endfacet
	facet normal -0.7485091865824214 0 0.6631244209058523
		outer loop
			vertex 32.00531768798828 0 -20.377233505249023
			vertex 32.00531768798828 3 -20.377233505249023
			vertex 31.76552391052246 3 -20.647903442382812
		endloop
	endfacet
	facet normal -0.5680684201010048 0 0.8229813303374192
		outer loop
			vertex 32.00531768798828 0 -20.377233505249023
			vertex 32.302913665771484 3 -20.171815872192383
			vertex 32.00531768798828 3 -20.377233505249023
		endloop
	endfacet
	facet normal -0.5680684201010048 0 0.8229813303374192
		outer loop
			vertex 32.00531768798828 0 -20.377233505249023
			vertex 32.302913665771484 0 -20.171815872192383
			vertex 32.302913665771484 3 -20.171815872192383
		endloop
	endfacet
	facet normal -0.7485091865824214 0 0.6631244209058523
		outer loop
			vertex 31.76552391052246 0 -20.647903442382812
			vertex 32.00531768798828 0 -20.377233505249023
			vertex 31.76552391052246 3 -20.647903442382812
		endloop
	endfacet
	facet normal -0.885454934894803 0 0.4647252503043498
		outer loop
			vertex 31.597475051879883 0 -20.96809196472168
			vertex 31.76552391052246 3 -20.647903442382812
			vertex 31.597475051879883 3 -20.96809196472168
		endloop
	endfacet
	facet normal -0.885454934894803 0 0.4647252503043498
		outer loop
			vertex 31.597475051879883 0 -20.96809196472168
			vertex 31.76552391052246 0 -20.647903442382812
			vertex 31.76552391052246 3 -20.647903442382812
		endloop
	endfacet
	facet normal -1 0 0
		outer loop
			vertex 31.510936737060547 0 -21.319194793701172
			vertex 31.510936737060547 3 -21.319194793701172
			vertex 31.510936737060547 3 -21.680805206298828
		endloop
	endfacet
	facet normal -0.9709423058911132 0 0.23931368249819748
		outer loop
			vertex 31.510936737060547 0 -21.319194793701172
			vertex 31.597475051879883 3 -20.96809196472168
			vertex 31.510936737060547 3 -21.319194793701172
		endloop
	endfacet
	facet normal -0.9709423058911132 0 0.23931368249819748
		outer loop
			vertex 31.510936737060547 0 -21.319194793701172
			vertex 31.597475051879883 0 -20.96809196472168
			vertex 31.597475051879883 3 -20.96809196472168
		endloop
	endfacet
	facet normal -0.9709423058911132 0 -0.23931368249819748
		outer loop
			vertex 31.510936737060547 0 -21.680805206298828
			vertex 31.510936737060547 3 -21.680805206298828
			vertex 31.597475051879883 3 -22.03190803527832
		endloop
	endfacet
	facet normal -1 0 0
		outer loop
			vertex 31.510936737060547 0 -21.680805206298828
			vertex 31.510936737060547 0 -21.319194793701172
			vertex 31.510936737060547 3 -21.680805206298828
		endloop
	endfacet
	facet normal -0.9709423058911132 0 -0.23931368249819748
		outer loop
			vertex 31.597475051879883 0 -22.03190803527832
			vertex 31.510936737060547 0 -21.680805206298828
			vertex 31.597475051879883 3 -22.03190803527832
		endloop
	endfacet
	facet normal -0.885454934894803 0 -0.4647252503043498
		outer loop
			vertex 31.76552391052246 0 -22.352096557617188
			vertex 31.597475051879883 3 -22.03190803527832
			vertex 31.76552391052246 3 -22.352096557617188
		endloop
	endfacet
	facet normal -0.885454934894803 0 -0.4647252503043498
		outer loop
			vertex 31.76552391052246 0 -22.352096557617188
			vertex 31.597475051879883 0 -22.03190803527832
			vertex 31.597475051879883 3 -22.03190803527832
		endloop
	endfacet
	facet normal -0.7485091865824214 0 -0.6631244209058523
		outer loop
			vertex 32.00531768798828 0 -22.622766494750977
			vertex 31.76552391052246 3 -22.352096557617188
			vertex 32.00531768798828 3 -22.622766494750977
		endloop
	endfacet
	facet normal -0.7485091865824214 0 -0.6631244209058523
		outer loop
			vertex 32.00531768798828 0 -22.622766494750977
			vertex 31.76552391052246 0 -22.352096557617188
			vertex 31.76552391052246 3 -22.352096557617188
		endloop
	endfacet
	facet normal -0.5680684201010048 0 -0.8229813303374192
		outer loop
			vertex 32.302913665771484 0 -22.828184127807617
			vertex 32.00531768798828 3 -22.622766494750977
			vertex 32.302913665771484 3 -22.828184127807617
		endloop
	endfacet
	facet normal -0.5680684201010048 0 -0.8229813303374192
		outer loop
			vertex 32.302913665771484 0 -22.828184127807617
			vertex 32.00531768798828 0 -22.622766494750977
			vertex 32.00531768798828 3 -22.622766494750977
		endloop
	endfacet
	facet normal -0.35460541900537196 0 -0.9350160409383491
		outer loop
			vertex 32.64102554321289 0 -22.95641326904297
			vertex 32.302913665771484 3 -22.828184127807617
			vertex 32.64102554321289 3 -22.95641326904297
		endloop
	endfacet
	facet normal -0.35460541900537196 0 -0.9350160409383491
		outer loop
			vertex 32.64102554321289 0 -22.95641326904297
			vertex 32.302913665771484 0 -22.828184127807617
			vertex 32.302913665771484 3 -22.828184127807617
		endloop
	endfacet
	facet normal -0.1205348829364362 0 -0.9927090923304268
		outer loop
			vertex 33 0 -23
			vertex 32.64102554321289 3 -22.95641326904297
			vertex 33 3 -23
		endloop
	endfacet
	facet normal -0.1205348829364362 0 -0.9927090923304268
		outer loop
			vertex 33 0 -23
			vertex 32.64102554321289 0 -22.95641326904297
			vertex 32.64102554321289 3 -22.95641326904297
		endloop
	endfacet
	facet normal -0.1205355140761992 0 0.9927090156971411
		outer loop
			vertex 22.641027450561523 0 -26.04358673095703
			vertex 23 0 -26
			vertex 23 3 -26
		endloop
	endfacet
	facet normal -0.1205355140761992 0 0.9927090156971411
		outer loop
			vertex 22.641027450561523 0 -26.04358673095703
			vertex 23 3 -26
			vertex 22.641027450561523 3 -26.04358673095703
		endloop
	endfacet
	facet normal -0.35460541900537196 0 0.9350160409383491
		outer loop
			vertex 22.302915573120117 0 -26.171815872192383
			vertex 22.641027450561523 3 -26.04358673095703
			vertex 22.302915573120117 3 -26.171815872192383
		endloop
	endfacet
	facet normal -0.35460541900537196 0 0.9350160409383491
		outer loop
			vertex 22.302915573120117 0 -26.171815872192383
			vertex 22.641027450561523 0 -26.04358673095703
			vertex 22.641027450561523 3 -26.04358673095703
		endloop
	endfacet
	facet normal -0.7485118046442782 0 0.6631214657271819
		outer loop
			vertex 22.00531578063965 0 -26.377233505249023
			vertex 22.00531578063965 3 -26.377233505249023
			vertex 21.76552391052246 3 -26.647903442382812
		endloop
	endfacet
	facet normal -0.5680634882407555 0 0.8229847345654385
		outer loop
			vertex 22.00531578063965 0 -26.377233505249023
			vertex 22.302915573120117 3 -26.171815872192383
			vertex 22.00531578063965 3 -26.377233505249023
		endloop
	endfacet
	facet normal -0.5680634882407555 0 0.8229847345654385
		outer loop
			vertex 22.00531578063965 0 -26.377233505249023
			vertex 22.302915573120117 0 -26.171815872192383
			vertex 22.302915573120117 3 -26.171815872192383
		endloop
	endfacet
	facet normal -0.7485118046442782 0 0.6631214657271819
		outer loop
			vertex 21.76552391052246 0 -26.647903442382812
			vertex 22.00531578063965 0 -26.377233505249023
			vertex 21.76552391052246 3 -26.647903442382812
		endloop
	endfacet
	facet normal -0.885454934894803 0 0.4647252503043498
		outer loop
			vertex 21.597475051879883 0 -26.96809196472168
			vertex 21.76552391052246 3 -26.647903442382812
			vertex 21.597475051879883 3 -26.96809196472168
		endloop
	endfacet
	facet normal -0.885454934894803 0 0.4647252503043498
		outer loop
			vertex 21.597475051879883 0 -26.96809196472168
			vertex 21.76552391052246 0 -26.647903442382812
			vertex 21.76552391052246 3 -26.647903442382812
		endloop
	endfacet
	facet normal -1 0 0
		outer loop
			vertex 21.510936737060547 0 -27.319194793701172
			vertex 21.510936737060547 3 -27.319194793701172
			vertex 21.510936737060547 3 -27.680805206298828
		endloop
	endfacet
	facet normal -0.9709423058911132 0 0.23931368249819748
		outer loop
			vertex 21.510936737060547 0 -27.319194793701172
			vertex 21.597475051879883 3 -26.96809196472168
			vertex 21.510936737060547 3 -27.319194793701172
		endloop
	endfacet
	facet normal -0.9709423058911132 0 0.23931368249819748
		outer loop
			vertex 21.510936737060547 0 -27.319194793701172
			vertex 21.597475051879883 0 -26.96809196472168
			vertex 21.597475051879883 3 -26.96809196472168
		endloop
	endfacet
	facet normal -0.9709423058911132 0 -0.23931368249819748
		outer loop
			vertex 21.510936737060547 0 -27.680805206298828
			vertex 21.510936737060547 3 -27.680805206298828
			vertex 21.597475051879883 3 -28.03190803527832
		endloop
	endfacet
	facet normal -1 0 0
		outer loop
			vertex 21.510936737060547 0 -27.680805206298828
			vertex 21.510936737060547 0 -27.319194793701172
			vertex 21.510936737060547 3 -27.680805206298828
		endloop
	endfacet
	facet normal -0.9709423058911132 0 -0.23931368249819748
		outer loop
			vertex 21.597475051879883 0 -28.03190803527832
			vertex 21.510936737060547 0 -27.680805206298828
			vertex 21.597475051879883 3 -28.03190803527832
		endloop
	endfacet
	facet normal -0.885454934894803 0 -0.4647252503043498
		outer loop
			vertex 21.76552391052246 0 -28.352096557617188
			vertex 21.597475051879883 3 -28.03190803527832
			vertex 21.76552391052246 3 -28.352096557617188
		endloop
	endfacet
	facet normal -0.885454934894803 0 -0.4647252503043498
		outer loop
			vertex 21.76552391052246 0 -28.352096557617188
			vertex 21.597475051879883 0 -28.03190803527832
			vertex 21.597475051879883 3 -28.03190803527832
		endloop
	endfacet
	facet normal -0.7485118046442782 0 -0.6631214657271819
		outer loop
			vertex 22.00531578063965 0 -28.622766494750977
			vertex 21.76552391052246 3 -28.352096557617188
			vertex 22.00531578063965 3 -28.622766494750977
		endloop
	endfacet
	facet normal -0.7485118046442782 0 -0.6631214657271819
		outer loop
			vertex 22.00531578063965 0 -28.622766494750977
			vertex 21.76552391052246 0 -28.352096557617188
			vertex 21.76552391052246 3 -28.352096557617188
		endloop
	endfacet
	facet normal -0.5680634882407555 0 -0.8229847345654385
		outer loop
			vertex 22.302915573120117 0 -28.828184127807617
			vertex 22.00531578063965 3 -28.622766494750977
			vertex 22.302915573120117 3 -28.828184127807617
		endloop
	endfacet
	facet normal -0.5680634882407555 0 -0.8229847345654385
		outer loop
			vertex 22.302915573120117 0 -28.828184127807617
			vertex 22.00531578063965 0 -28.622766494750977
			vertex 22.00531578063965 3 -28.622766494750977
		endloop
	endfacet
	facet normal -0.35460541900537196 0 -0.9350160409383491
		outer loop
			vertex 22.641027450561523 0 -28.95641326904297
			vertex 22.302915573120117 3 -28.828184127807617
			vertex 22.641027450561523 3 -28.95641326904297
		endloop
	endfacet
	facet normal -0.35460541900537196 0 -0.9350160409383491
		outer loop
			vertex 22.641027450561523 0 -28.95641326904297
			vertex 22.302915573120117 0 -28.828184127807617
			vertex 22.302915573120117 3 -28.828184127807617
		endloop
	endfacet
	facet normal -0.1205355140761992 0 -0.9927090156971411
		outer loop
			vertex 23 0 -29
			vertex 22.641027450561523 3 -28.95641326904297
			vertex 23 3 -29
		endloop
	endfacet
	facet normal -0.1205355140761992 0 -0.9927090156971411
		outer loop
			vertex 23 0 -29
			vertex 22.641027450561523 0 -28.95641326904297
			vertex 22.641027450561523 3 -28.95641326904297
		endloop
	endfacet
	facet normal 0 0 1
		outer loop
			vertex 33 0 -29
			vertex 23 3 -29
			vertex 23 0 -29
		endloop
	endfacet
	facet normal 0 0 1
		outer loop
			vertex 33 3 -29
			vertex 23 3 -29
			vertex 33 0 -29
		endloop
	endfacet
	facet normal -0.1205348829364362 0 0.9927090923304268
		outer loop
			vertex 33 0 -26
			vertex 33 3 -26
			vertex 32.64102554321289 3 -26.04358673095703
		endloop
	endfacet
	facet normal -0.1205348829364362 0 0.9927090923304268
		outer loop
			vertex 32.64102554321289 0 -26.04358673095703
			vertex 33 0 -26
			vertex 32.64102554321289 3 -26.04358673095703
		endloop
	endfacet
	facet normal -0.35460541900537196 0 0.9350160409383491
		outer loop
			vertex 32.302913665771484 0 -26.171815872192383
			vertex 32.64102554321289 3 -26.04358673095703
			vertex 32.302913665771484 3 -26.171815872192383
		endloop
	endfacet
	facet normal -0.35460541900537196 0 0.9350160409383491
		outer loop
			vertex 32.302913665771484 0 -26.171815872192383
			vertex 32.64102554321289 0 -26.04358673095703
			vertex 32.64102554321289 3 -26.04358673095703
		endloop
	endfacet
	facet normal -0.7485091865824214 0 0.6631244209058523
		outer loop
			vertex 32.00531768798828 0 -26.377233505249023
			vertex 32.00531768798828 3 -26.377233505249023
			vertex 31.76552391052246 3 -26.647903442382812
		endloop
	endfacet
	facet normal -0.5680684201010048 0 0.8229813303374192
		outer loop
			vertex 32.00531768798828 0 -26.377233505249023
			vertex 32.302913665771484 3 -26.171815872192383
			vertex 32.00531768798828 3 -26.377233505249023
		endloop
	endfacet
	facet normal -0.5680684201010048 0 0.8229813303374192
		outer loop
			vertex 32.00531768798828 0 -26.377233505249023
			vertex 32.302913665771484 0 -26.171815872192383
			vertex 32.302913665771484 3 -26.171815872192383
		endloop
	endfacet
	facet normal -0.7485091865824214 0 0.6631244209058523
		outer loop
			vertex 31.76552391052246 0 -26.647903442382812
			vertex 32.00531768798828 0 -26.377233505249023
			vertex 31.76552391052246 3 -26.647903442382812
		endloop
	endfacet
	facet normal -0.885454934894803 0 0.4647252503043498
		outer loop
			vertex 31.597475051879883 0 -26.96809196472168
			vertex 31.76552391052246 3 -26.647903442382812
			vertex 31.597475051879883 3 -26.96809196472168
		endloop
	endfacet
	facet normal -0.885454934894803 0 0.4647252503043498
		outer loop
			vertex 31.597475051879883 0 -26.96809196472168
			vertex 31.76552391052246 0 -26.647903442382812
			vertex 31.76552391052246 3 -26.647903442382812
		endloop
	endfacet
	facet normal -1 0 0
		outer loop
			vertex 31.510936737060547 0 -27.319194793701172
			vertex 31.510936737060547 3 -27.319194793701172
			vertex 31.510936737060547 3 -27.680805206298828
		endloop
	endfacet
	facet normal -0.9709423058911132 0 0.23931368249819748
		outer loop
			vertex 31.510936737060547 0 -27.319194793701172
			vertex 31.597475051879883 3 -26.96809196472168
			vertex 31.510936737060547 3 -27.319194793701172
		endloop
	endfacet
	facet normal -0.9709423058911132 0 0.23931368249819748
		outer loop
			vertex 31.510936737060547 0 -27.319194793701172
			vertex 31.597475051879883 0 -26.96809196472168
			vertex 31.597475051879883 3 -26.96809196472168
		endloop
	endfacet
	facet normal -0.9709423058911132 0 -0.23931368249819748
		outer loop
			vertex 31.510936737060547 0 -27.680805206298828
			vertex 31.510936737060547 3 -27.680805206298828
			vertex 31.597475051879883 3 -28.03190803527832
		endloop
	endfacet
	facet normal -1 0 0
		outer loop
			vertex 31.510936737060547 0 -27.680805206298828
			vertex 31.510936737060547 0 -27.319194793701172
			vertex 31.510936737060547 3 -27.680805206298828
		endloop
	endfacet
	facet normal -0.9709423058911132 0 -0.23931368249819748
		outer loop
			vertex 31.597475051879883 0 -28.03190803527832
			vertex 31.510936737060547 0 -27.680805206298828
			vertex 31.597475051879883 3 -28.03190803527832
		endloop
	endfacet
	facet normal -0.885454934894803 0 -0.4647252503043498
		outer loop
			vertex 31.76552391052246 0 -28.352096557617188
			vertex 31.597475051879883 3 -28.03190803527832
			vertex 31.76552391052246 3 -28.352096557617188
		endloop
	endfacet
	facet normal -0.885454934894803 0 -0.4647252503043498
		outer loop
			vertex 31.76552391052246 0 -28.352096557617188
			vertex 31.597475051879883 0 -28.03190803527832
			vertex 31.597475051879883 3 -28.03190803527832
		endloop
	endfacet
	facet normal -0.7485091865824214 0 -0.6631244209058523
		outer loop
			vertex 32.00531768798828 0 -28.622766494750977
			vertex 31.76552391052246 3 -28.352096557617188
			vertex 32.00531768798828 3 -28.622766494750977
		endloop
	endfacet
	facet normal -0.7485091865824214 0 -0.6631244209058523
		outer loop
			vertex 32.00531768798828 0 -28.622766494750977
			vertex 31.76552391052246 0 -28.352096557617188
			vertex 31.76552391052246 3 -28.352096557617188
		endloop
	endfacet
	facet normal -0.5680684201010048 0 -0.8229813303374192
		outer loop
			vertex 32.302913665771484 0 -28.828184127807617
			vertex 32.00531768798828 3 -28.622766494750977
			vertex 32.302913665771484 3 -28.828184127807617
		endloop
	endfacet
	facet normal -0.5680684201010048 0 -0.8229813303374192
		outer loop
			vertex 32.302913665771484 0 -28.828184127807617
			vertex 32.00531768798828 0 -28.622766494750977
			vertex 32.00531768798828 3 -28.622766494750977
		endloop
	endfacet
	facet normal -0.35460541900537196 0 -0.9350160409383491
		outer loop
			vertex 32.64102554321289 0 -28.95641326904297
			vertex 32.302913665771484 3 -28.828184127807617
			vertex 32.64102554321289 3 -28.95641326904297
		endloop
	endfacet
	facet normal -0.35460541900537196 0 -0.9350160409383491
		outer loop
			vertex 32.64102554321289 0 -28.95641326904297
			vertex 32.302913665771484 0 -28.828184127807617
			vertex 32.302913665771484 3 -28.828184127807617
		endloop
	endfacet
	facet normal -0.1205348829364362 0 -0.9927090923304268
		outer loop
			vertex 33 0 -29
			vertex 32.64102554321289 3 -28.95641326904297
			vertex 33 3 -29
		endloop
	endfacet
	facet normal -0.1205348829364362 0 -0.9927090923304268
		outer loop
			vertex 33 0 -29
			vertex 32.64102554321289 0 -28.95641326904297
			vertex 32.64102554321289 3 -28.95641326904297
		endloop
	endfacet
	facet normal -0.1205355140761992 0 0.9927090156971411
		outer loop
			vertex 22.641027450561523 0 -32.04358673095703
			vertex 23 0 -32
			vertex 23 3 -32
		endloop
	endfacet
	facet normal -0.1205355140761992 0 0.9927090156971411
		outer loop
			vertex 22.641027450561523 0 -32.04358673095703
			vertex 23 3 -32
			vertex 22.641027450561523 3 -32.04358673095703
		endloop
	endfacet
	facet normal -0.3546100303292007 0 0.935014292077893
		outer loop
			vertex 22.302915573120117 0 -32.171817779541016
			vertex 22.641027450561523 3 -32.04358673095703
			vertex 22.302915573120117 3 -32.171817779541016
		endloop
	endfacet
	facet normal -0.3546100303292007 0 0.935014292077893
		outer loop
			vertex 22.302915573120117 0 -32.171817779541016
			vertex 22.641027450561523 0 -32.04358673095703
			vertex 22.641027450561523 3 -32.04358673095703
		endloop
	endfacet
	facet normal -0.7485094852346303 0 0.6631240837986423
		outer loop
			vertex 22.00531578063965 0 -32.377235412597656
			vertex 22.00531578063965 3 -32.377235412597656
			vertex 21.76552391052246 3 -32.64790344238281
		endloop
	endfacet
	facet normal -0.5680634882407555 0 0.8229847345654385
		outer loop
			vertex 22.00531578063965 0 -32.377235412597656
			vertex 22.302915573120117 3 -32.171817779541016
			vertex 22.00531578063965 3 -32.377235412597656
		endloop
	endfacet
	facet normal -0.5680634882407555 0 0.8229847345654385
		outer loop
			vertex 22.00531578063965 0 -32.377235412597656
			vertex 22.302915573120117 0 -32.171817779541016
			vertex 22.302915573120117 3 -32.171817779541016
		endloop
	endfacet
	facet normal -0.7485094852346303 0 0.6631240837986423
		outer loop
			vertex 21.76552391052246 0 -32.64790344238281
			vertex 22.00531578063965 0 -32.377235412597656
			vertex 21.76552391052246 3 -32.64790344238281
		endloop
	endfacet
	facet normal -0.8854560740431457 0 0.46472307984443745
		outer loop
			vertex 21.597475051879883 0 -32.96809387207031
			vertex 21.76552391052246 3 -32.64790344238281
			vertex 21.597475051879883 3 -32.96809387207031
		endloop
	endfacet
	facet normal -0.8854560740431457 0 0.46472307984443745
		outer loop
			vertex 21.597475051879883 0 -32.96809387207031
			vertex 21.76552391052246 0 -32.64790344238281
			vertex 21.76552391052246 3 -32.64790344238281
		endloop
	endfacet
	facet normal -1 0 0
		outer loop
			vertex 21.510936737060547 0 -33.31919479370117
			vertex 21.510936737060547 3 -33.31919479370117
			vertex 21.510936737060547 3 -33.68080520629883
		endloop
	endfacet
	facet normal -0.9709420038072172 0 0.23931490810817832
		outer loop
			vertex 21.510936737060547 0 -33.31919479370117
			vertex 21.597475051879883 3 -32.96809387207031
			vertex 21.510936737060547 3 -33.31919479370117
		endloop
	endfacet
	facet normal -0.9709420038072172 0 0.23931490810817832
		outer loop
			vertex 21.510936737060547 0 -33.31919479370117
			vertex 21.597475051879883 0 -32.96809387207031
			vertex 21.597475051879883 3 -32.96809387207031
		endloop
	endfacet
	facet normal -0.9709420038072172 0 -0.23931490810817832
		outer loop
			vertex 21.510936737060547 0 -33.68080520629883
			vertex 21.510936737060547 3 -33.68080520629883
			vertex 21.597475051879883 3 -34.03190612792969
		endloop
	endfacet
	facet normal -1 0 0
		outer loop
			vertex 21.510936737060547 0 -33.68080520629883
			vertex 21.510936737060547 0 -33.31919479370117
			vertex 21.510936737060547 3 -33.68080520629883
		endloop
	endfacet
	facet normal -0.9709420038072172 0 -0.23931490810817832
		outer loop
			vertex 21.597475051879883 0 -34.03190612792969
			vertex 21.510936737060547 0 -33.68080520629883
			vertex 21.597475051879883 3 -34.03190612792969
		endloop
	endfacet
	facet normal -0.8854560740431457 0 -0.46472307984443745
		outer loop
			vertex 21.76552391052246 0 -34.35209655761719
			vertex 21.597475051879883 3 -34.03190612792969
			vertex 21.76552391052246 3 -34.35209655761719
		endloop
	endfacet
	facet normal -0.8854560740431457 0 -0.46472307984443745
		outer loop
			vertex 21.76552391052246 0 -34.35209655761719
			vertex 21.597475051879883 0 -34.03190612792969
			vertex 21.597475051879883 3 -34.03190612792969
		endloop
	endfacet
	facet normal -0.7485094852346303 0 -0.6631240837986423
		outer loop
			vertex 22.00531578063965 0 -34.622764587402344
			vertex 21.76552391052246 3 -34.35209655761719
			vertex 22.00531578063965 3 -34.622764587402344
		endloop
	endfacet
	facet normal -0.7485094852346303 0 -0.6631240837986423
		outer loop
			vertex 22.00531578063965 0 -34.622764587402344
			vertex 21.76552391052246 0 -34.35209655761719
			vertex 21.76552391052246 3 -34.35209655761719
		endloop
	endfacet
	facet normal -0.5680634882407555 0 -0.8229847345654385
		outer loop
			vertex 22.302915573120117 0 -34.828182220458984
			vertex 22.00531578063965 3 -34.622764587402344
			vertex 22.302915573120117 3 -34.828182220458984
		endloop
	endfacet
	facet normal -0.5680634882407555 0 -0.8229847345654385
		outer loop
			vertex 22.302915573120117 0 -34.828182220458984
			vertex 22.00531578063965 0 -34.622764587402344
			vertex 22.00531578063965 3 -34.622764587402344
		endloop
	endfacet
	facet normal -0.3546100303292007 0 -0.935014292077893
		outer loop
			vertex 22.641027450561523 0 -34.95641326904297
			vertex 22.302915573120117 3 -34.828182220458984
			vertex 22.641027450561523 3 -34.95641326904297
		endloop
	endfacet
	facet normal -0.3546100303292007 0 -0.935014292077893
		outer loop
			vertex 22.641027450561523 0 -34.95641326904297
			vertex 22.302915573120117 0 -34.828182220458984
			vertex 22.302915573120117 3 -34.828182220458984
		endloop
	endfacet
	facet normal -0.1205355140761992 0 -0.9927090156971411
		outer loop
			vertex 23 0 -35
			vertex 22.641027450561523 3 -34.95641326904297
			vertex 23 3 -35
		endloop
	endfacet
	facet normal -0.1205355140761992 0 -0.9927090156971411
		outer loop
			vertex 23 0 -35
			vertex 22.641027450561523 0 -34.95641326904297
			vertex 22.641027450561523 3 -34.95641326904297
		endloop
	endfacet
	facet normal 0 0 1
		outer loop
			vertex 33 0 -35
			vertex 23 3 -35
			vertex 23 0 -35
		endloop
	endfacet
	facet normal 0 0 1
		outer loop
			vertex 33 3 -35
			vertex 23 3 -35
			vertex 33 0 -35
		endloop
	endfacet
	facet normal -0.1205348829364362 0 0.9927090923304268
		outer loop
			vertex 33 0 -32
			vertex 33 3 -32
			vertex 32.64102554321289 3 -32.04358673095703
		endloop
	endfacet
	facet normal -0.1205348829364362 0 0.9927090923304268
		outer loop
			vertex 32.64102554321289 0 -32.04358673095703
			vertex 33 0 -32
			vertex 32.64102554321289 3 -32.04358673095703
		endloop
	endfacet
	facet normal -0.3546100303292007 0 0.935014292077893
		outer loop
			vertex 32.302913665771484 0 -32.171817779541016
			vertex 32.64102554321289 3 -32.04358673095703
			vertex 32.302913665771484 3 -32.171817779541016
		endloop
	endfacet
	facet normal -0.3546100303292007 0 0.935014292077893
		outer loop
			vertex 32.302913665771484 0 -32.171817779541016
			vertex 32.64102554321289 0 -32.04358673095703
			vertex 32.64102554321289 3 -32.04358673095703
		endloop
	endfacet
	facet normal -0.7485068671602135 0 0.6631270389706655
		outer loop
			vertex 32.00531768798828 0 -32.377235412597656
			vertex 32.00531768798828 3 -32.377235412597656
			vertex 31.76552391052246 3 -32.64790344238281
		endloop
	endfacet
	facet normal -0.5680684201010048 0 0.8229813303374192
		outer loop
			vertex 32.00531768798828 0 -32.377235412597656
			vertex 32.302913665771484 3 -32.171817779541016
			vertex 32.00531768798828 3 -32.377235412597656
		endloop
	endfacet
	facet normal -0.5680684201010048 0 0.8229813303374192
		outer loop
			vertex 32.00531768798828 0 -32.377235412597656
			vertex 32.302913665771484 0 -32.171817779541016
			vertex 32.302913665771484 3 -32.171817779541016
		endloop
	endfacet
	facet normal -0.7485068671602135 0 0.6631270389706655
		outer loop
			vertex 31.76552391052246 0 -32.64790344238281
			vertex 32.00531768798828 0 -32.377235412597656
			vertex 31.76552391052246 3 -32.64790344238281
		endloop
	endfacet
	facet normal -0.8854560740431457 0 0.46472307984443745
		outer loop
			vertex 31.597475051879883 0 -32.96809387207031
			vertex 31.76552391052246 3 -32.64790344238281
			vertex 31.597475051879883 3 -32.96809387207031
		endloop
	endfacet
	facet normal -0.8854560740431457 0 0.46472307984443745
		outer loop
			vertex 31.597475051879883 0 -32.96809387207031
			vertex 31.76552391052246 0 -32.64790344238281
			vertex 31.76552391052246 3 -32.64790344238281
		endloop
	endfacet
	facet normal -1 0 0
		outer loop
			vertex 31.510936737060547 0 -33.31919479370117
			vertex 31.510936737060547 3 -33.31919479370117
			vertex 31.510936737060547 3 -33.68080520629883
		endloop
	endfacet
	facet normal -0.9709420038072172 0 0.23931490810817832
		outer loop
			vertex 31.510936737060547 0 -33.31919479370117
			vertex 31.597475051879883 3 -32.96809387207031
			vertex 31.510936737060547 3 -33.31919479370117
		endloop
	endfacet
	facet normal -0.9709420038072172 0 0.23931490810817832
		outer loop
			vertex 31.510936737060547 0 -33.31919479370117
			vertex 31.597475051879883 0 -32.96809387207031
			vertex 31.597475051879883 3 -32.96809387207031
		endloop
	endfacet
	facet normal -0.9709420038072172 0 -0.23931490810817832
		outer loop
			vertex 31.510936737060547 0 -33.68080520629883
			vertex 31.510936737060547 3 -33.68080520629883
			vertex 31.597475051879883 3 -34.03190612792969
		endloop
	endfacet
	facet normal -1 0 0
		outer loop
			vertex 31.510936737060547 0 -33.68080520629883
			vertex 31.510936737060547 0 -33.31919479370117
			vertex 31.510936737060547 3 -33.68080520629883
		endloop
	endfacet
	facet normal -0.9709420038072172 0 -0.23931490810817832
		outer loop
			vertex 31.597475051879883 0 -34.03190612792969
			vertex 31.510936737060547 0 -33.68080520629883
			vertex 31.597475051879883 3 -34.03190612792969
		endloop
	endfacet
	facet normal -0.8854560740431457 0 -0.46472307984443745
		outer loop
			vertex 31.76552391052246 0 -34.35209655761719
			vertex 31.597475051879883 3 -34.03190612792969
			vertex 31.76552391052246 3 -34.35209655761719
		endloop
	endfacet
	facet normal -0.8854560740431457 0 -0.46472307984443745
		outer loop
			vertex 31.76552391052246 0 -34.35209655761719
			vertex 31.597475051879883 0 -34.03190612792969
			vertex 31.597475051879883 3 -34.03190612792969
		endloop
	endfacet
	facet normal -0.7485068671602135 0 -0.6631270389706655
		outer loop
			vertex 32.00531768798828 0 -34.622764587402344
			vertex 31.76552391052246 3 -34.35209655761719
			vertex 32.00531768798828 3 -34.622764587402344
		endloop
	endfacet
	facet normal -0.7485068671602135 0 -0.6631270389706655
		outer loop
			vertex 32.00531768798828 0 -34.622764587402344
			vertex 31.76552391052246 0 -34.35209655761719
			vertex 31.76552391052246 3 -34.35209655761719
		endloop
	endfacet
	facet normal -0.5680684201010048 0 -0.8229813303374192
		outer loop
			vertex 32.302913665771484 0 -34.828182220458984
			vertex 32.00531768798828 3 -34.622764587402344
			vertex 32.302913665771484 3 -34.828182220458984
		endloop
	endfacet
	facet normal -0.5680684201010048 0 -0.8229813303374192
		outer loop
			vertex 32.302913665771484 0 -34.828182220458984
			vertex 32.00531768798828 0 -34.622764587402344
			vertex 32.00531768798828 3 -34.622764587402344
		endloop
	endfacet
	facet normal -0.3546100303292007 0 -0.935014292077893
		outer loop
			vertex 32.64102554321289 0 -34.95641326904297
			vertex 32.302913665771484 3 -34.828182220458984
			vertex 32.64102554321289 3 -34.95641326904297
		endloop
	endfacet
	facet normal -0.3546100303292007 0 -0.935014292077893
		outer loop
			vertex 32.64102554321289 0 -34.95641326904297
			vertex 32.302913665771484 0 -34.828182220458984
			vertex 32.302913665771484 3 -34.828182220458984
		endloop
	endfacet
	facet normal -0.1205348829364362 0 -0.9927090923304268
		outer loop
			vertex 33 0 -35
			vertex 32.64102554321289 3 -34.95641326904297
			vertex 33 3 -35
		endloop
	endfacet
	facet normal -0.1205348829364362 0 -0.9927090923304268
		outer loop
			vertex 33 0 -35
			vertex 32.64102554321289 0 -34.95641326904297
			vertex 32.64102554321289 3 -34.95641326904297
		endloop
	endfacet
	facet normal 0.1205348829364362 0 -0.9927090923304268
		outer loop
			vertex 33 0 29
			vertex 32.64102554321289 3 28.95641326904297
			vertex 33 3 29
		endloop
	endfacet
	facet normal 0.1205348829364362 0 -0.9927090923304268
		outer loop
			vertex 32.64102554321289 0 28.95641326904297
			vertex 32.64102554321289 3 28.95641326904297
			vertex 33 0 29
		endloop
	endfacet
	facet normal 0.35460541900537196 0 -0.9350160409383491
		outer loop
			vertex 32.302913665771484 0 28.828184127807617
			vertex 32.302913665771484 3 28.828184127807617
			vertex 32.64102554321289 3 28.95641326904297
		endloop
	endfacet
	facet normal 0.35460541900537196 0 -0.9350160409383491
		outer loop
			vertex 32.302913665771484 0 28.828184127807617
			vertex 32.64102554321289 3 28.95641326904297
			vertex 32.64102554321289 0 28.95641326904297
		endloop
	endfacet
	facet normal 0.7485091865824214 0 -0.6631244209058523
		outer loop
			vertex 32.00531768798828 0 28.622766494750977
			vertex 31.76552391052246 3 28.352096557617188
			vertex 32.00531768798828 3 28.622766494750977
		endloop
	endfacet
	facet normal 0.5680684201010048 0 -0.8229813303374192
		outer loop
			vertex 32.00531768798828 0 28.622766494750977
			vertex 32.00531768798828 3 28.622766494750977
			vertex 32.302913665771484 3 28.828184127807617
		endloop
	endfacet
	facet normal 0.5680684201010048 0 -0.8229813303374192
		outer loop
			vertex 32.00531768798828 0 28.622766494750977
			vertex 32.302913665771484 3 28.828184127807617
			vertex 32.302913665771484 0 28.828184127807617
		endloop
	endfacet
	facet normal 0.7485091865824214 0 -0.6631244209058523
		outer loop
			vertex 31.76552391052246 0 28.352096557617188
			vertex 31.76552391052246 3 28.352096557617188
			vertex 32.00531768798828 0 28.622766494750977
		endloop
	endfacet
	facet normal 0.885454934894803 0 -0.4647252503043498
		outer loop
			vertex 31.597475051879883 0 28.03190803527832
			vertex 31.597475051879883 3 28.03190803527832
			vertex 31.76552391052246 3 28.352096557617188
		endloop
	endfacet
	facet normal 0.885454934894803 0 -0.4647252503043498
		outer loop
			vertex 31.597475051879883 0 28.03190803527832
			vertex 31.76552391052246 3 28.352096557617188
			vertex 31.76552391052246 0 28.352096557617188
		endloop
	endfacet
	facet normal 1 0 0
		outer loop
			vertex 31.510936737060547 0 27.680805206298828
			vertex 31.510936737060547 3 27.319194793701172
			vertex 31.510936737060547 3 27.680805206298828
		endloop
	endfacet
	facet normal 0.9709423058911132 0 -0.23931368249819748
		outer loop
			vertex 31.510936737060547 0 27.680805206298828
			vertex 31.510936737060547 3 27.680805206298828
			vertex 31.597475051879883 3 28.03190803527832
		endloop
	endfacet
	facet normal 0.9709423058911132 0 -0.23931368249819748
		outer loop
			vertex 31.510936737060547 0 27.680805206298828
			vertex 31.597475051879883 3 28.03190803527832
			vertex 31.597475051879883 0 28.03190803527832
		endloop
	endfacet
	facet normal 0.9709423058911132 0 0.23931368249819748
		outer loop
			vertex 31.510936737060547 0 27.319194793701172
			vertex 31.597475051879883 3 26.96809196472168
			vertex 31.510936737060547 3 27.319194793701172
		endloop
	endfacet
	facet normal 1 0 0
		outer loop
			vertex 31.510936737060547 0 27.319194793701172
			vertex 31.510936737060547 3 27.319194793701172
			vertex 31.510936737060547 0 27.680805206298828
		endloop
	endfacet
	facet normal 0.9709423058911132 0 0.23931368249819748
		outer loop
			vertex 31.597475051879883 0 26.96809196472168
			vertex 31.597475051879883 3 26.96809196472168
			vertex 31.510936737060547 0 27.319194793701172
		endloop
	endfacet
	facet normal 0.885454934894803 0 0.4647252503043498
		outer loop
			vertex 31.76552391052246 0 26.647903442382812
			vertex 31.76552391052246 3 26.647903442382812
			vertex 31.597475051879883 3 26.96809196472168
		endloop
	endfacet
	facet normal 0.885454934894803 0 0.4647252503043498
		outer loop
			vertex 31.76552391052246 0 26.647903442382812
			vertex 31.597475051879883 3 26.96809196472168
			vertex 31.597475051879883 0 26.96809196472168
		endloop
	endfacet
	facet normal 0.7485091865824214 0 0.6631244209058523
		outer loop
			vertex 32.00531768798828 0 26.377233505249023
			vertex 32.00531768798828 3 26.377233505249023
			vertex 31.76552391052246 3 26.647903442382812
		endloop
	endfacet
	facet normal 0.7485091865824214 0 0.6631244209058523
		outer loop
			vertex 32.00531768798828 0 26.377233505249023
			vertex 31.76552391052246 3 26.647903442382812
			vertex 31.76552391052246 0 26.647903442382812
		endloop
	endfacet
	facet normal 0.5680684201010048 0 0.8229813303374192
		outer loop
			vertex 32.302913665771484 0 26.171815872192383
			vertex 32.302913665771484 3 26.171815872192383
			vertex 32.00531768798828 3 26.377233505249023
		endloop
	endfacet
	facet normal 0.5680684201010048 0 0.8229813303374192
		outer loop
			vertex 32.302913665771484 0 26.171815872192383
			vertex 32.00531768798828 3 26.377233505249023
			vertex 32.00531768798828 0 26.377233505249023
		endloop
	endfacet
	facet normal 0.35460541900537196 0 0.9350160409383491
		outer loop
			vertex 32.64102554321289 0 26.04358673095703
			vertex 32.64102554321289 3 26.04358673095703
			vertex 32.302913665771484 3 26.171815872192383
		endloop
	endfacet
	facet normal 0.35460541900537196 0 0.9350160409383491
		outer loop
			vertex 32.64102554321289 0 26.04358673095703
			vertex 32.302913665771484 3 26.171815872192383
			vertex 32.302913665771484 0 26.171815872192383
		endloop
	endfacet
	facet normal 0.1205348829364362 0 0.9927090923304268
		outer loop
			vertex 33 0 26
			vertex 33 3 26
			vertex 32.64102554321289 3 26.04358673095703
		endloop
	endfacet
	facet normal 0.1205348829364362 0 0.9927090923304268
		outer loop
			vertex 33 0 26
			vertex 32.64102554321289 3 26.04358673095703
			vertex 32.64102554321289 0 26.04358673095703
		endloop
	endfacet
	facet normal 0.1205348829364362 0 -0.9927090923304268
		outer loop
			vertex 33 0 35
			vertex 32.64102554321289 3 34.95641326904297
			vertex 33 3 35
		endloop
	endfacet
	facet normal 0.1205348829364362 0 -0.9927090923304268
		outer loop
			vertex 32.64102554321289 0 34.95641326904297
			vertex 32.64102554321289 3 34.95641326904297
			vertex 33 0 35
		endloop
	endfacet
	facet normal 0.3546100303292007 0 -0.935014292077893
		outer loop
			vertex 32.302913665771484 0 34.828182220458984
			vertex 32.302913665771484 3 34.828182220458984
			vertex 32.64102554321289 3 34.95641326904297
		endloop
	endfacet
	facet normal 0.3546100303292007 0 -0.935014292077893
		outer loop
			vertex 32.302913665771484 0 34.828182220458984
			vertex 32.64102554321289 3 34.95641326904297
			vertex 32.64102554321289 0 34.95641326904297
		endloop
	endfacet
	facet normal 0.7485068671602135 0 -0.6631270389706655
		outer loop
			vertex 32.00531768798828 0 34.622764587402344
			vertex 31.76552391052246 3 34.35209655761719
			vertex 32.00531768798828 3 34.622764587402344
		endloop
	endfacet
	facet normal 0.5680684201010048 0 -0.8229813303374192
		outer loop
			vertex 32.00531768798828 0 34.622764587402344
			vertex 32.00531768798828 3 34.622764587402344
			vertex 32.302913665771484 3 34.828182220458984
		endloop
	endfacet
	facet normal 0.5680684201010048 0 -0.8229813303374192
		outer loop
			vertex 32.00531768798828 0 34.622764587402344
			vertex 32.302913665771484 3 34.828182220458984
			vertex 32.302913665771484 0 34.828182220458984
		endloop
	endfacet
	facet normal 0.7485068671602135 0 -0.6631270389706655
		outer loop
			vertex 31.76552391052246 0 34.35209655761719
			vertex 31.76552391052246 3 34.35209655761719
			vertex 32.00531768798828 0 34.622764587402344
		endloop
	endfacet
	facet normal 0.8854560740431457 0 -0.46472307984443745
		outer loop
			vertex 31.597475051879883 0 34.03190612792969
			vertex 31.597475051879883 3 34.03190612792969
			vertex 31.76552391052246 3 34.35209655761719
		endloop
	endfacet
	facet normal 0.8854560740431457 0 -0.46472307984443745
		outer loop
			vertex 31.597475051879883 0 34.03190612792969
			vertex 31.76552391052246 3 34.35209655761719
			vertex 31.76552391052246 0 34.35209655761719
		endloop
	endfacet
	facet normal 1 0 0
		outer loop
			vertex 31.510936737060547 0 33.68080520629883
			vertex 31.510936737060547 3 33.31919479370117
			vertex 31.510936737060547 3 33.68080520629883
		endloop
	endfacet
	facet normal 0.9709420038072172 0 -0.23931490810817832
		outer loop
			vertex 31.510936737060547 0 33.68080520629883
			vertex 31.510936737060547 3 33.68080520629883
			vertex 31.597475051879883 3 34.03190612792969
		endloop
	endfacet
	facet normal 0.9709420038072172 0 -0.23931490810817832
		outer loop
			vertex 31.510936737060547 0 33.68080520629883
			vertex 31.597475051879883 3 34.03190612792969
			vertex 31.597475051879883 0 34.03190612792969
		endloop
	endfacet
	facet normal 0.9709420038072172 0 0.23931490810817832
		outer loop
			vertex 31.510936737060547 0 33.31919479370117
			vertex 31.597475051879883 3 32.96809387207031
			vertex 31.510936737060547 3 33.31919479370117
		endloop
	endfacet
	facet normal 1 0 0
		outer loop
			vertex 31.510936737060547 0 33.31919479370117
			vertex 31.510936737060547 3 33.31919479370117
			vertex 31.510936737060547 0 33.68080520629883
		endloop
	endfacet
	facet normal 0.9709420038072172 0 0.23931490810817832
		outer loop
			vertex 31.597475051879883 0 32.96809387207031
			vertex 31.597475051879883 3 32.96809387207031
			vertex 31.510936737060547 0 33.31919479370117
		endloop
	endfacet
	facet normal 0.8854560740431457 0 0.46472307984443745
		outer loop
			vertex 31.76552391052246 0 32.64790344238281
			vertex 31.76552391052246 3 32.64790344238281
			vertex 31.597475051879883 3 32.96809387207031
		endloop
	endfacet
	facet normal 0.8854560740431457 0 0.46472307984443745
		outer loop
			vertex 31.76552391052246 0 32.64790344238281
			vertex 31.597475051879883 3 32.96809387207031
			vertex 31.597475051879883 0 32.96809387207031
		endloop
	endfacet
	facet normal 0.7485068671602135 0 0.6631270389706655
		outer loop
			vertex 32.00531768798828 0 32.377235412597656
			vertex 32.00531768798828 3 32.377235412597656
			vertex 31.76552391052246 3 32.64790344238281
		endloop
	endfacet
	facet normal 0.7485068671602135 0 0.6631270389706655
		outer loop
			vertex 32.00531768798828 0 32.377235412597656
			vertex 31.76552391052246 3 32.64790344238281
			vertex 31.76552391052246 0 32.64790344238281
		endloop
	endfacet
	facet normal 0.5680684201010048 0 0.8229813303374192
		outer loop
			vertex 32.302913665771484 0 32.171817779541016
			vertex 32.302913665771484 3 32.171817779541016
			vertex 32.00531768798828 3 32.377235412597656
		endloop
	endfacet
	facet normal 0.5680684201010048 0 0.8229813303374192
		outer loop
			vertex 32.302913665771484 0 32.171817779541016
			vertex 32.00531768798828 3 32.377235412597656
			vertex 32.00531768798828 0 32.377235412597656
		endloop
	endfacet
	facet normal 0.3546100303292007 0 0.935014292077893
		outer loop
			vertex 32.64102554321289 0 32.04358673095703
			vertex 32.64102554321289 3 32.04358673095703
			vertex 32.302913665771484 3 32.171817779541016
		endloop
	endfacet
	facet normal 0.3546100303292007 0 0.935014292077893
		outer loop
			vertex 32.64102554321289 0 32.04358673095703
			vertex 32.302913665771484 3 32.171817779541016
			vertex 32.302913665771484 0 32.171817779541016
		endloop
	endfacet
	facet normal 0.1205348829364362 0 0.9927090923304268
		outer loop
			vertex 33 0 32
			vertex 33 3 32
			vertex 32.64102554321289 3 32.04358673095703
		endloop
	endfacet
	facet normal 0.1205348829364362 0 0.9927090923304268
		outer loop
			vertex 33 0 32
			vertex 32.64102554321289 3 32.04358673095703
			vertex 32.64102554321289 0 32.04358673095703
		endloop
	endfacet
	facet normal 0.12053614522252294 0 -0.9927089390626513
		outer loop
			vertex 64.64102935791016 0 -16.29358673095703
			vertex 64.64102935791016 3 -16.29358673095703
			vertex 65 3 -16.25
		endloop
	endfacet
	facet normal 0.12053614522252294 0 -0.9927089390626513
		outer loop
			vertex 64.64102935791016 0 -16.29358673095703
			vertex 65 3 -16.25
			vertex 65 0 -16.25
		endloop
	endfacet
	facet normal 0.5680634882407555 0 -0.8229847345654385
		outer loop
			vertex 64.30291748046875 0 -16.421815872192383
			vertex 64.00531768798828 3 -16.627233505249023
			vertex 64.30291748046875 3 -16.421815872192383
		endloop
	endfacet
	facet normal 0.35460541900537196 0 -0.9350160409383491
		outer loop
			vertex 64.30291748046875 0 -16.421815872192383
			vertex 64.30291748046875 3 -16.421815872192383
			vertex 64.64102935791016 3 -16.29358673095703
		endloop
	endfacet
	facet normal 0.35460541900537196 0 -0.9350160409383491
		outer loop
			vertex 64.30291748046875 0 -16.421815872192383
			vertex 64.64102935791016 3 -16.29358673095703
			vertex 64.64102935791016 0 -16.29358673095703
		endloop
	endfacet
	facet normal 0.5680634882407555 0 -0.8229847345654385
		outer loop
			vertex 64.00531768798828 0 -16.627233505249023
			vertex 64.00531768798828 3 -16.627233505249023
			vertex 64.30291748046875 0 -16.421815872192383
		endloop
	endfacet
	facet normal 0.7485118046442782 0 -0.6631214657271819
		outer loop
			vertex 63.765525817871094 0 -16.897903442382812
			vertex 63.765525817871094 3 -16.897903442382812
			vertex 64.00531768798828 3 -16.627233505249023
		endloop
	endfacet
	facet normal 0.7485118046442782 0 -0.6631214657271819
		outer loop
			vertex 63.765525817871094 0 -16.897903442382812
			vertex 64.00531768798828 3 -16.627233505249023
			vertex 64.00531768798828 0 -16.627233505249023
		endloop
	endfacet
	facet normal 0.9709410802760327 0 -0.23931865500292893
		outer loop
			vertex 63.597476959228516 0 -17.21809196472168
			vertex 63.51093673706055 3 -17.569194793701172
			vertex 63.597476959228516 3 -17.21809196472168
		endloop
	endfacet
	facet normal 0.885454934894803 0 -0.4647252503043498
		outer loop
			vertex 63.597476959228516 0 -17.21809196472168
			vertex 63.597476959228516 3 -17.21809196472168
			vertex 63.765525817871094 3 -16.897903442382812
		endloop
	endfacet
	facet normal 0.885454934894803 0 -0.4647252503043498
		outer loop
			vertex 63.597476959228516 0 -17.21809196472168
			vertex 63.765525817871094 3 -16.897903442382812
			vertex 63.765525817871094 0 -16.897903442382812
		endloop
	endfacet
	facet normal 1 0 0
		outer loop
			vertex 63.51093673706055 0 -17.569194793701172
			vertex 63.51093673706055 3 -17.930805206298828
			vertex 63.51093673706055 3 -17.569194793701172
		endloop
	endfacet
	facet normal 0.9709410802760327 0 -0.23931865500292893
		outer loop
			vertex 63.51093673706055 0 -17.569194793701172
			vertex 63.51093673706055 3 -17.569194793701172
			vertex 63.597476959228516 0 -17.21809196472168
		endloop
	endfacet
	facet normal 1 0 0
		outer loop
			vertex 63.51093673706055 0 -17.930805206298828
			vertex 63.51093673706055 3 -17.930805206298828
			vertex 63.51093673706055 0 -17.569194793701172
		endloop
	endfacet
	facet normal 0.9709410802760327 0 0.23931865500292893
		outer loop
			vertex 63.597476959228516 0 -18.28190803527832
			vertex 63.597476959228516 3 -18.28190803527832
			vertex 63.51093673706055 3 -17.930805206298828
		endloop
	endfacet
	facet normal 0.9709410802760327 0 0.23931865500292893
		outer loop
			vertex 63.597476959228516 0 -18.28190803527832
			vertex 63.51093673706055 3 -17.930805206298828
			vertex 63.51093673706055 0 -17.930805206298828
		endloop
	endfacet
	facet normal 0.7485118046442782 0 0.6631214657271819
		outer loop
			vertex 63.765525817871094 0 -18.602096557617188
			vertex 64.00531768798828 3 -18.872766494750977
			vertex 63.765525817871094 3 -18.602096557617188
		endloop
	endfacet
	facet normal 0.885454934894803 0 0.4647252503043498
		outer loop
			vertex 63.765525817871094 0 -18.602096557617188
			vertex 63.765525817871094 3 -18.602096557617188
			vertex 63.597476959228516 3 -18.28190803527832
		endloop
	endfacet
	facet normal 0.885454934894803 0 0.4647252503043498
		outer loop
			vertex 63.765525817871094 0 -18.602096557617188
			vertex 63.597476959228516 3 -18.28190803527832
			vertex 63.597476959228516 0 -18.28190803527832
		endloop
	endfacet
	facet normal 0.7485118046442782 0 0.6631214657271819
		outer loop
			vertex 64.00531768798828 0 -18.872766494750977
			vertex 64.00531768798828 3 -18.872766494750977
			vertex 63.765525817871094 0 -18.602096557617188
		endloop
	endfacet
	facet normal 0.5680634882407555 0 0.8229847345654385
		outer loop
			vertex 64.30291748046875 0 -19.078184127807617
			vertex 64.00531768798828 3 -18.872766494750977
			vertex 64.00531768798828 0 -18.872766494750977
		endloop
	endfacet
	facet normal 0.5680634882407555 0 0.8229847345654385
		outer loop
			vertex 64.30291748046875 0 -19.078184127807617
			vertex 64.30291748046875 3 -19.078184127807617
			vertex 64.00531768798828 3 -18.872766494750977
		endloop
	endfacet
	facet normal 0.35460541900537196 0 0.9350160409383491
		outer loop
			vertex 64.64102935791016 0 -19.20641326904297
			vertex 64.30291748046875 3 -19.078184127807617
			vertex 64.30291748046875 0 -19.078184127807617
		endloop
	endfacet
	facet normal 0.12053614522252294 0 0.9927089390626513
		outer loop
			vertex 64.64102935791016 0 -19.20641326904297
			vertex 65 3 -19.25
			vertex 64.64102935791016 3 -19.20641326904297
		endloop
	endfacet
	facet normal 0.35460541900537196 0 0.9350160409383491
		outer loop
			vertex 64.64102935791016 0 -19.20641326904297
			vertex 64.64102935791016 3 -19.20641326904297
			vertex 64.30291748046875 3 -19.078184127807617
		endloop
	endfacet
	facet normal 0.12053614522252294 0 0.9927089390626513
		outer loop
			vertex 65 0 -19.25
			vertex 65 3 -19.25
			vertex 64.64102935791016 0 -19.20641326904297
		endloop
	endfacet
	facet normal -0.12053614522252294 0 0.9927089390626513
		outer loop
			vertex 65.35897064208984 0 -19.20641326904297
			vertex 65 3 -19.25
			vertex 65 0 -19.25
		endloop
	endfacet
	facet normal -0.35460541900537196 0 0.9350160409383491
		outer loop
			vertex 65.35897064208984 0 -19.20641326904297
			vertex 65.69708251953125 3 -19.078184127807617
			vertex 65.35897064208984 3 -19.20641326904297
		endloop
	endfacet
	facet normal -0.12053614522252294 0 0.9927089390626513
		outer loop
			vertex 65.35897064208984 0 -19.20641326904297
			vertex 65.35897064208984 3 -19.20641326904297
			vertex 65 3 -19.25
		endloop
	endfacet
	facet normal -0.35460541900537196 0 0.9350160409383491
		outer loop
			vertex 65.69708251953125 0 -19.078184127807617
			vertex 65.69708251953125 3 -19.078184127807617
			vertex 65.35897064208984 0 -19.20641326904297
		endloop
	endfacet
	facet normal -0.7485118046442782 0 0.6631214657271819
		outer loop
			vertex 65.99468231201172 0 -18.872766494750977
			vertex 66.2344741821289 3 -18.602096557617188
			vertex 65.99468231201172 3 -18.872766494750977
		endloop
	endfacet
	facet normal -0.5680634882407555 0 0.8229847345654385
		outer loop
			vertex 65.99468231201172 0 -18.872766494750977
			vertex 65.99468231201172 3 -18.872766494750977
			vertex 65.69708251953125 3 -19.078184127807617
		endloop
	endfacet
	facet normal -0.5680634882407555 0 0.8229847345654385
		outer loop
			vertex 65.99468231201172 0 -18.872766494750977
			vertex 65.69708251953125 3 -19.078184127807617
			vertex 65.69708251953125 0 -19.078184127807617
		endloop
	endfacet
	facet normal -0.7485118046442782 0 0.6631214657271819
		outer loop
			vertex 66.2344741821289 0 -18.602096557617188
			vertex 66.2344741821289 3 -18.602096557617188
			vertex 65.99468231201172 0 -18.872766494750977
		endloop
	endfacet
	facet normal -0.9709410802760327 0 0.23931865500292893
		outer loop
			vertex 66.40252685546875 0 -18.28190803527832
			vertex 66.48906707763672 3 -17.930805206298828
			vertex 66.40252685546875 3 -18.28190803527832
		endloop
	endfacet
	facet normal -0.8854505939401497 0 0.4647335211613603
		outer loop
			vertex 66.40252685546875 0 -18.28190803527832
			vertex 66.40252685546875 3 -18.28190803527832
			vertex 66.2344741821289 3 -18.602096557617188
		endloop
	endfacet
	facet normal -0.8854505939401497 0 0.4647335211613603
		outer loop
			vertex 66.40252685546875 0 -18.28190803527832
			vertex 66.2344741821289 3 -18.602096557617188
			vertex 66.2344741821289 0 -18.602096557617188
		endloop
	endfacet
	facet normal -0.9709410802760327 0 0.23931865500292893
		outer loop
			vertex 66.48906707763672 0 -17.930805206298828
			vertex 66.48906707763672 3 -17.930805206298828
			vertex 66.40252685546875 0 -18.28190803527832
		endloop
	endfacet
	facet normal -0.9709410802760327 0 -0.23931865500292893
		outer loop
			vertex 66.48906707763672 0 -17.569194793701172
			vertex 66.40252685546875 3 -17.21809196472168
			vertex 66.48906707763672 3 -17.569194793701172
		endloop
	endfacet
	facet normal -1 0 0
		outer loop
			vertex 66.48906707763672 0 -17.569194793701172
			vertex 66.48906707763672 3 -17.569194793701172
			vertex 66.48906707763672 3 -17.930805206298828
		endloop
	endfacet
	facet normal -1 0 0
		outer loop
			vertex 66.48906707763672 0 -17.569194793701172
			vertex 66.48906707763672 3 -17.930805206298828
			vertex 66.48906707763672 0 -17.930805206298828
		endloop
	endfacet
	facet normal -0.9709410802760327 0 -0.23931865500292893
		outer loop
			vertex 66.40252685546875 0 -17.21809196472168
			vertex 66.40252685546875 3 -17.21809196472168
			vertex 66.48906707763672 0 -17.569194793701172
		endloop
	endfacet
	facet normal -0.8854505939401497 0 -0.4647335211613603
		outer loop
			vertex 66.2344741821289 0 -16.897903442382812
			vertex 66.2344741821289 3 -16.897903442382812
			vertex 66.40252685546875 3 -17.21809196472168
		endloop
	endfacet
	facet normal -0.8854505939401497 0 -0.4647335211613603
		outer loop
			vertex 66.2344741821289 0 -16.897903442382812
			vertex 66.40252685546875 3 -17.21809196472168
			vertex 66.40252685546875 0 -17.21809196472168
		endloop
	endfacet
	facet normal -0.7485118046442782 0 -0.6631214657271819
		outer loop
			vertex 65.99468231201172 0 -16.627233505249023
			vertex 65.99468231201172 3 -16.627233505249023
			vertex 66.2344741821289 3 -16.897903442382812
		endloop
	endfacet
	facet normal -0.7485118046442782 0 -0.6631214657271819
		outer loop
			vertex 65.99468231201172 0 -16.627233505249023
			vertex 66.2344741821289 3 -16.897903442382812
			vertex 66.2344741821289 0 -16.897903442382812
		endloop
	endfacet
	facet normal -0.5680634882407555 0 -0.8229847345654385
		outer loop
			vertex 65.69708251953125 0 -16.421815872192383
			vertex 65.69708251953125 3 -16.421815872192383
			vertex 65.99468231201172 3 -16.627233505249023
		endloop
	endfacet
	facet normal -0.5680634882407555 0 -0.8229847345654385
		outer loop
			vertex 65.69708251953125 0 -16.421815872192383
			vertex 65.99468231201172 3 -16.627233505249023
			vertex 65.99468231201172 0 -16.627233505249023
		endloop
	endfacet
	facet normal -0.35460541900537196 0 -0.9350160409383491
		outer loop
			vertex 65.35897064208984 0 -16.29358673095703
			vertex 65.35897064208984 3 -16.29358673095703
			vertex 65.69708251953125 3 -16.421815872192383
		endloop
	endfacet
	facet normal -0.35460541900537196 0 -0.9350160409383491
		outer loop
			vertex 65.35897064208984 0 -16.29358673095703
			vertex 65.69708251953125 3 -16.421815872192383
			vertex 65.69708251953125 0 -16.421815872192383
		endloop
	endfacet
	facet normal -0.12053614522252294 0 -0.9927089390626513
		outer loop
			vertex 65 0 -16.25
			vertex 65 3 -16.25
			vertex 65.35897064208984 3 -16.29358673095703
		endloop
	endfacet
	facet normal -0.12053614522252294 0 -0.9927089390626513
		outer loop
			vertex 65 0 -16.25
			vertex 65.35897064208984 3 -16.29358673095703
			vertex 65.35897064208984 0 -16.29358673095703
		endloop
	endfacet
	facet normal 0.1205348829364362 0 -0.9927090923304268
		outer loop
			vertex -55.85897445678711 0 21.70641326904297
			vertex -55.85897445678711 3 21.70641326904297
			vertex -55.5 3 21.75
		endloop
	endfacet
	facet normal 0.1205348829364362 0 -0.9927090923304268
		outer loop
			vertex -55.85897445678711 0 21.70641326904297
			vertex -55.5 3 21.75
			vertex -55.5 0 21.75
		endloop
	endfacet
	facet normal 0.5680684201010048 0 -0.8229813303374192
		outer loop
			vertex -56.197086334228516 0 21.578184127807617
			vertex -56.49468231201172 3 21.372766494750977
			vertex -56.197086334228516 3 21.578184127807617
		endloop
	endfacet
	facet normal 0.35460541900537196 0 -0.9350160409383491
		outer loop
			vertex -56.197086334228516 0 21.578184127807617
			vertex -56.197086334228516 3 21.578184127807617
			vertex -55.85897445678711 3 21.70641326904297
		endloop
	endfacet
	facet normal 0.35460541900537196 0 -0.9350160409383491
		outer loop
			vertex -56.197086334228516 0 21.578184127807617
			vertex -55.85897445678711 3 21.70641326904297
			vertex -55.85897445678711 0 21.70641326904297
		endloop
	endfacet
	facet normal 0.5680684201010048 0 -0.8229813303374192
		outer loop
			vertex -56.49468231201172 0 21.372766494750977
			vertex -56.49468231201172 3 21.372766494750977
			vertex -56.197086334228516 0 21.578184127807617
		endloop
	endfacet
	facet normal 0.7485118046442782 0 -0.6631214657271819
		outer loop
			vertex -56.734474182128906 0 21.102096557617188
			vertex -56.734474182128906 3 21.102096557617188
			vertex -56.49468231201172 3 21.372766494750977
		endloop
	endfacet
	facet normal 0.7485118046442782 0 -0.6631214657271819
		outer loop
			vertex -56.734474182128906 0 21.102096557617188
			vertex -56.49468231201172 3 21.372766494750977
			vertex -56.49468231201172 0 21.372766494750977
		endloop
	endfacet
	facet normal 0.9709410802760327 0 -0.23931865500292893
		outer loop
			vertex -56.902523040771484 0 20.78190803527832
			vertex -56.98906326293945 3 20.430805206298828
			vertex -56.902523040771484 3 20.78190803527832
		endloop
	endfacet
	facet normal 0.885454934894803 0 -0.4647252503043498
		outer loop
			vertex -56.902523040771484 0 20.78190803527832
			vertex -56.902523040771484 3 20.78190803527832
			vertex -56.734474182128906 3 21.102096557617188
		endloop
	endfacet
	facet normal 0.885454934894803 0 -0.4647252503043498
		outer loop
			vertex -56.902523040771484 0 20.78190803527832
			vertex -56.734474182128906 3 21.102096557617188
			vertex -56.734474182128906 0 21.102096557617188
		endloop
	endfacet
	facet normal 1 0 0
		outer loop
			vertex -56.98906326293945 0 20.430805206298828
			vertex -56.98906326293945 3 20.069194793701172
			vertex -56.98906326293945 3 20.430805206298828
		endloop
	endfacet
	facet normal 0.9709410802760327 0 -0.23931865500292893
		outer loop
			vertex -56.98906326293945 0 20.430805206298828
			vertex -56.98906326293945 3 20.430805206298828
			vertex -56.902523040771484 0 20.78190803527832
		endloop
	endfacet
	facet normal 1 0 0
		outer loop
			vertex -56.98906326293945 0 20.069194793701172
			vertex -56.98906326293945 3 20.069194793701172
			vertex -56.98906326293945 0 20.430805206298828
		endloop
	endfacet
	facet normal 0.9709410802760327 0 0.23931865500292893
		outer loop
			vertex -56.902523040771484 0 19.71809196472168
			vertex -56.902523040771484 3 19.71809196472168
			vertex -56.98906326293945 3 20.069194793701172
		endloop
	endfacet
	facet normal 0.9709410802760327 0 0.23931865500292893
		outer loop
			vertex -56.902523040771484 0 19.71809196472168
			vertex -56.98906326293945 3 20.069194793701172
			vertex -56.98906326293945 0 20.069194793701172
		endloop
	endfacet
	facet normal 0.7485118046442782 0 0.6631214657271819
		outer loop
			vertex -56.734474182128906 0 19.397903442382812
			vertex -56.49468231201172 3 19.127233505249023
			vertex -56.734474182128906 3 19.397903442382812
		endloop
	endfacet
	facet normal 0.885454934894803 0 0.4647252503043498
		outer loop
			vertex -56.734474182128906 0 19.397903442382812
			vertex -56.734474182128906 3 19.397903442382812
			vertex -56.902523040771484 3 19.71809196472168
		endloop
	endfacet
	facet normal 0.885454934894803 0 0.4647252503043498
		outer loop
			vertex -56.734474182128906 0 19.397903442382812
			vertex -56.902523040771484 3 19.71809196472168
			vertex -56.902523040771484 0 19.71809196472168
		endloop
	endfacet
	facet normal 0.7485118046442782 0 0.6631214657271819
		outer loop
			vertex -56.49468231201172 0 19.127233505249023
			vertex -56.49468231201172 3 19.127233505249023
			vertex -56.734474182128906 0 19.397903442382812
		endloop
	endfacet
	facet normal 0.5680684201010048 0 0.8229813303374192
		outer loop
			vertex -56.197086334228516 0 18.921815872192383
			vertex -56.49468231201172 3 19.127233505249023
			vertex -56.49468231201172 0 19.127233505249023
		endloop
	endfacet
	facet normal 0.5680684201010048 0 0.8229813303374192
		outer loop
			vertex -56.197086334228516 0 18.921815872192383
			vertex -56.197086334228516 3 18.921815872192383
			vertex -56.49468231201172 3 19.127233505249023
		endloop
	endfacet
	facet normal 0.35460541900537196 0 0.9350160409383491
		outer loop
			vertex -55.85897445678711 0 18.79358673095703
			vertex -56.197086334228516 3 18.921815872192383
			vertex -56.197086334228516 0 18.921815872192383
		endloop
	endfacet
	facet normal 0.1205348829364362 0 0.9927090923304268
		outer loop
			vertex -55.85897445678711 0 18.79358673095703
			vertex -55.5 3 18.75
			vertex -55.85897445678711 3 18.79358673095703
		endloop
	endfacet
	facet normal 0.35460541900537196 0 0.9350160409383491
		outer loop
			vertex -55.85897445678711 0 18.79358673095703
			vertex -55.85897445678711 3 18.79358673095703
			vertex -56.197086334228516 3 18.921815872192383
		endloop
	endfacet
	facet normal 0.1205348829364362 0 0.9927090923304268
		outer loop
			vertex -55.5 0 18.75
			vertex -55.5 3 18.75
			vertex -55.85897445678711 0 18.79358673095703
		endloop
	endfacet
	facet normal -0.1205348829364362 0 0.9927090923304268
		outer loop
			vertex -55.14102554321289 0 18.79358673095703
			vertex -55.5 3 18.75
			vertex -55.5 0 18.75
		endloop
	endfacet
	facet normal -0.35460541900537196 0 0.9350160409383491
		outer loop
			vertex -55.14102554321289 0 18.79358673095703
			vertex -54.802913665771484 3 18.921815872192383
			vertex -55.14102554321289 3 18.79358673095703
		endloop
	endfacet
	facet normal -0.1205348829364362 0 0.9927090923304268
		outer loop
			vertex -55.14102554321289 0 18.79358673095703
			vertex -55.14102554321289 3 18.79358673095703
			vertex -55.5 3 18.75
		endloop
	endfacet
	facet normal -0.35460541900537196 0 0.9350160409383491
		outer loop
			vertex -54.802913665771484 0 18.921815872192383
			vertex -54.802913665771484 3 18.921815872192383
			vertex -55.14102554321289 0 18.79358673095703
		endloop
	endfacet
	facet normal -0.7485118046442782 0 0.6631214657271819
		outer loop
			vertex -54.50531768798828 0 19.127233505249023
			vertex -54.265525817871094 3 19.397903442382812
			vertex -54.50531768798828 3 19.127233505249023
		endloop
	endfacet
	facet normal -0.5680684201010048 0 0.8229813303374192
		outer loop
			vertex -54.50531768798828 0 19.127233505249023
			vertex -54.50531768798828 3 19.127233505249023
			vertex -54.802913665771484 3 18.921815872192383
		endloop
	endfacet
	facet normal -0.5680684201010048 0 0.8229813303374192
		outer loop
			vertex -54.50531768798828 0 19.127233505249023
			vertex -54.802913665771484 3 18.921815872192383
			vertex -54.802913665771484 0 18.921815872192383
		endloop
	endfacet
	facet normal -0.7485118046442782 0 0.6631214657271819
		outer loop
			vertex -54.265525817871094 0 19.397903442382812
			vertex -54.265525817871094 3 19.397903442382812
			vertex -54.50531768798828 0 19.127233505249023
		endloop
	endfacet
	facet normal -0.9709410802760327 0 0.23931865500292893
		outer loop
			vertex -54.097476959228516 0 19.71809196472168
			vertex -54.01093673706055 3 20.069194793701172
			vertex -54.097476959228516 3 19.71809196472168
		endloop
	endfacet
	facet normal -0.885454934894803 0 0.4647252503043498
		outer loop
			vertex -54.097476959228516 0 19.71809196472168
			vertex -54.097476959228516 3 19.71809196472168
			vertex -54.265525817871094 3 19.397903442382812
		endloop
	endfacet
	facet normal -0.885454934894803 0 0.4647252503043498
		outer loop
			vertex -54.097476959228516 0 19.71809196472168
			vertex -54.265525817871094 3 19.397903442382812
			vertex -54.265525817871094 0 19.397903442382812
		endloop
	endfacet
	facet normal -0.9709410802760327 0 0.23931865500292893
		outer loop
			vertex -54.01093673706055 0 20.069194793701172
			vertex -54.01093673706055 3 20.069194793701172
			vertex -54.097476959228516 0 19.71809196472168
		endloop
	endfacet
	facet normal -0.9709410802760327 0 -0.23931865500292893
		outer loop
			vertex -54.01093673706055 0 20.430805206298828
			vertex -54.097476959228516 3 20.78190803527832
			vertex -54.01093673706055 3 20.430805206298828
		endloop
	endfacet
	facet normal -1 0 0
		outer loop
			vertex -54.01093673706055 0 20.430805206298828
			vertex -54.01093673706055 3 20.430805206298828
			vertex -54.01093673706055 3 20.069194793701172
		endloop
	endfacet
	facet normal -1 0 0
		outer loop
			vertex -54.01093673706055 0 20.430805206298828
			vertex -54.01093673706055 3 20.069194793701172
			vertex -54.01093673706055 0 20.069194793701172
		endloop
	endfacet
	facet normal -0.9709410802760327 0 -0.23931865500292893
		outer loop
			vertex -54.097476959228516 0 20.78190803527832
			vertex -54.097476959228516 3 20.78190803527832
			vertex -54.01093673706055 0 20.430805206298828
		endloop
	endfacet
	facet normal -0.885454934894803 0 -0.4647252503043498
		outer loop
			vertex -54.265525817871094 0 21.102096557617188
			vertex -54.265525817871094 3 21.102096557617188
			vertex -54.097476959228516 3 20.78190803527832
		endloop
	endfacet
	facet normal -0.885454934894803 0 -0.4647252503043498
		outer loop
			vertex -54.265525817871094 0 21.102096557617188
			vertex -54.097476959228516 3 20.78190803527832
			vertex -54.097476959228516 0 20.78190803527832
		endloop
	endfacet
	facet normal -0.7485118046442782 0 -0.6631214657271819
		outer loop
			vertex -54.50531768798828 0 21.372766494750977
			vertex -54.50531768798828 3 21.372766494750977
			vertex -54.265525817871094 3 21.102096557617188
		endloop
	endfacet
	facet normal -0.7485118046442782 0 -0.6631214657271819
		outer loop
			vertex -54.50531768798828 0 21.372766494750977
			vertex -54.265525817871094 3 21.102096557617188
			vertex -54.265525817871094 0 21.102096557617188
		endloop
	endfacet
	facet normal -0.5680684201010048 0 -0.8229813303374192
		outer loop
			vertex -54.802913665771484 0 21.578184127807617
			vertex -54.802913665771484 3 21.578184127807617
			vertex -54.50531768798828 3 21.372766494750977
		endloop
	endfacet
	facet normal -0.5680684201010048 0 -0.8229813303374192
		outer loop
			vertex -54.802913665771484 0 21.578184127807617
			vertex -54.50531768798828 3 21.372766494750977
			vertex -54.50531768798828 0 21.372766494750977
		endloop
	endfacet
	facet normal -0.35460541900537196 0 -0.9350160409383491
		outer loop
			vertex -55.14102554321289 0 21.70641326904297
			vertex -55.14102554321289 3 21.70641326904297
			vertex -54.802913665771484 3 21.578184127807617
		endloop
	endfacet
	facet normal -0.35460541900537196 0 -0.9350160409383491
		outer loop
			vertex -55.14102554321289 0 21.70641326904297
			vertex -54.802913665771484 3 21.578184127807617
			vertex -54.802913665771484 0 21.578184127807617
		endloop
	endfacet
	facet normal -0.1205348829364362 0 -0.9927090923304268
		outer loop
			vertex -55.5 0 21.75
			vertex -55.5 3 21.75
			vertex -55.14102554321289 3 21.70641326904297
		endloop
	endfacet
	facet normal -0.1205348829364362 0 -0.9927090923304268
		outer loop
			vertex -55.5 0 21.75
			vertex -55.14102554321289 3 21.70641326904297
			vertex -55.14102554321289 0 21.70641326904297
		endloop
	endfacet
	facet normal -0.12053748191281036 0 0.9927087767588836
		outer loop
			vertex -55.85897445678711 0 9.706412315368652
			vertex -55.5 3 9.75
			vertex -55.85897445678711 3 9.706412315368652
		endloop
	endfacet
	facet normal -0.12053748191281036 0 0.9927087767588836
		outer loop
			vertex -55.85897445678711 0 9.706412315368652
			vertex -55.5 0 9.75
			vertex -55.5 3 9.75
		endloop
	endfacet
	facet normal -0.5680684201010048 0 0.8229813303374192
		outer loop
			vertex -56.197086334228516 0 9.578184127807617
			vertex -56.197086334228516 3 9.578184127807617
			vertex -56.49468231201172 3 9.372766494750977
		endloop
	endfacet
	facet normal -0.35460311333375444 0 0.9350169153625022
		outer loop
			vertex -56.197086334228516 0 9.578184127807617
			vertex -55.85897445678711 3 9.706412315368652
			vertex -56.197086334228516 3 9.578184127807617
		endloop
	endfacet
	facet normal -0.35460311333375444 0 0.9350169153625022
		outer loop
			vertex -56.197086334228516 0 9.578184127807617
			vertex -55.85897445678711 0 9.706412315368652
			vertex -55.85897445678711 3 9.706412315368652
		endloop
	endfacet
	facet normal -0.5680684201010048 0 0.8229813303374192
		outer loop
			vertex -56.49468231201172 0 9.372766494750977
			vertex -56.197086334228516 0 9.578184127807617
			vertex -56.49468231201172 3 9.372766494750977
		endloop
	endfacet
	facet normal -0.7485106449428883 0 0.6631227747613421
		outer loop
			vertex -56.734474182128906 0 9.102097511291504
			vertex -56.49468231201172 3 9.372766494750977
			vertex -56.734474182128906 3 9.102097511291504
		endloop
	endfacet
	facet normal -0.7485106449428883 0 0.6631227747613421
		outer loop
			vertex -56.734474182128906 0 9.102097511291504
			vertex -56.49468231201172 0 9.372766494750977
			vertex -56.49468231201172 3 9.372766494750977
		endloop
	endfacet
	facet normal -0.9709409292285788 0 0.2393192678175837
		outer loop
			vertex -56.902523040771484 0 8.781907081604004
			vertex -56.902523040771484 3 8.781907081604004
			vertex -56.98906326293945 3 8.430805206298828
		endloop
	endfacet
	facet normal -0.8854560740431457 0 0.46472307984443745
		outer loop
			vertex -56.902523040771484 0 8.781907081604004
			vertex -56.734474182128906 3 9.102097511291504
			vertex -56.902523040771484 3 8.781907081604004
		endloop
	endfacet
	facet normal -0.8854560740431457 0 0.46472307984443745
		outer loop
			vertex -56.902523040771484 0 8.781907081604004
			vertex -56.734474182128906 0 9.102097511291504
			vertex -56.734474182128906 3 9.102097511291504
		endloop
	endfacet
	facet normal -1 0 0
		outer loop
			vertex -56.98906326293945 0 8.430805206298828
			vertex -56.98906326293945 3 8.430805206298828
			vertex -56.98906326293945 3 8.069194793701172
		endloop
	endfacet
	facet normal -0.9709409292285788 0 0.2393192678175837
		outer loop
			vertex -56.98906326293945 0 8.430805206298828
			vertex -56.902523040771484 0 8.781907081604004
			vertex -56.98906326293945 3 8.430805206298828
		endloop
	endfacet
	facet normal -1 0 0
		outer loop
			vertex -56.98906326293945 0 8.069194793701172
			vertex -56.98906326293945 0 8.430805206298828
			vertex -56.98906326293945 3 8.069194793701172
		endloop
	endfacet
	facet normal -0.9709410047524507 0 -0.2393189614098759
		outer loop
			vertex -56.902523040771484 0 7.718092441558838
			vertex -56.98906326293945 3 8.069194793701172
			vertex -56.902523040771484 3 7.718092441558838
		endloop
	endfacet
	facet normal -0.9709410047524507 0 -0.2393189614098759
		outer loop
			vertex -56.902523040771484 0 7.718092441558838
			vertex -56.98906326293945 0 8.069194793701172
			vertex -56.98906326293945 3 8.069194793701172
		endloop
	endfacet
	facet normal -0.7485106449428883 0 -0.6631227747613421
		outer loop
			vertex -56.734474182128906 0 7.397902965545654
			vertex -56.734474182128906 3 7.397902965545654
			vertex -56.49468231201172 3 7.127233982086182
		endloop
	endfacet
	facet normal -0.8854555044709695 0 -0.46472416507220843
		outer loop
			vertex -56.734474182128906 0 7.397902965545654
			vertex -56.902523040771484 3 7.718092441558838
			vertex -56.734474182128906 3 7.397902965545654
		endloop
	endfacet
	facet normal -0.8854555044709695 0 -0.46472416507220843
		outer loop
			vertex -56.734474182128906 0 7.397902965545654
			vertex -56.902523040771484 0 7.718092441558838
			vertex -56.902523040771484 3 7.718092441558838
		endloop
	endfacet
	facet normal -0.7485106449428883 0 -0.6631227747613421
		outer loop
			vertex -56.49468231201172 0 7.127233982086182
			vertex -56.734474182128906 0 7.397902965545654
			vertex -56.49468231201172 3 7.127233982086182
		endloop
	endfacet
	facet normal -0.5680693132265177 0 -0.8229807138507881
		outer loop
			vertex -56.197086334228516 0 6.921815872192383
			vertex -56.49468231201172 0 7.127233982086182
			vertex -56.49468231201172 3 7.127233982086182
		endloop
	endfacet
	facet normal -0.5680693132265177 0 -0.8229807138507881
		outer loop
			vertex -56.197086334228516 0 6.921815872192383
			vertex -56.49468231201172 3 7.127233982086182
			vertex -56.197086334228516 3 6.921815872192383
		endloop
	endfacet
	facet normal -0.3546042661703718 0 -0.9350164781509319
		outer loop
			vertex -55.85897445678711 0 6.7935872077941895
			vertex -56.197086334228516 0 6.921815872192383
			vertex -56.197086334228516 3 6.921815872192383
		endloop
	endfacet
	facet normal -0.12053618242493312 0 -0.9927089345454807
		outer loop
			vertex -55.85897445678711 0 6.7935872077941895
			vertex -55.85897445678711 3 6.7935872077941895
			vertex -55.5 3 6.75
		endloop
	endfacet
	facet normal -0.3546042661703718 0 -0.9350164781509319
		outer loop
			vertex -55.85897445678711 0 6.7935872077941895
			vertex -56.197086334228516 3 6.921815872192383
			vertex -55.85897445678711 3 6.7935872077941895
		endloop
	endfacet
	facet normal -0.12053618242493312 0 -0.9927089345454807
		outer loop
			vertex -55.5 0 6.75
			vertex -55.85897445678711 0 6.7935872077941895
			vertex -55.5 3 6.75
		endloop
	endfacet
	facet normal 0.12053618242493312 0 -0.9927089345454807
		outer loop
			vertex -55.14102554321289 0 6.7935872077941895
			vertex -55.5 0 6.75
			vertex -55.5 3 6.75
		endloop
	endfacet
	facet normal 0.3546042661703718 0 -0.9350164781509319
		outer loop
			vertex -55.14102554321289 0 6.7935872077941895
			vertex -55.14102554321289 3 6.7935872077941895
			vertex -54.802913665771484 3 6.921815872192383
		endloop
	endfacet
	facet normal 0.12053618242493312 0 -0.9927089345454807
		outer loop
			vertex -55.14102554321289 0 6.7935872077941895
			vertex -55.5 3 6.75
			vertex -55.14102554321289 3 6.7935872077941895
		endloop
	endfacet
	facet normal 0.3546042661703718 0 -0.9350164781509319
		outer loop
			vertex -54.802913665771484 0 6.921815872192383
			vertex -55.14102554321289 0 6.7935872077941895
			vertex -54.802913665771484 3 6.921815872192383
		endloop
	endfacet
	facet normal 0.7485106449428883 0 -0.6631227747613421
		outer loop
			vertex -54.50531768798828 0 7.127233982086182
			vertex -54.50531768798828 3 7.127233982086182
			vertex -54.265525817871094 3 7.397902965545654
		endloop
	endfacet
	facet normal 0.5680693132265177 0 -0.8229807138507881
		outer loop
			vertex -54.50531768798828 0 7.127233982086182
			vertex -54.802913665771484 3 6.921815872192383
			vertex -54.50531768798828 3 7.127233982086182
		endloop
	endfacet
	facet normal 0.5680693132265177 0 -0.8229807138507881
		outer loop
			vertex -54.50531768798828 0 7.127233982086182
			vertex -54.802913665771484 0 6.921815872192383
			vertex -54.802913665771484 3 6.921815872192383
		endloop
	endfacet
	facet normal 0.7485106449428883 0 -0.6631227747613421
		outer loop
			vertex -54.265525817871094 0 7.397902965545654
			vertex -54.50531768798828 0 7.127233982086182
			vertex -54.265525817871094 3 7.397902965545654
		endloop
	endfacet
	facet normal 0.9709410047524507 0 -0.2393189614098759
		outer loop
			vertex -54.097476959228516 0 7.718092441558838
			vertex -54.097476959228516 3 7.718092441558838
			vertex -54.01093673706055 3 8.069194793701172
		endloop
	endfacet
	facet normal 0.8854555044709695 0 -0.46472416507220843
		outer loop
			vertex -54.097476959228516 0 7.718092441558838
			vertex -54.265525817871094 3 7.397902965545654
			vertex -54.097476959228516 3 7.718092441558838
		endloop
	endfacet
	facet normal 0.8854555044709695 0 -0.46472416507220843
		outer loop
			vertex -54.097476959228516 0 7.718092441558838
			vertex -54.265525817871094 0 7.397902965545654
			vertex -54.265525817871094 3 7.397902965545654
		endloop
	endfacet
	facet normal 0.9709410047524507 0 -0.2393189614098759
		outer loop
			vertex -54.01093673706055 0 8.069194793701172
			vertex -54.097476959228516 0 7.718092441558838
			vertex -54.01093673706055 3 8.069194793701172
		endloop
	endfacet
	facet normal 0.9709409292285788 0 0.2393192678175837
		outer loop
			vertex -54.01093673706055 0 8.430805206298828
			vertex -54.01093673706055 3 8.430805206298828
			vertex -54.097476959228516 3 8.781907081604004
		endloop
	endfacet
	facet normal 1 0 0
		outer loop
			vertex -54.01093673706055 0 8.430805206298828
			vertex -54.01093673706055 3 8.069194793701172
			vertex -54.01093673706055 3 8.430805206298828
		endloop
	endfacet
	facet normal 1 0 0
		outer loop
			vertex -54.01093673706055 0 8.430805206298828
			vertex -54.01093673706055 0 8.069194793701172
			vertex -54.01093673706055 3 8.069194793701172
		endloop
	endfacet
	facet normal 0.9709409292285788 0 0.2393192678175837
		outer loop
			vertex -54.097476959228516 0 8.781907081604004
			vertex -54.01093673706055 0 8.430805206298828
			vertex -54.097476959228516 3 8.781907081604004
		endloop
	endfacet
	facet normal 0.8854560740431457 0 0.46472307984443745
		outer loop
			vertex -54.265525817871094 0 9.102097511291504
			vertex -54.097476959228516 3 8.781907081604004
			vertex -54.265525817871094 3 9.102097511291504
		endloop
	endfacet
	facet normal 0.8854560740431457 0 0.46472307984443745
		outer loop
			vertex -54.265525817871094 0 9.102097511291504
			vertex -54.097476959228516 0 8.781907081604004
			vertex -54.097476959228516 3 8.781907081604004
		endloop
	endfacet
	facet normal 0.7485106449428883 0 0.6631227747613421
		outer loop
			vertex -54.50531768798828 0 9.372766494750977
			vertex -54.265525817871094 3 9.102097511291504
			vertex -54.50531768798828 3 9.372766494750977
		endloop
	endfacet
	facet normal 0.7485106449428883 0 0.6631227747613421
		outer loop
			vertex -54.50531768798828 0 9.372766494750977
			vertex -54.265525817871094 0 9.102097511291504
			vertex -54.265525817871094 3 9.102097511291504
		endloop
	endfacet
	facet normal 0.5680684201010048 0 0.8229813303374192
		outer loop
			vertex -54.802913665771484 0 9.578184127807617
			vertex -54.50531768798828 3 9.372766494750977
			vertex -54.802913665771484 3 9.578184127807617
		endloop
	endfacet
	facet normal 0.5680684201010048 0 0.8229813303374192
		outer loop
			vertex -54.802913665771484 0 9.578184127807617
			vertex -54.50531768798828 0 9.372766494750977
			vertex -54.50531768798828 3 9.372766494750977
		endloop
	endfacet
	facet normal 0.35460311333375444 0 0.9350169153625022
		outer loop
			vertex -55.14102554321289 0 9.706412315368652
			vertex -54.802913665771484 3 9.578184127807617
			vertex -55.14102554321289 3 9.706412315368652
		endloop
	endfacet
	facet normal 0.35460311333375444 0 0.9350169153625022
		outer loop
			vertex -55.14102554321289 0 9.706412315368652
			vertex -54.802913665771484 0 9.578184127807617
			vertex -54.802913665771484 3 9.578184127807617
		endloop
	endfacet
	facet normal 0.12053748191281036 0 0.9927087767588836
		outer loop
			vertex -55.5 0 9.75
			vertex -55.14102554321289 3 9.706412315368652
			vertex -55.5 3 9.75
		endloop
	endfacet
	facet normal 0.12053748191281036 0 0.9927087767588836
		outer loop
			vertex -55.5 0 9.75
			vertex -55.14102554321289 0 9.706412315368652
			vertex -55.14102554321289 3 9.706412315368652
		endloop
	endfacet
	facet normal 0.1205348829364362 0 -0.9927090923304268
		outer loop
			vertex 55.14102554321289 0 -18.79358673095703
			vertex 55.14102554321289 3 -18.79358673095703
			vertex 55.5 3 -18.75
		endloop
	endfacet
	facet normal 0.1205348829364362 0 -0.9927090923304268
		outer loop
			vertex 55.14102554321289 0 -18.79358673095703
			vertex 55.5 3 -18.75
			vertex 55.5 0 -18.75
		endloop
	endfacet
	facet normal 0.5680684201010048 0 -0.8229813303374192
		outer loop
			vertex 54.802913665771484 0 -18.921815872192383
			vertex 54.50531768798828 3 -19.127233505249023
			vertex 54.802913665771484 3 -18.921815872192383
		endloop
	endfacet
	facet normal 0.35460541900537196 0 -0.9350160409383491
		outer loop
			vertex 54.802913665771484 0 -18.921815872192383
			vertex 54.802913665771484 3 -18.921815872192383
			vertex 55.14102554321289 3 -18.79358673095703
		endloop
	endfacet
	facet normal 0.35460541900537196 0 -0.9350160409383491
		outer loop
			vertex 54.802913665771484 0 -18.921815872192383
			vertex 55.14102554321289 3 -18.79358673095703
			vertex 55.14102554321289 0 -18.79358673095703
		endloop
	endfacet
	facet normal 0.5680684201010048 0 -0.8229813303374192
		outer loop
			vertex 54.50531768798828 0 -19.127233505249023
			vertex 54.50531768798828 3 -19.127233505249023
			vertex 54.802913665771484 0 -18.921815872192383
		endloop
	endfacet
	facet normal 0.7485118046442782 0 -0.6631214657271819
		outer loop
			vertex 54.265525817871094 0 -19.397903442382812
			vertex 54.265525817871094 3 -19.397903442382812
			vertex 54.50531768798828 3 -19.127233505249023
		endloop
	endfacet
	facet normal 0.7485118046442782 0 -0.6631214657271819
		outer loop
			vertex 54.265525817871094 0 -19.397903442382812
			vertex 54.50531768798828 3 -19.127233505249023
			vertex 54.50531768798828 0 -19.127233505249023
		endloop
	endfacet
	facet normal 0.9709410802760327 0 -0.23931865500292893
		outer loop
			vertex 54.097476959228516 0 -19.71809196472168
			vertex 54.01093673706055 3 -20.069194793701172
			vertex 54.097476959228516 3 -19.71809196472168
		endloop
	endfacet
	facet normal 0.885454934894803 0 -0.4647252503043498
		outer loop
			vertex 54.097476959228516 0 -19.71809196472168
			vertex 54.097476959228516 3 -19.71809196472168
			vertex 54.265525817871094 3 -19.397903442382812
		endloop
	endfacet
	facet normal 0.885454934894803 0 -0.4647252503043498
		outer loop
			vertex 54.097476959228516 0 -19.71809196472168
			vertex 54.265525817871094 3 -19.397903442382812
			vertex 54.265525817871094 0 -19.397903442382812
		endloop
	endfacet
	facet normal 1 0 0
		outer loop
			vertex 54.01093673706055 0 -20.069194793701172
			vertex 54.01093673706055 3 -20.430805206298828
			vertex 54.01093673706055 3 -20.069194793701172
		endloop
	endfacet
	facet normal 0.9709410802760327 0 -0.23931865500292893
		outer loop
			vertex 54.01093673706055 0 -20.069194793701172
			vertex 54.01093673706055 3 -20.069194793701172
			vertex 54.097476959228516 0 -19.71809196472168
		endloop
	endfacet
	facet normal 1 0 0
		outer loop
			vertex 54.01093673706055 0 -20.430805206298828
			vertex 54.01093673706055 3 -20.430805206298828
			vertex 54.01093673706055 0 -20.069194793701172
		endloop
	endfacet
	facet normal 0.9709410802760327 0 0.23931865500292893
		outer loop
			vertex 54.097476959228516 0 -20.78190803527832
			vertex 54.097476959228516 3 -20.78190803527832
			vertex 54.01093673706055 3 -20.430805206298828
		endloop
	endfacet
	facet normal 0.9709410802760327 0 0.23931865500292893
		outer loop
			vertex 54.097476959228516 0 -20.78190803527832
			vertex 54.01093673706055 3 -20.430805206298828
			vertex 54.01093673706055 0 -20.430805206298828
		endloop
	endfacet
	facet normal 0.7485118046442782 0 0.6631214657271819
		outer loop
			vertex 54.265525817871094 0 -21.102096557617188
			vertex 54.50531768798828 3 -21.372766494750977
			vertex 54.265525817871094 3 -21.102096557617188
		endloop
	endfacet
	facet normal 0.885454934894803 0 0.4647252503043498
		outer loop
			vertex 54.265525817871094 0 -21.102096557617188
			vertex 54.265525817871094 3 -21.102096557617188
			vertex 54.097476959228516 3 -20.78190803527832
		endloop
	endfacet
	facet normal 0.885454934894803 0 0.4647252503043498
		outer loop
			vertex 54.265525817871094 0 -21.102096557617188
			vertex 54.097476959228516 3 -20.78190803527832
			vertex 54.097476959228516 0 -20.78190803527832
		endloop
	endfacet
	facet normal 0.7485118046442782 0 0.6631214657271819
		outer loop
			vertex 54.50531768798828 0 -21.372766494750977
			vertex 54.50531768798828 3 -21.372766494750977
			vertex 54.265525817871094 0 -21.102096557617188
		endloop
	endfacet
	facet normal 0.5680684201010048 0 0.8229813303374192
		outer loop
			vertex 54.802913665771484 0 -21.578184127807617
			vertex 54.50531768798828 3 -21.372766494750977
			vertex 54.50531768798828 0 -21.372766494750977
		endloop
	endfacet
	facet normal 0.5680684201010048 0 0.8229813303374192
		outer loop
			vertex 54.802913665771484 0 -21.578184127807617
			vertex 54.802913665771484 3 -21.578184127807617
			vertex 54.50531768798828 3 -21.372766494750977
		endloop
	endfacet
	facet normal 0.35460541900537196 0 0.9350160409383491
		outer loop
			vertex 55.14102554321289 0 -21.70641326904297
			vertex 54.802913665771484 3 -21.578184127807617
			vertex 54.802913665771484 0 -21.578184127807617
		endloop
	endfacet
	facet normal 0.1205348829364362 0 0.9927090923304268
		outer loop
			vertex 55.14102554321289 0 -21.70641326904297
			vertex 55.5 3 -21.75
			vertex 55.14102554321289 3 -21.70641326904297
		endloop
	endfacet
	facet normal 0.35460541900537196 0 0.9350160409383491
		outer loop
			vertex 55.14102554321289 0 -21.70641326904297
			vertex 55.14102554321289 3 -21.70641326904297
			vertex 54.802913665771484 3 -21.578184127807617
		endloop
	endfacet
	facet normal 0.1205348829364362 0 0.9927090923304268
		outer loop
			vertex 55.5 0 -21.75
			vertex 55.5 3 -21.75
			vertex 55.14102554321289 0 -21.70641326904297
		endloop
	endfacet
	facet normal -0.1205348829364362 0 0.9927090923304268
		outer loop
			vertex 55.85897445678711 0 -21.70641326904297
			vertex 55.5 3 -21.75
			vertex 55.5 0 -21.75
		endloop
	endfacet
	facet normal -0.35460541900537196 0 0.9350160409383491
		outer loop
			vertex 55.85897445678711 0 -21.70641326904297
			vertex 56.197086334228516 3 -21.578184127807617
			vertex 55.85897445678711 3 -21.70641326904297
		endloop
	endfacet
	facet normal -0.1205348829364362 0 0.9927090923304268
		outer loop
			vertex 55.85897445678711 0 -21.70641326904297
			vertex 55.85897445678711 3 -21.70641326904297
			vertex 55.5 3 -21.75
		endloop
	endfacet
	facet normal -0.35460541900537196 0 0.9350160409383491
		outer loop
			vertex 56.197086334228516 0 -21.578184127807617
			vertex 56.197086334228516 3 -21.578184127807617
			vertex 55.85897445678711 0 -21.70641326904297
		endloop
	endfacet
	facet normal -0.7485118046442782 0 0.6631214657271819
		outer loop
			vertex 56.49468231201172 0 -21.372766494750977
			vertex 56.734474182128906 3 -21.102096557617188
			vertex 56.49468231201172 3 -21.372766494750977
		endloop
	endfacet
	facet normal -0.5680684201010048 0 0.8229813303374192
		outer loop
			vertex 56.49468231201172 0 -21.372766494750977
			vertex 56.49468231201172 3 -21.372766494750977
			vertex 56.197086334228516 3 -21.578184127807617
		endloop
	endfacet
	facet normal -0.5680684201010048 0 0.8229813303374192
		outer loop
			vertex 56.49468231201172 0 -21.372766494750977
			vertex 56.197086334228516 3 -21.578184127807617
			vertex 56.197086334228516 0 -21.578184127807617
		endloop
	endfacet
	facet normal -0.7485118046442782 0 0.6631214657271819
		outer loop
			vertex 56.734474182128906 0 -21.102096557617188
			vertex 56.734474182128906 3 -21.102096557617188
			vertex 56.49468231201172 0 -21.372766494750977
		endloop
	endfacet
	facet normal -0.9709410802760327 0 0.23931865500292893
		outer loop
			vertex 56.902523040771484 0 -20.78190803527832
			vertex 56.98906326293945 3 -20.430805206298828
			vertex 56.902523040771484 3 -20.78190803527832
		endloop
	endfacet
	facet normal -0.885454934894803 0 0.4647252503043498
		outer loop
			vertex 56.902523040771484 0 -20.78190803527832
			vertex 56.902523040771484 3 -20.78190803527832
			vertex 56.734474182128906 3 -21.102096557617188
		endloop
	endfacet
	facet normal -0.885454934894803 0 0.4647252503043498
		outer loop
			vertex 56.902523040771484 0 -20.78190803527832
			vertex 56.734474182128906 3 -21.102096557617188
			vertex 56.734474182128906 0 -21.102096557617188
		endloop
	endfacet
	facet normal -0.9709410802760327 0 0.23931865500292893
		outer loop
			vertex 56.98906326293945 0 -20.430805206298828
			vertex 56.98906326293945 3 -20.430805206298828
			vertex 56.902523040771484 0 -20.78190803527832
		endloop
	endfacet
	facet normal -0.9709410802760327 0 -0.23931865500292893
		outer loop
			vertex 56.98906326293945 0 -20.069194793701172
			vertex 56.902523040771484 3 -19.71809196472168
			vertex 56.98906326293945 3 -20.069194793701172
		endloop
	endfacet
	facet normal -1 0 0
		outer loop
			vertex 56.98906326293945 0 -20.069194793701172
			vertex 56.98906326293945 3 -20.069194793701172
			vertex 56.98906326293945 3 -20.430805206298828
		endloop
	endfacet
	facet normal -1 0 0
		outer loop
			vertex 56.98906326293945 0 -20.069194793701172
			vertex 56.98906326293945 3 -20.430805206298828
			vertex 56.98906326293945 0 -20.430805206298828
		endloop
	endfacet
	facet normal -0.9709410802760327 0 -0.23931865500292893
		outer loop
			vertex 56.902523040771484 0 -19.71809196472168
			vertex 56.902523040771484 3 -19.71809196472168
			vertex 56.98906326293945 0 -20.069194793701172
		endloop
	endfacet
	facet normal -0.885454934894803 0 -0.4647252503043498
		outer loop
			vertex 56.734474182128906 0 -19.397903442382812
			vertex 56.734474182128906 3 -19.397903442382812
			vertex 56.902523040771484 3 -19.71809196472168
		endloop
	endfacet
	facet normal -0.885454934894803 0 -0.4647252503043498
		outer loop
			vertex 56.734474182128906 0 -19.397903442382812
			vertex 56.902523040771484 3 -19.71809196472168
			vertex 56.902523040771484 0 -19.71809196472168
		endloop
	endfacet
	facet normal -0.7485118046442782 0 -0.6631214657271819
		outer loop
			vertex 56.49468231201172 0 -19.127233505249023
			vertex 56.49468231201172 3 -19.127233505249023
			vertex 56.734474182128906 3 -19.397903442382812
		endloop
	endfacet
	facet normal -0.7485118046442782 0 -0.6631214657271819
		outer loop
			vertex 56.49468231201172 0 -19.127233505249023
			vertex 56.734474182128906 3 -19.397903442382812
			vertex 56.734474182128906 0 -19.397903442382812
		endloop
	endfacet
	facet normal -0.5680684201010048 0 -0.8229813303374192
		outer loop
			vertex 56.197086334228516 0 -18.921815872192383
			vertex 56.197086334228516 3 -18.921815872192383
			vertex 56.49468231201172 3 -19.127233505249023
		endloop
	endfacet
	facet normal -0.5680684201010048 0 -0.8229813303374192
		outer loop
			vertex 56.197086334228516 0 -18.921815872192383
			vertex 56.49468231201172 3 -19.127233505249023
			vertex 56.49468231201172 0 -19.127233505249023
		endloop
	endfacet
	facet normal -0.35460541900537196 0 -0.9350160409383491
		outer loop
			vertex 55.85897445678711 0 -18.79358673095703
			vertex 55.85897445678711 3 -18.79358673095703
			vertex 56.197086334228516 3 -18.921815872192383
		endloop
	endfacet
	facet normal -0.35460541900537196 0 -0.9350160409383491
		outer loop
			vertex 55.85897445678711 0 -18.79358673095703
			vertex 56.197086334228516 3 -18.921815872192383
			vertex 56.197086334228516 0 -18.921815872192383
		endloop
	endfacet
	facet normal -0.1205348829364362 0 -0.9927090923304268
		outer loop
			vertex 55.5 0 -18.75
			vertex 55.5 3 -18.75
			vertex 55.85897445678711 3 -18.79358673095703
		endloop
	endfacet
	facet normal -0.1205348829364362 0 -0.9927090923304268
		outer loop
			vertex 55.5 0 -18.75
			vertex 55.85897445678711 3 -18.79358673095703
			vertex 55.85897445678711 0 -18.79358673095703
		endloop
	endfacet
	facet normal -0.1205348829364362 0 0.9927090923304268
		outer loop
			vertex 55.14102554321289 0 21.70641326904297
			vertex 55.5 3 21.75
			vertex 55.14102554321289 3 21.70641326904297
		endloop
	endfacet
	facet normal -0.1205348829364362 0 0.9927090923304268
		outer loop
			vertex 55.14102554321289 0 21.70641326904297
			vertex 55.5 0 21.75
			vertex 55.5 3 21.75
		endloop
	endfacet
	facet normal -0.5680684201010048 0 0.8229813303374192
		outer loop
			vertex 54.802913665771484 0 21.578184127807617
			vertex 54.802913665771484 3 21.578184127807617
			vertex 54.50531768798828 3 21.372766494750977
		endloop
	endfacet
	facet normal -0.35460541900537196 0 0.9350160409383491
		outer loop
			vertex 54.802913665771484 0 21.578184127807617
			vertex 55.14102554321289 3 21.70641326904297
			vertex 54.802913665771484 3 21.578184127807617
		endloop
	endfacet
	facet normal -0.35460541900537196 0 0.9350160409383491
		outer loop
			vertex 54.802913665771484 0 21.578184127807617
			vertex 55.14102554321289 0 21.70641326904297
			vertex 55.14102554321289 3 21.70641326904297
		endloop
	endfacet
	facet normal -0.5680684201010048 0 0.8229813303374192
		outer loop
			vertex 54.50531768798828 0 21.372766494750977
			vertex 54.802913665771484 0 21.578184127807617
			vertex 54.50531768798828 3 21.372766494750977
		endloop
	endfacet
	facet normal -0.7485118046442782 0 0.6631214657271819
		outer loop
			vertex 54.265525817871094 0 21.102096557617188
			vertex 54.50531768798828 3 21.372766494750977
			vertex 54.265525817871094 3 21.102096557617188
		endloop
	endfacet
	facet normal -0.7485118046442782 0 0.6631214657271819
		outer loop
			vertex 54.265525817871094 0 21.102096557617188
			vertex 54.50531768798828 0 21.372766494750977
			vertex 54.50531768798828 3 21.372766494750977
		endloop
	endfacet
	facet normal -0.9709410802760327 0 0.23931865500292893
		outer loop
			vertex 54.097476959228516 0 20.78190803527832
			vertex 54.097476959228516 3 20.78190803527832
			vertex 54.01093673706055 3 20.430805206298828
		endloop
	endfacet
	facet normal -0.885454934894803 0 0.4647252503043498
		outer loop
			vertex 54.097476959228516 0 20.78190803527832
			vertex 54.265525817871094 3 21.102096557617188
			vertex 54.097476959228516 3 20.78190803527832
		endloop
	endfacet
	facet normal -0.885454934894803 0 0.4647252503043498
		outer loop
			vertex 54.097476959228516 0 20.78190803527832
			vertex 54.265525817871094 0 21.102096557617188
			vertex 54.265525817871094 3 21.102096557617188
		endloop
	endfacet
	facet normal -1 0 0
		outer loop
			vertex 54.01093673706055 0 20.430805206298828
			vertex 54.01093673706055 3 20.430805206298828
			vertex 54.01093673706055 3 20.069194793701172
		endloop
	endfacet
	facet normal -0.9709410802760327 0 0.23931865500292893
		outer loop
			vertex 54.01093673706055 0 20.430805206298828
			vertex 54.097476959228516 0 20.78190803527832
			vertex 54.01093673706055 3 20.430805206298828
		endloop
	endfacet
	facet normal -1 0 0
		outer loop
			vertex 54.01093673706055 0 20.069194793701172
			vertex 54.01093673706055 0 20.430805206298828
			vertex 54.01093673706055 3 20.069194793701172
		endloop
	endfacet
	facet normal -0.9709410802760327 0 -0.23931865500292893
		outer loop
			vertex 54.097476959228516 0 19.71809196472168
			vertex 54.01093673706055 3 20.069194793701172
			vertex 54.097476959228516 3 19.71809196472168
		endloop
	endfacet
	facet normal -0.9709410802760327 0 -0.23931865500292893
		outer loop
			vertex 54.097476959228516 0 19.71809196472168
			vertex 54.01093673706055 0 20.069194793701172
			vertex 54.01093673706055 3 20.069194793701172
		endloop
	endfacet
	facet normal -0.7485118046442782 0 -0.6631214657271819
		outer loop
			vertex 54.265525817871094 0 19.397903442382812
			vertex 54.265525817871094 3 19.397903442382812
			vertex 54.50531768798828 3 19.127233505249023
		endloop
	endfacet
	facet normal -0.885454934894803 0 -0.4647252503043498
		outer loop
			vertex 54.265525817871094 0 19.397903442382812
			vertex 54.097476959228516 3 19.71809196472168
			vertex 54.265525817871094 3 19.397903442382812
		endloop
	endfacet
	facet normal -0.885454934894803 0 -0.4647252503043498
		outer loop
			vertex 54.265525817871094 0 19.397903442382812
			vertex 54.097476959228516 0 19.71809196472168
			vertex 54.097476959228516 3 19.71809196472168
		endloop
	endfacet
	facet normal -0.7485118046442782 0 -0.6631214657271819
		outer loop
			vertex 54.50531768798828 0 19.127233505249023
			vertex 54.265525817871094 0 19.397903442382812
			vertex 54.50531768798828 3 19.127233505249023
		endloop
	endfacet
	facet normal -0.5680684201010048 0 -0.8229813303374192
		outer loop
			vertex 54.802913665771484 0 18.921815872192383
			vertex 54.50531768798828 0 19.127233505249023
			vertex 54.50531768798828 3 19.127233505249023
		endloop
	endfacet
	facet normal -0.5680684201010048 0 -0.8229813303374192
		outer loop
			vertex 54.802913665771484 0 18.921815872192383
			vertex 54.50531768798828 3 19.127233505249023
			vertex 54.802913665771484 3 18.921815872192383
		endloop
	endfacet
	facet normal -0.35460541900537196 0 -0.9350160409383491
		outer loop
			vertex 55.14102554321289 0 18.79358673095703
			vertex 54.802913665771484 0 18.921815872192383
			vertex 54.802913665771484 3 18.921815872192383
		endloop
	endfacet
	facet normal -0.1205348829364362 0 -0.9927090923304268
		outer loop
			vertex 55.14102554321289 0 18.79358673095703
			vertex 55.14102554321289 3 18.79358673095703
			vertex 55.5 3 18.75
		endloop
	endfacet
	facet normal -0.35460541900537196 0 -0.9350160409383491
		outer loop
			vertex 55.14102554321289 0 18.79358673095703
			vertex 54.802913665771484 3 18.921815872192383
			vertex 55.14102554321289 3 18.79358673095703
		endloop
	endfacet
	facet normal -0.1205348829364362 0 -0.9927090923304268
		outer loop
			vertex 55.5 0 18.75
			vertex 55.14102554321289 0 18.79358673095703
			vertex 55.5 3 18.75
		endloop
	endfacet
	facet normal 0.1205348829364362 0 -0.9927090923304268
		outer loop
			vertex 55.85897445678711 0 18.79358673095703
			vertex 55.5 0 18.75
			vertex 55.5 3 18.75
		endloop
	endfacet
	facet normal 0.35460541900537196 0 -0.9350160409383491
		outer loop
			vertex 55.85897445678711 0 18.79358673095703
			vertex 55.85897445678711 3 18.79358673095703
			vertex 56.197086334228516 3 18.921815872192383
		endloop
	endfacet
	facet normal 0.1205348829364362 0 -0.9927090923304268
		outer loop
			vertex 55.85897445678711 0 18.79358673095703
			vertex 55.5 3 18.75
			vertex 55.85897445678711 3 18.79358673095703
		endloop
	endfacet
	facet normal 0.35460541900537196 0 -0.9350160409383491
		outer loop
			vertex 56.197086334228516 0 18.921815872192383
			vertex 55.85897445678711 0 18.79358673095703
			vertex 56.197086334228516 3 18.921815872192383
		endloop
	endfacet
	facet normal 0.7485118046442782 0 -0.6631214657271819
		outer loop
			vertex 56.49468231201172 0 19.127233505249023
			vertex 56.49468231201172 3 19.127233505249023
			vertex 56.734474182128906 3 19.397903442382812
		endloop
	endfacet
	facet normal 0.5680684201010048 0 -0.8229813303374192
		outer loop
			vertex 56.49468231201172 0 19.127233505249023
			vertex 56.197086334228516 3 18.921815872192383
			vertex 56.49468231201172 3 19.127233505249023
		endloop
	endfacet
	facet normal 0.5680684201010048 0 -0.8229813303374192
		outer loop
			vertex 56.49468231201172 0 19.127233505249023
			vertex 56.197086334228516 0 18.921815872192383
			vertex 56.197086334228516 3 18.921815872192383
		endloop
	endfacet
	facet normal 0.7485118046442782 0 -0.6631214657271819
		outer loop
			vertex 56.734474182128906 0 19.397903442382812
			vertex 56.49468231201172 0 19.127233505249023
			vertex 56.734474182128906 3 19.397903442382812
		endloop
	endfacet
	facet normal 0.9709410802760327 0 -0.23931865500292893
		outer loop
			vertex 56.902523040771484 0 19.71809196472168
			vertex 56.902523040771484 3 19.71809196472168
			vertex 56.98906326293945 3 20.069194793701172
		endloop
	endfacet
	facet normal 0.885454934894803 0 -0.4647252503043498
		outer loop
			vertex 56.902523040771484 0 19.71809196472168
			vertex 56.734474182128906 3 19.397903442382812
			vertex 56.902523040771484 3 19.71809196472168
		endloop
	endfacet
	facet normal 0.885454934894803 0 -0.4647252503043498
		outer loop
			vertex 56.902523040771484 0 19.71809196472168
			vertex 56.734474182128906 0 19.397903442382812
			vertex 56.734474182128906 3 19.397903442382812
		endloop
	endfacet
	facet normal 0.9709410802760327 0 -0.23931865500292893
		outer loop
			vertex 56.98906326293945 0 20.069194793701172
			vertex 56.902523040771484 0 19.71809196472168
			vertex 56.98906326293945 3 20.069194793701172
		endloop
	endfacet
	facet normal 0.9709410802760327 0 0.23931865500292893
		outer loop
			vertex 56.98906326293945 0 20.430805206298828
			vertex 56.98906326293945 3 20.430805206298828
			vertex 56.902523040771484 3 20.78190803527832
		endloop
	endfacet
	facet normal 1 0 0
		outer loop
			vertex 56.98906326293945 0 20.430805206298828
			vertex 56.98906326293945 3 20.069194793701172
			vertex 56.98906326293945 3 20.430805206298828
		endloop
	endfacet
	facet normal 1 0 0
		outer loop
			vertex 56.98906326293945 0 20.430805206298828
			vertex 56.98906326293945 0 20.069194793701172
			vertex 56.98906326293945 3 20.069194793701172
		endloop
	endfacet
	facet normal 0.9709410802760327 0 0.23931865500292893
		outer loop
			vertex 56.902523040771484 0 20.78190803527832
			vertex 56.98906326293945 0 20.430805206298828
			vertex 56.902523040771484 3 20.78190803527832
		endloop
	endfacet
	facet normal 0.885454934894803 0 0.4647252503043498
		outer loop
			vertex 56.734474182128906 0 21.102096557617188
			vertex 56.902523040771484 3 20.78190803527832
			vertex 56.734474182128906 3 21.102096557617188
		endloop
	endfacet
	facet normal 0.885454934894803 0 0.4647252503043498
		outer loop
			vertex 56.734474182128906 0 21.102096557617188
			vertex 56.902523040771484 0 20.78190803527832
			vertex 56.902523040771484 3 20.78190803527832
		endloop
	endfacet
	facet normal 0.7485118046442782 0 0.6631214657271819
		outer loop
			vertex 56.49468231201172 0 21.372766494750977
			vertex 56.734474182128906 3 21.102096557617188
			vertex 56.49468231201172 3 21.372766494750977
		endloop
	endfacet
	facet normal 0.7485118046442782 0 0.6631214657271819
		outer loop
			vertex 56.49468231201172 0 21.372766494750977
			vertex 56.734474182128906 0 21.102096557617188
			vertex 56.734474182128906 3 21.102096557617188
		endloop
	endfacet
	facet normal 0.5680684201010048 0 0.8229813303374192
		outer loop
			vertex 56.197086334228516 0 21.578184127807617
			vertex 56.49468231201172 3 21.372766494750977
			vertex 56.197086334228516 3 21.578184127807617
		endloop
	endfacet
	facet normal 0.5680684201010048 0 0.8229813303374192
		outer loop
			vertex 56.197086334228516 0 21.578184127807617
			vertex 56.49468231201172 0 21.372766494750977
			vertex 56.49468231201172 3 21.372766494750977
		endloop
	endfacet
	facet normal 0.35460541900537196 0 0.9350160409383491
		outer loop
			vertex 55.85897445678711 0 21.70641326904297
			vertex 56.197086334228516 3 21.578184127807617
			vertex 55.85897445678711 3 21.70641326904297
		endloop
	endfacet
	facet normal 0.35460541900537196 0 0.9350160409383491
		outer loop
			vertex 55.85897445678711 0 21.70641326904297
			vertex 56.197086334228516 0 21.578184127807617
			vertex 56.197086334228516 3 21.578184127807617
		endloop
	endfacet
	facet normal 0.1205348829364362 0 0.9927090923304268
		outer loop
			vertex 55.5 0 21.75
			vertex 55.85897445678711 3 21.70641326904297
			vertex 55.5 3 21.75
		endloop
	endfacet
	facet normal 0.1205348829364362 0 0.9927090923304268
		outer loop
			vertex 55.5 0 21.75
			vertex 55.85897445678711 0 21.70641326904297
			vertex 55.85897445678711 3 21.70641326904297
		endloop
	endfacet
	facet normal 0 0 -1
		outer loop
			vertex 33 0 -14
			vertex 23 0 -14
			vertex 23 3 -14
		endloop
	endfacet
	facet normal 0 0 -1
		outer loop
			vertex 33 3 -14
			vertex 33 0 -14
			vertex 23 3 -14
		endloop
	endfacet
	facet normal -0.1205365072969605 0 0.9927088950989861
		outer loop
			vertex 46.64102554321289 0 1.456412672996521
			vertex 47 3 1.5
			vertex 46.64102554321289 3 1.456412672996521
		endloop
	endfacet
	facet normal -0.1205365072969605 0 0.9927088950989861
		outer loop
			vertex 46.64102554321289 0 1.456412672996521
			vertex 47 0 1.5
			vertex 47 3 1.5
		endloop
	endfacet
	facet normal -0.5680688666640121 0 0.8229810220941095
		outer loop
			vertex 46.302913665771484 0 1.3281840085983276
			vertex 46.302913665771484 3 1.3281840085983276
			vertex 46.00531768798828 3 1.122766137123108
		endloop
	endfacet
	facet normal -0.3546042661703718 0 0.9350164781509319
		outer loop
			vertex 46.302913665771484 0 1.3281840085983276
			vertex 46.64102554321289 3 1.456412672996521
			vertex 46.302913665771484 3 1.3281840085983276
		endloop
	endfacet
	facet normal -0.3546042661703718 0 0.9350164781509319
		outer loop
			vertex 46.302913665771484 0 1.3281840085983276
			vertex 46.64102554321289 0 1.456412672996521
			vertex 46.64102554321289 3 1.456412672996521
		endloop
	endfacet
	facet normal -0.5680688666640121 0 0.8229810220941095
		outer loop
			vertex 46.00531768798828 0 1.122766137123108
			vertex 46.302913665771484 0 1.3281840085983276
			vertex 46.00531768798828 3 1.122766137123108
		endloop
	endfacet
	facet normal -0.7485107174244263 0 0.6631226929466151
		outer loop
			vertex 45.765525817871094 0 0.8520970940589905
			vertex 46.00531768798828 3 1.122766137123108
			vertex 45.765525817871094 3 0.8520970940589905
		endloop
	endfacet
	facet normal -0.7485107174244263 0 0.6631226929466151
		outer loop
			vertex 45.765525817871094 0 0.8520970940589905
			vertex 46.00531768798828 0 1.122766137123108
			vertex 46.00531768798828 3 1.122766137123108
		endloop
	endfacet
	facet normal -0.9709409953119826 0 0.2393189997107978
		outer loop
			vertex 45.597476959228516 0 0.531907320022583
			vertex 45.597476959228516 3 0.531907320022583
			vertex 45.51093673706055 3 0.1808050274848938
		endloop
	endfacet
	facet normal -0.8854556824627032 0 0.4647238259380605
		outer loop
			vertex 45.597476959228516 0 0.531907320022583
			vertex 45.765525817871094 3 0.8520970940589905
			vertex 45.597476959228516 3 0.531907320022583
		endloop
	endfacet
	facet normal -0.8854556824627032 0 0.4647238259380605
		outer loop
			vertex 45.597476959228516 0 0.531907320022583
			vertex 45.765525817871094 0 0.8520970940589905
			vertex 45.765525817871094 3 0.8520970940589905
		endloop
	endfacet
	facet normal -1 0 0
		outer loop
			vertex 45.51093673706055 0 0.1808050274848938
			vertex 45.51093673706055 3 0.1808050274848938
			vertex 45.51093673706055 3 -0.1808050274848938
		endloop
	endfacet
	facet normal -0.9709409953119826 0 0.2393189997107978
		outer loop
			vertex 45.51093673706055 0 0.1808050274848938
			vertex 45.597476959228516 0 0.531907320022583
			vertex 45.51093673706055 3 0.1808050274848938
		endloop
	endfacet
	facet normal -1 0 0
		outer loop
			vertex 45.51093673706055 0 -0.1808050274848938
			vertex 45.51093673706055 0 0.1808050274848938
			vertex 45.51093673706055 3 -0.1808050274848938
		endloop
	endfacet
	facet normal -0.9709409953119826 0 -0.2393189997107978
		outer loop
			vertex 45.597476959228516 0 -0.531907320022583
			vertex 45.51093673706055 3 -0.1808050274848938
			vertex 45.597476959228516 3 -0.531907320022583
		endloop
	endfacet
	facet normal -0.9709409953119826 0 -0.2393189997107978
		outer loop
			vertex 45.597476959228516 0 -0.531907320022583
			vertex 45.51093673706055 0 -0.1808050274848938
			vertex 45.51093673706055 3 -0.1808050274848938
		endloop
	endfacet
	facet normal -0.7485107174244263 0 -0.6631226929466151
		outer loop
			vertex 45.765525817871094 0 -0.8520970940589905
			vertex 45.765525817871094 3 -0.8520970940589905
			vertex 46.00531768798828 3 -1.122766137123108
		endloop
	endfacet
	facet normal -0.8854556824627032 0 -0.4647238259380605
		outer loop
			vertex 45.765525817871094 0 -0.8520970940589905
			vertex 45.597476959228516 3 -0.531907320022583
			vertex 45.765525817871094 3 -0.8520970940589905
		endloop
	endfacet
	facet normal -0.8854556824627032 0 -0.4647238259380605
		outer loop
			vertex 45.765525817871094 0 -0.8520970940589905
			vertex 45.597476959228516 0 -0.531907320022583
			vertex 45.597476959228516 3 -0.531907320022583
		endloop
	endfacet
	facet normal -0.7485107174244263 0 -0.6631226929466151
		outer loop
			vertex 46.00531768798828 0 -1.122766137123108
			vertex 45.765525817871094 0 -0.8520970940589905
			vertex 46.00531768798828 3 -1.122766137123108
		endloop
	endfacet
	facet normal -0.5680688666640121 0 -0.8229810220941095
		outer loop
			vertex 46.302913665771484 0 -1.3281840085983276
			vertex 46.00531768798828 0 -1.122766137123108
			vertex 46.00531768798828 3 -1.122766137123108
		endloop
	endfacet
	facet normal -0.5680688666640121 0 -0.8229810220941095
		outer loop
			vertex 46.302913665771484 0 -1.3281840085983276
			vertex 46.00531768798828 3 -1.122766137123108
			vertex 46.302913665771484 3 -1.3281840085983276
		endloop
	endfacet
	facet normal -0.3546042661703718 0 -0.9350164781509319
		outer loop
			vertex 46.64102554321289 0 -1.456412672996521
			vertex 46.302913665771484 0 -1.3281840085983276
			vertex 46.302913665771484 3 -1.3281840085983276
		endloop
	endfacet
	facet normal -0.1205365072969605 0 -0.9927088950989861
		outer loop
			vertex 46.64102554321289 0 -1.456412672996521
			vertex 46.64102554321289 3 -1.456412672996521
			vertex 47 3 -1.5
		endloop
	endfacet
	facet normal -0.3546042661703718 0 -0.9350164781509319
		outer loop
			vertex 46.64102554321289 0 -1.456412672996521
			vertex 46.302913665771484 3 -1.3281840085983276
			vertex 46.64102554321289 3 -1.456412672996521
		endloop
	endfacet
	facet normal -0.1205365072969605 0 -0.9927088950989861
		outer loop
			vertex 47 0 -1.5
			vertex 46.64102554321289 0 -1.456412672996521
			vertex 47 3 -1.5
		endloop
	endfacet
	facet normal 0.1205365072969605 0 -0.9927088950989861
		outer loop
			vertex 47.35897445678711 0 -1.456412672996521
			vertex 47 0 -1.5
			vertex 47 3 -1.5
		endloop
	endfacet
	facet normal 0.3546042661703718 0 -0.9350164781509319
		outer loop
			vertex 47.35897445678711 0 -1.456412672996521
			vertex 47.35897445678711 3 -1.456412672996521
			vertex 47.697086334228516 3 -1.3281840085983276
		endloop
	endfacet
	facet normal 0.1205365072969605 0 -0.9927088950989861
		outer loop
			vertex 47.35897445678711 0 -1.456412672996521
			vertex 47 3 -1.5
			vertex 47.35897445678711 3 -1.456412672996521
		endloop
	endfacet
	facet normal 0.3546042661703718 0 -0.9350164781509319
		outer loop
			vertex 47.697086334228516 0 -1.3281840085983276
			vertex 47.35897445678711 0 -1.456412672996521
			vertex 47.697086334228516 3 -1.3281840085983276
		endloop
	endfacet
	facet normal 0.7485107174244263 0 -0.6631226929466151
		outer loop
			vertex 47.99468231201172 0 -1.122766137123108
			vertex 47.99468231201172 3 -1.122766137123108
			vertex 48.234474182128906 3 -0.8520970940589905
		endloop
	endfacet
	facet normal 0.5680688666640121 0 -0.8229810220941095
		outer loop
			vertex 47.99468231201172 0 -1.122766137123108
			vertex 47.697086334228516 3 -1.3281840085983276
			vertex 47.99468231201172 3 -1.122766137123108
		endloop
	endfacet
	facet normal 0.5680688666640121 0 -0.8229810220941095
		outer loop
			vertex 47.99468231201172 0 -1.122766137123108
			vertex 47.697086334228516 0 -1.3281840085983276
			vertex 47.697086334228516 3 -1.3281840085983276
		endloop
	endfacet
	facet normal 0.7485107174244263 0 -0.6631226929466151
		outer loop
			vertex 48.234474182128906 0 -0.8520970940589905
			vertex 47.99468231201172 0 -1.122766137123108
			vertex 48.234474182128906 3 -0.8520970940589905
		endloop
	endfacet
	facet normal 0.9709409953119826 0 -0.2393189997107978
		outer loop
			vertex 48.402523040771484 0 -0.531907320022583
			vertex 48.402523040771484 3 -0.531907320022583
			vertex 48.48906326293945 3 -0.1808050274848938
		endloop
	endfacet
	facet normal 0.8854556824627032 0 -0.4647238259380605
		outer loop
			vertex 48.402523040771484 0 -0.531907320022583
			vertex 48.234474182128906 3 -0.8520970940589905
			vertex 48.402523040771484 3 -0.531907320022583
		endloop
	endfacet
	facet normal 0.8854556824627032 0 -0.4647238259380605
		outer loop
			vertex 48.402523040771484 0 -0.531907320022583
			vertex 48.234474182128906 0 -0.8520970940589905
			vertex 48.234474182128906 3 -0.8520970940589905
		endloop
	endfacet
	facet normal 0.9709409953119826 0 -0.2393189997107978
		outer loop
			vertex 48.48906326293945 0 -0.1808050274848938
			vertex 48.402523040771484 0 -0.531907320022583
			vertex 48.48906326293945 3 -0.1808050274848938
		endloop
	endfacet
	facet normal 0.9709409953119826 0 0.2393189997107978
		outer loop
			vertex 48.48906326293945 0 0.1808050274848938
			vertex 48.48906326293945 3 0.1808050274848938
			vertex 48.402523040771484 3 0.531907320022583
		endloop
	endfacet
	facet normal 1 0 0
		outer loop
			vertex 48.48906326293945 0 0.1808050274848938
			vertex 48.48906326293945 3 -0.1808050274848938
			vertex 48.48906326293945 3 0.1808050274848938
		endloop
	endfacet
	facet normal 1 0 0
		outer loop
			vertex 48.48906326293945 0 0.1808050274848938
			vertex 48.48906326293945 0 -0.1808050274848938
			vertex 48.48906326293945 3 -0.1808050274848938
		endloop
	endfacet
	facet normal 0.9709409953119826 0 0.2393189997107978
		outer loop
			vertex 48.402523040771484 0 0.531907320022583
			vertex 48.48906326293945 0 0.1808050274848938
			vertex 48.402523040771484 3 0.531907320022583
		endloop
	endfacet
	facet normal 0.8854556824627032 0 0.4647238259380605
		outer loop
			vertex 48.234474182128906 0 0.8520970940589905
			vertex 48.402523040771484 3 0.531907320022583
			vertex 48.234474182128906 3 0.8520970940589905
		endloop
	endfacet
	facet normal 0.8854556824627032 0 0.4647238259380605
		outer loop
			vertex 48.234474182128906 0 0.8520970940589905
			vertex 48.402523040771484 0 0.531907320022583
			vertex 48.402523040771484 3 0.531907320022583
		endloop
	endfacet
	facet normal 0.7485107174244263 0 0.6631226929466151
		outer loop
			vertex 47.99468231201172 0 1.122766137123108
			vertex 48.234474182128906 3 0.8520970940589905
			vertex 47.99468231201172 3 1.122766137123108
		endloop
	endfacet
	facet normal 0.7485107174244263 0 0.6631226929466151
		outer loop
			vertex 47.99468231201172 0 1.122766137123108
			vertex 48.234474182128906 0 0.8520970940589905
			vertex 48.234474182128906 3 0.8520970940589905
		endloop
	endfacet
	facet normal 0.5680688666640121 0 0.8229810220941095
		outer loop
			vertex 47.697086334228516 0 1.3281840085983276
			vertex 47.99468231201172 3 1.122766137123108
			vertex 47.697086334228516 3 1.3281840085983276
		endloop
	endfacet
	facet normal 0.5680688666640121 0 0.8229810220941095
		outer loop
			vertex 47.697086334228516 0 1.3281840085983276
			vertex 47.99468231201172 0 1.122766137123108
			vertex 47.99468231201172 3 1.122766137123108
		endloop
	endfacet
	facet normal 0.3546042661703718 0 0.9350164781509319
		outer loop
			vertex 47.35897445678711 0 1.456412672996521
			vertex 47.697086334228516 3 1.3281840085983276
			vertex 47.35897445678711 3 1.456412672996521
		endloop
	endfacet
	facet normal 0.3546042661703718 0 0.9350164781509319
		outer loop
			vertex 47.35897445678711 0 1.456412672996521
			vertex 47.697086334228516 0 1.3281840085983276
			vertex 47.697086334228516 3 1.3281840085983276
		endloop
	endfacet
	facet normal 0.1205365072969605 0 0.9927088950989861
		outer loop
			vertex 47 0 1.5
			vertex 47.35897445678711 3 1.456412672996521
			vertex 47 3 1.5
		endloop
	endfacet
	facet normal 0.1205365072969605 0 0.9927088950989861
		outer loop
			vertex 47 0 1.5
			vertex 47.35897445678711 0 1.456412672996521
			vertex 47.35897445678711 3 1.456412672996521
		endloop
	endfacet
	facet normal 1 0 0
		outer loop
			vertex -32.5 3 -49.5
			vertex -32.5 0 -46.5
			vertex -32.5 0 -49.5
		endloop
	endfacet
	facet normal 1 0 0
		outer loop
			vertex -32.5 3 -49.5
			vertex -32.5 3 -46.5
			vertex -32.5 0 -46.5
		endloop
	endfacet
	facet normal 0 0 -1
		outer loop
			vertex -32.5 3 -24.5
			vertex -23 0 -24.5
			vertex -32.5 0 -24.5
		endloop
	endfacet
	facet normal 0 0 -1
		outer loop
			vertex -32.5 3 -24.5
			vertex -23 3 -24.5
			vertex -23 0 -24.5
		endloop
	endfacet
	facet normal 0 0 1
		outer loop
			vertex -32.5 3 24.5
			vertex -23 0 24.5
			vertex -23 3 24.5
		endloop
	endfacet
	facet normal 0 0 1
		outer loop
			vertex -32.5 3 24.5
			vertex -32.5 0 24.5
			vertex -23 0 24.5
		endloop
	endfacet
	facet normal -0.1205348829364362 0 0.9927090923304268
		outer loop
			vertex -63.35897445678711 0 -41.54358673095703
			vertex -63 3 -41.5
			vertex -63.35897445678711 3 -41.54358673095703
		endloop
	endfacet
	facet normal -0.1205348829364362 0 0.9927090923304268
		outer loop
			vertex -63.35897445678711 0 -41.54358673095703
			vertex -63 0 -41.5
			vertex -63 3 -41.5
		endloop
	endfacet
	facet normal -0.5680684201010048 0 0.8229813303374192
		outer loop
			vertex -63.697086334228516 0 -41.671817779541016
			vertex -63.697086334228516 3 -41.671817779541016
			vertex -63.99468231201172 3 -41.877235412597656
		endloop
	endfacet
	facet normal -0.3546100303292007 0 0.935014292077893
		outer loop
			vertex -63.697086334228516 0 -41.671817779541016
			vertex -63.35897445678711 3 -41.54358673095703
			vertex -63.697086334228516 3 -41.671817779541016
		endloop
	endfacet
	facet normal -0.3546100303292007 0 0.935014292077893
		outer loop
			vertex -63.697086334228516 0 -41.671817779541016
			vertex -63.35897445678711 0 -41.54358673095703
			vertex -63.35897445678711 3 -41.54358673095703
		endloop
	endfacet
	facet normal -0.5680684201010048 0 0.8229813303374192
		outer loop
			vertex -63.99468231201172 0 -41.877235412597656
			vertex -63.697086334228516 0 -41.671817779541016
			vertex -63.99468231201172 3 -41.877235412597656
		endloop
	endfacet
	facet normal -0.7485094852346303 0 0.6631240837986423
		outer loop
			vertex -64.2344741821289 0 -42.14790344238281
			vertex -63.99468231201172 3 -41.877235412597656
			vertex -64.2344741821289 3 -42.14790344238281
		endloop
	endfacet
	facet normal -0.7485094852346303 0 0.6631240837986423
		outer loop
			vertex -64.2344741821289 0 -42.14790344238281
			vertex -63.99468231201172 0 -41.877235412597656
			vertex -63.99468231201172 3 -41.877235412597656
		endloop
	endfacet
	facet normal -0.9709407781799645 0 0.2393198806352815
		outer loop
			vertex -64.40252685546875 0 -42.46809387207031
			vertex -64.40252685546875 3 -42.46809387207031
			vertex -64.48906707763672 3 -42.81919479370117
		endloop
	endfacet
	facet normal -0.8854517331234556 0 0.4647313506841011
		outer loop
			vertex -64.40252685546875 0 -42.46809387207031
			vertex -64.2344741821289 3 -42.14790344238281
			vertex -64.40252685546875 3 -42.46809387207031
		endloop
	endfacet
	facet normal -0.8854517331234556 0 0.4647313506841011
		outer loop
			vertex -64.40252685546875 0 -42.46809387207031
			vertex -64.2344741821289 0 -42.14790344238281
			vertex -64.2344741821289 3 -42.14790344238281
		endloop
	endfacet
	facet normal -1 0 0
		outer loop
			vertex -64.48906707763672 0 -42.81919479370117
			vertex -64.48906707763672 3 -42.81919479370117
			vertex -64.48906707763672 3 -43.18080520629883
		endloop
	endfacet
	facet normal -0.9709407781799645 0 0.2393198806352815
		outer loop
			vertex -64.48906707763672 0 -42.81919479370117
			vertex -64.40252685546875 0 -42.46809387207031
			vertex -64.48906707763672 3 -42.81919479370117
		endloop
	endfacet
	facet normal -1 0 0
		outer loop
			vertex -64.48906707763672 0 -43.18080520629883
			vertex -64.48906707763672 0 -42.81919479370117
			vertex -64.48906707763672 3 -43.18080520629883
		endloop
	endfacet
	facet normal -0.9709407781799645 0 -0.2393198806352815
		outer loop
			vertex -64.40252685546875 0 -43.53190612792969
			vertex -64.48906707763672 3 -43.18080520629883
			vertex -64.40252685546875 3 -43.53190612792969
		endloop
	endfacet
	facet normal -0.9709407781799645 0 -0.2393198806352815
		outer loop
			vertex -64.40252685546875 0 -43.53190612792969
			vertex -64.48906707763672 0 -43.18080520629883
			vertex -64.48906707763672 3 -43.18080520629883
		endloop
	endfacet
	facet normal -0.7485094852346303 0 -0.6631240837986423
		outer loop
			vertex -64.2344741821289 0 -43.85209655761719
			vertex -64.2344741821289 3 -43.85209655761719
			vertex -63.99468231201172 3 -44.122764587402344
		endloop
	endfacet
	facet normal -0.8854517331234556 0 -0.4647313506841011
		outer loop
			vertex -64.2344741821289 0 -43.85209655761719
			vertex -64.40252685546875 3 -43.53190612792969
			vertex -64.2344741821289 3 -43.85209655761719
		endloop
	endfacet
	facet normal -0.8854517331234556 0 -0.4647313506841011
		outer loop
			vertex -64.2344741821289 0 -43.85209655761719
			vertex -64.40252685546875 0 -43.53190612792969
			vertex -64.40252685546875 3 -43.53190612792969
		endloop
	endfacet
	facet normal -0.7485094852346303 0 -0.6631240837986423
		outer loop
			vertex -63.99468231201172 0 -44.122764587402344
			vertex -64.2344741821289 0 -43.85209655761719
			vertex -63.99468231201172 3 -44.122764587402344
		endloop
	endfacet
	facet normal -0.5680684201010048 0 -0.8229813303374192
		outer loop
			vertex -63.697086334228516 0 -44.328182220458984
			vertex -63.99468231201172 0 -44.122764587402344
			vertex -63.99468231201172 3 -44.122764587402344
		endloop
	endfacet
	facet normal -0.5680684201010048 0 -0.8229813303374192
		outer loop
			vertex -63.697086334228516 0 -44.328182220458984
			vertex -63.99468231201172 3 -44.122764587402344
			vertex -63.697086334228516 3 -44.328182220458984
		endloop
	endfacet
	facet normal -0.3546100303292007 0 -0.935014292077893
		outer loop
			vertex -63.35897445678711 0 -44.45641326904297
			vertex -63.697086334228516 0 -44.328182220458984
			vertex -63.697086334228516 3 -44.328182220458984
		endloop
	endfacet
	facet normal -0.1205348829364362 0 -0.9927090923304268
		outer loop
			vertex -63.35897445678711 0 -44.45641326904297
			vertex -63.35897445678711 3 -44.45641326904297
			vertex -63 3 -44.5
		endloop
	endfacet
	facet normal -0.3546100303292007 0 -0.935014292077893
		outer loop
			vertex -63.35897445678711 0 -44.45641326904297
			vertex -63.697086334228516 3 -44.328182220458984
			vertex -63.35897445678711 3 -44.45641326904297
		endloop
	endfacet
	facet normal -0.1205348829364362 0 -0.9927090923304268
		outer loop
			vertex -63 0 -44.5
			vertex -63.35897445678711 0 -44.45641326904297
			vertex -63 3 -44.5
		endloop
	endfacet
	facet normal 0.1205348829364362 0 -0.9927090923304268
		outer loop
			vertex -62.64102554321289 0 -44.45641326904297
			vertex -63 0 -44.5
			vertex -63 3 -44.5
		endloop
	endfacet
	facet normal 0.3546100303292007 0 -0.935014292077893
		outer loop
			vertex -62.64102554321289 0 -44.45641326904297
			vertex -62.64102554321289 3 -44.45641326904297
			vertex -62.302913665771484 3 -44.328182220458984
		endloop
	endfacet
	facet normal 0.1205348829364362 0 -0.9927090923304268
		outer loop
			vertex -62.64102554321289 0 -44.45641326904297
			vertex -63 3 -44.5
			vertex -62.64102554321289 3 -44.45641326904297
		endloop
	endfacet
	facet normal 0.3546100303292007 0 -0.935014292077893
		outer loop
			vertex -62.302913665771484 0 -44.328182220458984
			vertex -62.64102554321289 0 -44.45641326904297
			vertex -62.302913665771484 3 -44.328182220458984
		endloop
	endfacet
	facet normal 0.7485094852346303 0 -0.6631240837986423
		outer loop
			vertex -62.00531768798828 0 -44.122764587402344
			vertex -62.00531768798828 3 -44.122764587402344
			vertex -61.765525817871094 3 -43.85209655761719
		endloop
	endfacet
	facet normal 0.5680684201010048 0 -0.8229813303374192
		outer loop
			vertex -62.00531768798828 0 -44.122764587402344
			vertex -62.302913665771484 3 -44.328182220458984
			vertex -62.00531768798828 3 -44.122764587402344
		endloop
	endfacet
	facet normal 0.5680684201010048 0 -0.8229813303374192
		outer loop
			vertex -62.00531768798828 0 -44.122764587402344
			vertex -62.302913665771484 0 -44.328182220458984
			vertex -62.302913665771484 3 -44.328182220458984
		endloop
	endfacet
	facet normal 0.7485094852346303 0 -0.6631240837986423
		outer loop
			vertex -61.765525817871094 0 -43.85209655761719
			vertex -62.00531768798828 0 -44.122764587402344
			vertex -61.765525817871094 3 -43.85209655761719
		endloop
	endfacet
	facet normal 0.9709407781799645 0 -0.2393198806352815
		outer loop
			vertex -61.597476959228516 0 -43.53190612792969
			vertex -61.597476959228516 3 -43.53190612792969
			vertex -61.51093673706055 3 -43.18080520629883
		endloop
	endfacet
	facet normal 0.8854560740431457 0 -0.46472307984443745
		outer loop
			vertex -61.597476959228516 0 -43.53190612792969
			vertex -61.765525817871094 3 -43.85209655761719
			vertex -61.597476959228516 3 -43.53190612792969
		endloop
	endfacet
	facet normal 0.8854560740431457 0 -0.46472307984443745
		outer loop
			vertex -61.597476959228516 0 -43.53190612792969
			vertex -61.765525817871094 0 -43.85209655761719
			vertex -61.765525817871094 3 -43.85209655761719
		endloop
	endfacet
	facet normal 0.9709407781799645 0 -0.2393198806352815
		outer loop
			vertex -61.51093673706055 0 -43.18080520629883
			vertex -61.597476959228516 0 -43.53190612792969
			vertex -61.51093673706055 3 -43.18080520629883
		endloop
	endfacet
	facet normal 0.9709407781799645 0 0.2393198806352815
		outer loop
			vertex -61.51093673706055 0 -42.81919479370117
			vertex -61.51093673706055 3 -42.81919479370117
			vertex -61.597476959228516 3 -42.46809387207031
		endloop
	endfacet
	facet normal 1 0 0
		outer loop
			vertex -61.51093673706055 0 -42.81919479370117
			vertex -61.51093673706055 3 -43.18080520629883
			vertex -61.51093673706055 3 -42.81919479370117
		endloop
	endfacet
	facet normal 1 0 0
		outer loop
			vertex -61.51093673706055 0 -42.81919479370117
			vertex -61.51093673706055 0 -43.18080520629883
			vertex -61.51093673706055 3 -43.18080520629883
		endloop
	endfacet
	facet normal 0.9709407781799645 0 0.2393198806352815
		outer loop
			vertex -61.597476959228516 0 -42.46809387207031
			vertex -61.51093673706055 0 -42.81919479370117
			vertex -61.597476959228516 3 -42.46809387207031
		endloop
	endfacet
	facet normal 0.8854560740431457 0 0.46472307984443745
		outer loop
			vertex -61.765525817871094 0 -42.14790344238281
			vertex -61.597476959228516 3 -42.46809387207031
			vertex -61.765525817871094 3 -42.14790344238281
		endloop
	endfacet
	facet normal 0.8854560740431457 0 0.46472307984443745
		outer loop
			vertex -61.765525817871094 0 -42.14790344238281
			vertex -61.597476959228516 0 -42.46809387207031
			vertex -61.597476959228516 3 -42.46809387207031
		endloop
	endfacet
	facet normal 0.7485094852346303 0 0.6631240837986423
		outer loop
			vertex -62.00531768798828 0 -41.877235412597656
			vertex -61.765525817871094 3 -42.14790344238281
			vertex -62.00531768798828 3 -41.877235412597656
		endloop
	endfacet
	facet normal 0.7485094852346303 0 0.6631240837986423
		outer loop
			vertex -62.00531768798828 0 -41.877235412597656
			vertex -61.765525817871094 0 -42.14790344238281
			vertex -61.765525817871094 3 -42.14790344238281
		endloop
	endfacet
	facet normal 0.5680684201010048 0 0.8229813303374192
		outer loop
			vertex -62.302913665771484 0 -41.671817779541016
			vertex -62.00531768798828 3 -41.877235412597656
			vertex -62.302913665771484 3 -41.671817779541016
		endloop
	endfacet
	facet normal 0.5680684201010048 0 0.8229813303374192
		outer loop
			vertex -62.302913665771484 0 -41.671817779541016
			vertex -62.00531768798828 0 -41.877235412597656
			vertex -62.00531768798828 3 -41.877235412597656
		endloop
	endfacet
	facet normal 0.3546100303292007 0 0.935014292077893
		outer loop
			vertex -62.64102554321289 0 -41.54358673095703
			vertex -62.302913665771484 3 -41.671817779541016
			vertex -62.64102554321289 3 -41.54358673095703
		endloop
	endfacet
	facet normal 0.3546100303292007 0 0.935014292077893
		outer loop
			vertex -62.64102554321289 0 -41.54358673095703
			vertex -62.302913665771484 0 -41.671817779541016
			vertex -62.302913665771484 3 -41.671817779541016
		endloop
	endfacet
	facet normal 0.1205348829364362 0 0.9927090923304268
		outer loop
			vertex -63 0 -41.5
			vertex -62.64102554321289 3 -41.54358673095703
			vertex -63 3 -41.5
		endloop
	endfacet
	facet normal 0.1205348829364362 0 0.9927090923304268
		outer loop
			vertex -63 0 -41.5
			vertex -62.64102554321289 0 -41.54358673095703
			vertex -62.64102554321289 3 -41.54358673095703
		endloop
	endfacet
	facet normal -0.1205348829364362 0 0.9927090923304268
		outer loop
			vertex 62.64102554321289 0 -41.54358673095703
			vertex 63 3 -41.5
			vertex 62.64102554321289 3 -41.54358673095703
		endloop
	endfacet
	facet normal -0.1205348829364362 0 0.9927090923304268
		outer loop
			vertex 62.64102554321289 0 -41.54358673095703
			vertex 63 0 -41.5
			vertex 63 3 -41.5
		endloop
	endfacet
	facet normal -0.5680684201010048 0 0.8229813303374192
		outer loop
			vertex 62.302913665771484 0 -41.671817779541016
			vertex 62.302913665771484 3 -41.671817779541016
			vertex 62.00531768798828 3 -41.877235412597656
		endloop
	endfacet
	facet normal -0.3546100303292007 0 0.935014292077893
		outer loop
			vertex 62.302913665771484 0 -41.671817779541016
			vertex 62.64102554321289 3 -41.54358673095703
			vertex 62.302913665771484 3 -41.671817779541016
		endloop
	endfacet
	facet normal -0.3546100303292007 0 0.935014292077893
		outer loop
			vertex 62.302913665771484 0 -41.671817779541016
			vertex 62.64102554321289 0 -41.54358673095703
			vertex 62.64102554321289 3 -41.54358673095703
		endloop
	endfacet
	facet normal -0.5680684201010048 0 0.8229813303374192
		outer loop
			vertex 62.00531768798828 0 -41.877235412597656
			vertex 62.302913665771484 0 -41.671817779541016
			vertex 62.00531768798828 3 -41.877235412597656
		endloop
	endfacet
	facet normal -0.7485094852346303 0 0.6631240837986423
		outer loop
			vertex 61.765525817871094 0 -42.14790344238281
			vertex 62.00531768798828 3 -41.877235412597656
			vertex 61.765525817871094 3 -42.14790344238281
		endloop
	endfacet
	facet normal -0.7485094852346303 0 0.6631240837986423
		outer loop
			vertex 61.765525817871094 0 -42.14790344238281
			vertex 62.00531768798828 0 -41.877235412597656
			vertex 62.00531768798828 3 -41.877235412597656
		endloop
	endfacet
	facet normal -0.9709407781799645 0 0.2393198806352815
		outer loop
			vertex 61.597476959228516 0 -42.46809387207031
			vertex 61.597476959228516 3 -42.46809387207031
			vertex 61.51093673706055 3 -42.81919479370117
		endloop
	endfacet
	facet normal -0.8854560740431457 0 0.46472307984443745
		outer loop
			vertex 61.597476959228516 0 -42.46809387207031
			vertex 61.765525817871094 3 -42.14790344238281
			vertex 61.597476959228516 3 -42.46809387207031
		endloop
	endfacet
	facet normal -0.8854560740431457 0 0.46472307984443745
		outer loop
			vertex 61.597476959228516 0 -42.46809387207031
			vertex 61.765525817871094 0 -42.14790344238281
			vertex 61.765525817871094 3 -42.14790344238281
		endloop
	endfacet
	facet normal -1 0 0
		outer loop
			vertex 61.51093673706055 0 -42.81919479370117
			vertex 61.51093673706055 3 -42.81919479370117
			vertex 61.51093673706055 3 -43.18080520629883
		endloop
	endfacet
	facet normal -0.9709407781799645 0 0.2393198806352815
		outer loop
			vertex 61.51093673706055 0 -42.81919479370117
			vertex 61.597476959228516 0 -42.46809387207031
			vertex 61.51093673706055 3 -42.81919479370117
		endloop
	endfacet
	facet normal -1 0 0
		outer loop
			vertex 61.51093673706055 0 -43.18080520629883
			vertex 61.51093673706055 0 -42.81919479370117
			vertex 61.51093673706055 3 -43.18080520629883
		endloop
	endfacet
	facet normal -0.9709407781799645 0 -0.2393198806352815
		outer loop
			vertex 61.597476959228516 0 -43.53190612792969
			vertex 61.51093673706055 3 -43.18080520629883
			vertex 61.597476959228516 3 -43.53190612792969
		endloop
	endfacet
	facet normal -0.9709407781799645 0 -0.2393198806352815
		outer loop
			vertex 61.597476959228516 0 -43.53190612792969
			vertex 61.51093673706055 0 -43.18080520629883
			vertex 61.51093673706055 3 -43.18080520629883
		endloop
	endfacet
	facet normal -0.7485094852346303 0 -0.6631240837986423
		outer loop
			vertex 61.765525817871094 0 -43.85209655761719
			vertex 61.765525817871094 3 -43.85209655761719
			vertex 62.00531768798828 3 -44.122764587402344
		endloop
	endfacet
	facet normal -0.8854560740431457 0 -0.46472307984443745
		outer loop
			vertex 61.765525817871094 0 -43.85209655761719
			vertex 61.597476959228516 3 -43.53190612792969
			vertex 61.765525817871094 3 -43.85209655761719
		endloop
	endfacet
	facet normal -0.8854560740431457 0 -0.46472307984443745
		outer loop
			vertex 61.765525817871094 0 -43.85209655761719
			vertex 61.597476959228516 0 -43.53190612792969
			vertex 61.597476959228516 3 -43.53190612792969
		endloop
	endfacet
	facet normal -0.7485094852346303 0 -0.6631240837986423
		outer loop
			vertex 62.00531768798828 0 -44.122764587402344
			vertex 61.765525817871094 0 -43.85209655761719
			vertex 62.00531768798828 3 -44.122764587402344
		endloop
	endfacet
	facet normal -0.5680684201010048 0 -0.8229813303374192
		outer loop
			vertex 62.302913665771484 0 -44.328182220458984
			vertex 62.00531768798828 0 -44.122764587402344
			vertex 62.00531768798828 3 -44.122764587402344
		endloop
	endfacet
	facet normal -0.5680684201010048 0 -0.8229813303374192
		outer loop
			vertex 62.302913665771484 0 -44.328182220458984
			vertex 62.00531768798828 3 -44.122764587402344
			vertex 62.302913665771484 3 -44.328182220458984
		endloop
	endfacet
	facet normal -0.3546100303292007 0 -0.935014292077893
		outer loop
			vertex 62.64102554321289 0 -44.45641326904297
			vertex 62.302913665771484 0 -44.328182220458984
			vertex 62.302913665771484 3 -44.328182220458984
		endloop
	endfacet
	facet normal -0.1205348829364362 0 -0.9927090923304268
		outer loop
			vertex 62.64102554321289 0 -44.45641326904297
			vertex 62.64102554321289 3 -44.45641326904297
			vertex 63 3 -44.5
		endloop
	endfacet
	facet normal -0.3546100303292007 0 -0.935014292077893
		outer loop
			vertex 62.64102554321289 0 -44.45641326904297
			vertex 62.302913665771484 3 -44.328182220458984
			vertex 62.64102554321289 3 -44.45641326904297
		endloop
	endfacet
	facet normal -0.1205348829364362 0 -0.9927090923304268
		outer loop
			vertex 63 0 -44.5
			vertex 62.64102554321289 0 -44.45641326904297
			vertex 63 3 -44.5
		endloop
	endfacet
	facet normal 0.1205348829364362 0 -0.9927090923304268
		outer loop
			vertex 63.35897445678711 0 -44.45641326904297
			vertex 63 0 -44.5
			vertex 63 3 -44.5
		endloop
	endfacet
	facet normal 0.3546100303292007 0 -0.935014292077893
		outer loop
			vertex 63.35897445678711 0 -44.45641326904297
			vertex 63.35897445678711 3 -44.45641326904297
			vertex 63.697086334228516 3 -44.328182220458984
		endloop
	endfacet
	facet normal 0.1205348829364362 0 -0.9927090923304268
		outer loop
			vertex 63.35897445678711 0 -44.45641326904297
			vertex 63 3 -44.5
			vertex 63.35897445678711 3 -44.45641326904297
		endloop
	endfacet
	facet normal 0.3546100303292007 0 -0.935014292077893
		outer loop
			vertex 63.697086334228516 0 -44.328182220458984
			vertex 63.35897445678711 0 -44.45641326904297
			vertex 63.697086334228516 3 -44.328182220458984
		endloop
	endfacet
	facet normal 0.7485094852346303 0 -0.6631240837986423
		outer loop
			vertex 63.99468231201172 0 -44.122764587402344
			vertex 63.99468231201172 3 -44.122764587402344
			vertex 64.2344741821289 3 -43.85209655761719
		endloop
	endfacet
	facet normal 0.5680684201010048 0 -0.8229813303374192
		outer loop
			vertex 63.99468231201172 0 -44.122764587402344
			vertex 63.697086334228516 3 -44.328182220458984
			vertex 63.99468231201172 3 -44.122764587402344
		endloop
	endfacet
	facet normal 0.5680684201010048 0 -0.8229813303374192
		outer loop
			vertex 63.99468231201172 0 -44.122764587402344
			vertex 63.697086334228516 0 -44.328182220458984
			vertex 63.697086334228516 3 -44.328182220458984
		endloop
	endfacet
	facet normal 0.7485094852346303 0 -0.6631240837986423
		outer loop
			vertex 64.2344741821289 0 -43.85209655761719
			vertex 63.99468231201172 0 -44.122764587402344
			vertex 64.2344741821289 3 -43.85209655761719
		endloop
	endfacet
	facet normal 0.9709407781799645 0 -0.2393198806352815
		outer loop
			vertex 64.40252685546875 0 -43.53190612792969
			vertex 64.40252685546875 3 -43.53190612792969
			vertex 64.48906707763672 3 -43.18080520629883
		endloop
	endfacet
	facet normal 0.8854517331234556 0 -0.4647313506841011
		outer loop
			vertex 64.40252685546875 0 -43.53190612792969
			vertex 64.2344741821289 3 -43.85209655761719
			vertex 64.40252685546875 3 -43.53190612792969
		endloop
	endfacet
	facet normal 0.8854517331234556 0 -0.4647313506841011
		outer loop
			vertex 64.40252685546875 0 -43.53190612792969
			vertex 64.2344741821289 0 -43.85209655761719
			vertex 64.2344741821289 3 -43.85209655761719
		endloop
	endfacet
	facet normal 0.9709407781799645 0 -0.2393198806352815
		outer loop
			vertex 64.48906707763672 0 -43.18080520629883
			vertex 64.40252685546875 0 -43.53190612792969
			vertex 64.48906707763672 3 -43.18080520629883
		endloop
	endfacet
	facet normal 0.9709407781799645 0 0.2393198806352815
		outer loop
			vertex 64.48906707763672 0 -42.81919479370117
			vertex 64.48906707763672 3 -42.81919479370117
			vertex 64.40252685546875 3 -42.46809387207031
		endloop
	endfacet
	facet normal 1 0 0
		outer loop
			vertex 64.48906707763672 0 -42.81919479370117
			vertex 64.48906707763672 3 -43.18080520629883
			vertex 64.48906707763672 3 -42.81919479370117
		endloop
	endfacet
	facet normal 1 0 0
		outer loop
			vertex 64.48906707763672 0 -42.81919479370117
			vertex 64.48906707763672 0 -43.18080520629883
			vertex 64.48906707763672 3 -43.18080520629883
		endloop
	endfacet
	facet normal 0.9709407781799645 0 0.2393198806352815
		outer loop
			vertex 64.40252685546875 0 -42.46809387207031
			vertex 64.48906707763672 0 -42.81919479370117
			vertex 64.40252685546875 3 -42.46809387207031
		endloop
	endfacet
	facet normal 0.8854517331234556 0 0.4647313506841011
		outer loop
			vertex 64.2344741821289 0 -42.14790344238281
			vertex 64.40252685546875 3 -42.46809387207031
			vertex 64.2344741821289 3 -42.14790344238281
		endloop
	endfacet
	facet normal 0.8854517331234556 0 0.4647313506841011
		outer loop
			vertex 64.2344741821289 0 -42.14790344238281
			vertex 64.40252685546875 0 -42.46809387207031
			vertex 64.40252685546875 3 -42.46809387207031
		endloop
	endfacet
	facet normal 0.7485094852346303 0 0.6631240837986423
		outer loop
			vertex 63.99468231201172 0 -41.877235412597656
			vertex 64.2344741821289 3 -42.14790344238281
			vertex 63.99468231201172 3 -41.877235412597656
		endloop
	endfacet
	facet normal 0.7485094852346303 0 0.6631240837986423
		outer loop
			vertex 63.99468231201172 0 -41.877235412597656
			vertex 64.2344741821289 0 -42.14790344238281
			vertex 64.2344741821289 3 -42.14790344238281
		endloop
	endfacet
	facet normal 0.5680684201010048 0 0.8229813303374192
		outer loop
			vertex 63.697086334228516 0 -41.671817779541016
			vertex 63.99468231201172 3 -41.877235412597656
			vertex 63.697086334228516 3 -41.671817779541016
		endloop
	endfacet
	facet normal 0.5680684201010048 0 0.8229813303374192
		outer loop
			vertex 63.697086334228516 0 -41.671817779541016
			vertex 63.99468231201172 0 -41.877235412597656
			vertex 63.99468231201172 3 -41.877235412597656
		endloop
	endfacet
	facet normal 0.3546100303292007 0 0.935014292077893
		outer loop
			vertex 63.35897445678711 0 -41.54358673095703
			vertex 63.697086334228516 3 -41.671817779541016
			vertex 63.35897445678711 3 -41.54358673095703
		endloop
	endfacet
	facet normal 0.3546100303292007 0 0.935014292077893
		outer loop
			vertex 63.35897445678711 0 -41.54358673095703
			vertex 63.697086334228516 0 -41.671817779541016
			vertex 63.697086334228516 3 -41.671817779541016
		endloop
	endfacet
	facet normal 0.1205348829364362 0 0.9927090923304268
		outer loop
			vertex 63 0 -41.5
			vertex 63.35897445678711 3 -41.54358673095703
			vertex 63 3 -41.5
		endloop
	endfacet
	facet normal 0.1205348829364362 0 0.9927090923304268
		outer loop
			vertex 63 0 -41.5
			vertex 63.35897445678711 0 -41.54358673095703
			vertex 63.35897445678711 3 -41.54358673095703
		endloop
	endfacet
	facet normal -0.1205348829364362 0 0.9927090923304268
		outer loop
			vertex 62.64102554321289 0 44.45641326904297
			vertex 63 3 44.5
			vertex 62.64102554321289 3 44.45641326904297
		endloop
	endfacet
	facet normal -0.1205348829364362 0 0.9927090923304268
		outer loop
			vertex 62.64102554321289 0 44.45641326904297
			vertex 63 0 44.5
			vertex 63 3 44.5
		endloop
	endfacet
	facet normal -0.5680684201010048 0 0.8229813303374192
		outer loop
			vertex 62.302913665771484 0 44.328182220458984
			vertex 62.302913665771484 3 44.328182220458984
			vertex 62.00531768798828 3 44.122764587402344
		endloop
	endfacet
	facet normal -0.3546100303292007 0 0.935014292077893
		outer loop
			vertex 62.302913665771484 0 44.328182220458984
			vertex 62.64102554321289 3 44.45641326904297
			vertex 62.302913665771484 3 44.328182220458984
		endloop
	endfacet
	facet normal -0.3546100303292007 0 0.935014292077893
		outer loop
			vertex 62.302913665771484 0 44.328182220458984
			vertex 62.64102554321289 0 44.45641326904297
			vertex 62.64102554321289 3 44.45641326904297
		endloop
	endfacet
	facet normal -0.5680684201010048 0 0.8229813303374192
		outer loop
			vertex 62.00531768798828 0 44.122764587402344
			vertex 62.302913665771484 0 44.328182220458984
			vertex 62.00531768798828 3 44.122764587402344
		endloop
	endfacet
	facet normal -0.7485094852346303 0 0.6631240837986423
		outer loop
			vertex 61.765525817871094 0 43.85209655761719
			vertex 62.00531768798828 3 44.122764587402344
			vertex 61.765525817871094 3 43.85209655761719
		endloop
	endfacet
	facet normal -0.7485094852346303 0 0.6631240837986423
		outer loop
			vertex 61.765525817871094 0 43.85209655761719
			vertex 62.00531768798828 0 44.122764587402344
			vertex 62.00531768798828 3 44.122764587402344
		endloop
	endfacet
	facet normal -0.9709407781799645 0 0.2393198806352815
		outer loop
			vertex 61.597476959228516 0 43.53190612792969
			vertex 61.597476959228516 3 43.53190612792969
			vertex 61.51093673706055 3 43.18080520629883
		endloop
	endfacet
	facet normal -0.8854560740431457 0 0.46472307984443745
		outer loop
			vertex 61.597476959228516 0 43.53190612792969
			vertex 61.765525817871094 3 43.85209655761719
			vertex 61.597476959228516 3 43.53190612792969
		endloop
	endfacet
	facet normal -0.8854560740431457 0 0.46472307984443745
		outer loop
			vertex 61.597476959228516 0 43.53190612792969
			vertex 61.765525817871094 0 43.85209655761719
			vertex 61.765525817871094 3 43.85209655761719
		endloop
	endfacet
	facet normal -1 0 0
		outer loop
			vertex 61.51093673706055 0 43.18080520629883
			vertex 61.51093673706055 3 43.18080520629883
			vertex 61.51093673706055 3 42.81919479370117
		endloop
	endfacet
	facet normal -0.9709407781799645 0 0.2393198806352815
		outer loop
			vertex 61.51093673706055 0 43.18080520629883
			vertex 61.597476959228516 0 43.53190612792969
			vertex 61.51093673706055 3 43.18080520629883
		endloop
	endfacet
	facet normal -1 0 0
		outer loop
			vertex 61.51093673706055 0 42.81919479370117
			vertex 61.51093673706055 0 43.18080520629883
			vertex 61.51093673706055 3 42.81919479370117
		endloop
	endfacet
	facet normal -0.9709407781799645 0 -0.2393198806352815
		outer loop
			vertex 61.597476959228516 0 42.46809387207031
			vertex 61.51093673706055 3 42.81919479370117
			vertex 61.597476959228516 3 42.46809387207031
		endloop
	endfacet
	facet normal -0.9709407781799645 0 -0.2393198806352815
		outer loop
			vertex 61.597476959228516 0 42.46809387207031
			vertex 61.51093673706055 0 42.81919479370117
			vertex 61.51093673706055 3 42.81919479370117
		endloop
	endfacet
	facet normal -0.7485094852346303 0 -0.6631240837986423
		outer loop
			vertex 61.765525817871094 0 42.14790344238281
			vertex 61.765525817871094 3 42.14790344238281
			vertex 62.00531768798828 3 41.877235412597656
		endloop
	endfacet
	facet normal -0.8854560740431457 0 -0.46472307984443745
		outer loop
			vertex 61.765525817871094 0 42.14790344238281
			vertex 61.597476959228516 3 42.46809387207031
			vertex 61.765525817871094 3 42.14790344238281
		endloop
	endfacet
	facet normal -0.8854560740431457 0 -0.46472307984443745
		outer loop
			vertex 61.765525817871094 0 42.14790344238281
			vertex 61.597476959228516 0 42.46809387207031
			vertex 61.597476959228516 3 42.46809387207031
		endloop
	endfacet
	facet normal -0.7485094852346303 0 -0.6631240837986423
		outer loop
			vertex 62.00531768798828 0 41.877235412597656
			vertex 61.765525817871094 0 42.14790344238281
			vertex 62.00531768798828 3 41.877235412597656
		endloop
	endfacet
	facet normal -0.5680684201010048 0 -0.8229813303374192
		outer loop
			vertex 62.302913665771484 0 41.671817779541016
			vertex 62.00531768798828 0 41.877235412597656
			vertex 62.00531768798828 3 41.877235412597656
		endloop
	endfacet
	facet normal -0.5680684201010048 0 -0.8229813303374192
		outer loop
			vertex 62.302913665771484 0 41.671817779541016
			vertex 62.00531768798828 3 41.877235412597656
			vertex 62.302913665771484 3 41.671817779541016
		endloop
	endfacet
	facet normal -0.3546100303292007 0 -0.935014292077893
		outer loop
			vertex 62.64102554321289 0 41.54358673095703
			vertex 62.302913665771484 0 41.671817779541016
			vertex 62.302913665771484 3 41.671817779541016
		endloop
	endfacet
	facet normal -0.1205348829364362 0 -0.9927090923304268
		outer loop
			vertex 62.64102554321289 0 41.54358673095703
			vertex 62.64102554321289 3 41.54358673095703
			vertex 63 3 41.5
		endloop
	endfacet
	facet normal -0.3546100303292007 0 -0.935014292077893
		outer loop
			vertex 62.64102554321289 0 41.54358673095703
			vertex 62.302913665771484 3 41.671817779541016
			vertex 62.64102554321289 3 41.54358673095703
		endloop
	endfacet
	facet normal -0.1205348829364362 0 -0.9927090923304268
		outer loop
			vertex 63 0 41.5
			vertex 62.64102554321289 0 41.54358673095703
			vertex 63 3 41.5
		endloop
	endfacet
	facet normal 0.1205348829364362 0 -0.9927090923304268
		outer loop
			vertex 63.35897445678711 0 41.54358673095703
			vertex 63 0 41.5
			vertex 63 3 41.5
		endloop
	endfacet
	facet normal 0.3546100303292007 0 -0.935014292077893
		outer loop
			vertex 63.35897445678711 0 41.54358673095703
			vertex 63.35897445678711 3 41.54358673095703
			vertex 63.697086334228516 3 41.671817779541016
		endloop
	endfacet
	facet normal 0.1205348829364362 0 -0.9927090923304268
		outer loop
			vertex 63.35897445678711 0 41.54358673095703
			vertex 63 3 41.5
			vertex 63.35897445678711 3 41.54358673095703
		endloop
	endfacet
	facet normal 0.3546100303292007 0 -0.935014292077893
		outer loop
			vertex 63.697086334228516 0 41.671817779541016
			vertex 63.35897445678711 0 41.54358673095703
			vertex 63.697086334228516 3 41.671817779541016
		endloop
	endfacet
	facet normal 0.7485094852346303 0 -0.6631240837986423
		outer loop
			vertex 63.99468231201172 0 41.877235412597656
			vertex 63.99468231201172 3 41.877235412597656
			vertex 64.2344741821289 3 42.14790344238281
		endloop
	endfacet
	facet normal 0.5680684201010048 0 -0.8229813303374192
		outer loop
			vertex 63.99468231201172 0 41.877235412597656
			vertex 63.697086334228516 3 41.671817779541016
			vertex 63.99468231201172 3 41.877235412597656
		endloop
	endfacet
	facet normal 0.5680684201010048 0 -0.8229813303374192
		outer loop
			vertex 63.99468231201172 0 41.877235412597656
			vertex 63.697086334228516 0 41.671817779541016
			vertex 63.697086334228516 3 41.671817779541016
		endloop
	endfacet
	facet normal 0.7485094852346303 0 -0.6631240837986423
		outer loop
			vertex 64.2344741821289 0 42.14790344238281
			vertex 63.99468231201172 0 41.877235412597656
			vertex 64.2344741821289 3 42.14790344238281
		endloop
	endfacet
	facet normal 0.9709407781799645 0 -0.2393198806352815
		outer loop
			vertex 64.40252685546875 0 42.46809387207031
			vertex 64.40252685546875 3 42.46809387207031
			vertex 64.48906707763672 3 42.81919479370117
		endloop
	endfacet
	facet normal 0.8854517331234556 0 -0.4647313506841011
		outer loop
			vertex 64.40252685546875 0 42.46809387207031
			vertex 64.2344741821289 3 42.14790344238281
			vertex 64.40252685546875 3 42.46809387207031
		endloop
	endfacet
	facet normal 0.8854517331234556 0 -0.4647313506841011
		outer loop
			vertex 64.40252685546875 0 42.46809387207031
			vertex 64.2344741821289 0 42.14790344238281
			vertex 64.2344741821289 3 42.14790344238281
		endloop
	endfacet
	facet normal 0.9709407781799645 0 -0.2393198806352815
		outer loop
			vertex 64.48906707763672 0 42.81919479370117
			vertex 64.40252685546875 0 42.46809387207031
			vertex 64.48906707763672 3 42.81919479370117
		endloop
	endfacet
	facet normal 0.9709407781799645 0 0.2393198806352815
		outer loop
			vertex 64.48906707763672 0 43.18080520629883
			vertex 64.48906707763672 3 43.18080520629883
			vertex 64.40252685546875 3 43.53190612792969
		endloop
	endfacet
	facet normal 1 0 0
		outer loop
			vertex 64.48906707763672 0 43.18080520629883
			vertex 64.48906707763672 3 42.81919479370117
			vertex 64.48906707763672 3 43.18080520629883
		endloop
	endfacet
	facet normal 1 0 0
		outer loop
			vertex 64.48906707763672 0 43.18080520629883
			vertex 64.48906707763672 0 42.81919479370117
			vertex 64.48906707763672 3 42.81919479370117
		endloop
	endfacet
	facet normal 0.9709407781799645 0 0.2393198806352815
		outer loop
			vertex 64.40252685546875 0 43.53190612792969
			vertex 64.48906707763672 0 43.18080520629883
			vertex 64.40252685546875 3 43.53190612792969
		endloop
	endfacet
	facet normal 0.8854517331234556 0 0.4647313506841011
		outer loop
			vertex 64.2344741821289 0 43.85209655761719
			vertex 64.40252685546875 3 43.53190612792969
			vertex 64.2344741821289 3 43.85209655761719
		endloop
	endfacet
	facet normal 0.8854517331234556 0 0.4647313506841011
		outer loop
			vertex 64.2344741821289 0 43.85209655761719
			vertex 64.40252685546875 0 43.53190612792969
			vertex 64.40252685546875 3 43.53190612792969
		endloop
	endfacet
	facet normal 0.7485094852346303 0 0.6631240837986423
		outer loop
			vertex 63.99468231201172 0 44.122764587402344
			vertex 64.2344741821289 3 43.85209655761719
			vertex 63.99468231201172 3 44.122764587402344
		endloop
	endfacet
	facet normal 0.7485094852346303 0 0.6631240837986423
		outer loop
			vertex 63.99468231201172 0 44.122764587402344
			vertex 64.2344741821289 0 43.85209655761719
			vertex 64.2344741821289 3 43.85209655761719
		endloop
	endfacet
	facet normal 0.5680684201010048 0 0.8229813303374192
		outer loop
			vertex 63.697086334228516 0 44.328182220458984
			vertex 63.99468231201172 3 44.122764587402344
			vertex 63.697086334228516 3 44.328182220458984
		endloop
	endfacet
	facet normal 0.5680684201010048 0 0.8229813303374192
		outer loop
			vertex 63.697086334228516 0 44.328182220458984
			vertex 63.99468231201172 0 44.122764587402344
			vertex 63.99468231201172 3 44.122764587402344
		endloop
	endfacet
	facet normal 0.3546100303292007 0 0.935014292077893
		outer loop
			vertex 63.35897445678711 0 44.45641326904297
			vertex 63.697086334228516 3 44.328182220458984
			vertex 63.35897445678711 3 44.45641326904297
		endloop
	endfacet
	facet normal 0.3546100303292007 0 0.935014292077893
		outer loop
			vertex 63.35897445678711 0 44.45641326904297
			vertex 63.697086334228516 0 44.328182220458984
			vertex 63.697086334228516 3 44.328182220458984
		endloop
	endfacet
	facet normal 0.1205348829364362 0 0.9927090923304268
		outer loop
			vertex 63 0 44.5
			vertex 63.35897445678711 3 44.45641326904297
			vertex 63 3 44.5
		endloop
	endfacet
	facet normal 0.1205348829364362 0 0.9927090923304268
		outer loop
			vertex 63 0 44.5
			vertex 63.35897445678711 0 44.45641326904297
			vertex 63.35897445678711 3 44.45641326904297
		endloop
	endfacet
	facet normal -0.1205348829364362 0 0.9927090923304268
		outer loop
			vertex -63.35897445678711 0 44.45641326904297
			vertex -63 3 44.5
			vertex -63.35897445678711 3 44.45641326904297
		endloop
	endfacet
	facet normal -0.1205348829364362 0 0.9927090923304268
		outer loop
			vertex -63.35897445678711 0 44.45641326904297
			vertex -63 0 44.5
			vertex -63 3 44.5
		endloop
	endfacet
	facet normal -0.5680684201010048 0 0.8229813303374192
		outer loop
			vertex -63.697086334228516 0 44.328182220458984
			vertex -63.697086334228516 3 44.328182220458984
			vertex -63.99468231201172 3 44.122764587402344
		endloop
	endfacet
	facet normal -0.3546100303292007 0 0.935014292077893
		outer loop
			vertex -63.697086334228516 0 44.328182220458984
			vertex -63.35897445678711 3 44.45641326904297
			vertex -63.697086334228516 3 44.328182220458984
		endloop
	endfacet
	facet normal -0.3546100303292007 0 0.935014292077893
		outer loop
			vertex -63.697086334228516 0 44.328182220458984
			vertex -63.35897445678711 0 44.45641326904297
			vertex -63.35897445678711 3 44.45641326904297
		endloop
	endfacet
	facet normal -0.5680684201010048 0 0.8229813303374192
		outer loop
			vertex -63.99468231201172 0 44.122764587402344
			vertex -63.697086334228516 0 44.328182220458984
			vertex -63.99468231201172 3 44.122764587402344
		endloop
	endfacet
	facet normal -0.7485094852346303 0 0.6631240837986423
		outer loop
			vertex -64.2344741821289 0 43.85209655761719
			vertex -63.99468231201172 3 44.122764587402344
			vertex -64.2344741821289 3 43.85209655761719
		endloop
	endfacet
	facet normal -0.7485094852346303 0 0.6631240837986423
		outer loop
			vertex -64.2344741821289 0 43.85209655761719
			vertex -63.99468231201172 0 44.122764587402344
			vertex -63.99468231201172 3 44.122764587402344
		endloop
	endfacet
	facet normal -0.9709407781799645 0 0.2393198806352815
		outer loop
			vertex -64.40252685546875 0 43.53190612792969
			vertex -64.40252685546875 3 43.53190612792969
			vertex -64.48906707763672 3 43.18080520629883
		endloop
	endfacet
	facet normal -0.8854517331234556 0 0.4647313506841011
		outer loop
			vertex -64.40252685546875 0 43.53190612792969
			vertex -64.2344741821289 3 43.85209655761719
			vertex -64.40252685546875 3 43.53190612792969
		endloop
	endfacet
	facet normal -0.8854517331234556 0 0.4647313506841011
		outer loop
			vertex -64.40252685546875 0 43.53190612792969
			vertex -64.2344741821289 0 43.85209655761719
			vertex -64.2344741821289 3 43.85209655761719
		endloop
	endfacet
	facet normal -1 0 0
		outer loop
			vertex -64.48906707763672 0 43.18080520629883
			vertex -64.48906707763672 3 43.18080520629883
			vertex -64.48906707763672 3 42.81919479370117
		endloop
	endfacet
	facet normal -0.9709407781799645 0 0.2393198806352815
		outer loop
			vertex -64.48906707763672 0 43.18080520629883
			vertex -64.40252685546875 0 43.53190612792969
			vertex -64.48906707763672 3 43.18080520629883
		endloop
	endfacet
	facet normal -1 0 0
		outer loop
			vertex -64.48906707763672 0 42.81919479370117
			vertex -64.48906707763672 0 43.18080520629883
			vertex -64.48906707763672 3 42.81919479370117
		endloop
	endfacet
	facet normal -0.9709407781799645 0 -0.2393198806352815
		outer loop
			vertex -64.40252685546875 0 42.46809387207031
			vertex -64.48906707763672 3 42.81919479370117
			vertex -64.40252685546875 3 42.46809387207031
		endloop
	endfacet
	facet normal -0.9709407781799645 0 -0.2393198806352815
		outer loop
			vertex -64.40252685546875 0 42.46809387207031
			vertex -64.48906707763672 0 42.81919479370117
			vertex -64.48906707763672 3 42.81919479370117
		endloop
	endfacet
	facet normal -0.7485094852346303 0 -0.6631240837986423
		outer loop
			vertex -64.2344741821289 0 42.14790344238281
			vertex -64.2344741821289 3 42.14790344238281
			vertex -63.99468231201172 3 41.877235412597656
		endloop
	endfacet
	facet normal -0.8854517331234556 0 -0.4647313506841011
		outer loop
			vertex -64.2344741821289 0 42.14790344238281
			vertex -64.40252685546875 3 42.46809387207031
			vertex -64.2344741821289 3 42.14790344238281
		endloop
	endfacet
	facet normal -0.8854517331234556 0 -0.4647313506841011
		outer loop
			vertex -64.2344741821289 0 42.14790344238281
			vertex -64.40252685546875 0 42.46809387207031
			vertex -64.40252685546875 3 42.46809387207031
		endloop
	endfacet
	facet normal -0.7485094852346303 0 -0.6631240837986423
		outer loop
			vertex -63.99468231201172 0 41.877235412597656
			vertex -64.2344741821289 0 42.14790344238281
			vertex -63.99468231201172 3 41.877235412597656
		endloop
	endfacet
	facet normal -0.5680684201010048 0 -0.8229813303374192
		outer loop
			vertex -63.697086334228516 0 41.671817779541016
			vertex -63.99468231201172 0 41.877235412597656
			vertex -63.99468231201172 3 41.877235412597656
		endloop
	endfacet
	facet normal -0.5680684201010048 0 -0.8229813303374192
		outer loop
			vertex -63.697086334228516 0 41.671817779541016
			vertex -63.99468231201172 3 41.877235412597656
			vertex -63.697086334228516 3 41.671817779541016
		endloop
	endfacet
	facet normal -0.3546100303292007 0 -0.935014292077893
		outer loop
			vertex -63.35897445678711 0 41.54358673095703
			vertex -63.697086334228516 0 41.671817779541016
			vertex -63.697086334228516 3 41.671817779541016
		endloop
	endfacet
	facet normal -0.1205348829364362 0 -0.9927090923304268
		outer loop
			vertex -63.35897445678711 0 41.54358673095703
			vertex -63.35897445678711 3 41.54358673095703
			vertex -63 3 41.5
		endloop
	endfacet
	facet normal -0.3546100303292007 0 -0.935014292077893
		outer loop
			vertex -63.35897445678711 0 41.54358673095703
			vertex -63.697086334228516 3 41.671817779541016
			vertex -63.35897445678711 3 41.54358673095703
		endloop
	endfacet
	facet normal -0.1205348829364362 0 -0.9927090923304268
		outer loop
			vertex -63 0 41.5
			vertex -63.35897445678711 0 41.54358673095703
			vertex -63 3 41.5
		endloop
	endfacet
	facet normal 0.1205348829364362 0 -0.9927090923304268
		outer loop
			vertex -62.64102554321289 0 41.54358673095703
			vertex -63 0 41.5
			vertex -63 3 41.5
		endloop
	endfacet
	facet normal 0.3546100303292007 0 -0.935014292077893
		outer loop
			vertex -62.64102554321289 0 41.54358673095703
			vertex -62.64102554321289 3 41.54358673095703
			vertex -62.302913665771484 3 41.671817779541016
		endloop
	endfacet
	facet normal 0.1205348829364362 0 -0.9927090923304268
		outer loop
			vertex -62.64102554321289 0 41.54358673095703
			vertex -63 3 41.5
			vertex -62.64102554321289 3 41.54358673095703
		endloop
	endfacet
	facet normal 0.3546100303292007 0 -0.935014292077893
		outer loop
			vertex -62.302913665771484 0 41.671817779541016
			vertex -62.64102554321289 0 41.54358673095703
			vertex -62.302913665771484 3 41.671817779541016
		endloop
	endfacet
	facet normal 0.7485094852346303 0 -0.6631240837986423
		outer loop
			vertex -62.00531768798828 0 41.877235412597656
			vertex -62.00531768798828 3 41.877235412597656
			vertex -61.765525817871094 3 42.14790344238281
		endloop
	endfacet
	facet normal 0.5680684201010048 0 -0.8229813303374192
		outer loop
			vertex -62.00531768798828 0 41.877235412597656
			vertex -62.302913665771484 3 41.671817779541016
			vertex -62.00531768798828 3 41.877235412597656
		endloop
	endfacet
	facet normal 0.5680684201010048 0 -0.8229813303374192
		outer loop
			vertex -62.00531768798828 0 41.877235412597656
			vertex -62.302913665771484 0 41.671817779541016
			vertex -62.302913665771484 3 41.671817779541016
		endloop
	endfacet
	facet normal 0.7485094852346303 0 -0.6631240837986423
		outer loop
			vertex -61.765525817871094 0 42.14790344238281
			vertex -62.00531768798828 0 41.877235412597656
			vertex -61.765525817871094 3 42.14790344238281
		endloop
	endfacet
	facet normal 0.9709407781799645 0 -0.2393198806352815
		outer loop
			vertex -61.597476959228516 0 42.46809387207031
			vertex -61.597476959228516 3 42.46809387207031
			vertex -61.51093673706055 3 42.81919479370117
		endloop
	endfacet
	facet normal 0.8854560740431457 0 -0.46472307984443745
		outer loop
			vertex -61.597476959228516 0 42.46809387207031
			vertex -61.765525817871094 3 42.14790344238281
			vertex -61.597476959228516 3 42.46809387207031
		endloop
	endfacet
	facet normal 0.8854560740431457 0 -0.46472307984443745
		outer loop
			vertex -61.597476959228516 0 42.46809387207031
			vertex -61.765525817871094 0 42.14790344238281
			vertex -61.765525817871094 3 42.14790344238281
		endloop
	endfacet
	facet normal 0.9709407781799645 0 -0.2393198806352815
		outer loop
			vertex -61.51093673706055 0 42.81919479370117
			vertex -61.597476959228516 0 42.46809387207031
			vertex -61.51093673706055 3 42.81919479370117
		endloop
	endfacet
	facet normal 0.9709407781799645 0 0.2393198806352815
		outer loop
			vertex -61.51093673706055 0 43.18080520629883
			vertex -61.51093673706055 3 43.18080520629883
			vertex -61.597476959228516 3 43.53190612792969
		endloop
	endfacet
	facet normal 1 0 0
		outer loop
			vertex -61.51093673706055 0 43.18080520629883
			vertex -61.51093673706055 3 42.81919479370117
			vertex -61.51093673706055 3 43.18080520629883
		endloop
	endfacet
	facet normal 1 0 0
		outer loop
			vertex -61.51093673706055 0 43.18080520629883
			vertex -61.51093673706055 0 42.81919479370117
			vertex -61.51093673706055 3 42.81919479370117
		endloop
	endfacet
	facet normal 0.9709407781799645 0 0.2393198806352815
		outer loop
			vertex -61.597476959228516 0 43.53190612792969
			vertex -61.51093673706055 0 43.18080520629883
			vertex -61.597476959228516 3 43.53190612792969
		endloop
	endfacet
	facet normal 0.8854560740431457 0 0.46472307984443745
		outer loop
			vertex -61.765525817871094 0 43.85209655761719
			vertex -61.597476959228516 3 43.53190612792969
			vertex -61.765525817871094 3 43.85209655761719
		endloop
	endfacet
	facet normal 0.8854560740431457 0 0.46472307984443745
		outer loop
			vertex -61.765525817871094 0 43.85209655761719
			vertex -61.597476959228516 0 43.53190612792969
			vertex -61.597476959228516 3 43.53190612792969
		endloop
	endfacet
	facet normal 0.7485094852346303 0 0.6631240837986423
		outer loop
			vertex -62.00531768798828 0 44.122764587402344
			vertex -61.765525817871094 3 43.85209655761719
			vertex -62.00531768798828 3 44.122764587402344
		endloop
	endfacet
	facet normal 0.7485094852346303 0 0.6631240837986423
		outer loop
			vertex -62.00531768798828 0 44.122764587402344
			vertex -61.765525817871094 0 43.85209655761719
			vertex -61.765525817871094 3 43.85209655761719
		endloop
	endfacet
	facet normal 0.5680684201010048 0 0.8229813303374192
		outer loop
			vertex -62.302913665771484 0 44.328182220458984
			vertex -62.00531768798828 3 44.122764587402344
			vertex -62.302913665771484 3 44.328182220458984
		endloop
	endfacet
	facet normal 0.5680684201010048 0 0.8229813303374192
		outer loop
			vertex -62.302913665771484 0 44.328182220458984
			vertex -62.00531768798828 0 44.122764587402344
			vertex -62.00531768798828 3 44.122764587402344
		endloop
	endfacet
	facet normal 0.3546100303292007 0 0.935014292077893
		outer loop
			vertex -62.64102554321289 0 44.45641326904297
			vertex -62.302913665771484 3 44.328182220458984
			vertex -62.64102554321289 3 44.45641326904297
		endloop
	endfacet
	facet normal 0.3546100303292007 0 0.935014292077893
		outer loop
			vertex -62.64102554321289 0 44.45641326904297
			vertex -62.302913665771484 0 44.328182220458984
			vertex -62.302913665771484 3 44.328182220458984
		endloop
	endfacet
	facet normal 0.1205348829364362 0 0.9927090923304268
		outer loop
			vertex -63 0 44.5
			vertex -62.64102554321289 3 44.45641326904297
			vertex -63 3 44.5
		endloop
	endfacet
	facet normal 0.1205348829364362 0 0.9927090923304268
		outer loop
			vertex -63 0 44.5
			vertex -62.64102554321289 0 44.45641326904297
			vertex -62.64102554321289 3 44.45641326904297
		endloop
	endfacet
	facet normal -0.12053519850549761 0 0.9927090540139345
		outer loop
			vertex 7.141026496887207 0 44.45641326904297
			vertex 7.5 3 44.5
			vertex 7.141026496887207 3 44.45641326904297
		endloop
	endfacet
	facet normal -0.12053519850549761 0 0.9927090540139345
		outer loop
			vertex 7.141026496887207 0 44.45641326904297
			vertex 7.5 0 44.5
			vertex 7.5 3 44.5
		endloop
	endfacet
	facet normal -0.5680641047197191 0 0.822984309041785
		outer loop
			vertex 6.802915096282959 0 44.328182220458984
			vertex 6.802915096282959 3 44.328182220458984
			vertex 6.505315780639648 3 44.122764587402344
		endloop
	endfacet
	facet normal -0.35461046754684 0 0.9350141262602462
		outer loop
			vertex 6.802915096282959 0 44.328182220458984
			vertex 7.141026496887207 3 44.45641326904297
			vertex 6.802915096282959 3 44.328182220458984
		endloop
	endfacet
	facet normal -0.35461046754684 0 0.9350141262602462
		outer loop
			vertex 6.802915096282959 0 44.328182220458984
			vertex 7.141026496887207 0 44.45641326904297
			vertex 7.141026496887207 3 44.45641326904297
		endloop
	endfacet
	facet normal -0.5680641047197191 0 0.822984309041785
		outer loop
			vertex 6.505315780639648 0 44.122764587402344
			vertex 6.802915096282959 0 44.328182220458984
			vertex 6.505315780639648 3 44.122764587402344
		endloop
	endfacet
	facet normal -0.7485101397542733 0 0.6631233450007913
		outer loop
			vertex 6.265524387359619 0 43.85209655761719
			vertex 6.505315780639648 3 44.122764587402344
			vertex 6.265524387359619 3 43.85209655761719
		endloop
	endfacet
	facet normal -0.7485101397542733 0 0.6631233450007913
		outer loop
			vertex 6.265524387359619 0 43.85209655761719
			vertex 6.505315780639648 0 44.122764587402344
			vertex 6.505315780639648 3 44.122764587402344
		endloop
	endfacet
	facet normal -0.9709416974025015 0 0.2393161512417195
		outer loop
			vertex 6.097475528717041 0 43.53190612792969
			vertex 6.097475528717041 3 43.53190612792969
			vertex 6.010936737060547 3 43.18080520629883
		endloop
	endfacet
	facet normal -0.8854560740431457 0 0.46472307984443745
		outer loop
			vertex 6.097475528717041 0 43.53190612792969
			vertex 6.265524387359619 3 43.85209655761719
			vertex 6.097475528717041 3 43.53190612792969
		endloop
	endfacet
	facet normal -0.8854560740431457 0 0.46472307984443745
		outer loop
			vertex 6.097475528717041 0 43.53190612792969
			vertex 6.265524387359619 0 43.85209655761719
			vertex 6.265524387359619 3 43.85209655761719
		endloop
	endfacet
	facet normal -1 0 0
		outer loop
			vertex 6.010936737060547 0 43.18080520629883
			vertex 6.010936737060547 3 43.18080520629883
			vertex 6.010936737060547 3 42.81919479370117
		endloop
	endfacet
	facet normal -0.9709416974025015 0 0.2393161512417195
		outer loop
			vertex 6.010936737060547 0 43.18080520629883
			vertex 6.097475528717041 0 43.53190612792969
			vertex 6.010936737060547 3 43.18080520629883
		endloop
	endfacet
	facet normal -1 0 0
		outer loop
			vertex 6.010936737060547 0 42.81919479370117
			vertex 6.010936737060547 0 43.18080520629883
			vertex 6.010936737060547 3 42.81919479370117
		endloop
	endfacet
	facet normal -0.9709416974025015 0 -0.2393161512417195
		outer loop
			vertex 6.097475528717041 0 42.46809387207031
			vertex 6.010936737060547 3 42.81919479370117
			vertex 6.097475528717041 3 42.46809387207031
		endloop
	endfacet
	facet normal -0.9709416974025015 0 -0.2393161512417195
		outer loop
			vertex 6.097475528717041 0 42.46809387207031
			vertex 6.010936737060547 0 42.81919479370117
			vertex 6.010936737060547 3 42.81919479370117
		endloop
	endfacet
	facet normal -0.7485101397542733 0 -0.6631233450007913
		outer loop
			vertex 6.265524387359619 0 42.14790344238281
			vertex 6.265524387359619 3 42.14790344238281
			vertex 6.505315780639648 3 41.877235412597656
		endloop
	endfacet
	facet normal -0.8854560740431457 0 -0.46472307984443745
		outer loop
			vertex 6.265524387359619 0 42.14790344238281
			vertex 6.097475528717041 3 42.46809387207031
			vertex 6.265524387359619 3 42.14790344238281
		endloop
	endfacet
	facet normal -0.8854560740431457 0 -0.46472307984443745
		outer loop
			vertex 6.265524387359619 0 42.14790344238281
			vertex 6.097475528717041 0 42.46809387207031
			vertex 6.097475528717041 3 42.46809387207031
		endloop
	endfacet
	facet normal -0.7485101397542733 0 -0.6631233450007913
		outer loop
			vertex 6.505315780639648 0 41.877235412597656
			vertex 6.265524387359619 0 42.14790344238281
			vertex 6.505315780639648 3 41.877235412597656
		endloop
	endfacet
	facet normal -0.5680641047197191 0 -0.822984309041785
		outer loop
			vertex 6.802915096282959 0 41.671817779541016
			vertex 6.505315780639648 0 41.877235412597656
			vertex 6.505315780639648 3 41.877235412597656
		endloop
	endfacet
	facet normal -0.5680641047197191 0 -0.822984309041785
		outer loop
			vertex 6.802915096282959 0 41.671817779541016
			vertex 6.505315780639648 3 41.877235412597656
			vertex 6.802915096282959 3 41.671817779541016
		endloop
	endfacet
	facet normal -0.35461046754684 0 -0.9350141262602462
		outer loop
			vertex 7.141026496887207 0 41.54358673095703
			vertex 6.802915096282959 0 41.671817779541016
			vertex 6.802915096282959 3 41.671817779541016
		endloop
	endfacet
	facet normal -0.12053519850549761 0 -0.9927090540139345
		outer loop
			vertex 7.141026496887207 0 41.54358673095703
			vertex 7.141026496887207 3 41.54358673095703
			vertex 7.5 3 41.5
		endloop
	endfacet
	facet normal -0.35461046754684 0 -0.9350141262602462
		outer loop
			vertex 7.141026496887207 0 41.54358673095703
			vertex 6.802915096282959 3 41.671817779541016
			vertex 7.141026496887207 3 41.54358673095703
		endloop
	endfacet
	facet normal -0.12053519850549761 0 -0.9927090540139345
		outer loop
			vertex 7.5 0 41.5
			vertex 7.141026496887207 0 41.54358673095703
			vertex 7.5 3 41.5
		endloop
	endfacet
	facet normal 0.12053519850549761 0 -0.9927090540139345
		outer loop
			vertex 7.858973503112793 0 41.54358673095703
			vertex 7.5 0 41.5
			vertex 7.5 3 41.5
		endloop
	endfacet
	facet normal 0.35461090476547996 0 -0.935013960441986
		outer loop
			vertex 7.858973503112793 0 41.54358673095703
			vertex 7.858973503112793 3 41.54358673095703
			vertex 8.197084426879883 3 41.671817779541016
		endloop
	endfacet
	facet normal 0.12053519850549761 0 -0.9927090540139345
		outer loop
			vertex 7.858973503112793 0 41.54358673095703
			vertex 7.5 3 41.5
			vertex 7.858973503112793 3 41.54358673095703
		endloop
	endfacet
	facet normal 0.35461090476547996 0 -0.935013960441986
		outer loop
			vertex 8.197084426879883 0 41.671817779541016
			vertex 7.858973503112793 0 41.54358673095703
			vertex 8.197084426879883 3 41.671817779541016
		endloop
	endfacet
	facet normal 0.7485094852346303 0 -0.6631240837986423
		outer loop
			vertex 8.494684219360352 0 41.877235412597656
			vertex 8.494684219360352 3 41.877235412597656
			vertex 8.734476089477539 3 42.14790344238281
		endloop
	endfacet
	facet normal 0.5680634882407555 0 -0.8229847345654385
		outer loop
			vertex 8.494684219360352 0 41.877235412597656
			vertex 8.197084426879883 3 41.671817779541016
			vertex 8.494684219360352 3 41.877235412597656
		endloop
	endfacet
	facet normal 0.5680634882407555 0 -0.8229847345654385
		outer loop
			vertex 8.494684219360352 0 41.877235412597656
			vertex 8.197084426879883 0 41.671817779541016
			vertex 8.197084426879883 3 41.671817779541016
		endloop
	endfacet
	facet normal 0.7485094852346303 0 -0.6631240837986423
		outer loop
			vertex 8.734476089477539 0 42.14790344238281
			vertex 8.494684219360352 0 41.877235412597656
			vertex 8.734476089477539 3 42.14790344238281
		endloop
	endfacet
	facet normal 0.9709413909963873 0 -0.23931739437408375
		outer loop
			vertex 8.9025239944458 0 42.46809387207031
			vertex 8.9025239944458 3 42.46809387207031
			vertex 8.989063262939453 3 42.81919479370117
		endloop
	endfacet
	facet normal 0.8854571592676472 0 -0.46472101211551475
		outer loop
			vertex 8.9025239944458 0 42.46809387207031
			vertex 8.734476089477539 3 42.14790344238281
			vertex 8.9025239944458 3 42.46809387207031
		endloop
	endfacet
	facet normal 0.8854571592676472 0 -0.46472101211551475
		outer loop
			vertex 8.9025239944458 0 42.46809387207031
			vertex 8.734476089477539 0 42.14790344238281
			vertex 8.734476089477539 3 42.14790344238281
		endloop
	endfacet
	facet normal 0.9709413909963873 0 -0.23931739437408375
		outer loop
			vertex 8.989063262939453 0 42.81919479370117
			vertex 8.9025239944458 0 42.46809387207031
			vertex 8.989063262939453 3 42.81919479370117
		endloop
	endfacet
	facet normal 0.9709413909963873 0 0.23931739437408375
		outer loop
			vertex 8.989063262939453 0 43.18080520629883
			vertex 8.989063262939453 3 43.18080520629883
			vertex 8.9025239944458 3 43.53190612792969
		endloop
	endfacet
	facet normal 1 0 0
		outer loop
			vertex 8.989063262939453 0 43.18080520629883
			vertex 8.989063262939453 3 42.81919479370117
			vertex 8.989063262939453 3 43.18080520629883
		endloop
	endfacet
	facet normal 1 0 0
		outer loop
			vertex 8.989063262939453 0 43.18080520629883
			vertex 8.989063262939453 0 42.81919479370117
			vertex 8.989063262939453 3 42.81919479370117
		endloop
	endfacet
	facet normal 0.9709413909963873 0 0.23931739437408375
		outer loop
			vertex 8.9025239944458 0 43.53190612792969
			vertex 8.989063262939453 0 43.18080520629883
			vertex 8.9025239944458 3 43.53190612792969
		endloop
	endfacet
	facet normal 0.8854571592676472 0 0.46472101211551475
		outer loop
			vertex 8.734476089477539 0 43.85209655761719
			vertex 8.9025239944458 3 43.53190612792969
			vertex 8.734476089477539 3 43.85209655761719
		endloop
	endfacet
	facet normal 0.8854571592676472 0 0.46472101211551475
		outer loop
			vertex 8.734476089477539 0 43.85209655761719
			vertex 8.9025239944458 0 43.53190612792969
			vertex 8.9025239944458 3 43.53190612792969
		endloop
	endfacet
	facet normal 0.7485094852346303 0 0.6631240837986423
		outer loop
			vertex 8.494684219360352 0 44.122764587402344
			vertex 8.734476089477539 3 43.85209655761719
			vertex 8.494684219360352 3 44.122764587402344
		endloop
	endfacet
	facet normal 0.7485094852346303 0 0.6631240837986423
		outer loop
			vertex 8.494684219360352 0 44.122764587402344
			vertex 8.734476089477539 0 43.85209655761719
			vertex 8.734476089477539 3 43.85209655761719
		endloop
	endfacet
	facet normal 0.5680634882407555 0 0.8229847345654385
		outer loop
			vertex 8.197084426879883 0 44.328182220458984
			vertex 8.494684219360352 3 44.122764587402344
			vertex 8.197084426879883 3 44.328182220458984
		endloop
	endfacet
	facet normal 0.5680634882407555 0 0.8229847345654385
		outer loop
			vertex 8.197084426879883 0 44.328182220458984
			vertex 8.494684219360352 0 44.122764587402344
			vertex 8.494684219360352 3 44.122764587402344
		endloop
	endfacet
	facet normal 0.35461090476547996 0 0.935013960441986
		outer loop
			vertex 7.858973503112793 0 44.45641326904297
			vertex 8.197084426879883 3 44.328182220458984
			vertex 7.858973503112793 3 44.45641326904297
		endloop
	endfacet
	facet normal 0.35461090476547996 0 0.935013960441986
		outer loop
			vertex 7.858973503112793 0 44.45641326904297
			vertex 8.197084426879883 0 44.328182220458984
			vertex 8.197084426879883 3 44.328182220458984
		endloop
	endfacet
	facet normal 0.12053519850549761 0 0.9927090540139345
		outer loop
			vertex 7.5 0 44.5
			vertex 7.858973503112793 3 44.45641326904297
			vertex 7.5 3 44.5
		endloop
	endfacet
	facet normal 0.12053519850549761 0 0.9927090540139345
		outer loop
			vertex 7.5 0 44.5
			vertex 7.858973503112793 0 44.45641326904297
			vertex 7.858973503112793 3 44.45641326904297
		endloop
	endfacet
	facet normal -0.12053519850549761 0 0.9927090540139345
		outer loop
			vertex 7.141026496887207 0 -41.54358673095703
			vertex 7.5 3 -41.5
			vertex 7.141026496887207 3 -41.54358673095703
		endloop
	endfacet
	facet normal -0.12053519850549761 0 0.9927090540139345
		outer loop
			vertex 7.141026496887207 0 -41.54358673095703
			vertex 7.5 0 -41.5
			vertex 7.5 3 -41.5
		endloop
	endfacet
	facet normal -0.5680641047197191 0 0.822984309041785
		outer loop
			vertex 6.802915096282959 0 -41.671817779541016
			vertex 6.802915096282959 3 -41.671817779541016
			vertex 6.505315780639648 3 -41.877235412597656
		endloop
	endfacet
	facet normal -0.35461046754684 0 0.9350141262602462
		outer loop
			vertex 6.802915096282959 0 -41.671817779541016
			vertex 7.141026496887207 3 -41.54358673095703
			vertex 6.802915096282959 3 -41.671817779541016
		endloop
	endfacet
	facet normal -0.35461046754684 0 0.9350141262602462
		outer loop
			vertex 6.802915096282959 0 -41.671817779541016
			vertex 7.141026496887207 0 -41.54358673095703
			vertex 7.141026496887207 3 -41.54358673095703
		endloop
	endfacet
	facet normal -0.5680641047197191 0 0.822984309041785
		outer loop
			vertex 6.505315780639648 0 -41.877235412597656
			vertex 6.802915096282959 0 -41.671817779541016
			vertex 6.505315780639648 3 -41.877235412597656
		endloop
	endfacet
	facet normal -0.7485101397542733 0 0.6631233450007913
		outer loop
			vertex 6.265524387359619 0 -42.14790344238281
			vertex 6.505315780639648 3 -41.877235412597656
			vertex 6.265524387359619 3 -42.14790344238281
		endloop
	endfacet
	facet normal -0.7485101397542733 0 0.6631233450007913
		outer loop
			vertex 6.265524387359619 0 -42.14790344238281
			vertex 6.505315780639648 0 -41.877235412597656
			vertex 6.505315780639648 3 -41.877235412597656
		endloop
	endfacet
	facet normal -0.9709416974025015 0 0.2393161512417195
		outer loop
			vertex 6.097475528717041 0 -42.46809387207031
			vertex 6.097475528717041 3 -42.46809387207031
			vertex 6.010936737060547 3 -42.81919479370117
		endloop
	endfacet
	facet normal -0.8854560740431457 0 0.46472307984443745
		outer loop
			vertex 6.097475528717041 0 -42.46809387207031
			vertex 6.265524387359619 3 -42.14790344238281
			vertex 6.097475528717041 3 -42.46809387207031
		endloop
	endfacet
	facet normal -0.8854560740431457 0 0.46472307984443745
		outer loop
			vertex 6.097475528717041 0 -42.46809387207031
			vertex 6.265524387359619 0 -42.14790344238281
			vertex 6.265524387359619 3 -42.14790344238281
		endloop
	endfacet
	facet normal -1 0 0
		outer loop
			vertex 6.010936737060547 0 -42.81919479370117
			vertex 6.010936737060547 3 -42.81919479370117
			vertex 6.010936737060547 3 -43.18080520629883
		endloop
	endfacet
	facet normal -0.9709416974025015 0 0.2393161512417195
		outer loop
			vertex 6.010936737060547 0 -42.81919479370117
			vertex 6.097475528717041 0 -42.46809387207031
			vertex 6.010936737060547 3 -42.81919479370117
		endloop
	endfacet
	facet normal -1 0 0
		outer loop
			vertex 6.010936737060547 0 -43.18080520629883
			vertex 6.010936737060547 0 -42.81919479370117
			vertex 6.010936737060547 3 -43.18080520629883
		endloop
	endfacet
	facet normal -0.9709416974025015 0 -0.2393161512417195
		outer loop
			vertex 6.097475528717041 0 -43.53190612792969
			vertex 6.010936737060547 3 -43.18080520629883
			vertex 6.097475528717041 3 -43.53190612792969
		endloop
	endfacet
	facet normal -0.9709416974025015 0 -0.2393161512417195
		outer loop
			vertex 6.097475528717041 0 -43.53190612792969
			vertex 6.010936737060547 0 -43.18080520629883
			vertex 6.010936737060547 3 -43.18080520629883
		endloop
	endfacet
	facet normal -0.7485101397542733 0 -0.6631233450007913
		outer loop
			vertex 6.265524387359619 0 -43.85209655761719
			vertex 6.265524387359619 3 -43.85209655761719
			vertex 6.505315780639648 3 -44.122764587402344
		endloop
	endfacet
	facet normal -0.8854560740431457 0 -0.46472307984443745
		outer loop
			vertex 6.265524387359619 0 -43.85209655761719
			vertex 6.097475528717041 3 -43.53190612792969
			vertex 6.265524387359619 3 -43.85209655761719
		endloop
	endfacet
	facet normal -0.8854560740431457 0 -0.46472307984443745
		outer loop
			vertex 6.265524387359619 0 -43.85209655761719
			vertex 6.097475528717041 0 -43.53190612792969
			vertex 6.097475528717041 3 -43.53190612792969
		endloop
	endfacet
	facet normal -0.7485101397542733 0 -0.6631233450007913
		outer loop
			vertex 6.505315780639648 0 -44.122764587402344
			vertex 6.265524387359619 0 -43.85209655761719
			vertex 6.505315780639648 3 -44.122764587402344
		endloop
	endfacet
	facet normal -0.5680641047197191 0 -0.822984309041785
		outer loop
			vertex 6.802915096282959 0 -44.328182220458984
			vertex 6.505315780639648 0 -44.122764587402344
			vertex 6.505315780639648 3 -44.122764587402344
		endloop
	endfacet
	facet normal -0.5680641047197191 0 -0.822984309041785
		outer loop
			vertex 6.802915096282959 0 -44.328182220458984
			vertex 6.505315780639648 3 -44.122764587402344
			vertex 6.802915096282959 3 -44.328182220458984
		endloop
	endfacet
	facet normal -0.35461046754684 0 -0.9350141262602462
		outer loop
			vertex 7.141026496887207 0 -44.45641326904297
			vertex 6.802915096282959 0 -44.328182220458984
			vertex 6.802915096282959 3 -44.328182220458984
		endloop
	endfacet
	facet normal -0.12053519850549761 0 -0.9927090540139345
		outer loop
			vertex 7.141026496887207 0 -44.45641326904297
			vertex 7.141026496887207 3 -44.45641326904297
			vertex 7.5 3 -44.5
		endloop
	endfacet
	facet normal -0.35461046754684 0 -0.9350141262602462
		outer loop
			vertex 7.141026496887207 0 -44.45641326904297
			vertex 6.802915096282959 3 -44.328182220458984
			vertex 7.141026496887207 3 -44.45641326904297
		endloop
	endfacet
	facet normal -0.12053519850549761 0 -0.9927090540139345
		outer loop
			vertex 7.5 0 -44.5
			vertex 7.141026496887207 0 -44.45641326904297
			vertex 7.5 3 -44.5
		endloop
	endfacet
	facet normal 0.12053519850549761 0 -0.9927090540139345
		outer loop
			vertex 7.858973503112793 0 -44.45641326904297
			vertex 7.5 0 -44.5
			vertex 7.5 3 -44.5
		endloop
	endfacet
	facet normal 0.35461090476547996 0 -0.935013960441986
		outer loop
			vertex 7.858973503112793 0 -44.45641326904297
			vertex 7.858973503112793 3 -44.45641326904297
			vertex 8.197084426879883 3 -44.328182220458984
		endloop
	endfacet
	facet normal 0.12053519850549761 0 -0.9927090540139345
		outer loop
			vertex 7.858973503112793 0 -44.45641326904297
			vertex 7.5 3 -44.5
			vertex 7.858973503112793 3 -44.45641326904297
		endloop
	endfacet
	facet normal 0.35461090476547996 0 -0.935013960441986
		outer loop
			vertex 8.197084426879883 0 -44.328182220458984
			vertex 7.858973503112793 0 -44.45641326904297
			vertex 8.197084426879883 3 -44.328182220458984
		endloop
	endfacet
	facet normal 0.7485094852346303 0 -0.6631240837986423
		outer loop
			vertex 8.494684219360352 0 -44.122764587402344
			vertex 8.494684219360352 3 -44.122764587402344
			vertex 8.734476089477539 3 -43.85209655761719
		endloop
	endfacet
	facet normal 0.5680634882407555 0 -0.8229847345654385
		outer loop
			vertex 8.494684219360352 0 -44.122764587402344
			vertex 8.197084426879883 3 -44.328182220458984
			vertex 8.494684219360352 3 -44.122764587402344
		endloop
	endfacet
	facet normal 0.5680634882407555 0 -0.8229847345654385
		outer loop
			vertex 8.494684219360352 0 -44.122764587402344
			vertex 8.197084426879883 0 -44.328182220458984
			vertex 8.197084426879883 3 -44.328182220458984
		endloop
	endfacet
	facet normal 0.7485094852346303 0 -0.6631240837986423
		outer loop
			vertex 8.734476089477539 0 -43.85209655761719
			vertex 8.494684219360352 0 -44.122764587402344
			vertex 8.734476089477539 3 -43.85209655761719
		endloop
	endfacet
	facet normal 0.9709413909963873 0 -0.23931739437408375
		outer loop
			vertex 8.9025239944458 0 -43.53190612792969
			vertex 8.9025239944458 3 -43.53190612792969
			vertex 8.989063262939453 3 -43.18080520629883
		endloop
	endfacet
	facet normal 0.8854571592676472 0 -0.46472101211551475
		outer loop
			vertex 8.9025239944458 0 -43.53190612792969
			vertex 8.734476089477539 3 -43.85209655761719
			vertex 8.9025239944458 3 -43.53190612792969
		endloop
	endfacet
	facet normal 0.8854571592676472 0 -0.46472101211551475
		outer loop
			vertex 8.9025239944458 0 -43.53190612792969
			vertex 8.734476089477539 0 -43.85209655761719
			vertex 8.734476089477539 3 -43.85209655761719
		endloop
	endfacet
	facet normal 0.9709413909963873 0 -0.23931739437408375
		outer loop
			vertex 8.989063262939453 0 -43.18080520629883
			vertex 8.9025239944458 0 -43.53190612792969
			vertex 8.989063262939453 3 -43.18080520629883
		endloop
	endfacet
	facet normal 0.9709413909963873 0 0.23931739437408375
		outer loop
			vertex 8.989063262939453 0 -42.81919479370117
			vertex 8.989063262939453 3 -42.81919479370117
			vertex 8.9025239944458 3 -42.46809387207031
		endloop
	endfacet
	facet normal 1 0 0
		outer loop
			vertex 8.989063262939453 0 -42.81919479370117
			vertex 8.989063262939453 3 -43.18080520629883
			vertex 8.989063262939453 3 -42.81919479370117
		endloop
	endfacet
	facet normal 1 0 0
		outer loop
			vertex 8.989063262939453 0 -42.81919479370117
			vertex 8.989063262939453 0 -43.18080520629883
			vertex 8.989063262939453 3 -43.18080520629883
		endloop
	endfacet
	facet normal 0.9709413909963873 0 0.23931739437408375
		outer loop
			vertex 8.9025239944458 0 -42.46809387207031
			vertex 8.989063262939453 0 -42.81919479370117
			vertex 8.9025239944458 3 -42.46809387207031
		endloop
	endfacet
	facet normal 0.8854571592676472 0 0.46472101211551475
		outer loop
			vertex 8.734476089477539 0 -42.14790344238281
			vertex 8.9025239944458 3 -42.46809387207031
			vertex 8.734476089477539 3 -42.14790344238281
		endloop
	endfacet
	facet normal 0.8854571592676472 0 0.46472101211551475
		outer loop
			vertex 8.734476089477539 0 -42.14790344238281
			vertex 8.9025239944458 0 -42.46809387207031
			vertex 8.9025239944458 3 -42.46809387207031
		endloop
	endfacet
	facet normal 0.7485094852346303 0 0.6631240837986423
		outer loop
			vertex 8.494684219360352 0 -41.877235412597656
			vertex 8.734476089477539 3 -42.14790344238281
			vertex 8.494684219360352 3 -41.877235412597656
		endloop
	endfacet
	facet normal 0.7485094852346303 0 0.6631240837986423
		outer loop
			vertex 8.494684219360352 0 -41.877235412597656
			vertex 8.734476089477539 0 -42.14790344238281
			vertex 8.734476089477539 3 -42.14790344238281
		endloop
	endfacet
	facet normal 0.5680634882407555 0 0.8229847345654385
		outer loop
			vertex 8.197084426879883 0 -41.671817779541016
			vertex 8.494684219360352 3 -41.877235412597656
			vertex 8.197084426879883 3 -41.671817779541016
		endloop
	endfacet
	facet normal 0.5680634882407555 0 0.8229847345654385
		outer loop
			vertex 8.197084426879883 0 -41.671817779541016
			vertex 8.494684219360352 0 -41.877235412597656
			vertex 8.494684219360352 3 -41.877235412597656
		endloop
	endfacet
	facet normal 0.35461090476547996 0 0.935013960441986
		outer loop
			vertex 7.858973503112793 0 -41.54358673095703
			vertex 8.197084426879883 3 -41.671817779541016
			vertex 7.858973503112793 3 -41.54358673095703
		endloop
	endfacet
	facet normal 0.35461090476547996 0 0.935013960441986
		outer loop
			vertex 7.858973503112793 0 -41.54358673095703
			vertex 8.197084426879883 0 -41.671817779541016
			vertex 8.197084426879883 3 -41.671817779541016
		endloop
	endfacet
	facet normal 0.12053519850549761 0 0.9927090540139345
		outer loop
			vertex 7.5 0 -41.5
			vertex 7.858973503112793 3 -41.54358673095703
			vertex 7.5 3 -41.5
		endloop
	endfacet
	facet normal 0.12053519850549761 0 0.9927090540139345
		outer loop
			vertex 7.5 0 -41.5
			vertex 7.858973503112793 0 -41.54358673095703
			vertex 7.858973503112793 3 -41.54358673095703
		endloop
	endfacet
	facet normal -0.12053618242493312 0 0.9927089345454807
		outer loop
			vertex 55.14102554321289 0 -6.7935872077941895
			vertex 55.5 3 -6.75
			vertex 55.14102554321289 3 -6.7935872077941895
		endloop
	endfacet
	facet normal -0.12053618242493312 0 0.9927089345454807
		outer loop
			vertex 55.14102554321289 0 -6.7935872077941895
			vertex 55.5 0 -6.75
			vertex 55.5 3 -6.75
		endloop
	endfacet
	facet normal -0.5680693132265177 0 0.8229807138507881
		outer loop
			vertex 54.802913665771484 0 -6.921815872192383
			vertex 54.802913665771484 3 -6.921815872192383
			vertex 54.50531768798828 3 -7.127233982086182
		endloop
	endfacet
	facet normal -0.3546042661703718 0 0.9350164781509319
		outer loop
			vertex 54.802913665771484 0 -6.921815872192383
			vertex 55.14102554321289 3 -6.7935872077941895
			vertex 54.802913665771484 3 -6.921815872192383
		endloop
	endfacet
	facet normal -0.3546042661703718 0 0.9350164781509319
		outer loop
			vertex 54.802913665771484 0 -6.921815872192383
			vertex 55.14102554321289 0 -6.7935872077941895
			vertex 55.14102554321289 3 -6.7935872077941895
		endloop
	endfacet
	facet normal -0.5680693132265177 0 0.8229807138507881
		outer loop
			vertex 54.50531768798828 0 -7.127233982086182
			vertex 54.802913665771484 0 -6.921815872192383
			vertex 54.50531768798828 3 -7.127233982086182
		endloop
	endfacet
	facet normal -0.7485106449428883 0 0.6631227747613421
		outer loop
			vertex 54.265525817871094 0 -7.397902965545654
			vertex 54.50531768798828 3 -7.127233982086182
			vertex 54.265525817871094 3 -7.397902965545654
		endloop
	endfacet
	facet normal -0.7485106449428883 0 0.6631227747613421
		outer loop
			vertex 54.265525817871094 0 -7.397902965545654
			vertex 54.50531768798828 0 -7.127233982086182
			vertex 54.50531768798828 3 -7.127233982086182
		endloop
	endfacet
	facet normal -0.9709410047524507 0 0.2393189614098759
		outer loop
			vertex 54.097476959228516 0 -7.718092441558838
			vertex 54.097476959228516 3 -7.718092441558838
			vertex 54.01093673706055 3 -8.069194793701172
		endloop
	endfacet
	facet normal -0.8854555044709695 0 0.46472416507220843
		outer loop
			vertex 54.097476959228516 0 -7.718092441558838
			vertex 54.265525817871094 3 -7.397902965545654
			vertex 54.097476959228516 3 -7.718092441558838
		endloop
	endfacet
	facet normal -0.8854555044709695 0 0.46472416507220843
		outer loop
			vertex 54.097476959228516 0 -7.718092441558838
			vertex 54.265525817871094 0 -7.397902965545654
			vertex 54.265525817871094 3 -7.397902965545654
		endloop
	endfacet
	facet normal -1 0 0
		outer loop
			vertex 54.01093673706055 0 -8.069194793701172
			vertex 54.01093673706055 3 -8.069194793701172
			vertex 54.01093673706055 3 -8.430805206298828
		endloop
	endfacet
	facet normal -0.9709410047524507 0 0.2393189614098759
		outer loop
			vertex 54.01093673706055 0 -8.069194793701172
			vertex 54.097476959228516 0 -7.718092441558838
			vertex 54.01093673706055 3 -8.069194793701172
		endloop
	endfacet
	facet normal -1 0 0
		outer loop
			vertex 54.01093673706055 0 -8.430805206298828
			vertex 54.01093673706055 0 -8.069194793701172
			vertex 54.01093673706055 3 -8.430805206298828
		endloop
	endfacet
	facet normal -0.9709409292285788 0 -0.2393192678175837
		outer loop
			vertex 54.097476959228516 0 -8.781907081604004
			vertex 54.01093673706055 3 -8.430805206298828
			vertex 54.097476959228516 3 -8.781907081604004
		endloop
	endfacet
	facet normal -0.9709409292285788 0 -0.2393192678175837
		outer loop
			vertex 54.097476959228516 0 -8.781907081604004
			vertex 54.01093673706055 0 -8.430805206298828
			vertex 54.01093673706055 3 -8.430805206298828
		endloop
	endfacet
	facet normal -0.7485106449428883 0 -0.6631227747613421
		outer loop
			vertex 54.265525817871094 0 -9.102097511291504
			vertex 54.265525817871094 3 -9.102097511291504
			vertex 54.50531768798828 3 -9.372766494750977
		endloop
	endfacet
	facet normal -0.8854560740431457 0 -0.46472307984443745
		outer loop
			vertex 54.265525817871094 0 -9.102097511291504
			vertex 54.097476959228516 3 -8.781907081604004
			vertex 54.265525817871094 3 -9.102097511291504
		endloop
	endfacet
	facet normal -0.8854560740431457 0 -0.46472307984443745
		outer loop
			vertex 54.265525817871094 0 -9.102097511291504
			vertex 54.097476959228516 0 -8.781907081604004
			vertex 54.097476959228516 3 -8.781907081604004
		endloop
	endfacet
	facet normal -0.7485106449428883 0 -0.6631227747613421
		outer loop
			vertex 54.50531768798828 0 -9.372766494750977
			vertex 54.265525817871094 0 -9.102097511291504
			vertex 54.50531768798828 3 -9.372766494750977
		endloop
	endfacet
	facet normal -0.5680684201010048 0 -0.8229813303374192
		outer loop
			vertex 54.802913665771484 0 -9.578184127807617
			vertex 54.50531768798828 0 -9.372766494750977
			vertex 54.50531768798828 3 -9.372766494750977
		endloop
	endfacet
	facet normal -0.5680684201010048 0 -0.8229813303374192
		outer loop
			vertex 54.802913665771484 0 -9.578184127807617
			vertex 54.50531768798828 3 -9.372766494750977
			vertex 54.802913665771484 3 -9.578184127807617
		endloop
	endfacet
	facet normal -0.35460311333375444 0 -0.9350169153625022
		outer loop
			vertex 55.14102554321289 0 -9.706412315368652
			vertex 54.802913665771484 0 -9.578184127807617
			vertex 54.802913665771484 3 -9.578184127807617
		endloop
	endfacet
	facet normal -0.12053748191281036 0 -0.9927087767588836
		outer loop
			vertex 55.14102554321289 0 -9.706412315368652
			vertex 55.14102554321289 3 -9.706412315368652
			vertex 55.5 3 -9.75
		endloop
	endfacet
	facet normal -0.35460311333375444 0 -0.9350169153625022
		outer loop
			vertex 55.14102554321289 0 -9.706412315368652
			vertex 54.802913665771484 3 -9.578184127807617
			vertex 55.14102554321289 3 -9.706412315368652
		endloop
	endfacet
	facet normal -0.12053748191281036 0 -0.9927087767588836
		outer loop
			vertex 55.5 0 -9.75
			vertex 55.14102554321289 0 -9.706412315368652
			vertex 55.5 3 -9.75
		endloop
	endfacet
	facet normal 0.12053748191281036 0 -0.9927087767588836
		outer loop
			vertex 55.85897445678711 0 -9.706412315368652
			vertex 55.5 0 -9.75
			vertex 55.5 3 -9.75
		endloop
	endfacet
	facet normal 0.35460311333375444 0 -0.9350169153625022
		outer loop
			vertex 55.85897445678711 0 -9.706412315368652
			vertex 55.85897445678711 3 -9.706412315368652
			vertex 56.197086334228516 3 -9.578184127807617
		endloop
	endfacet
	facet normal 0.12053748191281036 0 -0.9927087767588836
		outer loop
			vertex 55.85897445678711 0 -9.706412315368652
			vertex 55.5 3 -9.75
			vertex 55.85897445678711 3 -9.706412315368652
		endloop
	endfacet
	facet normal 0.35460311333375444 0 -0.9350169153625022
		outer loop
			vertex 56.197086334228516 0 -9.578184127807617
			vertex 55.85897445678711 0 -9.706412315368652
			vertex 56.197086334228516 3 -9.578184127807617
		endloop
	endfacet
	facet normal 0.7485106449428883 0 -0.6631227747613421
		outer loop
			vertex 56.49468231201172 0 -9.372766494750977
			vertex 56.49468231201172 3 -9.372766494750977
			vertex 56.734474182128906 3 -9.102097511291504
		endloop
	endfacet
	facet normal 0.5680684201010048 0 -0.8229813303374192
		outer loop
			vertex 56.49468231201172 0 -9.372766494750977
			vertex 56.197086334228516 3 -9.578184127807617
			vertex 56.49468231201172 3 -9.372766494750977
		endloop
	endfacet
	facet normal 0.5680684201010048 0 -0.8229813303374192
		outer loop
			vertex 56.49468231201172 0 -9.372766494750977
			vertex 56.197086334228516 0 -9.578184127807617
			vertex 56.197086334228516 3 -9.578184127807617
		endloop
	endfacet
	facet normal 0.7485106449428883 0 -0.6631227747613421
		outer loop
			vertex 56.734474182128906 0 -9.102097511291504
			vertex 56.49468231201172 0 -9.372766494750977
			vertex 56.734474182128906 3 -9.102097511291504
		endloop
	endfacet
	facet normal 0.9709409292285788 0 -0.2393192678175837
		outer loop
			vertex 56.902523040771484 0 -8.781907081604004
			vertex 56.902523040771484 3 -8.781907081604004
			vertex 56.98906326293945 3 -8.430805206298828
		endloop
	endfacet
	facet normal 0.8854560740431457 0 -0.46472307984443745
		outer loop
			vertex 56.902523040771484 0 -8.781907081604004
			vertex 56.734474182128906 3 -9.102097511291504
			vertex 56.902523040771484 3 -8.781907081604004
		endloop
	endfacet
	facet normal 0.8854560740431457 0 -0.46472307984443745
		outer loop
			vertex 56.902523040771484 0 -8.781907081604004
			vertex 56.734474182128906 0 -9.102097511291504
			vertex 56.734474182128906 3 -9.102097511291504
		endloop
	endfacet
	facet normal 0.9709409292285788 0 -0.2393192678175837
		outer loop
			vertex 56.98906326293945 0 -8.430805206298828
			vertex 56.902523040771484 0 -8.781907081604004
			vertex 56.98906326293945 3 -8.430805206298828
		endloop
	endfacet
	facet normal 0.9709410047524507 0 0.2393189614098759
		outer loop
			vertex 56.98906326293945 0 -8.069194793701172
			vertex 56.98906326293945 3 -8.069194793701172
			vertex 56.902523040771484 3 -7.718092441558838
		endloop
	endfacet
	facet normal 1 0 0
		outer loop
			vertex 56.98906326293945 0 -8.069194793701172
			vertex 56.98906326293945 3 -8.430805206298828
			vertex 56.98906326293945 3 -8.069194793701172
		endloop
	endfacet
	facet normal 1 0 0
		outer loop
			vertex 56.98906326293945 0 -8.069194793701172
			vertex 56.98906326293945 0 -8.430805206298828
			vertex 56.98906326293945 3 -8.430805206298828
		endloop
	endfacet
	facet normal 0.9709410047524507 0 0.2393189614098759
		outer loop
			vertex 56.902523040771484 0 -7.718092441558838
			vertex 56.98906326293945 0 -8.069194793701172
			vertex 56.902523040771484 3 -7.718092441558838
		endloop
	endfacet
	facet normal 0.8854555044709695 0 0.46472416507220843
		outer loop
			vertex 56.734474182128906 0 -7.397902965545654
			vertex 56.902523040771484 3 -7.718092441558838
			vertex 56.734474182128906 3 -7.397902965545654
		endloop
	endfacet
	facet normal 0.8854555044709695 0 0.46472416507220843
		outer loop
			vertex 56.734474182128906 0 -7.397902965545654
			vertex 56.902523040771484 0 -7.718092441558838
			vertex 56.902523040771484 3 -7.718092441558838
		endloop
	endfacet
	facet normal 0.7485106449428883 0 0.6631227747613421
		outer loop
			vertex 56.49468231201172 0 -7.127233982086182
			vertex 56.734474182128906 3 -7.397902965545654
			vertex 56.49468231201172 3 -7.127233982086182
		endloop
	endfacet
	facet normal 0.7485106449428883 0 0.6631227747613421
		outer loop
			vertex 56.49468231201172 0 -7.127233982086182
			vertex 56.734474182128906 0 -7.397902965545654
			vertex 56.734474182128906 3 -7.397902965545654
		endloop
	endfacet
	facet normal 0.5680693132265177 0 0.8229807138507881
		outer loop
			vertex 56.197086334228516 0 -6.921815872192383
			vertex 56.49468231201172 3 -7.127233982086182
			vertex 56.197086334228516 3 -6.921815872192383
		endloop
	endfacet
	facet normal 0.5680693132265177 0 0.8229807138507881
		outer loop
			vertex 56.197086334228516 0 -6.921815872192383
			vertex 56.49468231201172 0 -7.127233982086182
			vertex 56.49468231201172 3 -7.127233982086182
		endloop
	endfacet
	facet normal 0.3546042661703718 0 0.9350164781509319
		outer loop
			vertex 55.85897445678711 0 -6.7935872077941895
			vertex 56.197086334228516 3 -6.921815872192383
			vertex 55.85897445678711 3 -6.7935872077941895
		endloop
	endfacet
	facet normal 0.3546042661703718 0 0.9350164781509319
		outer loop
			vertex 55.85897445678711 0 -6.7935872077941895
			vertex 56.197086334228516 0 -6.921815872192383
			vertex 56.197086334228516 3 -6.921815872192383
		endloop
	endfacet
	facet normal 0.12053618242493312 0 0.9927089345454807
		outer loop
			vertex 55.5 0 -6.75
			vertex 55.85897445678711 3 -6.7935872077941895
			vertex 55.5 3 -6.75
		endloop
	endfacet
	facet normal 0.12053618242493312 0 0.9927089345454807
		outer loop
			vertex 55.5 0 -6.75
			vertex 55.85897445678711 0 -6.7935872077941895
			vertex 55.85897445678711 3 -6.7935872077941895
		endloop
	endfacet
	facet normal 0.12053748191281036 0 -0.9927087767588836
		outer loop
			vertex 55.14102554321289 0 9.706412315368652
			vertex 55.14102554321289 3 9.706412315368652
			vertex 55.5 3 9.75
		endloop
	endfacet
	facet normal 0.12053748191281036 0 -0.9927087767588836
		outer loop
			vertex 55.14102554321289 0 9.706412315368652
			vertex 55.5 3 9.75
			vertex 55.5 0 9.75
		endloop
	endfacet
	facet normal 0.5680684201010048 0 -0.8229813303374192
		outer loop
			vertex 54.802913665771484 0 9.578184127807617
			vertex 54.50531768798828 3 9.372766494750977
			vertex 54.802913665771484 3 9.578184127807617
		endloop
	endfacet
	facet normal 0.35460311333375444 0 -0.9350169153625022
		outer loop
			vertex 54.802913665771484 0 9.578184127807617
			vertex 54.802913665771484 3 9.578184127807617
			vertex 55.14102554321289 3 9.706412315368652
		endloop
	endfacet
	facet normal 0.35460311333375444 0 -0.9350169153625022
		outer loop
			vertex 54.802913665771484 0 9.578184127807617
			vertex 55.14102554321289 3 9.706412315368652
			vertex 55.14102554321289 0 9.706412315368652
		endloop
	endfacet
	facet normal 0.5680684201010048 0 -0.8229813303374192
		outer loop
			vertex 54.50531768798828 0 9.372766494750977
			vertex 54.50531768798828 3 9.372766494750977
			vertex 54.802913665771484 0 9.578184127807617
		endloop
	endfacet
	facet normal 0.7485106449428883 0 -0.6631227747613421
		outer loop
			vertex 54.265525817871094 0 9.102097511291504
			vertex 54.265525817871094 3 9.102097511291504
			vertex 54.50531768798828 3 9.372766494750977
		endloop
	endfacet
	facet normal 0.7485106449428883 0 -0.6631227747613421
		outer loop
			vertex 54.265525817871094 0 9.102097511291504
			vertex 54.50531768798828 3 9.372766494750977
			vertex 54.50531768798828 0 9.372766494750977
		endloop
	endfacet
	facet normal 0.9709409292285788 0 -0.2393192678175837
		outer loop
			vertex 54.097476959228516 0 8.781907081604004
			vertex 54.01093673706055 3 8.430805206298828
			vertex 54.097476959228516 3 8.781907081604004
		endloop
	endfacet
	facet normal 0.8854560740431457 0 -0.46472307984443745
		outer loop
			vertex 54.097476959228516 0 8.781907081604004
			vertex 54.097476959228516 3 8.781907081604004
			vertex 54.265525817871094 3 9.102097511291504
		endloop
	endfacet
	facet normal 0.8854560740431457 0 -0.46472307984443745
		outer loop
			vertex 54.097476959228516 0 8.781907081604004
			vertex 54.265525817871094 3 9.102097511291504
			vertex 54.265525817871094 0 9.102097511291504
		endloop
	endfacet
	facet normal 1 0 0
		outer loop
			vertex 54.01093673706055 0 8.430805206298828
			vertex 54.01093673706055 3 8.069194793701172
			vertex 54.01093673706055 3 8.430805206298828
		endloop
	endfacet
	facet normal 0.9709409292285788 0 -0.2393192678175837
		outer loop
			vertex 54.01093673706055 0 8.430805206298828
			vertex 54.01093673706055 3 8.430805206298828
			vertex 54.097476959228516 0 8.781907081604004
		endloop
	endfacet
	facet normal 1 0 0
		outer loop
			vertex 54.01093673706055 0 8.069194793701172
			vertex 54.01093673706055 3 8.069194793701172
			vertex 54.01093673706055 0 8.430805206298828
		endloop
	endfacet
	facet normal 0.9709410047524507 0 0.2393189614098759
		outer loop
			vertex 54.097476959228516 0 7.718092441558838
			vertex 54.097476959228516 3 7.718092441558838
			vertex 54.01093673706055 3 8.069194793701172
		endloop
	endfacet
	facet normal 0.9709410047524507 0 0.2393189614098759
		outer loop
			vertex 54.097476959228516 0 7.718092441558838
			vertex 54.01093673706055 3 8.069194793701172
			vertex 54.01093673706055 0 8.069194793701172
		endloop
	endfacet
	facet normal 0.7485106449428883 0 0.6631227747613421
		outer loop
			vertex 54.265525817871094 0 7.397902965545654
			vertex 54.50531768798828 3 7.127233982086182
			vertex 54.265525817871094 3 7.397902965545654
		endloop
	endfacet
	facet normal 0.8854555044709695 0 0.46472416507220843
		outer loop
			vertex 54.265525817871094 0 7.397902965545654
			vertex 54.265525817871094 3 7.397902965545654
			vertex 54.097476959228516 3 7.718092441558838
		endloop
	endfacet
	facet normal 0.8854555044709695 0 0.46472416507220843
		outer loop
			vertex 54.265525817871094 0 7.397902965545654
			vertex 54.097476959228516 3 7.718092441558838
			vertex 54.097476959228516 0 7.718092441558838
		endloop
	endfacet
	facet normal 0.7485106449428883 0 0.6631227747613421
		outer loop
			vertex 54.50531768798828 0 7.127233982086182
			vertex 54.50531768798828 3 7.127233982086182
			vertex 54.265525817871094 0 7.397902965545654
		endloop
	endfacet
	facet normal 0.5680693132265177 0 0.8229807138507881
		outer loop
			vertex 54.802913665771484 0 6.921815872192383
			vertex 54.50531768798828 3 7.127233982086182
			vertex 54.50531768798828 0 7.127233982086182
		endloop
	endfacet
	facet normal 0.5680693132265177 0 0.8229807138507881
		outer loop
			vertex 54.802913665771484 0 6.921815872192383
			vertex 54.802913665771484 3 6.921815872192383
			vertex 54.50531768798828 3 7.127233982086182
		endloop
	endfacet
	facet normal 0.3546042661703718 0 0.9350164781509319
		outer loop
			vertex 55.14102554321289 0 6.7935872077941895
			vertex 54.802913665771484 3 6.921815872192383
			vertex 54.802913665771484 0 6.921815872192383
		endloop
	endfacet
	facet normal 0.12053618242493312 0 0.9927089345454807
		outer loop
			vertex 55.14102554321289 0 6.7935872077941895
			vertex 55.5 3 6.75
			vertex 55.14102554321289 3 6.7935872077941895
		endloop
	endfacet
	facet normal 0.3546042661703718 0 0.9350164781509319
		outer loop
			vertex 55.14102554321289 0 6.7935872077941895
			vertex 55.14102554321289 3 6.7935872077941895
			vertex 54.802913665771484 3 6.921815872192383
		endloop
	endfacet
	facet normal 0.12053618242493312 0 0.9927089345454807
		outer loop
			vertex 55.5 0 6.75
			vertex 55.5 3 6.75
			vertex 55.14102554321289 0 6.7935872077941895
		endloop
	endfacet
	facet normal -0.12053618242493312 0 0.9927089345454807
		outer loop
			vertex 55.85897445678711 0 6.7935872077941895
			vertex 55.5 3 6.75
			vertex 55.5 0 6.75
		endloop
	endfacet
	facet normal -0.3546042661703718 0 0.9350164781509319
		outer loop
			vertex 55.85897445678711 0 6.7935872077941895
			vertex 56.197086334228516 3 6.921815872192383
			vertex 55.85897445678711 3 6.7935872077941895
		endloop
	endfacet
	facet normal -0.12053618242493312 0 0.9927089345454807
		outer loop
			vertex 55.85897445678711 0 6.7935872077941895
			vertex 55.85897445678711 3 6.7935872077941895
			vertex 55.5 3 6.75
		endloop
	endfacet
	facet normal -0.3546042661703718 0 0.9350164781509319
		outer loop
			vertex 56.197086334228516 0 6.921815872192383
			vertex 56.197086334228516 3 6.921815872192383
			vertex 55.85897445678711 0 6.7935872077941895
		endloop
	endfacet
	facet normal -0.7485106449428883 0 0.6631227747613421
		outer loop
			vertex 56.49468231201172 0 7.127233982086182
			vertex 56.734474182128906 3 7.397902965545654
			vertex 56.49468231201172 3 7.127233982086182
		endloop
	endfacet
	facet normal -0.5680693132265177 0 0.8229807138507881
		outer loop
			vertex 56.49468231201172 0 7.127233982086182
			vertex 56.49468231201172 3 7.127233982086182
			vertex 56.197086334228516 3 6.921815872192383
		endloop
	endfacet
	facet normal -0.5680693132265177 0 0.8229807138507881
		outer loop
			vertex 56.49468231201172 0 7.127233982086182
			vertex 56.197086334228516 3 6.921815872192383
			vertex 56.197086334228516 0 6.921815872192383
		endloop
	endfacet
	facet normal -0.7485106449428883 0 0.6631227747613421
		outer loop
			vertex 56.734474182128906 0 7.397902965545654
			vertex 56.734474182128906 3 7.397902965545654
			vertex 56.49468231201172 0 7.127233982086182
		endloop
	endfacet
	facet normal -0.9709410047524507 0 0.2393189614098759
		outer loop
			vertex 56.902523040771484 0 7.718092441558838
			vertex 56.98906326293945 3 8.069194793701172
			vertex 56.902523040771484 3 7.718092441558838
		endloop
	endfacet
	facet normal -0.8854555044709695 0 0.46472416507220843
		outer loop
			vertex 56.902523040771484 0 7.718092441558838
			vertex 56.902523040771484 3 7.718092441558838
			vertex 56.734474182128906 3 7.397902965545654
		endloop
	endfacet
	facet normal -0.8854555044709695 0 0.46472416507220843
		outer loop
			vertex 56.902523040771484 0 7.718092441558838
			vertex 56.734474182128906 3 7.397902965545654
			vertex 56.734474182128906 0 7.397902965545654
		endloop
	endfacet
	facet normal -0.9709410047524507 0 0.2393189614098759
		outer loop
			vertex 56.98906326293945 0 8.069194793701172
			vertex 56.98906326293945 3 8.069194793701172
			vertex 56.902523040771484 0 7.718092441558838
		endloop
	endfacet
	facet normal -0.9709409292285788 0 -0.2393192678175837
		outer loop
			vertex 56.98906326293945 0 8.430805206298828
			vertex 56.902523040771484 3 8.781907081604004
			vertex 56.98906326293945 3 8.430805206298828
		endloop
	endfacet
	facet normal -1 0 0
		outer loop
			vertex 56.98906326293945 0 8.430805206298828
			vertex 56.98906326293945 3 8.430805206298828
			vertex 56.98906326293945 3 8.069194793701172
		endloop
	endfacet
	facet normal -1 0 0
		outer loop
			vertex 56.98906326293945 0 8.430805206298828
			vertex 56.98906326293945 3 8.069194793701172
			vertex 56.98906326293945 0 8.069194793701172
		endloop
	endfacet
	facet normal -0.9709409292285788 0 -0.2393192678175837
		outer loop
			vertex 56.902523040771484 0 8.781907081604004
			vertex 56.902523040771484 3 8.781907081604004
			vertex 56.98906326293945 0 8.430805206298828
		endloop
	endfacet
	facet normal -0.8854560740431457 0 -0.46472307984443745
		outer loop
			vertex 56.734474182128906 0 9.102097511291504
			vertex 56.734474182128906 3 9.102097511291504
			vertex 56.902523040771484 3 8.781907081604004
		endloop
	endfacet
	facet normal -0.8854560740431457 0 -0.46472307984443745
		outer loop
			vertex 56.734474182128906 0 9.102097511291504
			vertex 56.902523040771484 3 8.781907081604004
			vertex 56.902523040771484 0 8.781907081604004
		endloop
	endfacet
	facet normal -0.7485106449428883 0 -0.6631227747613421
		outer loop
			vertex 56.49468231201172 0 9.372766494750977
			vertex 56.49468231201172 3 9.372766494750977
			vertex 56.734474182128906 3 9.102097511291504
		endloop
	endfacet
	facet normal -0.7485106449428883 0 -0.6631227747613421
		outer loop
			vertex 56.49468231201172 0 9.372766494750977
			vertex 56.734474182128906 3 9.102097511291504
			vertex 56.734474182128906 0 9.102097511291504
		endloop
	endfacet
	facet normal -0.5680684201010048 0 -0.8229813303374192
		outer loop
			vertex 56.197086334228516 0 9.578184127807617
			vertex 56.197086334228516 3 9.578184127807617
			vertex 56.49468231201172 3 9.372766494750977
		endloop
	endfacet
	facet normal -0.5680684201010048 0 -0.8229813303374192
		outer loop
			vertex 56.197086334228516 0 9.578184127807617
			vertex 56.49468231201172 3 9.372766494750977
			vertex 56.49468231201172 0 9.372766494750977
		endloop
	endfacet
	facet normal -0.35460311333375444 0 -0.9350169153625022
		outer loop
			vertex 55.85897445678711 0 9.706412315368652
			vertex 55.85897445678711 3 9.706412315368652
			vertex 56.197086334228516 3 9.578184127807617
		endloop
	endfacet
	facet normal -0.35460311333375444 0 -0.9350169153625022
		outer loop
			vertex 55.85897445678711 0 9.706412315368652
			vertex 56.197086334228516 3 9.578184127807617
			vertex 56.197086334228516 0 9.578184127807617
		endloop
	endfacet
	facet normal -0.12053748191281036 0 -0.9927087767588836
		outer loop
			vertex 55.5 0 9.75
			vertex 55.5 3 9.75
			vertex 55.85897445678711 3 9.706412315368652
		endloop
	endfacet
	facet normal -0.12053748191281036 0 -0.9927087767588836
		outer loop
			vertex 55.5 0 9.75
			vertex 55.85897445678711 3 9.706412315368652
			vertex 55.85897445678711 0 9.706412315368652
		endloop
	endfacet
	facet normal -0.12053748191281036 0 0.9927087767588836
		outer loop
			vertex 33.35897445678711 0 14.043587684631348
			vertex 33 3 14
			vertex 33 0 14
		endloop
	endfacet
	facet normal -0.12053748191281036 0 0.9927087767588836
		outer loop
			vertex 33.35897445678711 0 14.043587684631348
			vertex 33.35897445678711 3 14.043587684631348
			vertex 33 3 14
		endloop
	endfacet
	facet normal -0.35460311333375444 0 0.9350169153625022
		outer loop
			vertex 33.697086334228516 0 14.171815872192383
			vertex 33.697086334228516 3 14.171815872192383
			vertex 33.35897445678711 3 14.043587684631348
		endloop
	endfacet
	facet normal -0.35460311333375444 0 0.9350169153625022
		outer loop
			vertex 33.697086334228516 0 14.171815872192383
			vertex 33.35897445678711 3 14.043587684631348
			vertex 33.35897445678711 0 14.043587684631348
		endloop
	endfacet
	facet normal -0.5680684201010048 0 0.8229813303374192
		outer loop
			vertex 33.99468231201172 0 14.377233505249023
			vertex 33.99468231201172 3 14.377233505249023
			vertex 33.697086334228516 3 14.171815872192383
		endloop
	endfacet
	facet normal -0.5680684201010048 0 0.8229813303374192
		outer loop
			vertex 33.99468231201172 0 14.377233505249023
			vertex 33.697086334228516 3 14.171815872192383
			vertex 33.697086334228516 0 14.171815872192383
		endloop
	endfacet
	facet normal -0.7485106449428883 0 0.6631227747613421
		outer loop
			vertex 34.234474182128906 0 14.647902488708496
			vertex 34.234474182128906 3 14.647902488708496
			vertex 33.99468231201172 3 14.377233505249023
		endloop
	endfacet
	facet normal -0.7485106449428883 0 0.6631227747613421
		outer loop
			vertex 34.234474182128906 0 14.647902488708496
			vertex 33.99468231201172 3 14.377233505249023
			vertex 33.99468231201172 0 14.377233505249023
		endloop
	endfacet
	facet normal -0.8854560740431457 0 0.46472307984443745
		outer loop
			vertex 34.402523040771484 0 14.968092918395996
			vertex 34.402523040771484 3 14.968092918395996
			vertex 34.234474182128906 3 14.647902488708496
		endloop
	endfacet
	facet normal -0.8854560740431457 0 0.46472307984443745
		outer loop
			vertex 34.402523040771484 0 14.968092918395996
			vertex 34.234474182128906 3 14.647902488708496
			vertex 34.234474182128906 0 14.647902488708496
		endloop
	endfacet
	facet normal -0.9709409292285788 0 0.2393192678175837
		outer loop
			vertex 34.48906326293945 0 15.319194793701172
			vertex 34.48906326293945 3 15.319194793701172
			vertex 34.402523040771484 3 14.968092918395996
		endloop
	endfacet
	facet normal -0.9709409292285788 0 0.2393192678175837
		outer loop
			vertex 34.48906326293945 0 15.319194793701172
			vertex 34.402523040771484 3 14.968092918395996
			vertex 34.402523040771484 0 14.968092918395996
		endloop
	endfacet
	facet normal -1 0 0
		outer loop
			vertex 34.48906326293945 0 15.680805206298828
			vertex 34.48906326293945 3 15.680805206298828
			vertex 34.48906326293945 3 15.319194793701172
		endloop
	endfacet
	facet normal -1 0 0
		outer loop
			vertex 34.48906326293945 0 15.680805206298828
			vertex 34.48906326293945 3 15.319194793701172
			vertex 34.48906326293945 0 15.319194793701172
		endloop
	endfacet
	facet normal -0.885454934894803 0 -0.4647252503043498
		outer loop
			vertex 34.402523040771484 0 16.03190803527832
			vertex 34.234474182128906 3 16.352096557617188
			vertex 34.402523040771484 3 16.03190803527832
		endloop
	endfacet
	facet normal -0.9709410802760327 0 -0.23931865500292893
		outer loop
			vertex 34.402523040771484 0 16.03190803527832
			vertex 34.402523040771484 3 16.03190803527832
			vertex 34.48906326293945 3 15.680805206298828
		endloop
	endfacet
	facet normal -0.9709410802760327 0 -0.23931865500292893
		outer loop
			vertex 34.402523040771484 0 16.03190803527832
			vertex 34.48906326293945 3 15.680805206298828
			vertex 34.48906326293945 0 15.680805206298828
		endloop
	endfacet
	facet normal -0.885454934894803 0 -0.4647252503043498
		outer loop
			vertex 34.234474182128906 0 16.352096557617188
			vertex 34.234474182128906 3 16.352096557617188
			vertex 34.402523040771484 0 16.03190803527832
		endloop
	endfacet
	facet normal -0.5680684201010048 0 -0.8229813303374192
		outer loop
			vertex 33.99468231201172 0 16.622766494750977
			vertex 33.697086334228516 3 16.828184127807617
			vertex 33.99468231201172 3 16.622766494750977
		endloop
	endfacet
	facet normal -0.7485118046442782 0 -0.6631214657271819
		outer loop
			vertex 33.99468231201172 0 16.622766494750977
			vertex 33.99468231201172 3 16.622766494750977
			vertex 34.234474182128906 3 16.352096557617188
		endloop
	endfacet
	facet normal -0.7485118046442782 0 -0.6631214657271819
		outer loop
			vertex 33.99468231201172 0 16.622766494750977
			vertex 34.234474182128906 3 16.352096557617188
			vertex 34.234474182128906 0 16.352096557617188
		endloop
	endfacet
	facet normal -0.5680684201010048 0 -0.8229813303374192
		outer loop
			vertex 33.697086334228516 0 16.828184127807617
			vertex 33.697086334228516 3 16.828184127807617
			vertex 33.99468231201172 0 16.622766494750977
		endloop
	endfacet
	facet normal -0.35460541900537196 0 -0.9350160409383491
		outer loop
			vertex 33.35897445678711 0 16.95641326904297
			vertex 33.35897445678711 3 16.95641326904297
			vertex 33.697086334228516 3 16.828184127807617
		endloop
	endfacet
	facet normal -0.35460541900537196 0 -0.9350160409383491
		outer loop
			vertex 33.35897445678711 0 16.95641326904297
			vertex 33.697086334228516 3 16.828184127807617
			vertex 33.697086334228516 0 16.828184127807617
		endloop
	endfacet
	facet normal -0.1205348829364362 0 -0.9927090923304268
		outer loop
			vertex 33 0 17
			vertex 33 3 17
			vertex 33.35897445678711 3 16.95641326904297
		endloop
	endfacet
	facet normal -0.1205348829364362 0 -0.9927090923304268
		outer loop
			vertex 33 0 17
			vertex 33.35897445678711 3 16.95641326904297
			vertex 33.35897445678711 0 16.95641326904297
		endloop
	endfacet
	facet normal 0 0 1
		outer loop
			vertex -45.75 3 -17.5
			vertex -25.75 0 -17.5
			vertex -25.75 3 -17.5
		endloop
	endfacet
	facet normal 0 0 1
		outer loop
			vertex -45.75 3 -17.5
			vertex -45.75 0 -17.5
			vertex -25.75 0 -17.5
		endloop
	endfacet
	facet normal 0 0 1
		outer loop
			vertex -45.75 3 -9.5
			vertex -25.75 0 -9.5
			vertex -25.75 3 -9.5
		endloop
	endfacet
	facet normal 0 0 1
		outer loop
			vertex -45.75 3 -9.5
			vertex -45.75 0 -9.5
			vertex -25.75 0 -9.5
		endloop
	endfacet
	facet normal 0 0 1
		outer loop
			vertex -45.75 3 -1.5
			vertex -25.75 0 -1.5
			vertex -25.75 3 -1.5
		endloop
	endfacet
	facet normal 0 0 1
		outer loop
			vertex -45.75 3 -1.5
			vertex -45.75 0 -1.5
			vertex -25.75 0 -1.5
		endloop
	endfacet
	facet normal 0 0 1
		outer loop
			vertex -45.75 3 6.5
			vertex -25.75 0 6.5
			vertex -25.75 3 6.5
		endloop
	endfacet
	facet normal 0 0 1
		outer loop
			vertex -45.75 3 6.5
			vertex -45.75 0 6.5
			vertex -25.75 0 6.5
		endloop
	endfacet
	facet normal 0 0 1
		outer loop
			vertex -45.75 3 14.5
			vertex -25.75 0 14.5
			vertex -25.75 3 14.5
		endloop
	endfacet
	facet normal 0 0 1
		outer loop
			vertex -45.75 3 14.5
			vertex -45.75 0 14.5
			vertex -25.75 0 14.5
		endloop
	endfacet
	facet normal -0.1205348829364362 0 0.9927090923304268
		outer loop
			vertex -55.85897445678711 0 -18.79358673095703
			vertex -55.5 3 -18.75
			vertex -55.85897445678711 3 -18.79358673095703
		endloop
	endfacet
	facet normal -0.1205348829364362 0 0.9927090923304268
		outer loop
			vertex -55.85897445678711 0 -18.79358673095703
			vertex -55.5 0 -18.75
			vertex -55.5 3 -18.75
		endloop
	endfacet
	facet normal -0.5680684201010048 0 0.8229813303374192
		outer loop
			vertex -56.197086334228516 0 -18.921815872192383
			vertex -56.197086334228516 3 -18.921815872192383
			vertex -56.49468231201172 3 -19.127233505249023
		endloop
	endfacet
	facet normal -0.35460541900537196 0 0.9350160409383491
		outer loop
			vertex -56.197086334228516 0 -18.921815872192383
			vertex -55.85897445678711 3 -18.79358673095703
			vertex -56.197086334228516 3 -18.921815872192383
		endloop
	endfacet
	facet normal -0.35460541900537196 0 0.9350160409383491
		outer loop
			vertex -56.197086334228516 0 -18.921815872192383
			vertex -55.85897445678711 0 -18.79358673095703
			vertex -55.85897445678711 3 -18.79358673095703
		endloop
	endfacet
	facet normal -0.5680684201010048 0 0.8229813303374192
		outer loop
			vertex -56.49468231201172 0 -19.127233505249023
			vertex -56.197086334228516 0 -18.921815872192383
			vertex -56.49468231201172 3 -19.127233505249023
		endloop
	endfacet
	facet normal -0.7485118046442782 0 0.6631214657271819
		outer loop
			vertex -56.734474182128906 0 -19.397903442382812
			vertex -56.49468231201172 3 -19.127233505249023
			vertex -56.734474182128906 3 -19.397903442382812
		endloop
	endfacet
	facet normal -0.7485118046442782 0 0.6631214657271819
		outer loop
			vertex -56.734474182128906 0 -19.397903442382812
			vertex -56.49468231201172 0 -19.127233505249023
			vertex -56.49468231201172 3 -19.127233505249023
		endloop
	endfacet
	facet normal -0.9709410802760327 0 0.23931865500292893
		outer loop
			vertex -56.902523040771484 0 -19.71809196472168
			vertex -56.902523040771484 3 -19.71809196472168
			vertex -56.98906326293945 3 -20.069194793701172
		endloop
	endfacet
	facet normal -0.885454934894803 0 0.4647252503043498
		outer loop
			vertex -56.902523040771484 0 -19.71809196472168
			vertex -56.734474182128906 3 -19.397903442382812
			vertex -56.902523040771484 3 -19.71809196472168
		endloop
	endfacet
	facet normal -0.885454934894803 0 0.4647252503043498
		outer loop
			vertex -56.902523040771484 0 -19.71809196472168
			vertex -56.734474182128906 0 -19.397903442382812
			vertex -56.734474182128906 3 -19.397903442382812
		endloop
	endfacet
	facet normal -1 0 0
		outer loop
			vertex -56.98906326293945 0 -20.069194793701172
			vertex -56.98906326293945 3 -20.069194793701172
			vertex -56.98906326293945 3 -20.430805206298828
		endloop
	endfacet
	facet normal -0.9709410802760327 0 0.23931865500292893
		outer loop
			vertex -56.98906326293945 0 -20.069194793701172
			vertex -56.902523040771484 0 -19.71809196472168
			vertex -56.98906326293945 3 -20.069194793701172
		endloop
	endfacet
	facet normal -1 0 0
		outer loop
			vertex -56.98906326293945 0 -20.430805206298828
			vertex -56.98906326293945 0 -20.069194793701172
			vertex -56.98906326293945 3 -20.430805206298828
		endloop
	endfacet
	facet normal -0.9709410802760327 0 -0.23931865500292893
		outer loop
			vertex -56.902523040771484 0 -20.78190803527832
			vertex -56.98906326293945 3 -20.430805206298828
			vertex -56.902523040771484 3 -20.78190803527832
		endloop
	endfacet
	facet normal -0.9709410802760327 0 -0.23931865500292893
		outer loop
			vertex -56.902523040771484 0 -20.78190803527832
			vertex -56.98906326293945 0 -20.430805206298828
			vertex -56.98906326293945 3 -20.430805206298828
		endloop
	endfacet
	facet normal -0.7485118046442782 0 -0.6631214657271819
		outer loop
			vertex -56.734474182128906 0 -21.102096557617188
			vertex -56.734474182128906 3 -21.102096557617188
			vertex -56.49468231201172 3 -21.372766494750977
		endloop
	endfacet
	facet normal -0.885454934894803 0 -0.4647252503043498
		outer loop
			vertex -56.734474182128906 0 -21.102096557617188
			vertex -56.902523040771484 3 -20.78190803527832
			vertex -56.734474182128906 3 -21.102096557617188
		endloop
	endfacet
	facet normal -0.885454934894803 0 -0.4647252503043498
		outer loop
			vertex -56.734474182128906 0 -21.102096557617188
			vertex -56.902523040771484 0 -20.78190803527832
			vertex -56.902523040771484 3 -20.78190803527832
		endloop
	endfacet
	facet normal -0.7485118046442782 0 -0.6631214657271819
		outer loop
			vertex -56.49468231201172 0 -21.372766494750977
			vertex -56.734474182128906 0 -21.102096557617188
			vertex -56.49468231201172 3 -21.372766494750977
		endloop
	endfacet
	facet normal -0.5680684201010048 0 -0.8229813303374192
		outer loop
			vertex -56.197086334228516 0 -21.578184127807617
			vertex -56.49468231201172 0 -21.372766494750977
			vertex -56.49468231201172 3 -21.372766494750977
		endloop
	endfacet
	facet normal -0.5680684201010048 0 -0.8229813303374192
		outer loop
			vertex -56.197086334228516 0 -21.578184127807617
			vertex -56.49468231201172 3 -21.372766494750977
			vertex -56.197086334228516 3 -21.578184127807617
		endloop
	endfacet
	facet normal -0.35460541900537196 0 -0.9350160409383491
		outer loop
			vertex -55.85897445678711 0 -21.70641326904297
			vertex -56.197086334228516 0 -21.578184127807617
			vertex -56.197086334228516 3 -21.578184127807617
		endloop
	endfacet
	facet normal -0.1205348829364362 0 -0.9927090923304268
		outer loop
			vertex -55.85897445678711 0 -21.70641326904297
			vertex -55.85897445678711 3 -21.70641326904297
			vertex -55.5 3 -21.75
		endloop
	endfacet
	facet normal -0.35460541900537196 0 -0.9350160409383491
		outer loop
			vertex -55.85897445678711 0 -21.70641326904297
			vertex -56.197086334228516 3 -21.578184127807617
			vertex -55.85897445678711 3 -21.70641326904297
		endloop
	endfacet
	facet normal -0.1205348829364362 0 -0.9927090923304268
		outer loop
			vertex -55.5 0 -21.75
			vertex -55.85897445678711 0 -21.70641326904297
			vertex -55.5 3 -21.75
		endloop
	endfacet
	facet normal 0.1205348829364362 0 -0.9927090923304268
		outer loop
			vertex -55.14102554321289 0 -21.70641326904297
			vertex -55.5 0 -21.75
			vertex -55.5 3 -21.75
		endloop
	endfacet
	facet normal 0.35460541900537196 0 -0.9350160409383491
		outer loop
			vertex -55.14102554321289 0 -21.70641326904297
			vertex -55.14102554321289 3 -21.70641326904297
			vertex -54.802913665771484 3 -21.578184127807617
		endloop
	endfacet
	facet normal 0.1205348829364362 0 -0.9927090923304268
		outer loop
			vertex -55.14102554321289 0 -21.70641326904297
			vertex -55.5 3 -21.75
			vertex -55.14102554321289 3 -21.70641326904297
		endloop
	endfacet
	facet normal 0.35460541900537196 0 -0.9350160409383491
		outer loop
			vertex -54.802913665771484 0 -21.578184127807617
			vertex -55.14102554321289 0 -21.70641326904297
			vertex -54.802913665771484 3 -21.578184127807617
		endloop
	endfacet
	facet normal 0.7485118046442782 0 -0.6631214657271819
		outer loop
			vertex -54.50531768798828 0 -21.372766494750977
			vertex -54.50531768798828 3 -21.372766494750977
			vertex -54.265525817871094 3 -21.102096557617188
		endloop
	endfacet
	facet normal 0.5680684201010048 0 -0.8229813303374192
		outer loop
			vertex -54.50531768798828 0 -21.372766494750977
			vertex -54.802913665771484 3 -21.578184127807617
			vertex -54.50531768798828 3 -21.372766494750977
		endloop
	endfacet
	facet normal 0.5680684201010048 0 -0.8229813303374192
		outer loop
			vertex -54.50531768798828 0 -21.372766494750977
			vertex -54.802913665771484 0 -21.578184127807617
			vertex -54.802913665771484 3 -21.578184127807617
		endloop
	endfacet
	facet normal 0.7485118046442782 0 -0.6631214657271819
		outer loop
			vertex -54.265525817871094 0 -21.102096557617188
			vertex -54.50531768798828 0 -21.372766494750977
			vertex -54.265525817871094 3 -21.102096557617188
		endloop
	endfacet
	facet normal 0.9709410802760327 0 -0.23931865500292893
		outer loop
			vertex -54.097476959228516 0 -20.78190803527832
			vertex -54.097476959228516 3 -20.78190803527832
			vertex -54.01093673706055 3 -20.430805206298828
		endloop
	endfacet
	facet normal 0.885454934894803 0 -0.4647252503043498
		outer loop
			vertex -54.097476959228516 0 -20.78190803527832
			vertex -54.265525817871094 3 -21.102096557617188
			vertex -54.097476959228516 3 -20.78190803527832
		endloop
	endfacet
	facet normal 0.885454934894803 0 -0.4647252503043498
		outer loop
			vertex -54.097476959228516 0 -20.78190803527832
			vertex -54.265525817871094 0 -21.102096557617188
			vertex -54.265525817871094 3 -21.102096557617188
		endloop
	endfacet
	facet normal 0.9709410802760327 0 -0.23931865500292893
		outer loop
			vertex -54.01093673706055 0 -20.430805206298828
			vertex -54.097476959228516 0 -20.78190803527832
			vertex -54.01093673706055 3 -20.430805206298828
		endloop
	endfacet
	facet normal 0.9709410802760327 0 0.23931865500292893
		outer loop
			vertex -54.01093673706055 0 -20.069194793701172
			vertex -54.01093673706055 3 -20.069194793701172
			vertex -54.097476959228516 3 -19.71809196472168
		endloop
	endfacet
	facet normal 1 0 0
		outer loop
			vertex -54.01093673706055 0 -20.069194793701172
			vertex -54.01093673706055 3 -20.430805206298828
			vertex -54.01093673706055 3 -20.069194793701172
		endloop
	endfacet
	facet normal 1 0 0
		outer loop
			vertex -54.01093673706055 0 -20.069194793701172
			vertex -54.01093673706055 0 -20.430805206298828
			vertex -54.01093673706055 3 -20.430805206298828
		endloop
	endfacet
	facet normal 0.9709410802760327 0 0.23931865500292893
		outer loop
			vertex -54.097476959228516 0 -19.71809196472168
			vertex -54.01093673706055 0 -20.069194793701172
			vertex -54.097476959228516 3 -19.71809196472168
		endloop
	endfacet
	facet normal 0.885454934894803 0 0.4647252503043498
		outer loop
			vertex -54.265525817871094 0 -19.397903442382812
			vertex -54.097476959228516 3 -19.71809196472168
			vertex -54.265525817871094 3 -19.397903442382812
		endloop
	endfacet
	facet normal 0.885454934894803 0 0.4647252503043498
		outer loop
			vertex -54.265525817871094 0 -19.397903442382812
			vertex -54.097476959228516 0 -19.71809196472168
			vertex -54.097476959228516 3 -19.71809196472168
		endloop
	endfacet
	facet normal 0.7485118046442782 0 0.6631214657271819
		outer loop
			vertex -54.50531768798828 0 -19.127233505249023
			vertex -54.265525817871094 3 -19.397903442382812
			vertex -54.50531768798828 3 -19.127233505249023
		endloop
	endfacet
	facet normal 0.7485118046442782 0 0.6631214657271819
		outer loop
			vertex -54.50531768798828 0 -19.127233505249023
			vertex -54.265525817871094 0 -19.397903442382812
			vertex -54.265525817871094 3 -19.397903442382812
		endloop
	endfacet
	facet normal 0.5680684201010048 0 0.8229813303374192
		outer loop
			vertex -54.802913665771484 0 -18.921815872192383
			vertex -54.50531768798828 3 -19.127233505249023
			vertex -54.802913665771484 3 -18.921815872192383
		endloop
	endfacet
	facet normal 0.5680684201010048 0 0.8229813303374192
		outer loop
			vertex -54.802913665771484 0 -18.921815872192383
			vertex -54.50531768798828 0 -19.127233505249023
			vertex -54.50531768798828 3 -19.127233505249023
		endloop
	endfacet
	facet normal 0.35460541900537196 0 0.9350160409383491
		outer loop
			vertex -55.14102554321289 0 -18.79358673095703
			vertex -54.802913665771484 3 -18.921815872192383
			vertex -55.14102554321289 3 -18.79358673095703
		endloop
	endfacet
	facet normal 0.35460541900537196 0 0.9350160409383491
		outer loop
			vertex -55.14102554321289 0 -18.79358673095703
			vertex -54.802913665771484 0 -18.921815872192383
			vertex -54.802913665771484 3 -18.921815872192383
		endloop
	endfacet
	facet normal 0.1205348829364362 0 0.9927090923304268
		outer loop
			vertex -55.5 0 -18.75
			vertex -55.14102554321289 3 -18.79358673095703
			vertex -55.5 3 -18.75
		endloop
	endfacet
	facet normal 0.1205348829364362 0 0.9927090923304268
		outer loop
			vertex -55.5 0 -18.75
			vertex -55.14102554321289 0 -18.79358673095703
			vertex -55.14102554321289 3 -18.79358673095703
		endloop
	endfacet
	facet normal 0.12053618242493312 0 -0.9927089345454807
		outer loop
			vertex -55.85897445678711 0 -6.7935872077941895
			vertex -55.85897445678711 3 -6.7935872077941895
			vertex -55.5 3 -6.75
		endloop
	endfacet
	facet normal 0.12053618242493312 0 -0.9927089345454807
		outer loop
			vertex -55.85897445678711 0 -6.7935872077941895
			vertex -55.5 3 -6.75
			vertex -55.5 0 -6.75
		endloop
	endfacet
	facet normal 0.5680693132265177 0 -0.8229807138507881
		outer loop
			vertex -56.197086334228516 0 -6.921815872192383
			vertex -56.49468231201172 3 -7.127233982086182
			vertex -56.197086334228516 3 -6.921815872192383
		endloop
	endfacet
	facet normal 0.3546042661703718 0 -0.9350164781509319
		outer loop
			vertex -56.197086334228516 0 -6.921815872192383
			vertex -56.197086334228516 3 -6.921815872192383
			vertex -55.85897445678711 3 -6.7935872077941895
		endloop
	endfacet
	facet normal 0.3546042661703718 0 -0.9350164781509319
		outer loop
			vertex -56.197086334228516 0 -6.921815872192383
			vertex -55.85897445678711 3 -6.7935872077941895
			vertex -55.85897445678711 0 -6.7935872077941895
		endloop
	endfacet
	facet normal 0.5680693132265177 0 -0.8229807138507881
		outer loop
			vertex -56.49468231201172 0 -7.127233982086182
			vertex -56.49468231201172 3 -7.127233982086182
			vertex -56.197086334228516 0 -6.921815872192383
		endloop
	endfacet
	facet normal 0.7485106449428883 0 -0.6631227747613421
		outer loop
			vertex -56.734474182128906 0 -7.397902965545654
			vertex -56.734474182128906 3 -7.397902965545654
			vertex -56.49468231201172 3 -7.127233982086182
		endloop
	endfacet
	facet normal 0.7485106449428883 0 -0.6631227747613421
		outer loop
			vertex -56.734474182128906 0 -7.397902965545654
			vertex -56.49468231201172 3 -7.127233982086182
			vertex -56.49468231201172 0 -7.127233982086182
		endloop
	endfacet
	facet normal 0.9709410047524507 0 -0.2393189614098759
		outer loop
			vertex -56.902523040771484 0 -7.718092441558838
			vertex -56.98906326293945 3 -8.069194793701172
			vertex -56.902523040771484 3 -7.718092441558838
		endloop
	endfacet
	facet normal 0.8854555044709695 0 -0.46472416507220843
		outer loop
			vertex -56.902523040771484 0 -7.718092441558838
			vertex -56.902523040771484 3 -7.718092441558838
			vertex -56.734474182128906 3 -7.397902965545654
		endloop
	endfacet
	facet normal 0.8854555044709695 0 -0.46472416507220843
		outer loop
			vertex -56.902523040771484 0 -7.718092441558838
			vertex -56.734474182128906 3 -7.397902965545654
			vertex -56.734474182128906 0 -7.397902965545654
		endloop
	endfacet
	facet normal 1 0 0
		outer loop
			vertex -56.98906326293945 0 -8.069194793701172
			vertex -56.98906326293945 3 -8.430805206298828
			vertex -56.98906326293945 3 -8.069194793701172
		endloop
	endfacet
	facet normal 0.9709410047524507 0 -0.2393189614098759
		outer loop
			vertex -56.98906326293945 0 -8.069194793701172
			vertex -56.98906326293945 3 -8.069194793701172
			vertex -56.902523040771484 0 -7.718092441558838
		endloop
	endfacet
	facet normal 1 0 0
		outer loop
			vertex -56.98906326293945 0 -8.430805206298828
			vertex -56.98906326293945 3 -8.430805206298828
			vertex -56.98906326293945 0 -8.069194793701172
		endloop
	endfacet
	facet normal 0.9709409292285788 0 0.2393192678175837
		outer loop
			vertex -56.902523040771484 0 -8.781907081604004
			vertex -56.902523040771484 3 -8.781907081604004
			vertex -56.98906326293945 3 -8.430805206298828
		endloop
	endfacet
	facet normal 0.9709409292285788 0 0.2393192678175837
		outer loop
			vertex -56.902523040771484 0 -8.781907081604004
			vertex -56.98906326293945 3 -8.430805206298828
			vertex -56.98906326293945 0 -8.430805206298828
		endloop
	endfacet
	facet normal 0.7485106449428883 0 0.6631227747613421
		outer loop
			vertex -56.734474182128906 0 -9.102097511291504
			vertex -56.49468231201172 3 -9.372766494750977
			vertex -56.734474182128906 3 -9.102097511291504
		endloop
	endfacet
	facet normal 0.8854560740431457 0 0.46472307984443745
		outer loop
			vertex -56.734474182128906 0 -9.102097511291504
			vertex -56.734474182128906 3 -9.102097511291504
			vertex -56.902523040771484 3 -8.781907081604004
		endloop
	endfacet
	facet normal 0.8854560740431457 0 0.46472307984443745
		outer loop
			vertex -56.734474182128906 0 -9.102097511291504
			vertex -56.902523040771484 3 -8.781907081604004
			vertex -56.902523040771484 0 -8.781907081604004
		endloop
	endfacet
	facet normal 0.7485106449428883 0 0.6631227747613421
		outer loop
			vertex -56.49468231201172 0 -9.372766494750977
			vertex -56.49468231201172 3 -9.372766494750977
			vertex -56.734474182128906 0 -9.102097511291504
		endloop
	endfacet
	facet normal 0.5680684201010048 0 0.8229813303374192
		outer loop
			vertex -56.197086334228516 0 -9.578184127807617
			vertex -56.49468231201172 3 -9.372766494750977
			vertex -56.49468231201172 0 -9.372766494750977
		endloop
	endfacet
	facet normal 0.5680684201010048 0 0.8229813303374192
		outer loop
			vertex -56.197086334228516 0 -9.578184127807617
			vertex -56.197086334228516 3 -9.578184127807617
			vertex -56.49468231201172 3 -9.372766494750977
		endloop
	endfacet
	facet normal 0.35460311333375444 0 0.9350169153625022
		outer loop
			vertex -55.85897445678711 0 -9.706412315368652
			vertex -56.197086334228516 3 -9.578184127807617
			vertex -56.197086334228516 0 -9.578184127807617
		endloop
	endfacet
	facet normal 0.12053748191281036 0 0.9927087767588836
		outer loop
			vertex -55.85897445678711 0 -9.706412315368652
			vertex -55.5 3 -9.75
			vertex -55.85897445678711 3 -9.706412315368652
		endloop
	endfacet
	facet normal 0.35460311333375444 0 0.9350169153625022
		outer loop
			vertex -55.85897445678711 0 -9.706412315368652
			vertex -55.85897445678711 3 -9.706412315368652
			vertex -56.197086334228516 3 -9.578184127807617
		endloop
	endfacet
	facet normal 0.12053748191281036 0 0.9927087767588836
		outer loop
			vertex -55.5 0 -9.75
			vertex -55.5 3 -9.75
			vertex -55.85897445678711 0 -9.706412315368652
		endloop
	endfacet
	facet normal -0.12053748191281036 0 0.9927087767588836
		outer loop
			vertex -55.14102554321289 0 -9.706412315368652
			vertex -55.5 3 -9.75
			vertex -55.5 0 -9.75
		endloop
	endfacet
	facet normal -0.35460311333375444 0 0.9350169153625022
		outer loop
			vertex -55.14102554321289 0 -9.706412315368652
			vertex -54.802913665771484 3 -9.578184127807617
			vertex -55.14102554321289 3 -9.706412315368652
		endloop
	endfacet
	facet normal -0.12053748191281036 0 0.9927087767588836
		outer loop
			vertex -55.14102554321289 0 -9.706412315368652
			vertex -55.14102554321289 3 -9.706412315368652
			vertex -55.5 3 -9.75
		endloop
	endfacet
	facet normal -0.35460311333375444 0 0.9350169153625022
		outer loop
			vertex -54.802913665771484 0 -9.578184127807617
			vertex -54.802913665771484 3 -9.578184127807617
			vertex -55.14102554321289 0 -9.706412315368652
		endloop
	endfacet
	facet normal -0.7485106449428883 0 0.6631227747613421
		outer loop
			vertex -54.50531768798828 0 -9.372766494750977
			vertex -54.265525817871094 3 -9.102097511291504
			vertex -54.50531768798828 3 -9.372766494750977
		endloop
	endfacet
	facet normal -0.5680684201010048 0 0.8229813303374192
		outer loop
			vertex -54.50531768798828 0 -9.372766494750977
			vertex -54.50531768798828 3 -9.372766494750977
			vertex -54.802913665771484 3 -9.578184127807617
		endloop
	endfacet
	facet normal -0.5680684201010048 0 0.8229813303374192
		outer loop
			vertex -54.50531768798828 0 -9.372766494750977
			vertex -54.802913665771484 3 -9.578184127807617
			vertex -54.802913665771484 0 -9.578184127807617
		endloop
	endfacet
	facet normal -0.7485106449428883 0 0.6631227747613421
		outer loop
			vertex -54.265525817871094 0 -9.102097511291504
			vertex -54.265525817871094 3 -9.102097511291504
			vertex -54.50531768798828 0 -9.372766494750977
		endloop
	endfacet
	facet normal -0.9709409292285788 0 0.2393192678175837
		outer loop
			vertex -54.097476959228516 0 -8.781907081604004
			vertex -54.01093673706055 3 -8.430805206298828
			vertex -54.097476959228516 3 -8.781907081604004
		endloop
	endfacet
	facet normal -0.8854560740431457 0 0.46472307984443745
		outer loop
			vertex -54.097476959228516 0 -8.781907081604004
			vertex -54.097476959228516 3 -8.781907081604004
			vertex -54.265525817871094 3 -9.102097511291504
		endloop
	endfacet
	facet normal -0.8854560740431457 0 0.46472307984443745
		outer loop
			vertex -54.097476959228516 0 -8.781907081604004
			vertex -54.265525817871094 3 -9.102097511291504
			vertex -54.265525817871094 0 -9.102097511291504
		endloop
	endfacet
	facet normal -0.9709409292285788 0 0.2393192678175837
		outer loop
			vertex -54.01093673706055 0 -8.430805206298828
			vertex -54.01093673706055 3 -8.430805206298828
			vertex -54.097476959228516 0 -8.781907081604004
		endloop
	endfacet
	facet normal -0.9709410047524507 0 -0.2393189614098759
		outer loop
			vertex -54.01093673706055 0 -8.069194793701172
			vertex -54.097476959228516 3 -7.718092441558838
			vertex -54.01093673706055 3 -8.069194793701172
		endloop
	endfacet
	facet normal -1 0 0
		outer loop
			vertex -54.01093673706055 0 -8.069194793701172
			vertex -54.01093673706055 3 -8.069194793701172
			vertex -54.01093673706055 3 -8.430805206298828
		endloop
	endfacet
	facet normal -1 0 0
		outer loop
			vertex -54.01093673706055 0 -8.069194793701172
			vertex -54.01093673706055 3 -8.430805206298828
			vertex -54.01093673706055 0 -8.430805206298828
		endloop
	endfacet
	facet normal -0.9709410047524507 0 -0.2393189614098759
		outer loop
			vertex -54.097476959228516 0 -7.718092441558838
			vertex -54.097476959228516 3 -7.718092441558838
			vertex -54.01093673706055 0 -8.069194793701172
		endloop
	endfacet
	facet normal -0.8854555044709695 0 -0.46472416507220843
		outer loop
			vertex -54.265525817871094 0 -7.397902965545654
			vertex -54.265525817871094 3 -7.397902965545654
			vertex -54.097476959228516 3 -7.718092441558838
		endloop
	endfacet
	facet normal -0.8854555044709695 0 -0.46472416507220843
		outer loop
			vertex -54.265525817871094 0 -7.397902965545654
			vertex -54.097476959228516 3 -7.718092441558838
			vertex -54.097476959228516 0 -7.718092441558838
		endloop
	endfacet
	facet normal -0.7485106449428883 0 -0.6631227747613421
		outer loop
			vertex -54.50531768798828 0 -7.127233982086182
			vertex -54.50531768798828 3 -7.127233982086182
			vertex -54.265525817871094 3 -7.397902965545654
		endloop
	endfacet
	facet normal -0.7485106449428883 0 -0.6631227747613421
		outer loop
			vertex -54.50531768798828 0 -7.127233982086182
			vertex -54.265525817871094 3 -7.397902965545654
			vertex -54.265525817871094 0 -7.397902965545654
		endloop
	endfacet
	facet normal -0.5680693132265177 0 -0.8229807138507881
		outer loop
			vertex -54.802913665771484 0 -6.921815872192383
			vertex -54.802913665771484 3 -6.921815872192383
			vertex -54.50531768798828 3 -7.127233982086182
		endloop
	endfacet
	facet normal -0.5680693132265177 0 -0.8229807138507881
		outer loop
			vertex -54.802913665771484 0 -6.921815872192383
			vertex -54.50531768798828 3 -7.127233982086182
			vertex -54.50531768798828 0 -7.127233982086182
		endloop
	endfacet
	facet normal -0.3546042661703718 0 -0.9350164781509319
		outer loop
			vertex -55.14102554321289 0 -6.7935872077941895
			vertex -55.14102554321289 3 -6.7935872077941895
			vertex -54.802913665771484 3 -6.921815872192383
		endloop
	endfacet
	facet normal -0.3546042661703718 0 -0.9350164781509319
		outer loop
			vertex -55.14102554321289 0 -6.7935872077941895
			vertex -54.802913665771484 3 -6.921815872192383
			vertex -54.802913665771484 0 -6.921815872192383
		endloop
	endfacet
	facet normal -0.12053618242493312 0 -0.9927089345454807
		outer loop
			vertex -55.5 0 -6.75
			vertex -55.5 3 -6.75
			vertex -55.14102554321289 3 -6.7935872077941895
		endloop
	endfacet
	facet normal -0.12053618242493312 0 -0.9927089345454807
		outer loop
			vertex -55.5 0 -6.75
			vertex -55.14102554321289 3 -6.7935872077941895
			vertex -55.14102554321289 0 -6.7935872077941895
		endloop
	endfacet
	facet normal -0.12053614522252294 0 0.9927089390626513
		outer loop
			vertex -65.35897064208984 0 -16.29358673095703
			vertex -65 3 -16.25
			vertex -65.35897064208984 3 -16.29358673095703
		endloop
	endfacet
	facet normal -0.12053614522252294 0 0.9927089390626513
		outer loop
			vertex -65.35897064208984 0 -16.29358673095703
			vertex -65 0 -16.25
			vertex -65 3 -16.25
		endloop
	endfacet
	facet normal -0.5680634882407555 0 0.8229847345654385
		outer loop
			vertex -65.69708251953125 0 -16.421815872192383
			vertex -65.69708251953125 3 -16.421815872192383
			vertex -65.99468231201172 3 -16.627233505249023
		endloop
	endfacet
	facet normal -0.35460541900537196 0 0.9350160409383491
		outer loop
			vertex -65.69708251953125 0 -16.421815872192383
			vertex -65.35897064208984 3 -16.29358673095703
			vertex -65.69708251953125 3 -16.421815872192383
		endloop
	endfacet
	facet normal -0.35460541900537196 0 0.9350160409383491
		outer loop
			vertex -65.69708251953125 0 -16.421815872192383
			vertex -65.35897064208984 0 -16.29358673095703
			vertex -65.35897064208984 3 -16.29358673095703
		endloop
	endfacet
	facet normal -0.5680634882407555 0 0.8229847345654385
		outer loop
			vertex -65.99468231201172 0 -16.627233505249023
			vertex -65.69708251953125 0 -16.421815872192383
			vertex -65.99468231201172 3 -16.627233505249023
		endloop
	endfacet
	facet normal -0.7485118046442782 0 0.6631214657271819
		outer loop
			vertex -66.2344741821289 0 -16.897903442382812
			vertex -65.99468231201172 3 -16.627233505249023
			vertex -66.2344741821289 3 -16.897903442382812
		endloop
	endfacet
	facet normal -0.7485118046442782 0 0.6631214657271819
		outer loop
			vertex -66.2344741821289 0 -16.897903442382812
			vertex -65.99468231201172 0 -16.627233505249023
			vertex -65.99468231201172 3 -16.627233505249023
		endloop
	endfacet
	facet normal -0.9709410802760327 0 0.23931865500292893
		outer loop
			vertex -66.40252685546875 0 -17.21809196472168
			vertex -66.40252685546875 3 -17.21809196472168
			vertex -66.48906707763672 3 -17.569194793701172
		endloop
	endfacet
	facet normal -0.8854505939401497 0 0.4647335211613603
		outer loop
			vertex -66.40252685546875 0 -17.21809196472168
			vertex -66.2344741821289 3 -16.897903442382812
			vertex -66.40252685546875 3 -17.21809196472168
		endloop
	endfacet
	facet normal -0.8854505939401497 0 0.4647335211613603
		outer loop
			vertex -66.40252685546875 0 -17.21809196472168
			vertex -66.2344741821289 0 -16.897903442382812
			vertex -66.2344741821289 3 -16.897903442382812
		endloop
	endfacet
	facet normal -1 0 0
		outer loop
			vertex -66.48906707763672 0 -17.569194793701172
			vertex -66.48906707763672 3 -17.569194793701172
			vertex -66.48906707763672 3 -17.930805206298828
		endloop
	endfacet
	facet normal -0.9709410802760327 0 0.23931865500292893
		outer loop
			vertex -66.48906707763672 0 -17.569194793701172
			vertex -66.40252685546875 0 -17.21809196472168
			vertex -66.48906707763672 3 -17.569194793701172
		endloop
	endfacet
	facet normal -1 0 0
		outer loop
			vertex -66.48906707763672 0 -17.930805206298828
			vertex -66.48906707763672 0 -17.569194793701172
			vertex -66.48906707763672 3 -17.930805206298828
		endloop
	endfacet
	facet normal -0.9709410802760327 0 -0.23931865500292893
		outer loop
			vertex -66.40252685546875 0 -18.28190803527832
			vertex -66.48906707763672 3 -17.930805206298828
			vertex -66.40252685546875 3 -18.28190803527832
		endloop
	endfacet
	facet normal -0.9709410802760327 0 -0.23931865500292893
		outer loop
			vertex -66.40252685546875 0 -18.28190803527832
			vertex -66.48906707763672 0 -17.930805206298828
			vertex -66.48906707763672 3 -17.930805206298828
		endloop
	endfacet
	facet normal -0.7485118046442782 0 -0.6631214657271819
		outer loop
			vertex -66.2344741821289 0 -18.602096557617188
			vertex -66.2344741821289 3 -18.602096557617188
			vertex -65.99468231201172 3 -18.872766494750977
		endloop
	endfacet
	facet normal -0.8854505939401497 0 -0.4647335211613603
		outer loop
			vertex -66.2344741821289 0 -18.602096557617188
			vertex -66.40252685546875 3 -18.28190803527832
			vertex -66.2344741821289 3 -18.602096557617188
		endloop
	endfacet
	facet normal -0.8854505939401497 0 -0.4647335211613603
		outer loop
			vertex -66.2344741821289 0 -18.602096557617188
			vertex -66.40252685546875 0 -18.28190803527832
			vertex -66.40252685546875 3 -18.28190803527832
		endloop
	endfacet
	facet normal -0.7485118046442782 0 -0.6631214657271819
		outer loop
			vertex -65.99468231201172 0 -18.872766494750977
			vertex -66.2344741821289 0 -18.602096557617188
			vertex -65.99468231201172 3 -18.872766494750977
		endloop
	endfacet
	facet normal -0.5680634882407555 0 -0.8229847345654385
		outer loop
			vertex -65.69708251953125 0 -19.078184127807617
			vertex -65.99468231201172 0 -18.872766494750977
			vertex -65.99468231201172 3 -18.872766494750977
		endloop
	endfacet
	facet normal -0.5680634882407555 0 -0.8229847345654385
		outer loop
			vertex -65.69708251953125 0 -19.078184127807617
			vertex -65.99468231201172 3 -18.872766494750977
			vertex -65.69708251953125 3 -19.078184127807617
		endloop
	endfacet
	facet normal -0.35460541900537196 0 -0.9350160409383491
		outer loop
			vertex -65.35897064208984 0 -19.20641326904297
			vertex -65.69708251953125 0 -19.078184127807617
			vertex -65.69708251953125 3 -19.078184127807617
		endloop
	endfacet
	facet normal -0.12053614522252294 0 -0.9927089390626513
		outer loop
			vertex -65.35897064208984 0 -19.20641326904297
			vertex -65.35897064208984 3 -19.20641326904297
			vertex -65 3 -19.25
		endloop
	endfacet
	facet normal -0.35460541900537196 0 -0.9350160409383491
		outer loop
			vertex -65.35897064208984 0 -19.20641326904297
			vertex -65.69708251953125 3 -19.078184127807617
			vertex -65.35897064208984 3 -19.20641326904297
		endloop
	endfacet
	facet normal -0.12053614522252294 0 -0.9927089390626513
		outer loop
			vertex -65 0 -19.25
			vertex -65.35897064208984 0 -19.20641326904297
			vertex -65 3 -19.25
		endloop
	endfacet
	facet normal 0.12053614522252294 0 -0.9927089390626513
		outer loop
			vertex -64.64102935791016 0 -19.20641326904297
			vertex -65 0 -19.25
			vertex -65 3 -19.25
		endloop
	endfacet
	facet normal 0.35460541900537196 0 -0.9350160409383491
		outer loop
			vertex -64.64102935791016 0 -19.20641326904297
			vertex -64.64102935791016 3 -19.20641326904297
			vertex -64.30291748046875 3 -19.078184127807617
		endloop
	endfacet
	facet normal 0.12053614522252294 0 -0.9927089390626513
		outer loop
			vertex -64.64102935791016 0 -19.20641326904297
			vertex -65 3 -19.25
			vertex -64.64102935791016 3 -19.20641326904297
		endloop
	endfacet
	facet normal 0.35460541900537196 0 -0.9350160409383491
		outer loop
			vertex -64.30291748046875 0 -19.078184127807617
			vertex -64.64102935791016 0 -19.20641326904297
			vertex -64.30291748046875 3 -19.078184127807617
		endloop
	endfacet
	facet normal 0.7485118046442782 0 -0.6631214657271819
		outer loop
			vertex -64.00531768798828 0 -18.872766494750977
			vertex -64.00531768798828 3 -18.872766494750977
			vertex -63.765525817871094 3 -18.602096557617188
		endloop
	endfacet
	facet normal 0.5680634882407555 0 -0.8229847345654385
		outer loop
			vertex -64.00531768798828 0 -18.872766494750977
			vertex -64.30291748046875 3 -19.078184127807617
			vertex -64.00531768798828 3 -18.872766494750977
		endloop
	endfacet
	facet normal 0.5680634882407555 0 -0.8229847345654385
		outer loop
			vertex -64.00531768798828 0 -18.872766494750977
			vertex -64.30291748046875 0 -19.078184127807617
			vertex -64.30291748046875 3 -19.078184127807617
		endloop
	endfacet
	facet normal 0.7485118046442782 0 -0.6631214657271819
		outer loop
			vertex -63.765525817871094 0 -18.602096557617188
			vertex -64.00531768798828 0 -18.872766494750977
			vertex -63.765525817871094 3 -18.602096557617188
		endloop
	endfacet
	facet normal 0.9709410802760327 0 -0.23931865500292893
		outer loop
			vertex -63.597476959228516 0 -18.28190803527832
			vertex -63.597476959228516 3 -18.28190803527832
			vertex -63.51093673706055 3 -17.930805206298828
		endloop
	endfacet
	facet normal 0.885454934894803 0 -0.4647252503043498
		outer loop
			vertex -63.597476959228516 0 -18.28190803527832
			vertex -63.765525817871094 3 -18.602096557617188
			vertex -63.597476959228516 3 -18.28190803527832
		endloop
	endfacet
	facet normal 0.885454934894803 0 -0.4647252503043498
		outer loop
			vertex -63.597476959228516 0 -18.28190803527832
			vertex -63.765525817871094 0 -18.602096557617188
			vertex -63.765525817871094 3 -18.602096557617188
		endloop
	endfacet
	facet normal 0.9709410802760327 0 -0.23931865500292893
		outer loop
			vertex -63.51093673706055 0 -17.930805206298828
			vertex -63.597476959228516 0 -18.28190803527832
			vertex -63.51093673706055 3 -17.930805206298828
		endloop
	endfacet
	facet normal 0.9709410802760327 0 0.23931865500292893
		outer loop
			vertex -63.51093673706055 0 -17.569194793701172
			vertex -63.51093673706055 3 -17.569194793701172
			vertex -63.597476959228516 3 -17.21809196472168
		endloop
	endfacet
	facet normal 1 0 0
		outer loop
			vertex -63.51093673706055 0 -17.569194793701172
			vertex -63.51093673706055 3 -17.930805206298828
			vertex -63.51093673706055 3 -17.569194793701172
		endloop
	endfacet
	facet normal 1 0 0
		outer loop
			vertex -63.51093673706055 0 -17.569194793701172
			vertex -63.51093673706055 0 -17.930805206298828
			vertex -63.51093673706055 3 -17.930805206298828
		endloop
	endfacet
	facet normal 0.9709410802760327 0 0.23931865500292893
		outer loop
			vertex -63.597476959228516 0 -17.21809196472168
			vertex -63.51093673706055 0 -17.569194793701172
			vertex -63.597476959228516 3 -17.21809196472168
		endloop
	endfacet
	facet normal 0.885454934894803 0 0.4647252503043498
		outer loop
			vertex -63.765525817871094 0 -16.897903442382812
			vertex -63.597476959228516 3 -17.21809196472168
			vertex -63.765525817871094 3 -16.897903442382812
		endloop
	endfacet
	facet normal 0.885454934894803 0 0.4647252503043498
		outer loop
			vertex -63.765525817871094 0 -16.897903442382812
			vertex -63.597476959228516 0 -17.21809196472168
			vertex -63.597476959228516 3 -17.21809196472168
		endloop
	endfacet
	facet normal 0.7485118046442782 0 0.6631214657271819
		outer loop
			vertex -64.00531768798828 0 -16.627233505249023
			vertex -63.765525817871094 3 -16.897903442382812
			vertex -64.00531768798828 3 -16.627233505249023
		endloop
	endfacet
	facet normal 0.7485118046442782 0 0.6631214657271819
		outer loop
			vertex -64.00531768798828 0 -16.627233505249023
			vertex -63.765525817871094 0 -16.897903442382812
			vertex -63.765525817871094 3 -16.897903442382812
		endloop
	endfacet
	facet normal 0.5680634882407555 0 0.8229847345654385
		outer loop
			vertex -64.30291748046875 0 -16.421815872192383
			vertex -64.00531768798828 3 -16.627233505249023
			vertex -64.30291748046875 3 -16.421815872192383
		endloop
	endfacet
	facet normal 0.5680634882407555 0 0.8229847345654385
		outer loop
			vertex -64.30291748046875 0 -16.421815872192383
			vertex -64.00531768798828 0 -16.627233505249023
			vertex -64.00531768798828 3 -16.627233505249023
		endloop
	endfacet
	facet normal 0.35460541900537196 0 0.9350160409383491
		outer loop
			vertex -64.64102935791016 0 -16.29358673095703
			vertex -64.30291748046875 3 -16.421815872192383
			vertex -64.64102935791016 3 -16.29358673095703
		endloop
	endfacet
	facet normal 0.35460541900537196 0 0.9350160409383491
		outer loop
			vertex -64.64102935791016 0 -16.29358673095703
			vertex -64.30291748046875 0 -16.421815872192383
			vertex -64.30291748046875 3 -16.421815872192383
		endloop
	endfacet
	facet normal 0.12053614522252294 0 0.9927089390626513
		outer loop
			vertex -65 0 -16.25
			vertex -64.64102935791016 3 -16.29358673095703
			vertex -65 3 -16.25
		endloop
	endfacet
	facet normal 0.12053614522252294 0 0.9927089390626513
		outer loop
			vertex -65 0 -16.25
			vertex -64.64102935791016 0 -16.29358673095703
			vertex -64.64102935791016 3 -16.29358673095703
		endloop
	endfacet
	facet normal 0.12053614522252294 0 -0.9927089390626513
		outer loop
			vertex -65.35897064208984 0 19.20641326904297
			vertex -65.35897064208984 3 19.20641326904297
			vertex -65 3 19.25
		endloop
	endfacet
	facet normal 0.12053614522252294 0 -0.9927089390626513
		outer loop
			vertex -65.35897064208984 0 19.20641326904297
			vertex -65 3 19.25
			vertex -65 0 19.25
		endloop
	endfacet
	facet normal 0.5680634882407555 0 -0.8229847345654385
		outer loop
			vertex -65.69708251953125 0 19.078184127807617
			vertex -65.99468231201172 3 18.872766494750977
			vertex -65.69708251953125 3 19.078184127807617
		endloop
	endfacet
	facet normal 0.35460541900537196 0 -0.9350160409383491
		outer loop
			vertex -65.69708251953125 0 19.078184127807617
			vertex -65.69708251953125 3 19.078184127807617
			vertex -65.35897064208984 3 19.20641326904297
		endloop
	endfacet
	facet normal 0.35460541900537196 0 -0.9350160409383491
		outer loop
			vertex -65.69708251953125 0 19.078184127807617
			vertex -65.35897064208984 3 19.20641326904297
			vertex -65.35897064208984 0 19.20641326904297
		endloop
	endfacet
	facet normal 0.5680634882407555 0 -0.8229847345654385
		outer loop
			vertex -65.99468231201172 0 18.872766494750977
			vertex -65.99468231201172 3 18.872766494750977
			vertex -65.69708251953125 0 19.078184127807617
		endloop
	endfacet
	facet normal 0.7485118046442782 0 -0.6631214657271819
		outer loop
			vertex -66.2344741821289 0 18.602096557617188
			vertex -66.2344741821289 3 18.602096557617188
			vertex -65.99468231201172 3 18.872766494750977
		endloop
	endfacet
	facet normal 0.7485118046442782 0 -0.6631214657271819
		outer loop
			vertex -66.2344741821289 0 18.602096557617188
			vertex -65.99468231201172 3 18.872766494750977
			vertex -65.99468231201172 0 18.872766494750977
		endloop
	endfacet
	facet normal 0.9709410802760327 0 -0.23931865500292893
		outer loop
			vertex -66.40252685546875 0 18.28190803527832
			vertex -66.48906707763672 3 17.930805206298828
			vertex -66.40252685546875 3 18.28190803527832
		endloop
	endfacet
	facet normal 0.8854505939401497 0 -0.4647335211613603
		outer loop
			vertex -66.40252685546875 0 18.28190803527832
			vertex -66.40252685546875 3 18.28190803527832
			vertex -66.2344741821289 3 18.602096557617188
		endloop
	endfacet
	facet normal 0.8854505939401497 0 -0.4647335211613603
		outer loop
			vertex -66.40252685546875 0 18.28190803527832
			vertex -66.2344741821289 3 18.602096557617188
			vertex -66.2344741821289 0 18.602096557617188
		endloop
	endfacet
	facet normal 1 0 0
		outer loop
			vertex -66.48906707763672 0 17.930805206298828
			vertex -66.48906707763672 3 17.569194793701172
			vertex -66.48906707763672 3 17.930805206298828
		endloop
	endfacet
	facet normal 0.9709410802760327 0 -0.23931865500292893
		outer loop
			vertex -66.48906707763672 0 17.930805206298828
			vertex -66.48906707763672 3 17.930805206298828
			vertex -66.40252685546875 0 18.28190803527832
		endloop
	endfacet
	facet normal 1 0 0
		outer loop
			vertex -66.48906707763672 0 17.569194793701172
			vertex -66.48906707763672 3 17.569194793701172
			vertex -66.48906707763672 0 17.930805206298828
		endloop
	endfacet
	facet normal 0.9709410802760327 0 0.23931865500292893
		outer loop
			vertex -66.40252685546875 0 17.21809196472168
			vertex -66.40252685546875 3 17.21809196472168
			vertex -66.48906707763672 3 17.569194793701172
		endloop
	endfacet
	facet normal 0.9709410802760327 0 0.23931865500292893
		outer loop
			vertex -66.40252685546875 0 17.21809196472168
			vertex -66.48906707763672 3 17.569194793701172
			vertex -66.48906707763672 0 17.569194793701172
		endloop
	endfacet
	facet normal 0.7485118046442782 0 0.6631214657271819
		outer loop
			vertex -66.2344741821289 0 16.897903442382812
			vertex -65.99468231201172 3 16.627233505249023
			vertex -66.2344741821289 3 16.897903442382812
		endloop
	endfacet
	facet normal 0.8854505939401497 0 0.4647335211613603
		outer loop
			vertex -66.2344741821289 0 16.897903442382812
			vertex -66.2344741821289 3 16.897903442382812
			vertex -66.40252685546875 3 17.21809196472168
		endloop
	endfacet
	facet normal 0.8854505939401497 0 0.4647335211613603
		outer loop
			vertex -66.2344741821289 0 16.897903442382812
			vertex -66.40252685546875 3 17.21809196472168
			vertex -66.40252685546875 0 17.21809196472168
		endloop
	endfacet
	facet normal 0.7485118046442782 0 0.6631214657271819
		outer loop
			vertex -65.99468231201172 0 16.627233505249023
			vertex -65.99468231201172 3 16.627233505249023
			vertex -66.2344741821289 0 16.897903442382812
		endloop
	endfacet
	facet normal 0.5680634882407555 0 0.8229847345654385
		outer loop
			vertex -65.69708251953125 0 16.421815872192383
			vertex -65.99468231201172 3 16.627233505249023
			vertex -65.99468231201172 0 16.627233505249023
		endloop
	endfacet
	facet normal 0.5680634882407555 0 0.8229847345654385
		outer loop
			vertex -65.69708251953125 0 16.421815872192383
			vertex -65.69708251953125 3 16.421815872192383
			vertex -65.99468231201172 3 16.627233505249023
		endloop
	endfacet
	facet normal 0.35460541900537196 0 0.9350160409383491
		outer loop
			vertex -65.35897064208984 0 16.29358673095703
			vertex -65.69708251953125 3 16.421815872192383
			vertex -65.69708251953125 0 16.421815872192383
		endloop
	endfacet
	facet normal 0.12053614522252294 0 0.9927089390626513
		outer loop
			vertex -65.35897064208984 0 16.29358673095703
			vertex -65 3 16.25
			vertex -65.35897064208984 3 16.29358673095703
		endloop
	endfacet
	facet normal 0.35460541900537196 0 0.9350160409383491
		outer loop
			vertex -65.35897064208984 0 16.29358673095703
			vertex -65.35897064208984 3 16.29358673095703
			vertex -65.69708251953125 3 16.421815872192383
		endloop
	endfacet
	facet normal 0.12053614522252294 0 0.9927089390626513
		outer loop
			vertex -65 0 16.25
			vertex -65 3 16.25
			vertex -65.35897064208984 0 16.29358673095703
		endloop
	endfacet
	facet normal -0.12053614522252294 0 0.9927089390626513
		outer loop
			vertex -64.64102935791016 0 16.29358673095703
			vertex -65 3 16.25
			vertex -65 0 16.25
		endloop
	endfacet
	facet normal -0.35460541900537196 0 0.9350160409383491
		outer loop
			vertex -64.64102935791016 0 16.29358673095703
			vertex -64.30291748046875 3 16.421815872192383
			vertex -64.64102935791016 3 16.29358673095703
		endloop
	endfacet
	facet normal -0.12053614522252294 0 0.9927089390626513
		outer loop
			vertex -64.64102935791016 0 16.29358673095703
			vertex -64.64102935791016 3 16.29358673095703
			vertex -65 3 16.25
		endloop
	endfacet
	facet normal -0.35460541900537196 0 0.9350160409383491
		outer loop
			vertex -64.30291748046875 0 16.421815872192383
			vertex -64.30291748046875 3 16.421815872192383
			vertex -64.64102935791016 0 16.29358673095703
		endloop
	endfacet
	facet normal -0.7485118046442782 0 0.6631214657271819
		outer loop
			vertex -64.00531768798828 0 16.627233505249023
			vertex -63.765525817871094 3 16.897903442382812
			vertex -64.00531768798828 3 16.627233505249023
		endloop
	endfacet
	facet normal -0.5680634882407555 0 0.8229847345654385
		outer loop
			vertex -64.00531768798828 0 16.627233505249023
			vertex -64.00531768798828 3 16.627233505249023
			vertex -64.30291748046875 3 16.421815872192383
		endloop
	endfacet
	facet normal -0.5680634882407555 0 0.8229847345654385
		outer loop
			vertex -64.00531768798828 0 16.627233505249023
			vertex -64.30291748046875 3 16.421815872192383
			vertex -64.30291748046875 0 16.421815872192383
		endloop
	endfacet
	facet normal -0.7485118046442782 0 0.6631214657271819
		outer loop
			vertex -63.765525817871094 0 16.897903442382812
			vertex -63.765525817871094 3 16.897903442382812
			vertex -64.00531768798828 0 16.627233505249023
		endloop
	endfacet
	facet normal -0.9709410802760327 0 0.23931865500292893
		outer loop
			vertex -63.597476959228516 0 17.21809196472168
			vertex -63.51093673706055 3 17.569194793701172
			vertex -63.597476959228516 3 17.21809196472168
		endloop
	endfacet
	facet normal -0.885454934894803 0 0.4647252503043498
		outer loop
			vertex -63.597476959228516 0 17.21809196472168
			vertex -63.597476959228516 3 17.21809196472168
			vertex -63.765525817871094 3 16.897903442382812
		endloop
	endfacet
	facet normal -0.885454934894803 0 0.4647252503043498
		outer loop
			vertex -63.597476959228516 0 17.21809196472168
			vertex -63.765525817871094 3 16.897903442382812
			vertex -63.765525817871094 0 16.897903442382812
		endloop
	endfacet
	facet normal -0.9709410802760327 0 0.23931865500292893
		outer loop
			vertex -63.51093673706055 0 17.569194793701172
			vertex -63.51093673706055 3 17.569194793701172
			vertex -63.597476959228516 0 17.21809196472168
		endloop
	endfacet
	facet normal -0.9709410802760327 0 -0.23931865500292893
		outer loop
			vertex -63.51093673706055 0 17.930805206298828
			vertex -63.597476959228516 3 18.28190803527832
			vertex -63.51093673706055 3 17.930805206298828
		endloop
	endfacet
	facet normal -1 0 0
		outer loop
			vertex -63.51093673706055 0 17.930805206298828
			vertex -63.51093673706055 3 17.930805206298828
			vertex -63.51093673706055 3 17.569194793701172
		endloop
	endfacet
	facet normal -1 0 0
		outer loop
			vertex -63.51093673706055 0 17.930805206298828
			vertex -63.51093673706055 3 17.569194793701172
			vertex -63.51093673706055 0 17.569194793701172
		endloop
	endfacet
	facet normal -0.9709410802760327 0 -0.23931865500292893
		outer loop
			vertex -63.597476959228516 0 18.28190803527832
			vertex -63.597476959228516 3 18.28190803527832
			vertex -63.51093673706055 0 17.930805206298828
		endloop
	endfacet
	facet normal -0.885454934894803 0 -0.4647252503043498
		outer loop
			vertex -63.765525817871094 0 18.602096557617188
			vertex -63.765525817871094 3 18.602096557617188
			vertex -63.597476959228516 3 18.28190803527832
		endloop
	endfacet
	facet normal -0.885454934894803 0 -0.4647252503043498
		outer loop
			vertex -63.765525817871094 0 18.602096557617188
			vertex -63.597476959228516 3 18.28190803527832
			vertex -63.597476959228516 0 18.28190803527832
		endloop
	endfacet
	facet normal -0.7485118046442782 0 -0.6631214657271819
		outer loop
			vertex -64.00531768798828 0 18.872766494750977
			vertex -64.00531768798828 3 18.872766494750977
			vertex -63.765525817871094 3 18.602096557617188
		endloop
	endfacet
	facet normal -0.7485118046442782 0 -0.6631214657271819
		outer loop
			vertex -64.00531768798828 0 18.872766494750977
			vertex -63.765525817871094 3 18.602096557617188
			vertex -63.765525817871094 0 18.602096557617188
		endloop
	endfacet
	facet normal -0.5680634882407555 0 -0.8229847345654385
		outer loop
			vertex -64.30291748046875 0 19.078184127807617
			vertex -64.30291748046875 3 19.078184127807617
			vertex -64.00531768798828 3 18.872766494750977
		endloop
	endfacet
	facet normal -0.5680634882407555 0 -0.8229847345654385
		outer loop
			vertex -64.30291748046875 0 19.078184127807617
			vertex -64.00531768798828 3 18.872766494750977
			vertex -64.00531768798828 0 18.872766494750977
		endloop
	endfacet
	facet normal -0.35460541900537196 0 -0.9350160409383491
		outer loop
			vertex -64.64102935791016 0 19.20641326904297
			vertex -64.64102935791016 3 19.20641326904297
			vertex -64.30291748046875 3 19.078184127807617
		endloop
	endfacet
	facet normal -0.35460541900537196 0 -0.9350160409383491
		outer loop
			vertex -64.64102935791016 0 19.20641326904297
			vertex -64.30291748046875 3 19.078184127807617
			vertex -64.30291748046875 0 19.078184127807617
		endloop
	endfacet
	facet normal -0.12053614522252294 0 -0.9927089390626513
		outer loop
			vertex -65 0 19.25
			vertex -65 3 19.25
			vertex -64.64102935791016 3 19.20641326904297
		endloop
	endfacet
	facet normal -0.12053614522252294 0 -0.9927089390626513
		outer loop
			vertex -65 0 19.25
			vertex -64.64102935791016 3 19.20641326904297
			vertex -64.64102935791016 0 19.20641326904297
		endloop
	endfacet
	facet normal -0.12053614522252294 0 0.9927089390626513
		outer loop
			vertex 64.64102935791016 0 19.20641326904297
			vertex 65 3 19.25
			vertex 64.64102935791016 3 19.20641326904297
		endloop
	endfacet
	facet normal -0.12053614522252294 0 0.9927089390626513
		outer loop
			vertex 64.64102935791016 0 19.20641326904297
			vertex 65 0 19.25
			vertex 65 3 19.25
		endloop
	endfacet
	facet normal -0.5680634882407555 0 0.8229847345654385
		outer loop
			vertex 64.30291748046875 0 19.078184127807617
			vertex 64.30291748046875 3 19.078184127807617
			vertex 64.00531768798828 3 18.872766494750977
		endloop
	endfacet
	facet normal -0.35460541900537196 0 0.9350160409383491
		outer loop
			vertex 64.30291748046875 0 19.078184127807617
			vertex 64.64102935791016 3 19.20641326904297
			vertex 64.30291748046875 3 19.078184127807617
		endloop
	endfacet
	facet normal -0.35460541900537196 0 0.9350160409383491
		outer loop
			vertex 64.30291748046875 0 19.078184127807617
			vertex 64.64102935791016 0 19.20641326904297
			vertex 64.64102935791016 3 19.20641326904297
		endloop
	endfacet
	facet normal -0.5680634882407555 0 0.8229847345654385
		outer loop
			vertex 64.00531768798828 0 18.872766494750977
			vertex 64.30291748046875 0 19.078184127807617
			vertex 64.00531768798828 3 18.872766494750977
		endloop
	endfacet
	facet normal -0.7485118046442782 0 0.6631214657271819
		outer loop
			vertex 63.765525817871094 0 18.602096557617188
			vertex 64.00531768798828 3 18.872766494750977
			vertex 63.765525817871094 3 18.602096557617188
		endloop
	endfacet
	facet normal -0.7485118046442782 0 0.6631214657271819
		outer loop
			vertex 63.765525817871094 0 18.602096557617188
			vertex 64.00531768798828 0 18.872766494750977
			vertex 64.00531768798828 3 18.872766494750977
		endloop
	endfacet
	facet normal -0.9709410802760327 0 0.23931865500292893
		outer loop
			vertex 63.597476959228516 0 18.28190803527832
			vertex 63.597476959228516 3 18.28190803527832
			vertex 63.51093673706055 3 17.930805206298828
		endloop
	endfacet
	facet normal -0.885454934894803 0 0.4647252503043498
		outer loop
			vertex 63.597476959228516 0 18.28190803527832
			vertex 63.765525817871094 3 18.602096557617188
			vertex 63.597476959228516 3 18.28190803527832
		endloop
	endfacet
	facet normal -0.885454934894803 0 0.4647252503043498
		outer loop
			vertex 63.597476959228516 0 18.28190803527832
			vertex 63.765525817871094 0 18.602096557617188
			vertex 63.765525817871094 3 18.602096557617188
		endloop
	endfacet
	facet normal -1 0 0
		outer loop
			vertex 63.51093673706055 0 17.930805206298828
			vertex 63.51093673706055 3 17.930805206298828
			vertex 63.51093673706055 3 17.569194793701172
		endloop
	endfacet
	facet normal -0.9709410802760327 0 0.23931865500292893
		outer loop
			vertex 63.51093673706055 0 17.930805206298828
			vertex 63.597476959228516 0 18.28190803527832
			vertex 63.51093673706055 3 17.930805206298828
		endloop
	endfacet
	facet normal -1 0 0
		outer loop
			vertex 63.51093673706055 0 17.569194793701172
			vertex 63.51093673706055 0 17.930805206298828
			vertex 63.51093673706055 3 17.569194793701172
		endloop
	endfacet
	facet normal -0.9709410802760327 0 -0.23931865500292893
		outer loop
			vertex 63.597476959228516 0 17.21809196472168
			vertex 63.51093673706055 3 17.569194793701172
			vertex 63.597476959228516 3 17.21809196472168
		endloop
	endfacet
	facet normal -0.9709410802760327 0 -0.23931865500292893
		outer loop
			vertex 63.597476959228516 0 17.21809196472168
			vertex 63.51093673706055 0 17.569194793701172
			vertex 63.51093673706055 3 17.569194793701172
		endloop
	endfacet
	facet normal -0.7485118046442782 0 -0.6631214657271819
		outer loop
			vertex 63.765525817871094 0 16.897903442382812
			vertex 63.765525817871094 3 16.897903442382812
			vertex 64.00531768798828 3 16.627233505249023
		endloop
	endfacet
	facet normal -0.885454934894803 0 -0.4647252503043498
		outer loop
			vertex 63.765525817871094 0 16.897903442382812
			vertex 63.597476959228516 3 17.21809196472168
			vertex 63.765525817871094 3 16.897903442382812
		endloop
	endfacet
	facet normal -0.885454934894803 0 -0.4647252503043498
		outer loop
			vertex 63.765525817871094 0 16.897903442382812
			vertex 63.597476959228516 0 17.21809196472168
			vertex 63.597476959228516 3 17.21809196472168
		endloop
	endfacet
	facet normal -0.7485118046442782 0 -0.6631214657271819
		outer loop
			vertex 64.00531768798828 0 16.627233505249023
			vertex 63.765525817871094 0 16.897903442382812
			vertex 64.00531768798828 3 16.627233505249023
		endloop
	endfacet
	facet normal -0.5680634882407555 0 -0.8229847345654385
		outer loop
			vertex 64.30291748046875 0 16.421815872192383
			vertex 64.00531768798828 0 16.627233505249023
			vertex 64.00531768798828 3 16.627233505249023
		endloop
	endfacet
	facet normal -0.5680634882407555 0 -0.8229847345654385
		outer loop
			vertex 64.30291748046875 0 16.421815872192383
			vertex 64.00531768798828 3 16.627233505249023
			vertex 64.30291748046875 3 16.421815872192383
		endloop
	endfacet
	facet normal -0.35460541900537196 0 -0.9350160409383491
		outer loop
			vertex 64.64102935791016 0 16.29358673095703
			vertex 64.30291748046875 0 16.421815872192383
			vertex 64.30291748046875 3 16.421815872192383
		endloop
	endfacet
	facet normal -0.12053614522252294 0 -0.9927089390626513
		outer loop
			vertex 64.64102935791016 0 16.29358673095703
			vertex 64.64102935791016 3 16.29358673095703
			vertex 65 3 16.25
		endloop
	endfacet
	facet normal -0.35460541900537196 0 -0.9350160409383491
		outer loop
			vertex 64.64102935791016 0 16.29358673095703
			vertex 64.30291748046875 3 16.421815872192383
			vertex 64.64102935791016 3 16.29358673095703
		endloop
	endfacet
	facet normal -0.12053614522252294 0 -0.9927089390626513
		outer loop
			vertex 65 0 16.25
			vertex 64.64102935791016 0 16.29358673095703
			vertex 65 3 16.25
		endloop
	endfacet
	facet normal 0.12053614522252294 0 -0.9927089390626513
		outer loop
			vertex 65.35897064208984 0 16.29358673095703
			vertex 65 0 16.25
			vertex 65 3 16.25
		endloop
	endfacet
	facet normal 0.35460541900537196 0 -0.9350160409383491
		outer loop
			vertex 65.35897064208984 0 16.29358673095703
			vertex 65.35897064208984 3 16.29358673095703
			vertex 65.69708251953125 3 16.421815872192383
		endloop
	endfacet
	facet normal 0.12053614522252294 0 -0.9927089390626513
		outer loop
			vertex 65.35897064208984 0 16.29358673095703
			vertex 65 3 16.25
			vertex 65.35897064208984 3 16.29358673095703
		endloop
	endfacet
	facet normal 0.35460541900537196 0 -0.9350160409383491
		outer loop
			vertex 65.69708251953125 0 16.421815872192383
			vertex 65.35897064208984 0 16.29358673095703
			vertex 65.69708251953125 3 16.421815872192383
		endloop
	endfacet
	facet normal 0.7485118046442782 0 -0.6631214657271819
		outer loop
			vertex 65.99468231201172 0 16.627233505249023
			vertex 65.99468231201172 3 16.627233505249023
			vertex 66.2344741821289 3 16.897903442382812
		endloop
	endfacet
	facet normal 0.5680634882407555 0 -0.8229847345654385
		outer loop
			vertex 65.99468231201172 0 16.627233505249023
			vertex 65.69708251953125 3 16.421815872192383
			vertex 65.99468231201172 3 16.627233505249023
		endloop
	endfacet
	facet normal 0.5680634882407555 0 -0.8229847345654385
		outer loop
			vertex 65.99468231201172 0 16.627233505249023
			vertex 65.69708251953125 0 16.421815872192383
			vertex 65.69708251953125 3 16.421815872192383
		endloop
	endfacet
	facet normal 0.7485118046442782 0 -0.6631214657271819
		outer loop
			vertex 66.2344741821289 0 16.897903442382812
			vertex 65.99468231201172 0 16.627233505249023
			vertex 66.2344741821289 3 16.897903442382812
		endloop
	endfacet
	facet normal 0.9709410802760327 0 -0.23931865500292893
		outer loop
			vertex 66.40252685546875 0 17.21809196472168
			vertex 66.40252685546875 3 17.21809196472168
			vertex 66.48906707763672 3 17.569194793701172
		endloop
	endfacet
	facet normal 0.8854505939401497 0 -0.4647335211613603
		outer loop
			vertex 66.40252685546875 0 17.21809196472168
			vertex 66.2344741821289 3 16.897903442382812
			vertex 66.40252685546875 3 17.21809196472168
		endloop
	endfacet
	facet normal 0.8854505939401497 0 -0.4647335211613603
		outer loop
			vertex 66.40252685546875 0 17.21809196472168
			vertex 66.2344741821289 0 16.897903442382812
			vertex 66.2344741821289 3 16.897903442382812
		endloop
	endfacet
	facet normal 0.9709410802760327 0 -0.23931865500292893
		outer loop
			vertex 66.48906707763672 0 17.569194793701172
			vertex 66.40252685546875 0 17.21809196472168
			vertex 66.48906707763672 3 17.569194793701172
		endloop
	endfacet
	facet normal 0.9709410802760327 0 0.23931865500292893
		outer loop
			vertex 66.48906707763672 0 17.930805206298828
			vertex 66.48906707763672 3 17.930805206298828
			vertex 66.40252685546875 3 18.28190803527832
		endloop
	endfacet
	facet normal 1 0 0
		outer loop
			vertex 66.48906707763672 0 17.930805206298828
			vertex 66.48906707763672 3 17.569194793701172
			vertex 66.48906707763672 3 17.930805206298828
		endloop
	endfacet
	facet normal 1 0 0
		outer loop
			vertex 66.48906707763672 0 17.930805206298828
			vertex 66.48906707763672 0 17.569194793701172
			vertex 66.48906707763672 3 17.569194793701172
		endloop
	endfacet
	facet normal 0.9709410802760327 0 0.23931865500292893
		outer loop
			vertex 66.40252685546875 0 18.28190803527832
			vertex 66.48906707763672 0 17.930805206298828
			vertex 66.40252685546875 3 18.28190803527832
		endloop
	endfacet
	facet normal 0.8854505939401497 0 0.4647335211613603
		outer loop
			vertex 66.2344741821289 0 18.602096557617188
			vertex 66.40252685546875 3 18.28190803527832
			vertex 66.2344741821289 3 18.602096557617188
		endloop
	endfacet
	facet normal 0.8854505939401497 0 0.4647335211613603
		outer loop
			vertex 66.2344741821289 0 18.602096557617188
			vertex 66.40252685546875 0 18.28190803527832
			vertex 66.40252685546875 3 18.28190803527832
		endloop
	endfacet
	facet normal 0.7485118046442782 0 0.6631214657271819
		outer loop
			vertex 65.99468231201172 0 18.872766494750977
			vertex 66.2344741821289 3 18.602096557617188
			vertex 65.99468231201172 3 18.872766494750977
		endloop
	endfacet
	facet normal 0.7485118046442782 0 0.6631214657271819
		outer loop
			vertex 65.99468231201172 0 18.872766494750977
			vertex 66.2344741821289 0 18.602096557617188
			vertex 66.2344741821289 3 18.602096557617188
		endloop
	endfacet
	facet normal 0.5680634882407555 0 0.8229847345654385
		outer loop
			vertex 65.69708251953125 0 19.078184127807617
			vertex 65.99468231201172 3 18.872766494750977
			vertex 65.69708251953125 3 19.078184127807617
		endloop
	endfacet
	facet normal 0.5680634882407555 0 0.8229847345654385
		outer loop
			vertex 65.69708251953125 0 19.078184127807617
			vertex 65.99468231201172 0 18.872766494750977
			vertex 65.99468231201172 3 18.872766494750977
		endloop
	endfacet
	facet normal 0.35460541900537196 0 0.9350160409383491
		outer loop
			vertex 65.35897064208984 0 19.20641326904297
			vertex 65.69708251953125 3 19.078184127807617
			vertex 65.35897064208984 3 19.20641326904297
		endloop
	endfacet
	facet normal 0.35460541900537196 0 0.9350160409383491
		outer loop
			vertex 65.35897064208984 0 19.20641326904297
			vertex 65.69708251953125 0 19.078184127807617
			vertex 65.69708251953125 3 19.078184127807617
		endloop
	endfacet
	facet normal 0.12053614522252294 0 0.9927089390626513
		outer loop
			vertex 65 0 19.25
			vertex 65.35897064208984 3 19.20641326904297
			vertex 65 3 19.25
		endloop
	endfacet
	facet normal 0.12053614522252294 0 0.9927089390626513
		outer loop
			vertex 65 0 19.25
			vertex 65.35897064208984 0 19.20641326904297
			vertex 65.35897064208984 3 19.20641326904297
		endloop
	endfacet
	facet normal -0.12053642142902336 0 0.9927089055252225
		outer loop
			vertex 54.5427360534668 0 3.8837673664093018
			vertex 55.5 3 4
			vertex 54.5427360534668 3 3.8837673664093018
		endloop
	endfacet
	facet normal -0.12053642142902336 0 0.9927089055252225
		outer loop
			vertex 54.5427360534668 0 3.8837673664093018
			vertex 55.5 0 4
			vertex 55.5 3 4
		endloop
	endfacet
	facet normal -0.3546048474875386 0 0.9350162576866456
		outer loop
			vertex 53.64110565185547 0 3.5418241024017334
			vertex 54.5427360534668 3 3.8837673664093018
			vertex 53.64110565185547 3 3.5418241024017334
		endloop
	endfacet
	facet normal -0.3546048474875386 0 0.9350162576866456
		outer loop
			vertex 53.64110565185547 0 3.5418241024017334
			vertex 54.5427360534668 0 3.8837673664093018
			vertex 54.5427360534668 3 3.8837673664093018
		endloop
	endfacet
	facet normal -0.5680645512825666 0 0.8229840008020427
		outer loop
			vertex 52.84750747680664 0 2.9940431118011475
			vertex 53.64110565185547 3 3.5418241024017334
			vertex 52.84750747680664 3 2.9940431118011475
		endloop
	endfacet
	facet normal -0.5680645512825666 0 0.8229840008020427
		outer loop
			vertex 52.84750747680664 0 2.9940431118011475
			vertex 53.64110565185547 0 3.5418241024017334
			vertex 53.64110565185547 3 3.5418241024017334
		endloop
	endfacet
	facet normal -0.8854551398481368 0 0.46472485980041617
		outer loop
			vertex 52.208065032958984 0 2.272258996963501
			vertex 52.208065032958984 3 2.272258996963501
			vertex 51.75993347167969 3 1.418419599533081
		endloop
	endfacet
	facet normal -0.7485120264607912 0 0.6631212153472094
		outer loop
			vertex 52.208065032958984 0 2.272258996963501
			vertex 52.84750747680664 3 2.9940431118011475
			vertex 52.208065032958984 3 2.272258996963501
		endloop
	endfacet
	facet normal -0.7485120264607912 0 0.6631212153472094
		outer loop
			vertex 52.208065032958984 0 2.272258996963501
			vertex 52.84750747680664 0 2.9940431118011475
			vertex 52.84750747680664 3 2.9940431118011475
		endloop
	endfacet
	facet normal -0.8854551398481368 0 0.46472485980041617
		outer loop
			vertex 51.75993347167969 0 1.418419599533081
			vertex 52.208065032958984 0 2.272258996963501
			vertex 51.75993347167969 3 1.418419599533081
		endloop
	endfacet
	facet normal -0.9709419210180841 0 0.23931524399777093
		outer loop
			vertex 51.5291633605957 0 0.4821467101573944
			vertex 51.75993347167969 3 1.418419599533081
			vertex 51.5291633605957 3 0.4821467101573944
		endloop
	endfacet
	facet normal -0.9709419210180841 0 0.23931524399777093
		outer loop
			vertex 51.5291633605957 0 0.4821467101573944
			vertex 51.75993347167969 0 1.418419599533081
			vertex 51.75993347167969 3 1.418419599533081
		endloop
	endfacet
	facet normal -0.9709419210180841 0 -0.23931524399777093
		outer loop
			vertex 51.5291633605957 0 -0.4821467101573944
			vertex 51.5291633605957 3 -0.4821467101573944
			vertex 51.75993347167969 3 -1.418419599533081
		endloop
	endfacet
	facet normal -1 0 0
		outer loop
			vertex 51.5291633605957 0 -0.4821467101573944
			vertex 51.5291633605957 3 0.4821467101573944
			vertex 51.5291633605957 3 -0.4821467101573944
		endloop
	endfacet
	facet normal -1 0 0
		outer loop
			vertex 51.5291633605957 0 -0.4821467101573944
			vertex 51.5291633605957 0 0.4821467101573944
			vertex 51.5291633605957 3 0.4821467101573944
		endloop
	endfacet
	facet normal -0.9709419210180841 0 -0.23931524399777093
		outer loop
			vertex 51.75993347167969 0 -1.418419599533081
			vertex 51.5291633605957 0 -0.4821467101573944
			vertex 51.75993347167969 3 -1.418419599533081
		endloop
	endfacet
	facet normal -0.8854551398481368 0 -0.46472485980041617
		outer loop
			vertex 52.208065032958984 0 -2.272258996963501
			vertex 51.75993347167969 3 -1.418419599533081
			vertex 52.208065032958984 3 -2.272258996963501
		endloop
	endfacet
	facet normal -0.8854551398481368 0 -0.46472485980041617
		outer loop
			vertex 52.208065032958984 0 -2.272258996963501
			vertex 51.75993347167969 0 -1.418419599533081
			vertex 51.75993347167969 3 -1.418419599533081
		endloop
	endfacet
	facet normal -0.7485120264607912 0 -0.6631212153472094
		outer loop
			vertex 52.84750747680664 0 -2.9940431118011475
			vertex 52.208065032958984 3 -2.272258996963501
			vertex 52.84750747680664 3 -2.9940431118011475
		endloop
	endfacet
	facet normal -0.7485120264607912 0 -0.6631212153472094
		outer loop
			vertex 52.84750747680664 0 -2.9940431118011475
			vertex 52.208065032958984 0 -2.272258996963501
			vertex 52.208065032958984 3 -2.272258996963501
		endloop
	endfacet
	facet normal -0.5680645512825666 0 -0.8229840008020427
		outer loop
			vertex 53.64110565185547 0 -3.5418241024017334
			vertex 52.84750747680664 0 -2.9940431118011475
			vertex 52.84750747680664 3 -2.9940431118011475
		endloop
	endfacet
	facet normal -0.5680645512825666 0 -0.8229840008020427
		outer loop
			vertex 53.64110565185547 0 -3.5418241024017334
			vertex 52.84750747680664 3 -2.9940431118011475
			vertex 53.64110565185547 3 -3.5418241024017334
		endloop
	endfacet
	facet normal -0.3546048474875386 0 -0.9350162576866456
		outer loop
			vertex 54.5427360534668 0 -3.8837673664093018
			vertex 53.64110565185547 0 -3.5418241024017334
			vertex 53.64110565185547 3 -3.5418241024017334
		endloop
	endfacet
	facet normal -0.3546048474875386 0 -0.9350162576866456
		outer loop
			vertex 54.5427360534668 0 -3.8837673664093018
			vertex 53.64110565185547 3 -3.5418241024017334
			vertex 54.5427360534668 3 -3.8837673664093018
		endloop
	endfacet
	facet normal -0.12053642142902336 0 -0.9927089055252225
		outer loop
			vertex 55.5 0 -4
			vertex 54.5427360534668 0 -3.8837673664093018
			vertex 54.5427360534668 3 -3.8837673664093018
		endloop
	endfacet
	facet normal 0.12053642142902336 0 -0.9927089055252225
		outer loop
			vertex 55.5 0 -4
			vertex 55.5 3 -4
			vertex 56.4572639465332 3 -3.8837673664093018
		endloop
	endfacet
	facet normal -0.12053642142902336 0 -0.9927089055252225
		outer loop
			vertex 55.5 0 -4
			vertex 54.5427360534668 3 -3.8837673664093018
			vertex 55.5 3 -4
		endloop
	endfacet
	facet normal 0.12053642142902336 0 -0.9927089055252225
		outer loop
			vertex 56.4572639465332 0 -3.8837673664093018
			vertex 55.5 0 -4
			vertex 56.4572639465332 3 -3.8837673664093018
		endloop
	endfacet
	facet normal 0.3546048474875386 0 -0.9350162576866456
		outer loop
			vertex 57.35889434814453 0 -3.5418241024017334
			vertex 56.4572639465332 3 -3.8837673664093018
			vertex 57.35889434814453 3 -3.5418241024017334
		endloop
	endfacet
	facet normal 0.3546048474875386 0 -0.9350162576866456
		outer loop
			vertex 57.35889434814453 0 -3.5418241024017334
			vertex 56.4572639465332 0 -3.8837673664093018
			vertex 56.4572639465332 3 -3.8837673664093018
		endloop
	endfacet
	facet normal 0.5680645512825666 0 -0.8229840008020427
		outer loop
			vertex 58.15249252319336 0 -2.9940431118011475
			vertex 57.35889434814453 3 -3.5418241024017334
			vertex 58.15249252319336 3 -2.9940431118011475
		endloop
	endfacet
	facet normal 0.5680645512825666 0 -0.8229840008020427
		outer loop
			vertex 58.15249252319336 0 -2.9940431118011475
			vertex 57.35889434814453 0 -3.5418241024017334
			vertex 57.35889434814453 3 -3.5418241024017334
		endloop
	endfacet
	facet normal 0.7485120264607912 0 -0.6631212153472094
		outer loop
			vertex 58.791934967041016 0 -2.272258996963501
			vertex 58.15249252319336 3 -2.9940431118011475
			vertex 58.791934967041016 3 -2.272258996963501
		endloop
	endfacet
	facet normal 0.7485120264607912 0 -0.6631212153472094
		outer loop
			vertex 58.791934967041016 0 -2.272258996963501
			vertex 58.15249252319336 0 -2.9940431118011475
			vertex 58.15249252319336 3 -2.9940431118011475
		endloop
	endfacet
	facet normal 0.8854551398481368 0 -0.46472485980041617
		outer loop
			vertex 59.24006652832031 0 -1.418419599533081
			vertex 58.791934967041016 3 -2.272258996963501
			vertex 59.24006652832031 3 -1.418419599533081
		endloop
	endfacet
	facet normal 0.8854551398481368 0 -0.46472485980041617
		outer loop
			vertex 59.24006652832031 0 -1.418419599533081
			vertex 58.791934967041016 0 -2.272258996963501
			vertex 58.791934967041016 3 -2.272258996963501
		endloop
	endfacet
	facet normal 0.9709419210180841 0 -0.23931524399777093
		outer loop
			vertex 59.4708366394043 0 -0.4821467101573944
			vertex 59.24006652832031 3 -1.418419599533081
			vertex 59.4708366394043 3 -0.4821467101573944
		endloop
	endfacet
	facet normal 0.9709419210180841 0 -0.23931524399777093
		outer loop
			vertex 59.4708366394043 0 -0.4821467101573944
			vertex 59.24006652832031 0 -1.418419599533081
			vertex 59.24006652832031 3 -1.418419599533081
		endloop
	endfacet
	facet normal 1 0 0
		outer loop
			vertex 59.4708366394043 0 0.4821467101573944
			vertex 59.4708366394043 3 -0.4821467101573944
			vertex 59.4708366394043 3 0.4821467101573944
		endloop
	endfacet
	facet normal 1 0 0
		outer loop
			vertex 59.4708366394043 0 0.4821467101573944
			vertex 59.4708366394043 0 -0.4821467101573944
			vertex 59.4708366394043 3 -0.4821467101573944
		endloop
	endfacet
	facet normal 0.9709419210180841 0 0.23931524399777093
		outer loop
			vertex 59.24006652832031 0 1.418419599533081
			vertex 59.4708366394043 3 0.4821467101573944
			vertex 59.24006652832031 3 1.418419599533081
		endloop
	endfacet
	facet normal 0.9709419210180841 0 0.23931524399777093
		outer loop
			vertex 59.24006652832031 0 1.418419599533081
			vertex 59.4708366394043 0 0.4821467101573944
			vertex 59.4708366394043 3 0.4821467101573944
		endloop
	endfacet
	facet normal 0.8854551398481368 0 0.46472485980041617
		outer loop
			vertex 58.791934967041016 0 2.272258996963501
			vertex 59.24006652832031 3 1.418419599533081
			vertex 58.791934967041016 3 2.272258996963501
		endloop
	endfacet
	facet normal 0.8854551398481368 0 0.46472485980041617
		outer loop
			vertex 58.791934967041016 0 2.272258996963501
			vertex 59.24006652832031 0 1.418419599533081
			vertex 59.24006652832031 3 1.418419599533081
		endloop
	endfacet
	facet normal 0.7485120264607912 0 0.6631212153472094
		outer loop
			vertex 58.15249252319336 0 2.9940431118011475
			vertex 58.791934967041016 3 2.272258996963501
			vertex 58.15249252319336 3 2.9940431118011475
		endloop
	endfacet
	facet normal 0.7485120264607912 0 0.6631212153472094
		outer loop
			vertex 58.15249252319336 0 2.9940431118011475
			vertex 58.791934967041016 0 2.272258996963501
			vertex 58.791934967041016 3 2.272258996963501
		endloop
	endfacet
	facet normal 0.5680645512825666 0 0.8229840008020427
		outer loop
			vertex 57.35889434814453 0 3.5418241024017334
			vertex 58.15249252319336 3 2.9940431118011475
			vertex 57.35889434814453 3 3.5418241024017334
		endloop
	endfacet
	facet normal 0.5680645512825666 0 0.8229840008020427
		outer loop
			vertex 57.35889434814453 0 3.5418241024017334
			vertex 58.15249252319336 0 2.9940431118011475
			vertex 58.15249252319336 3 2.9940431118011475
		endloop
	endfacet
	facet normal 0.12053642142902336 0 0.9927089055252225
		outer loop
			vertex 56.4572639465332 0 3.8837673664093018
			vertex 56.4572639465332 3 3.8837673664093018
			vertex 55.5 3 4
		endloop
	endfacet
	facet normal 0.3546048474875386 0 0.9350162576866456
		outer loop
			vertex 56.4572639465332 0 3.8837673664093018
			vertex 57.35889434814453 3 3.5418241024017334
			vertex 56.4572639465332 3 3.8837673664093018
		endloop
	endfacet
	facet normal 0.3546048474875386 0 0.9350162576866456
		outer loop
			vertex 56.4572639465332 0 3.8837673664093018
			vertex 57.35889434814453 0 3.5418241024017334
			vertex 57.35889434814453 3 3.5418241024017334
		endloop
	endfacet
	facet normal 0.12053642142902336 0 0.9927089055252225
		outer loop
			vertex 55.5 0 4
			vertex 56.4572639465332 0 3.8837673664093018
			vertex 55.5 3 4
		endloop
	endfacet
	facet normal 0 0 -1
		outer loop
			vertex 33 0 -20
			vertex 23 0 -20
			vertex 23 3 -20
		endloop
	endfacet
	facet normal 0 0 -1
		outer loop
			vertex 33 3 -20
			vertex 33 0 -20
			vertex 23 3 -20
		endloop
	endfacet
	facet normal 0 0 -1
		outer loop
			vertex 33 0 -26
			vertex 23 0 -26
			vertex 23 3 -26
		endloop
	endfacet
	facet normal 0 0 -1
		outer loop
			vertex 33 3 -26
			vertex 33 0 -26
			vertex 23 3 -26
		endloop
	endfacet
	facet normal 0 0 -1
		outer loop
			vertex 33 0 -32
			vertex 23 0 -32
			vertex 23 3 -32
		endloop
	endfacet
	facet normal 0 0 -1
		outer loop
			vertex 33 3 -32
			vertex 33 0 -32
			vertex 23 3 -32
		endloop
	endfacet
	facet normal 0.1205348829364362 0 -0.9927090923304268
		outer loop
			vertex 33 0 23
			vertex 32.64102554321289 3 22.95641326904297
			vertex 33 3 23
		endloop
	endfacet
	facet normal 0.1205348829364362 0 -0.9927090923304268
		outer loop
			vertex 32.64102554321289 0 22.95641326904297
			vertex 32.64102554321289 3 22.95641326904297
			vertex 33 0 23
		endloop
	endfacet
	facet normal 0.35460541900537196 0 -0.9350160409383491
		outer loop
			vertex 32.302913665771484 0 22.828184127807617
			vertex 32.302913665771484 3 22.828184127807617
			vertex 32.64102554321289 3 22.95641326904297
		endloop
	endfacet
	facet normal 0.35460541900537196 0 -0.9350160409383491
		outer loop
			vertex 32.302913665771484 0 22.828184127807617
			vertex 32.64102554321289 3 22.95641326904297
			vertex 32.64102554321289 0 22.95641326904297
		endloop
	endfacet
	facet normal 0.7485091865824214 0 -0.6631244209058523
		outer loop
			vertex 32.00531768798828 0 22.622766494750977
			vertex 31.76552391052246 3 22.352096557617188
			vertex 32.00531768798828 3 22.622766494750977
		endloop
	endfacet
	facet normal 0.5680684201010048 0 -0.8229813303374192
		outer loop
			vertex 32.00531768798828 0 22.622766494750977
			vertex 32.00531768798828 3 22.622766494750977
			vertex 32.302913665771484 3 22.828184127807617
		endloop
	endfacet
	facet normal 0.5680684201010048 0 -0.8229813303374192
		outer loop
			vertex 32.00531768798828 0 22.622766494750977
			vertex 32.302913665771484 3 22.828184127807617
			vertex 32.302913665771484 0 22.828184127807617
		endloop
	endfacet
	facet normal 0.7485091865824214 0 -0.6631244209058523
		outer loop
			vertex 31.76552391052246 0 22.352096557617188
			vertex 31.76552391052246 3 22.352096557617188
			vertex 32.00531768798828 0 22.622766494750977
		endloop
	endfacet
	facet normal 0.885454934894803 0 -0.4647252503043498
		outer loop
			vertex 31.597475051879883 0 22.03190803527832
			vertex 31.597475051879883 3 22.03190803527832
			vertex 31.76552391052246 3 22.352096557617188
		endloop
	endfacet
	facet normal 0.885454934894803 0 -0.4647252503043498
		outer loop
			vertex 31.597475051879883 0 22.03190803527832
			vertex 31.76552391052246 3 22.352096557617188
			vertex 31.76552391052246 0 22.352096557617188
		endloop
	endfacet
	facet normal 1 0 0
		outer loop
			vertex 31.510936737060547 0 21.680805206298828
			vertex 31.510936737060547 3 21.319194793701172
			vertex 31.510936737060547 3 21.680805206298828
		endloop
	endfacet
	facet normal 0.9709423058911132 0 -0.23931368249819748
		outer loop
			vertex 31.510936737060547 0 21.680805206298828
			vertex 31.510936737060547 3 21.680805206298828
			vertex 31.597475051879883 3 22.03190803527832
		endloop
	endfacet
	facet normal 0.9709423058911132 0 -0.23931368249819748
		outer loop
			vertex 31.510936737060547 0 21.680805206298828
			vertex 31.597475051879883 3 22.03190803527832
			vertex 31.597475051879883 0 22.03190803527832
		endloop
	endfacet
	facet normal 0.9709423058911132 0 0.23931368249819748
		outer loop
			vertex 31.510936737060547 0 21.319194793701172
			vertex 31.597475051879883 3 20.96809196472168
			vertex 31.510936737060547 3 21.319194793701172
		endloop
	endfacet
	facet normal 1 0 0
		outer loop
			vertex 31.510936737060547 0 21.319194793701172
			vertex 31.510936737060547 3 21.319194793701172
			vertex 31.510936737060547 0 21.680805206298828
		endloop
	endfacet
	facet normal 0.9709423058911132 0 0.23931368249819748
		outer loop
			vertex 31.597475051879883 0 20.96809196472168
			vertex 31.597475051879883 3 20.96809196472168
			vertex 31.510936737060547 0 21.319194793701172
		endloop
	endfacet
	facet normal 0.885454934894803 0 0.4647252503043498
		outer loop
			vertex 31.76552391052246 0 20.647903442382812
			vertex 31.76552391052246 3 20.647903442382812
			vertex 31.597475051879883 3 20.96809196472168
		endloop
	endfacet
	facet normal 0.885454934894803 0 0.4647252503043498
		outer loop
			vertex 31.76552391052246 0 20.647903442382812
			vertex 31.597475051879883 3 20.96809196472168
			vertex 31.597475051879883 0 20.96809196472168
		endloop
	endfacet
	facet normal 0.7485091865824214 0 0.6631244209058523
		outer loop
			vertex 32.00531768798828 0 20.377233505249023
			vertex 32.00531768798828 3 20.377233505249023
			vertex 31.76552391052246 3 20.647903442382812
		endloop
	endfacet
	facet normal 0.7485091865824214 0 0.6631244209058523
		outer loop
			vertex 32.00531768798828 0 20.377233505249023
			vertex 31.76552391052246 3 20.647903442382812
			vertex 31.76552391052246 0 20.647903442382812
		endloop
	endfacet
	facet normal 0.5680684201010048 0 0.8229813303374192
		outer loop
			vertex 32.302913665771484 0 20.171815872192383
			vertex 32.302913665771484 3 20.171815872192383
			vertex 32.00531768798828 3 20.377233505249023
		endloop
	endfacet
	facet normal 0.5680684201010048 0 0.8229813303374192
		outer loop
			vertex 32.302913665771484 0 20.171815872192383
			vertex 32.00531768798828 3 20.377233505249023
			vertex 32.00531768798828 0 20.377233505249023
		endloop
	endfacet
	facet normal 0.35460541900537196 0 0.9350160409383491
		outer loop
			vertex 32.64102554321289 0 20.04358673095703
			vertex 32.64102554321289 3 20.04358673095703
			vertex 32.302913665771484 3 20.171815872192383
		endloop
	endfacet
	facet normal 0.35460541900537196 0 0.9350160409383491
		outer loop
			vertex 32.64102554321289 0 20.04358673095703
			vertex 32.302913665771484 3 20.171815872192383
			vertex 32.302913665771484 0 20.171815872192383
		endloop
	endfacet
	facet normal 0.1205348829364362 0 0.9927090923304268
		outer loop
			vertex 33 0 20
			vertex 33 3 20
			vertex 32.64102554321289 3 20.04358673095703
		endloop
	endfacet
	facet normal 0.1205348829364362 0 0.9927090923304268
		outer loop
			vertex 33 0 20
			vertex 32.64102554321289 3 20.04358673095703
			vertex 32.64102554321289 0 20.04358673095703
		endloop
	endfacet
	facet normal 0 1 0
		outer loop
			vertex -63.99468231201172 3 -44.122764587402344
			vertex -66.38899230957031 3 -48.32028579711914
			vertex -67.44974517822266 3 -47.44974899291992
		endloop
	endfacet
	facet normal 0 1 0
		outer loop
			vertex -64.2344741821289 3 -43.85209655761719
			vertex -67.44974517822266 3 -47.44974899291992
			vertex -68.3202896118164 3 -46.38899230957031
		endloop
	endfacet
	facet normal 0 1 0
		outer loop
			vertex -64.2344741821289 3 -43.85209655761719
			vertex -63.99468231201172 3 -44.122764587402344
			vertex -67.44974517822266 3 -47.44974899291992
		endloop
	endfacet
	facet normal 0 1 0
		outer loop
			vertex -63.697086334228516 3 -44.328182220458984
			vertex -65.17878723144531 3 -48.96715545654297
			vertex -66.38899230957031 3 -48.32028579711914
		endloop
	endfacet
	facet normal 0 1 0
		outer loop
			vertex -63.697086334228516 3 -44.328182220458984
			vertex -66.38899230957031 3 -48.32028579711914
			vertex -63.99468231201172 3 -44.122764587402344
		endloop
	endfacet
	facet normal 0 1 0
		outer loop
			vertex -64.40252685546875 3 -43.53190612792969
			vertex -68.3202896118164 3 -46.38899230957031
			vertex -68.96715545654297 3 -45.17878341674805
		endloop
	endfacet
	facet normal 0 1 0
		outer loop
			vertex -64.40252685546875 3 -43.53190612792969
			vertex -64.2344741821289 3 -43.85209655761719
			vertex -68.3202896118164 3 -46.38899230957031
		endloop
	endfacet
	facet normal 0 1 0
		outer loop
			vertex -63.35897445678711 3 -44.45641326904297
			vertex -63.865631103515625 3 -49.36549758911133
			vertex -65.17878723144531 3 -48.96715545654297
		endloop
	endfacet
	facet normal 0 1 0
		outer loop
			vertex -63.35897445678711 3 -44.45641326904297
			vertex -65.17878723144531 3 -48.96715545654297
			vertex -63.697086334228516 3 -44.328182220458984
		endloop
	endfacet
	facet normal 0 1 0
		outer loop
			vertex -64.48906707763672 3 -43.18080520629883
			vertex -68.96715545654297 3 -45.17878341674805
			vertex -69.36549377441406 3 -43.865631103515625
		endloop
	endfacet
	facet normal 0 1 0
		outer loop
			vertex -64.48906707763672 3 -43.18080520629883
			vertex -64.40252685546875 3 -43.53190612792969
			vertex -68.96715545654297 3 -45.17878341674805
		endloop
	endfacet
	facet normal 0 1 0
		outer loop
			vertex -63 3 -44.5
			vertex -62.5 3 -49.5
			vertex -63.865631103515625 3 -49.36549758911133
		endloop
	endfacet
	facet normal 0 1 0
		outer loop
			vertex -63 3 -44.5
			vertex -63.865631103515625 3 -49.36549758911133
			vertex -63.35897445678711 3 -44.45641326904297
		endloop
	endfacet
	facet normal 0 1 0
		outer loop
			vertex -64.48906707763672 3 -42.81919479370117
			vertex -69.36549377441406 3 -43.865631103515625
			vertex -69.5 3 -42.5
		endloop
	endfacet
	facet normal 0 1 0
		outer loop
			vertex -64.48906707763672 3 -42.81919479370117
			vertex -64.48906707763672 3 -43.18080520629883
			vertex -69.36549377441406 3 -43.865631103515625
		endloop
	endfacet
	facet normal 0 1 0
		outer loop
			vertex -62.64102554321289 3 -44.45641326904297
			vertex -62.5 3 -49.5
			vertex -63 3 -44.5
		endloop
	endfacet
	facet normal 0 1 0
		outer loop
			vertex -64.40252685546875 3 -42.46809387207031
			vertex -64.48906707763672 3 -42.81919479370117
			vertex -69.5 3 -42.5
		endloop
	endfacet
	facet normal 0 1 0
		outer loop
			vertex -62.302913665771484 3 -44.328182220458984
			vertex -62.5 3 -49.5
			vertex -62.64102554321289 3 -44.45641326904297
		endloop
	endfacet
	facet normal 0 1 0
		outer loop
			vertex -64.2344741821289 3 -42.14790344238281
			vertex -64.40252685546875 3 -42.46809387207031
			vertex -69.5 3 -42.5
		endloop
	endfacet
	facet normal 0 1 0
		outer loop
			vertex -62.00531768798828 3 -44.122764587402344
			vertex -62.5 3 -49.5
			vertex -62.302913665771484 3 -44.328182220458984
		endloop
	endfacet
	facet normal 0 1 0
		outer loop
			vertex -63.99468231201172 3 -41.877235412597656
			vertex -64.2344741821289 3 -42.14790344238281
			vertex -69.5 3 -42.5
		endloop
	endfacet
	facet normal 0 1 0
		outer loop
			vertex -61.765525817871094 3 -43.85209655761719
			vertex -62.5 3 -49.5
			vertex -62.00531768798828 3 -44.122764587402344
		endloop
	endfacet
	facet normal 0 1 0
		outer loop
			vertex -63.697086334228516 3 -41.671817779541016
			vertex -63.99468231201172 3 -41.877235412597656
			vertex -69.5 3 -42.5
		endloop
	endfacet
	facet normal 0 1 0
		outer loop
			vertex -61.597476959228516 3 -43.53190612792969
			vertex -62.5 3 -49.5
			vertex -61.765525817871094 3 -43.85209655761719
		endloop
	endfacet
	facet normal 0 1 0
		outer loop
			vertex -66.2344741821289 3 -18.602096557617188
			vertex -65.99468231201172 3 -18.872766494750977
			vertex -69.5 3 -42.5
		endloop
	endfacet
	facet normal 0 1 0
		outer loop
			vertex -65.69708251953125 3 -19.078184127807617
			vertex -69.5 3 -42.5
			vertex -65.99468231201172 3 -18.872766494750977
		endloop
	endfacet
	facet normal 0 1 0
		outer loop
			vertex -66.40252685546875 3 -18.28190803527832
			vertex -66.2344741821289 3 -18.602096557617188
			vertex -69.5 3 -42.5
		endloop
	endfacet
	facet normal 0 1 0
		outer loop
			vertex -65.35897064208984 3 -19.20641326904297
			vertex -63.35897445678711 3 -41.54358673095703
			vertex -63.697086334228516 3 -41.671817779541016
		endloop
	endfacet
	facet normal 0 1 0
		outer loop
			vertex -65.35897064208984 3 -19.20641326904297
			vertex -63.697086334228516 3 -41.671817779541016
			vertex -69.5 3 -42.5
		endloop
	endfacet
	facet normal 0 1 0
		outer loop
			vertex -65.35897064208984 3 -19.20641326904297
			vertex -69.5 3 -42.5
			vertex -65.69708251953125 3 -19.078184127807617
		endloop
	endfacet
	facet normal 0 1 0
		outer loop
			vertex -66.48906707763672 3 -17.930805206298828
			vertex -66.40252685546875 3 -18.28190803527832
			vertex -69.5 3 -42.5
		endloop
	endfacet
	facet normal 0 1 0
		outer loop
			vertex -65 3 -19.25
			vertex -63.35897445678711 3 -41.54358673095703
			vertex -65.35897064208984 3 -19.20641326904297
		endloop
	endfacet
	facet normal 0 1 0
		outer loop
			vertex -65 3 -19.25
			vertex -63 3 -41.5
			vertex -63.35897445678711 3 -41.54358673095703
		endloop
	endfacet
	facet normal 0 1 0
		outer loop
			vertex -66.48906707763672 3 -17.569194793701172
			vertex -66.48906707763672 3 -17.930805206298828
			vertex -69.5 3 -42.5
		endloop
	endfacet
	facet normal 0 1 0
		outer loop
			vertex -64.64102935791016 3 -19.20641326904297
			vertex -63 3 -41.5
			vertex -65 3 -19.25
		endloop
	endfacet
	facet normal 0 1 0
		outer loop
			vertex -32.5 3 -49.5
			vertex -62.5 3 -49.5
			vertex -61.597476959228516 3 -43.53190612792969
		endloop
	endfacet
	facet normal 0 1 0
		outer loop
			vertex -32.5 3 -46.5
			vertex -61.51093673706055 3 -42.81919479370117
			vertex -61.597476959228516 3 -42.46809387207031
		endloop
	endfacet
	facet normal 0 1 0
		outer loop
			vertex -32.5 3 -46.5
			vertex -32.5 3 -49.5
			vertex -61.597476959228516 3 -43.53190612792969
		endloop
	endfacet
	facet normal 0 1 0
		outer loop
			vertex -32.5 3 -46.5
			vertex -61.51093673706055 3 -43.18080520629883
			vertex -61.51093673706055 3 -42.81919479370117
		endloop
	endfacet
	facet normal 0 1 0
		outer loop
			vertex -32.5 3 -46.5
			vertex -61.597476959228516 3 -43.53190612792969
			vertex -61.51093673706055 3 -43.18080520629883
		endloop
	endfacet
	facet normal 0 1 0
		outer loop
			vertex -56.49468231201172 3 -21.372766494750977
			vertex -63 3 -41.5
			vertex -64.64102935791016 3 -19.20641326904297
		endloop
	endfacet
	facet normal 0 1 0
		outer loop
			vertex -56.734474182128906 3 -21.102096557617188
			vertex -64.64102935791016 3 -19.20641326904297
			vertex -64.30291748046875 3 -19.078184127807617
		endloop
	endfacet
	facet normal 0 1 0
		outer loop
			vertex -56.734474182128906 3 -21.102096557617188
			vertex -56.49468231201172 3 -21.372766494750977
			vertex -64.64102935791016 3 -19.20641326904297
		endloop
	endfacet
	facet normal 0 1 0
		outer loop
			vertex -56.197086334228516 3 -21.578184127807617
			vertex -62.64102554321289 3 -41.54358673095703
			vertex -63 3 -41.5
		endloop
	endfacet
	facet normal 0 1 0
		outer loop
			vertex -56.197086334228516 3 -21.578184127807617
			vertex -63 3 -41.5
			vertex -56.49468231201172 3 -21.372766494750977
		endloop
	endfacet
	facet normal 0 1 0
		outer loop
			vertex -56.902523040771484 3 -20.78190803527832
			vertex -64.30291748046875 3 -19.078184127807617
			vertex -64.00531768798828 3 -18.872766494750977
		endloop
	endfacet
	facet normal 0 1 0
		outer loop
			vertex -56.902523040771484 3 -20.78190803527832
			vertex -56.734474182128906 3 -21.102096557617188
			vertex -64.30291748046875 3 -19.078184127807617
		endloop
	endfacet
	facet normal 0 1 0
		outer loop
			vertex -55.85897445678711 3 -21.70641326904297
			vertex -62.302913665771484 3 -41.671817779541016
			vertex -62.64102554321289 3 -41.54358673095703
		endloop
	endfacet
	facet normal 0 1 0
		outer loop
			vertex -55.85897445678711 3 -21.70641326904297
			vertex -62.64102554321289 3 -41.54358673095703
			vertex -56.197086334228516 3 -21.578184127807617
		endloop
	endfacet
	facet normal 0 1 0
		outer loop
			vertex -56.98906326293945 3 -20.430805206298828
			vertex -64.00531768798828 3 -18.872766494750977
			vertex -63.765525817871094 3 -18.602096557617188
		endloop
	endfacet
	facet normal 0 1 0
		outer loop
			vertex -56.98906326293945 3 -20.430805206298828
			vertex -56.902523040771484 3 -20.78190803527832
			vertex -64.00531768798828 3 -18.872766494750977
		endloop
	endfacet
	facet normal 0 1 0
		outer loop
			vertex -55.5 3 -21.75
			vertex -62.00531768798828 3 -41.877235412597656
			vertex -62.302913665771484 3 -41.671817779541016
		endloop
	endfacet
	facet normal 0 1 0
		outer loop
			vertex -55.5 3 -21.75
			vertex -62.302913665771484 3 -41.671817779541016
			vertex -55.85897445678711 3 -21.70641326904297
		endloop
	endfacet
	facet normal 0 1 0
		outer loop
			vertex -56.98906326293945 3 -20.069194793701172
			vertex -63.765525817871094 3 -18.602096557617188
			vertex -63.597476959228516 3 -18.28190803527832
		endloop
	endfacet
	facet normal 0 1 0
		outer loop
			vertex -56.98906326293945 3 -20.069194793701172
			vertex -56.98906326293945 3 -20.430805206298828
			vertex -63.765525817871094 3 -18.602096557617188
		endloop
	endfacet
	facet normal 0 1 0
		outer loop
			vertex -55.14102554321289 3 -21.70641326904297
			vertex -61.765525817871094 3 -42.14790344238281
			vertex -62.00531768798828 3 -41.877235412597656
		endloop
	endfacet
	facet normal 0 1 0
		outer loop
			vertex -55.14102554321289 3 -21.70641326904297
			vertex -62.00531768798828 3 -41.877235412597656
			vertex -55.5 3 -21.75
		endloop
	endfacet
	facet normal 0 1 0
		outer loop
			vertex -56.902523040771484 3 -19.71809196472168
			vertex -63.597476959228516 3 -18.28190803527832
			vertex -63.51093673706055 3 -17.930805206298828
		endloop
	endfacet
	facet normal 0 1 0
		outer loop
			vertex -56.902523040771484 3 -19.71809196472168
			vertex -56.98906326293945 3 -20.069194793701172
			vertex -63.597476959228516 3 -18.28190803527832
		endloop
	endfacet
	facet normal 0 1 0
		outer loop
			vertex -54.802913665771484 3 -21.578184127807617
			vertex -61.597476959228516 3 -42.46809387207031
			vertex -61.765525817871094 3 -42.14790344238281
		endloop
	endfacet
	facet normal 0 1 0
		outer loop
			vertex -54.802913665771484 3 -21.578184127807617
			vertex -61.765525817871094 3 -42.14790344238281
			vertex -55.14102554321289 3 -21.70641326904297
		endloop
	endfacet
	facet normal 0 1 0
		outer loop
			vertex -56.734474182128906 3 -19.397903442382812
			vertex -63.51093673706055 3 -17.930805206298828
			vertex -63.51093673706055 3 -17.569194793701172
		endloop
	endfacet
	facet normal 0 1 0
		outer loop
			vertex -56.734474182128906 3 -19.397903442382812
			vertex -56.902523040771484 3 -19.71809196472168
			vertex -63.51093673706055 3 -17.930805206298828
		endloop
	endfacet
	facet normal 0 1 0
		outer loop
			vertex -56.49468231201172 3 -19.127233505249023
			vertex -63.51093673706055 3 -17.569194793701172
			vertex -63.597476959228516 3 -17.21809196472168
		endloop
	endfacet
	facet normal 0 1 0
		outer loop
			vertex -56.49468231201172 3 -19.127233505249023
			vertex -56.734474182128906 3 -19.397903442382812
			vertex -63.51093673706055 3 -17.569194793701172
		endloop
	endfacet
	facet normal 0 1 0
		outer loop
			vertex -56.197086334228516 3 -18.921815872192383
			vertex -63.597476959228516 3 -17.21809196472168
			vertex -63.765525817871094 3 -16.897903442382812
		endloop
	endfacet
	facet normal 0 1 0
		outer loop
			vertex -56.197086334228516 3 -18.921815872192383
			vertex -56.49468231201172 3 -19.127233505249023
			vertex -63.597476959228516 3 -17.21809196472168
		endloop
	endfacet
	facet normal 0 1 0
		outer loop
			vertex -56.49468231201172 3 -9.372766494750977
			vertex -63.765525817871094 3 -16.897903442382812
			vertex -64.00531768798828 3 -16.627233505249023
		endloop
	endfacet
	facet normal 0 1 0
		outer loop
			vertex -56.734474182128906 3 -9.102097511291504
			vertex -64.00531768798828 3 -16.627233505249023
			vertex -64.30291748046875 3 -16.421815872192383
		endloop
	endfacet
	facet normal 0 1 0
		outer loop
			vertex -56.734474182128906 3 -9.102097511291504
			vertex -56.49468231201172 3 -9.372766494750977
			vertex -64.00531768798828 3 -16.627233505249023
		endloop
	endfacet
	facet normal 0 1 0
		outer loop
			vertex -56.197086334228516 3 -9.578184127807617
			vertex -56.197086334228516 3 -18.921815872192383
			vertex -63.765525817871094 3 -16.897903442382812
		endloop
	endfacet
	facet normal 0 1 0
		outer loop
			vertex -56.197086334228516 3 -9.578184127807617
			vertex -63.765525817871094 3 -16.897903442382812
			vertex -56.49468231201172 3 -9.372766494750977
		endloop
	endfacet
	facet normal 0 1 0
		outer loop
			vertex -56.902523040771484 3 -8.781907081604004
			vertex -64.30291748046875 3 -16.421815872192383
			vertex -64.64102935791016 3 -16.29358673095703
		endloop
	endfacet
	facet normal 0 1 0
		outer loop
			vertex -56.902523040771484 3 -8.781907081604004
			vertex -56.734474182128906 3 -9.102097511291504
			vertex -64.30291748046875 3 -16.421815872192383
		endloop
	endfacet
	facet normal 0 1 0
		outer loop
			vertex -55.85897445678711 3 -9.706412315368652
			vertex -56.197086334228516 3 -18.921815872192383
			vertex -56.197086334228516 3 -9.578184127807617
		endloop
	endfacet
	facet normal 0 1 0
		outer loop
			vertex -55.85897445678711 3 -9.706412315368652
			vertex -55.85897445678711 3 -18.79358673095703
			vertex -56.197086334228516 3 -18.921815872192383
		endloop
	endfacet
	facet normal 0 1 0
		outer loop
			vertex -56.98906326293945 3 -8.430805206298828
			vertex -64.64102935791016 3 -16.29358673095703
			vertex -65 3 -16.25
		endloop
	endfacet
	facet normal 0 1 0
		outer loop
			vertex -56.98906326293945 3 -8.430805206298828
			vertex -56.902523040771484 3 -8.781907081604004
			vertex -64.64102935791016 3 -16.29358673095703
		endloop
	endfacet
	facet normal 0 1 0
		outer loop
			vertex -55.5 3 -9.75
			vertex -55.85897445678711 3 -18.79358673095703
			vertex -55.85897445678711 3 -9.706412315368652
		endloop
	endfacet
	facet normal 0 1 0
		outer loop
			vertex -55.5 3 -9.75
			vertex -55.14102554321289 3 -18.79358673095703
			vertex -55.5 3 -18.75
		endloop
	endfacet
	facet normal 0 1 0
		outer loop
			vertex -55.5 3 -9.75
			vertex -55.5 3 -18.75
			vertex -55.85897445678711 3 -18.79358673095703
		endloop
	endfacet
	facet normal 0 1 0
		outer loop
			vertex -56.98906326293945 3 -8.069194793701172
			vertex -56.98906326293945 3 -8.430805206298828
			vertex -65 3 -16.25
		endloop
	endfacet
	facet normal 0 1 0
		outer loop
			vertex -56.98906326293945 3 -8.069194793701172
			vertex -65 3 -16.25
			vertex -65.35897064208984 3 -16.29358673095703
		endloop
	endfacet
	facet normal 0 1 0
		outer loop
			vertex -55.14102554321289 3 -9.706412315368652
			vertex -55.14102554321289 3 -18.79358673095703
			vertex -55.5 3 -9.75
		endloop
	endfacet
	facet normal 0 1 0
		outer loop
			vertex -56.902523040771484 3 -7.718092441558838
			vertex -56.98906326293945 3 -8.069194793701172
			vertex -65.35897064208984 3 -16.29358673095703
		endloop
	endfacet
	facet normal 0 1 0
		outer loop
			vertex -56.902523040771484 3 -7.718092441558838
			vertex -65.35897064208984 3 -16.29358673095703
			vertex -65.69708251953125 3 -16.421815872192383
		endloop
	endfacet
	facet normal 0 1 0
		outer loop
			vertex -54.802913665771484 3 -9.578184127807617
			vertex -55.14102554321289 3 -18.79358673095703
			vertex -55.14102554321289 3 -9.706412315368652
		endloop
	endfacet
	facet normal 0 1 0
		outer loop
			vertex -54.802913665771484 3 -9.578184127807617
			vertex -54.802913665771484 3 -18.921815872192383
			vertex -55.14102554321289 3 -18.79358673095703
		endloop
	endfacet
	facet normal 0 1 0
		outer loop
			vertex -45.75 3 -17.5
			vertex -54.097476959228516 3 -19.71809196472168
			vertex -54.265525817871094 3 -19.397903442382812
		endloop
	endfacet
	facet normal 0 1 0
		outer loop
			vertex -45.75 3 -17.5
			vertex -54.01093673706055 3 -20.069194793701172
			vertex -54.097476959228516 3 -19.71809196472168
		endloop
	endfacet
	facet normal 0 1 0
		outer loop
			vertex -45.75 3 -17.5
			vertex -54.01093673706055 3 -20.430805206298828
			vertex -54.01093673706055 3 -20.069194793701172
		endloop
	endfacet
	facet normal 0 1 0
		outer loop
			vertex -45.75 3 -17.5
			vertex -54.097476959228516 3 -20.78190803527832
			vertex -54.01093673706055 3 -20.430805206298828
		endloop
	endfacet
	facet normal 0 1 0
		outer loop
			vertex -45.75 3 -17.5
			vertex -54.265525817871094 3 -21.102096557617188
			vertex -54.097476959228516 3 -20.78190803527832
		endloop
	endfacet
	facet normal 0 1 0
		outer loop
			vertex -45.75 3 -17.5
			vertex -54.50531768798828 3 -21.372766494750977
			vertex -54.265525817871094 3 -21.102096557617188
		endloop
	endfacet
	facet normal 0 1 0
		outer loop
			vertex -44.75531768798828 3 -17.122766494750977
			vertex -45.052913665771484 3 -17.328184127807617
			vertex -45.39102554321289 3 -17.45641326904297
		endloop
	endfacet
	facet normal 0 1 0
		outer loop
			vertex -45.75 3 -14.5
			vertex -45.75 3 -17.5
			vertex -54.265525817871094 3 -19.397903442382812
		endloop
	endfacet
	facet normal 0 1 0
		outer loop
			vertex -45.75 3 -14.5
			vertex -45.39102554321289 3 -17.45641326904297
			vertex -45.75 3 -17.5
		endloop
	endfacet
	facet normal 0 1 0
		outer loop
			vertex -45.75 3 -14.5
			vertex -54.802913665771484 3 -18.921815872192383
			vertex -54.802913665771484 3 -9.578184127807617
		endloop
	endfacet
	facet normal 0 1 0
		outer loop
			vertex -45.75 3 -14.5
			vertex -54.50531768798828 3 -9.372766494750977
			vertex -54.265525817871094 3 -9.102097511291504
		endloop
	endfacet
	facet normal 0 1 0
		outer loop
			vertex -45.75 3 -14.5
			vertex -54.802913665771484 3 -9.578184127807617
			vertex -54.50531768798828 3 -9.372766494750977
		endloop
	endfacet
	facet normal 0 1 0
		outer loop
			vertex -45.75 3 -14.5
			vertex -54.50531768798828 3 -19.127233505249023
			vertex -54.802913665771484 3 -18.921815872192383
		endloop
	endfacet
	facet normal 0 1 0
		outer loop
			vertex -45.75 3 -14.5
			vertex -54.265525817871094 3 -19.397903442382812
			vertex -54.50531768798828 3 -19.127233505249023
		endloop
	endfacet
	facet normal 0 1 0
		outer loop
			vertex -32.5 3 -27.5
			vertex -32.5 3 -46.5
			vertex -61.597476959228516 3 -42.46809387207031
		endloop
	endfacet
	facet normal 0 1 0
		outer loop
			vertex -32.5 3 -27.5
			vertex -54.50531768798828 3 -21.372766494750977
			vertex -45.75 3 -17.5
		endloop
	endfacet
	facet normal 0 1 0
		outer loop
			vertex -32.5 3 -27.5
			vertex -54.802913665771484 3 -21.578184127807617
			vertex -54.50531768798828 3 -21.372766494750977
		endloop
	endfacet
	facet normal 0 1 0
		outer loop
			vertex -32.5 3 -27.5
			vertex -61.597476959228516 3 -42.46809387207031
			vertex -54.802913665771484 3 -21.578184127807617
		endloop
	endfacet
	facet normal 0 1 0
		outer loop
			vertex -45.39102554321289 3 -14.543587684631348
			vertex -45.39102554321289 3 -17.45641326904297
			vertex -45.75 3 -14.5
		endloop
	endfacet
	facet normal 0 1 0
		outer loop
			vertex -45.39102554321289 3 -14.543587684631348
			vertex -44.75531768798828 3 -17.122766494750977
			vertex -45.39102554321289 3 -17.45641326904297
		endloop
	endfacet
	facet normal 0 1 0
		outer loop
			vertex -44.347476959228516 3 -15.468092918395996
			vertex -44.26093673706055 3 -15.819194793701172
			vertex -44.26093673706055 3 -16.180805206298828
		endloop
	endfacet
	facet normal 0 1 0
		outer loop
			vertex -44.347476959228516 3 -15.468092918395996
			vertex -44.26093673706055 3 -16.180805206298828
			vertex -44.347476959228516 3 -16.53190803527832
		endloop
	endfacet
	facet normal 0 1 0
		outer loop
			vertex -44.347476959228516 3 -15.468092918395996
			vertex -44.347476959228516 3 -16.53190803527832
			vertex -44.515525817871094 3 -16.852096557617188
		endloop
	endfacet
	facet normal 0 1 0
		outer loop
			vertex -44.75531768798828 3 -14.877233505249023
			vertex -44.515525817871094 3 -15.147902488708496
			vertex -44.347476959228516 3 -15.468092918395996
		endloop
	endfacet
	facet normal 0 1 0
		outer loop
			vertex -44.75531768798828 3 -14.877233505249023
			vertex -44.515525817871094 3 -16.852096557617188
			vertex -44.75531768798828 3 -17.122766494750977
		endloop
	endfacet
	facet normal 0 1 0
		outer loop
			vertex -44.75531768798828 3 -14.877233505249023
			vertex -44.347476959228516 3 -15.468092918395996
			vertex -44.515525817871094 3 -16.852096557617188
		endloop
	endfacet
	facet normal 0 1 0
		outer loop
			vertex -45.75 3 -9.5
			vertex -45.75 3 -14.5
			vertex -54.265525817871094 3 -9.102097511291504
		endloop
	endfacet
	facet normal 0 1 0
		outer loop
			vertex -45.75 3 -9.5
			vertex -54.01093673706055 3 -8.430805206298828
			vertex -54.01093673706055 3 -8.069194793701172
		endloop
	endfacet
	facet normal 0 1 0
		outer loop
			vertex -45.75 3 -9.5
			vertex -54.097476959228516 3 -8.781907081604004
			vertex -54.01093673706055 3 -8.430805206298828
		endloop
	endfacet
	facet normal 0 1 0
		outer loop
			vertex -45.75 3 -9.5
			vertex -54.265525817871094 3 -9.102097511291504
			vertex -54.097476959228516 3 -8.781907081604004
		endloop
	endfacet
	facet normal 0 1 0
		outer loop
			vertex -44.75531768798828 3 -9.122766494750977
			vertex -45.052913665771484 3 -9.328184127807617
			vertex -45.39102554321289 3 -9.456412315368652
		endloop
	endfacet
	facet normal 0 1 0
		outer loop
			vertex -44.515525817871094 3 -8.852097511291504
			vertex -44.75531768798828 3 -9.122766494750977
			vertex -45.39102554321289 3 -9.456412315368652
		endloop
	endfacet
	facet normal 0 1 0
		outer loop
			vertex -44.515525817871094 3 -8.852097511291504
			vertex -45.39102554321289 3 -9.456412315368652
			vertex -45.75 3 -9.5
		endloop
	endfacet
	facet normal 0 1 0
		outer loop
			vertex -44.347476959228516 3 -8.531907081604004
			vertex -44.515525817871094 3 -8.852097511291504
			vertex -45.75 3 -9.5
		endloop
	endfacet
	facet normal 0 1 0
		outer loop
			vertex -45.75 3 -6.5
			vertex -44.347476959228516 3 -8.531907081604004
			vertex -45.75 3 -9.5
		endloop
	endfacet
	facet normal 0 1 0
		outer loop
			vertex -45.75 3 -6.5
			vertex -54.097476959228516 3 -7.718092441558838
			vertex -54.265525817871094 3 -7.397902965545654
		endloop
	endfacet
	facet normal 0 1 0
		outer loop
			vertex -45.75 3 -6.5
			vertex -54.01093673706055 3 -8.069194793701172
			vertex -54.097476959228516 3 -7.718092441558838
		endloop
	endfacet
	facet normal 0 1 0
		outer loop
			vertex -45.75 3 -6.5
			vertex -45.75 3 -9.5
			vertex -54.01093673706055 3 -8.069194793701172
		endloop
	endfacet
	facet normal 0 1 0
		outer loop
			vertex -44.347476959228516 3 -7.468092441558838
			vertex -44.26093673706055 3 -7.819194793701172
			vertex -44.26093673706055 3 -8.180805206298828
		endloop
	endfacet
	facet normal 0 1 0
		outer loop
			vertex -44.347476959228516 3 -7.468092441558838
			vertex -44.26093673706055 3 -8.180805206298828
			vertex -44.347476959228516 3 -8.531907081604004
		endloop
	endfacet
	facet normal 0 1 0
		outer loop
			vertex -45.052913665771484 3 -6.671815872192383
			vertex -45.75 3 -6.5
			vertex -45.39102554321289 3 -6.5435872077941895
		endloop
	endfacet
	facet normal 0 1 0
		outer loop
			vertex -44.75531768798828 3 -6.877233982086182
			vertex -44.347476959228516 3 -8.531907081604004
			vertex -45.75 3 -6.5
		endloop
	endfacet
	facet normal 0 1 0
		outer loop
			vertex -44.75531768798828 3 -6.877233982086182
			vertex -44.347476959228516 3 -7.468092441558838
			vertex -44.347476959228516 3 -8.531907081604004
		endloop
	endfacet
	facet normal 0 1 0
		outer loop
			vertex -44.75531768798828 3 -6.877233982086182
			vertex -45.75 3 -6.5
			vertex -45.052913665771484 3 -6.671815872192383
		endloop
	endfacet
	facet normal 0 1 0
		outer loop
			vertex -44.75531768798828 3 -6.877233982086182
			vertex -44.515525817871094 3 -7.147902965545654
			vertex -44.347476959228516 3 -7.468092441558838
		endloop
	endfacet
	facet normal 0 1 0
		outer loop
			vertex -23 3 -27.5
			vertex -23 3 -46.5
			vertex -32.5 3 -46.5
		endloop
	endfacet
	facet normal 0 1 0
		outer loop
			vertex -23 3 -27.5
			vertex -32.5 3 -46.5
			vertex -32.5 3 -27.5
		endloop
	endfacet
	facet normal 0 1 0
		outer loop
			vertex -56.49468231201172 3 7.127233982086182
			vertex -56.49468231201172 3 -7.127233982086182
			vertex -56.734474182128906 3 -7.397902965545654
		endloop
	endfacet
	facet normal 0 1 0
		outer loop
			vertex -56.49468231201172 3 7.127233982086182
			vertex -56.197086334228516 3 -6.921815872192383
			vertex -56.49468231201172 3 -7.127233982086182
		endloop
	endfacet
	facet normal 0 1 0
		outer loop
			vertex -56.734474182128906 3 7.397902965545654
			vertex -56.49468231201172 3 7.127233982086182
			vertex -56.734474182128906 3 -7.397902965545654
		endloop
	endfacet
	facet normal 0 1 0
		outer loop
			vertex -66.2344741821289 3 16.897903442382812
			vertex -65.99468231201172 3 -16.627233505249023
			vertex -66.2344741821289 3 -16.897903442382812
		endloop
	endfacet
	facet normal 0 1 0
		outer loop
			vertex -66.2344741821289 3 16.897903442382812
			vertex -65.99468231201172 3 16.627233505249023
			vertex -65.99468231201172 3 -16.627233505249023
		endloop
	endfacet
	facet normal 0 1 0
		outer loop
			vertex -56.197086334228516 3 6.921815872192383
			vertex -56.197086334228516 3 -6.921815872192383
			vertex -56.49468231201172 3 7.127233982086182
		endloop
	endfacet
	facet normal 0 1 0
		outer loop
			vertex -56.197086334228516 3 6.921815872192383
			vertex -55.85897445678711 3 -6.7935872077941895
			vertex -56.197086334228516 3 -6.921815872192383
		endloop
	endfacet
	facet normal 0 1 0
		outer loop
			vertex -65.69708251953125 3 16.421815872192383
			vertex -65.69708251953125 3 -16.421815872192383
			vertex -65.99468231201172 3 -16.627233505249023
		endloop
	endfacet
	facet normal 0 1 0
		outer loop
			vertex -65.69708251953125 3 16.421815872192383
			vertex -65.99468231201172 3 -16.627233505249023
			vertex -65.99468231201172 3 16.627233505249023
		endloop
	endfacet
	facet normal 0 1 0
		outer loop
			vertex -56.902523040771484 3 7.718092441558838
			vertex -56.902523040771484 3 -7.718092441558838
			vertex -65.69708251953125 3 -16.421815872192383
		endloop
	endfacet
	facet normal 0 1 0
		outer loop
			vertex -56.902523040771484 3 7.718092441558838
			vertex -56.734474182128906 3 7.397902965545654
			vertex -56.734474182128906 3 -7.397902965545654
		endloop
	endfacet
	facet normal 0 1 0
		outer loop
			vertex -56.902523040771484 3 7.718092441558838
			vertex -65.69708251953125 3 -16.421815872192383
			vertex -65.69708251953125 3 16.421815872192383
		endloop
	endfacet
	facet normal 0 1 0
		outer loop
			vertex -56.902523040771484 3 7.718092441558838
			vertex -56.734474182128906 3 -7.397902965545654
			vertex -56.902523040771484 3 -7.718092441558838
		endloop
	endfacet
	facet normal 0 1 0
		outer loop
			vertex -66.40252685546875 3 17.21809196472168
			vertex -66.2344741821289 3 16.897903442382812
			vertex -66.2344741821289 3 -16.897903442382812
		endloop
	endfacet
	facet normal 0 1 0
		outer loop
			vertex -66.40252685546875 3 17.21809196472168
			vertex -66.40252685546875 3 -17.21809196472168
			vertex -66.48906707763672 3 -17.569194793701172
		endloop
	endfacet
	facet normal 0 1 0
		outer loop
			vertex -66.40252685546875 3 17.21809196472168
			vertex -66.2344741821289 3 -16.897903442382812
			vertex -66.40252685546875 3 -17.21809196472168
		endloop
	endfacet
	facet normal 0 1 0
		outer loop
			vertex -55.85897445678711 3 6.7935872077941895
			vertex -55.85897445678711 3 -6.7935872077941895
			vertex -56.197086334228516 3 6.921815872192383
		endloop
	endfacet
	facet normal 0 1 0
		outer loop
			vertex -65.35897064208984 3 16.29358673095703
			vertex -56.902523040771484 3 7.718092441558838
			vertex -65.69708251953125 3 16.421815872192383
		endloop
	endfacet
	facet normal 0 1 0
		outer loop
			vertex -56.98906326293945 3 8.069194793701172
			vertex -56.902523040771484 3 7.718092441558838
			vertex -65.35897064208984 3 16.29358673095703
		endloop
	endfacet
	facet normal 0 1 0
		outer loop
			vertex -66.48906707763672 3 17.569194793701172
			vertex -66.40252685546875 3 17.21809196472168
			vertex -66.48906707763672 3 -17.569194793701172
		endloop
	endfacet
	facet normal 0 1 0
		outer loop
			vertex -55.5 3 6.75
			vertex -55.85897445678711 3 -6.7935872077941895
			vertex -55.85897445678711 3 6.7935872077941895
		endloop
	endfacet
	facet normal 0 1 0
		outer loop
			vertex -55.5 3 6.75
			vertex -55.14102554321289 3 -6.7935872077941895
			vertex -55.5 3 -6.75
		endloop
	endfacet
	facet normal 0 1 0
		outer loop
			vertex -55.5 3 6.75
			vertex -55.5 3 -6.75
			vertex -55.85897445678711 3 -6.7935872077941895
		endloop
	endfacet
	facet normal 0 1 0
		outer loop
			vertex -65 3 16.25
			vertex -56.98906326293945 3 8.069194793701172
			vertex -65.35897064208984 3 16.29358673095703
		endloop
	endfacet
	facet normal 0 1 0
		outer loop
			vertex -56.98906326293945 3 8.430805206298828
			vertex -56.98906326293945 3 8.069194793701172
			vertex -65 3 16.25
		endloop
	endfacet
	facet normal 0 1 0
		outer loop
			vertex -55.14102554321289 3 6.7935872077941895
			vertex -55.14102554321289 3 -6.7935872077941895
			vertex -55.5 3 6.75
		endloop
	endfacet
	facet normal 0 1 0
		outer loop
			vertex -64.64102935791016 3 16.29358673095703
			vertex -56.98906326293945 3 8.430805206298828
			vertex -65 3 16.25
		endloop
	endfacet
	facet normal 0 1 0
		outer loop
			vertex -56.902523040771484 3 8.781907081604004
			vertex -56.98906326293945 3 8.430805206298828
			vertex -64.64102935791016 3 16.29358673095703
		endloop
	endfacet
	facet normal 0 1 0
		outer loop
			vertex -64.30291748046875 3 16.421815872192383
			vertex -56.902523040771484 3 8.781907081604004
			vertex -64.64102935791016 3 16.29358673095703
		endloop
	endfacet
	facet normal 0 1 0
		outer loop
			vertex -56.734474182128906 3 9.102097511291504
			vertex -56.902523040771484 3 8.781907081604004
			vertex -64.30291748046875 3 16.421815872192383
		endloop
	endfacet
	facet normal 0 1 0
		outer loop
			vertex -64.00531768798828 3 16.627233505249023
			vertex -56.734474182128906 3 9.102097511291504
			vertex -64.30291748046875 3 16.421815872192383
		endloop
	endfacet
	facet normal 0 1 0
		outer loop
			vertex -45.75 3 -1.5
			vertex -45.75 3 -6.5
			vertex -54.265525817871094 3 -7.397902965545654
		endloop
	endfacet
	facet normal 0 1 0
		outer loop
			vertex -45.75 3 -1.5
			vertex -54.802913665771484 3 -6.921815872192383
			vertex -55.14102554321289 3 -6.7935872077941895
		endloop
	endfacet
	facet normal 0 1 0
		outer loop
			vertex -45.75 3 -1.5
			vertex -54.50531768798828 3 -7.127233982086182
			vertex -54.802913665771484 3 -6.921815872192383
		endloop
	endfacet
	facet normal 0 1 0
		outer loop
			vertex -45.75 3 -1.5
			vertex -54.265525817871094 3 -7.397902965545654
			vertex -54.50531768798828 3 -7.127233982086182
		endloop
	endfacet
	facet normal 0 1 0
		outer loop
			vertex -56.49468231201172 3 9.372766494750977
			vertex -56.734474182128906 3 9.102097511291504
			vertex -64.00531768798828 3 16.627233505249023
		endloop
	endfacet
	facet normal 0 1 0
		outer loop
			vertex -63.765525817871094 3 16.897903442382812
			vertex -56.49468231201172 3 9.372766494750977
			vertex -64.00531768798828 3 16.627233505249023
		endloop
	endfacet
	facet normal 0 1 0
		outer loop
			vertex -56.197086334228516 3 9.578184127807617
			vertex -56.49468231201172 3 9.372766494750977
			vertex -63.765525817871094 3 16.897903442382812
		endloop
	endfacet
	facet normal 0 1 0
		outer loop
			vertex -44.75531768798828 3 -1.122766137123108
			vertex -45.052913665771484 3 -1.3281840085983276
			vertex -45.39102554321289 3 -1.456412672996521
		endloop
	endfacet
	facet normal 0 1 0
		outer loop
			vertex -44.75531768798828 3 -1.122766137123108
			vertex -45.39102554321289 3 -1.456412672996521
			vertex -45.75 3 -1.5
		endloop
	endfacet
	facet normal 0 1 0
		outer loop
			vertex -44.347476959228516 3 -0.531907320022583
			vertex -44.515525817871094 3 -0.8520970940589905
			vertex -44.75531768798828 3 -1.122766137123108
		endloop
	endfacet
	facet normal 0 1 0
		outer loop
			vertex -44.347476959228516 3 -0.531907320022583
			vertex -44.75531768798828 3 -1.122766137123108
			vertex -45.75 3 -1.5
		endloop
	endfacet
	facet normal 0 1 0
		outer loop
			vertex -45.75 3 1.5
			vertex -55.14102554321289 3 -6.7935872077941895
			vertex -55.14102554321289 3 6.7935872077941895
		endloop
	endfacet
	facet normal 0 1 0
		outer loop
			vertex -45.75 3 1.5
			vertex -45.75 3 -1.5
			vertex -55.14102554321289 3 -6.7935872077941895
		endloop
	endfacet
	facet normal 0 1 0
		outer loop
			vertex -45.75 3 1.5
			vertex -54.50531768798828 3 7.127233982086182
			vertex -54.265525817871094 3 7.397902965545654
		endloop
	endfacet
	facet normal 0 1 0
		outer loop
			vertex -45.75 3 1.5
			vertex -54.802913665771484 3 6.921815872192383
			vertex -54.50531768798828 3 7.127233982086182
		endloop
	endfacet
	facet normal 0 1 0
		outer loop
			vertex -45.75 3 1.5
			vertex -55.14102554321289 3 6.7935872077941895
			vertex -54.802913665771484 3 6.921815872192383
		endloop
	endfacet
	facet normal 0 1 0
		outer loop
			vertex -44.26093673706055 3 0.1808050274848938
			vertex -45.75 3 -1.5
			vertex -45.75 3 1.5
		endloop
	endfacet
	facet normal 0 1 0
		outer loop
			vertex -44.26093673706055 3 0.1808050274848938
			vertex -44.347476959228516 3 -0.531907320022583
			vertex -45.75 3 -1.5
		endloop
	endfacet
	facet normal 0 1 0
		outer loop
			vertex -44.26093673706055 3 0.1808050274848938
			vertex -44.26093673706055 3 -0.1808050274848938
			vertex -44.347476959228516 3 -0.531907320022583
		endloop
	endfacet
	facet normal 0 1 0
		outer loop
			vertex -27.152524948120117 3 -16.53190803527832
			vertex -26.447084426879883 3 -17.328184127807617
			vertex -26.74468421936035 3 -17.122766494750977
		endloop
	endfacet
	facet normal 0 1 0
		outer loop
			vertex -27.152524948120117 3 -16.53190803527832
			vertex -26.74468421936035 3 -17.122766494750977
			vertex -26.98447608947754 3 -16.852096557617188
		endloop
	endfacet
	facet normal 0 1 0
		outer loop
			vertex -44.515525817871094 3 0.8520970940589905
			vertex -44.347476959228516 3 0.531907320022583
			vertex -44.26093673706055 3 0.1808050274848938
		endloop
	endfacet
	facet normal 0 1 0
		outer loop
			vertex -44.515525817871094 3 0.8520970940589905
			vertex -44.26093673706055 3 0.1808050274848938
			vertex -45.75 3 1.5
		endloop
	endfacet
	facet normal 0 1 0
		outer loop
			vertex -44.75531768798828 3 1.122766137123108
			vertex -45.75 3 1.5
			vertex -45.39102554321289 3 1.456412672996521
		endloop
	endfacet
	facet normal 0 1 0
		outer loop
			vertex -44.75531768798828 3 1.122766137123108
			vertex -44.515525817871094 3 0.8520970940589905
			vertex -45.75 3 1.5
		endloop
	endfacet
	facet normal 0 1 0
		outer loop
			vertex -44.75531768798828 3 1.122766137123108
			vertex -45.39102554321289 3 1.456412672996521
			vertex -45.052913665771484 3 1.3281840085983276
		endloop
	endfacet
	facet normal 0 1 0
		outer loop
			vertex -26.108972549438477 3 -17.45641326904297
			vertex -26.447084426879883 3 -17.328184127807617
			vertex -27.152524948120117 3 -16.53190803527832
		endloop
	endfacet
	facet normal 0 1 0
		outer loop
			vertex -27.239063262939453 3 -16.180805206298828
			vertex -26.108972549438477 3 -17.45641326904297
			vertex -27.152524948120117 3 -16.53190803527832
		endloop
	endfacet
	facet normal 0 1 0
		outer loop
			vertex -27.152524948120117 3 -15.468092918395996
			vertex -27.239063262939453 3 -16.180805206298828
			vertex -27.239063262939453 3 -15.819194793701172
		endloop
	endfacet
	facet normal 0 1 0
		outer loop
			vertex -26.74468421936035 3 -14.877233505249023
			vertex -27.152524948120117 3 -15.468092918395996
			vertex -26.98447608947754 3 -15.147902488708496
		endloop
	endfacet
	facet normal 0 1 0
		outer loop
			vertex -26.447084426879883 3 -14.671815872192383
			vertex -26.108972549438477 3 -17.45641326904297
			vertex -27.239063262939453 3 -16.180805206298828
		endloop
	endfacet
	facet normal 0 1 0
		outer loop
			vertex -26.447084426879883 3 -14.671815872192383
			vertex -27.239063262939453 3 -16.180805206298828
			vertex -27.152524948120117 3 -15.468092918395996
		endloop
	endfacet
	facet normal 0 1 0
		outer loop
			vertex -26.447084426879883 3 -14.671815872192383
			vertex -27.152524948120117 3 -15.468092918395996
			vertex -26.74468421936035 3 -14.877233505249023
		endloop
	endfacet
	facet normal 0 1 0
		outer loop
			vertex -26.447084426879883 3 -14.671815872192383
			vertex -25.75 3 -17.5
			vertex -26.108972549438477 3 -17.45641326904297
		endloop
	endfacet
	facet normal 0 1 0
		outer loop
			vertex -25.75 3 -14.5
			vertex -26.447084426879883 3 -14.671815872192383
			vertex -26.108972549438477 3 -14.543587684631348
		endloop
	endfacet
	facet normal 0 1 0
		outer loop
			vertex -25.75 3 -14.5
			vertex -23 3 -24.5
			vertex -25.75 3 -17.5
		endloop
	endfacet
	facet normal 0 1 0
		outer loop
			vertex -25.75 3 -14.5
			vertex -25.75 3 -17.5
			vertex -26.447084426879883 3 -14.671815872192383
		endloop
	endfacet
	facet normal 0 1 0
		outer loop
			vertex -45.75 3 6.5
			vertex -45.75 3 1.5
			vertex -54.265525817871094 3 7.397902965545654
		endloop
	endfacet
	facet normal 0 1 0
		outer loop
			vertex -45.75 3 6.5
			vertex -54.097476959228516 3 7.718092441558838
			vertex -54.01093673706055 3 8.069194793701172
		endloop
	endfacet
	facet normal 0 1 0
		outer loop
			vertex -45.75 3 6.5
			vertex -54.265525817871094 3 7.397902965545654
			vertex -54.097476959228516 3 7.718092441558838
		endloop
	endfacet
	facet normal 0 1 0
		outer loop
			vertex 6.265524387359619 3 -43.85209655761719
			vertex 6.505315780639648 3 -44.122764587402344
			vertex -23 3 -49.5
		endloop
	endfacet
	facet normal 0 1 0
		outer loop
			vertex 6.802915096282959 3 -44.328182220458984
			vertex -23 3 -49.5
			vertex 6.505315780639648 3 -44.122764587402344
		endloop
	endfacet
	facet normal 0 1 0
		outer loop
			vertex 6.097475528717041 3 -43.53190612792969
			vertex 6.265524387359619 3 -43.85209655761719
			vertex -23 3 -49.5
		endloop
	endfacet
	facet normal 0 1 0
		outer loop
			vertex 6.097475528717041 3 -43.53190612792969
			vertex -23 3 -49.5
			vertex -23 3 -46.5
		endloop
	endfacet
	facet normal 0 1 0
		outer loop
			vertex -44.515525817871094 3 7.147902965545654
			vertex -44.75531768798828 3 6.877233982086182
			vertex -45.052913665771484 3 6.671815872192383
		endloop
	endfacet
	facet normal 0 1 0
		outer loop
			vertex -56.49468231201172 3 19.127233505249023
			vertex -63.597476959228516 3 17.21809196472168
			vertex -63.51093673706055 3 17.569194793701172
		endloop
	endfacet
	facet normal 0 1 0
		outer loop
			vertex -56.734474182128906 3 19.397903442382812
			vertex -56.49468231201172 3 19.127233505249023
			vertex -63.51093673706055 3 17.569194793701172
		endloop
	endfacet
	facet normal 0 1 0
		outer loop
			vertex -56.734474182128906 3 19.397903442382812
			vertex -63.51093673706055 3 17.569194793701172
			vertex -63.51093673706055 3 17.930805206298828
		endloop
	endfacet
	facet normal 0 1 0
		outer loop
			vertex 7.141026496887207 3 -44.45641326904297
			vertex -23 3 -49.5
			vertex 6.802915096282959 3 -44.328182220458984
		endloop
	endfacet
	facet normal 0 1 0
		outer loop
			vertex -56.197086334228516 3 18.921815872192383
			vertex -63.597476959228516 3 17.21809196472168
			vertex -56.49468231201172 3 19.127233505249023
		endloop
	endfacet
	facet normal 0 1 0
		outer loop
			vertex -56.197086334228516 3 18.921815872192383
			vertex -56.197086334228516 3 9.578184127807617
			vertex -63.765525817871094 3 16.897903442382812
		endloop
	endfacet
	facet normal 0 1 0
		outer loop
			vertex -56.197086334228516 3 18.921815872192383
			vertex -63.765525817871094 3 16.897903442382812
			vertex -63.597476959228516 3 17.21809196472168
		endloop
	endfacet
	facet normal 0 1 0
		outer loop
			vertex -56.197086334228516 3 18.921815872192383
			vertex -55.85897445678711 3 9.706412315368652
			vertex -56.197086334228516 3 9.578184127807617
		endloop
	endfacet
	facet normal 0 1 0
		outer loop
			vertex -56.902523040771484 3 19.71809196472168
			vertex -56.734474182128906 3 19.397903442382812
			vertex -63.51093673706055 3 17.930805206298828
		endloop
	endfacet
	facet normal 0 1 0
		outer loop
			vertex -56.902523040771484 3 19.71809196472168
			vertex -63.51093673706055 3 17.930805206298828
			vertex -63.597476959228516 3 18.28190803527832
		endloop
	endfacet
	facet normal 0 1 0
		outer loop
			vertex 6.010936737060547 3 -43.18080520629883
			vertex 6.097475528717041 3 -43.53190612792969
			vertex -23 3 -46.5
		endloop
	endfacet
	facet normal 0 1 0
		outer loop
			vertex -55.85897445678711 3 18.79358673095703
			vertex -55.85897445678711 3 9.706412315368652
			vertex -56.197086334228516 3 18.921815872192383
		endloop
	endfacet
	facet normal 0 1 0
		outer loop
			vertex 7.5 3 -44.5
			vertex -23 3 -49.5
			vertex 7.141026496887207 3 -44.45641326904297
		endloop
	endfacet
	facet normal 0 1 0
		outer loop
			vertex -56.98906326293945 3 20.069194793701172
			vertex -56.902523040771484 3 19.71809196472168
			vertex -63.597476959228516 3 18.28190803527832
		endloop
	endfacet
	facet normal 0 1 0
		outer loop
			vertex -56.98906326293945 3 20.069194793701172
			vertex -63.597476959228516 3 18.28190803527832
			vertex -63.765525817871094 3 18.602096557617188
		endloop
	endfacet
	facet normal 0 1 0
		outer loop
			vertex -44.347476959228516 3 7.468092441558838
			vertex -45.052913665771484 3 6.671815872192383
			vertex -45.39102554321289 3 6.5435872077941895
		endloop
	endfacet
	facet normal 0 1 0
		outer loop
			vertex -44.347476959228516 3 7.468092441558838
			vertex -44.515525817871094 3 7.147902965545654
			vertex -45.052913665771484 3 6.671815872192383
		endloop
	endfacet
	facet normal 0 1 0
		outer loop
			vertex 6.010936737060547 3 -42.81919479370117
			vertex 6.010936737060547 3 -43.18080520629883
			vertex -23 3 -46.5
		endloop
	endfacet
	facet normal 0 1 0
		outer loop
			vertex -55.5 3 18.75
			vertex -55.85897445678711 3 9.706412315368652
			vertex -55.85897445678711 3 18.79358673095703
		endloop
	endfacet
	facet normal 0 1 0
		outer loop
			vertex -55.5 3 18.75
			vertex -55.5 3 9.75
			vertex -55.85897445678711 3 9.706412315368652
		endloop
	endfacet
	facet normal 0 1 0
		outer loop
			vertex -56.98906326293945 3 20.430805206298828
			vertex -56.98906326293945 3 20.069194793701172
			vertex -63.765525817871094 3 18.602096557617188
		endloop
	endfacet
	facet normal 0 1 0
		outer loop
			vertex -56.98906326293945 3 20.430805206298828
			vertex -63.765525817871094 3 18.602096557617188
			vertex -64.00531768798828 3 18.872766494750977
		endloop
	endfacet
	facet normal 0 1 0
		outer loop
			vertex 6.097475528717041 3 -42.46809387207031
			vertex -23 3 -46.5
			vertex -23 3 -27.5
		endloop
	endfacet
	facet normal 0 1 0
		outer loop
			vertex 6.097475528717041 3 -42.46809387207031
			vertex 6.010936737060547 3 -42.81919479370117
			vertex -23 3 -46.5
		endloop
	endfacet
	facet normal 0 1 0
		outer loop
			vertex -55.14102554321289 3 18.79358673095703
			vertex -55.5 3 9.75
			vertex -55.5 3 18.75
		endloop
	endfacet
	facet normal 0 1 0
		outer loop
			vertex -55.14102554321289 3 18.79358673095703
			vertex -55.14102554321289 3 9.706412315368652
			vertex -55.5 3 9.75
		endloop
	endfacet
	facet normal 0 1 0
		outer loop
			vertex -45.75 3 9.5
			vertex -54.097476959228516 3 8.781907081604004
			vertex -54.265525817871094 3 9.102097511291504
		endloop
	endfacet
	facet normal 0 1 0
		outer loop
			vertex -45.75 3 9.5
			vertex -54.01093673706055 3 8.430805206298828
			vertex -54.097476959228516 3 8.781907081604004
		endloop
	endfacet
	facet normal 0 1 0
		outer loop
			vertex -45.75 3 9.5
			vertex -54.01093673706055 3 8.069194793701172
			vertex -54.01093673706055 3 8.430805206298828
		endloop
	endfacet
	facet normal 0 1 0
		outer loop
			vertex -45.75 3 9.5
			vertex -45.75 3 6.5
			vertex -54.01093673706055 3 8.069194793701172
		endloop
	endfacet
	facet normal 0 1 0
		outer loop
			vertex -56.902523040771484 3 20.78190803527832
			vertex -56.98906326293945 3 20.430805206298828
			vertex -64.00531768798828 3 18.872766494750977
		endloop
	endfacet
	facet normal 0 1 0
		outer loop
			vertex -56.902523040771484 3 20.78190803527832
			vertex -64.00531768798828 3 18.872766494750977
			vertex -64.30291748046875 3 19.078184127807617
		endloop
	endfacet
	facet normal 0 1 0
		outer loop
			vertex -45.39102554321289 3 9.456412315368652
			vertex -45.39102554321289 3 6.5435872077941895
			vertex -45.75 3 6.5
		endloop
	endfacet
	facet normal 0 1 0
		outer loop
			vertex -45.39102554321289 3 9.456412315368652
			vertex -45.75 3 6.5
			vertex -45.75 3 9.5
		endloop
	endfacet
	facet normal 0 1 0
		outer loop
			vertex -45.39102554321289 3 9.456412315368652
			vertex -44.347476959228516 3 7.468092441558838
			vertex -45.39102554321289 3 6.5435872077941895
		endloop
	endfacet
	facet normal 0 1 0
		outer loop
			vertex 6.265524387359619 3 -42.14790344238281
			vertex 6.097475528717041 3 -42.46809387207031
			vertex -23 3 -27.5
		endloop
	endfacet
	facet normal 0 1 0
		outer loop
			vertex -54.802913665771484 3 18.921815872192383
			vertex -55.14102554321289 3 9.706412315368652
			vertex -55.14102554321289 3 18.79358673095703
		endloop
	endfacet
	facet normal 0 1 0
		outer loop
			vertex -54.802913665771484 3 18.921815872192383
			vertex -54.802913665771484 3 9.578184127807617
			vertex -55.14102554321289 3 9.706412315368652
		endloop
	endfacet
	facet normal 0 1 0
		outer loop
			vertex -44.347476959228516 3 8.531907081604004
			vertex -44.26093673706055 3 8.180805206298828
			vertex -44.26093673706055 3 7.819194793701172
		endloop
	endfacet
	facet normal 0 1 0
		outer loop
			vertex -44.347476959228516 3 8.531907081604004
			vertex -44.26093673706055 3 7.819194793701172
			vertex -44.347476959228516 3 7.468092441558838
		endloop
	endfacet
	facet normal 0 1 0
		outer loop
			vertex -45.052913665771484 3 9.328184127807617
			vertex -44.347476959228516 3 7.468092441558838
			vertex -45.39102554321289 3 9.456412315368652
		endloop
	endfacet
	facet normal 0 1 0
		outer loop
			vertex -45.052913665771484 3 9.328184127807617
			vertex -44.347476959228516 3 8.531907081604004
			vertex -44.347476959228516 3 7.468092441558838
		endloop
	endfacet
	facet normal 0 1 0
		outer loop
			vertex -44.75531768798828 3 9.122766494750977
			vertex -44.515525817871094 3 8.852097511291504
			vertex -44.347476959228516 3 8.531907081604004
		endloop
	endfacet
	facet normal 0 1 0
		outer loop
			vertex -44.75531768798828 3 9.122766494750977
			vertex -44.347476959228516 3 8.531907081604004
			vertex -45.052913665771484 3 9.328184127807617
		endloop
	endfacet
	facet normal 0 1 0
		outer loop
			vertex -56.734474182128906 3 21.102096557617188
			vertex -56.902523040771484 3 20.78190803527832
			vertex -64.30291748046875 3 19.078184127807617
		endloop
	endfacet
	facet normal 0 1 0
		outer loop
			vertex -56.734474182128906 3 21.102096557617188
			vertex -64.30291748046875 3 19.078184127807617
			vertex -64.64102935791016 3 19.20641326904297
		endloop
	endfacet
	facet normal 0 1 0
		outer loop
			vertex 6.505315780639648 3 -41.877235412597656
			vertex 6.265524387359619 3 -42.14790344238281
			vertex -23 3 -27.5
		endloop
	endfacet
	facet normal 0 1 0
		outer loop
			vertex -56.49468231201172 3 21.372766494750977
			vertex -56.734474182128906 3 21.102096557617188
			vertex -64.64102935791016 3 19.20641326904297
		endloop
	endfacet
	facet normal 0 1 0
		outer loop
			vertex 6.802915096282959 3 -41.671817779541016
			vertex 6.505315780639648 3 -41.877235412597656
			vertex -23 3 -27.5
		endloop
	endfacet
	facet normal 0 1 0
		outer loop
			vertex 6.802915096282959 3 -41.671817779541016
			vertex -23 3 -27.5
			vertex -23 3 -24.5
		endloop
	endfacet
	facet normal 0 1 0
		outer loop
			vertex -25.391027450561523 3 -9.456412315368652
			vertex -25.75 3 -14.5
			vertex -25.75 3 -9.5
		endloop
	endfacet
	facet normal 0 1 0
		outer loop
			vertex 7.141026496887207 3 -41.54358673095703
			vertex 6.802915096282959 3 -41.671817779541016
			vertex -23 3 -24.5
		endloop
	endfacet
	facet normal 0 1 0
		outer loop
			vertex -25.052915573120117 3 -9.328184127807617
			vertex -25.75 3 -14.5
			vertex -25.391027450561523 3 -9.456412315368652
		endloop
	endfacet
	facet normal 0 1 0
		outer loop
			vertex -24.75531578063965 3 -9.122766494750977
			vertex -25.75 3 -14.5
			vertex -25.052915573120117 3 -9.328184127807617
		endloop
	endfacet
	facet normal 0 1 0
		outer loop
			vertex -24.51552391052246 3 -8.852097511291504
			vertex -25.75 3 -14.5
			vertex -24.75531578063965 3 -9.122766494750977
		endloop
	endfacet
	facet normal 0 1 0
		outer loop
			vertex -24.347475051879883 3 -8.531907081604004
			vertex -25.75 3 -14.5
			vertex -24.51552391052246 3 -8.852097511291504
		endloop
	endfacet
	facet normal 0 1 0
		outer loop
			vertex -24.347475051879883 3 -8.531907081604004
			vertex -23 3 -24.5
			vertex -25.75 3 -14.5
		endloop
	endfacet
	facet normal 0 1 0
		outer loop
			vertex -45.75 3 14.5
			vertex -54.50531768798828 3 19.127233505249023
			vertex -54.265525817871094 3 19.397903442382812
		endloop
	endfacet
	facet normal 0 1 0
		outer loop
			vertex -45.75 3 14.5
			vertex -54.802913665771484 3 18.921815872192383
			vertex -54.50531768798828 3 19.127233505249023
		endloop
	endfacet
	facet normal 0 1 0
		outer loop
			vertex -45.75 3 14.5
			vertex -45.75 3 9.5
			vertex -54.265525817871094 3 9.102097511291504
		endloop
	endfacet
	facet normal 0 1 0
		outer loop
			vertex -45.75 3 14.5
			vertex -54.802913665771484 3 9.578184127807617
			vertex -54.802913665771484 3 18.921815872192383
		endloop
	endfacet
	facet normal 0 1 0
		outer loop
			vertex -45.75 3 14.5
			vertex -54.50531768798828 3 9.372766494750977
			vertex -54.802913665771484 3 9.578184127807617
		endloop
	endfacet
	facet normal 0 1 0
		outer loop
			vertex -45.75 3 14.5
			vertex -54.265525817871094 3 9.102097511291504
			vertex -54.50531768798828 3 9.372766494750977
		endloop
	endfacet
	facet normal 0 1 0
		outer loop
			vertex -44.75531768798828 3 14.877233505249023
			vertex -45.052913665771484 3 14.671815872192383
			vertex -45.39102554321289 3 14.543587684631348
		endloop
	endfacet
	facet normal 0 1 0
		outer loop
			vertex -44.75531768798828 3 14.877233505249023
			vertex -45.39102554321289 3 14.543587684631348
			vertex -45.75 3 14.5
		endloop
	endfacet
	facet normal 0 1 0
		outer loop
			vertex -44.347476959228516 3 15.468092918395996
			vertex -44.515525817871094 3 15.147902488708496
			vertex -44.75531768798828 3 14.877233505249023
		endloop
	endfacet
	facet normal 0 1 0
		outer loop
			vertex -44.26093673706055 3 15.819194793701172
			vertex -44.347476959228516 3 15.468092918395996
			vertex -44.75531768798828 3 14.877233505249023
		endloop
	endfacet
	facet normal 0 1 0
		outer loop
			vertex -44.26093673706055 3 15.819194793701172
			vertex -44.75531768798828 3 14.877233505249023
			vertex -45.75 3 14.5
		endloop
	endfacet
	facet normal 0 1 0
		outer loop
			vertex -45.75 3 17.5
			vertex -54.097476959228516 3 19.71809196472168
			vertex -54.01093673706055 3 20.069194793701172
		endloop
	endfacet
	facet normal 0 1 0
		outer loop
			vertex -45.75 3 17.5
			vertex -54.265525817871094 3 19.397903442382812
			vertex -54.097476959228516 3 19.71809196472168
		endloop
	endfacet
	facet normal 0 1 0
		outer loop
			vertex -45.75 3 17.5
			vertex -45.75 3 14.5
			vertex -54.265525817871094 3 19.397903442382812
		endloop
	endfacet
	facet normal 0 1 0
		outer loop
			vertex -45.75 3 17.5
			vertex -54.265525817871094 3 21.102096557617188
			vertex -54.50531768798828 3 21.372766494750977
		endloop
	endfacet
	facet normal 0 1 0
		outer loop
			vertex -45.75 3 17.5
			vertex -54.097476959228516 3 20.78190803527832
			vertex -54.265525817871094 3 21.102096557617188
		endloop
	endfacet
	facet normal 0 1 0
		outer loop
			vertex -45.75 3 17.5
			vertex -54.01093673706055 3 20.430805206298828
			vertex -54.097476959228516 3 20.78190803527832
		endloop
	endfacet
	facet normal 0 1 0
		outer loop
			vertex -45.75 3 17.5
			vertex -54.01093673706055 3 20.069194793701172
			vertex -54.01093673706055 3 20.430805206298828
		endloop
	endfacet
	facet normal 0 1 0
		outer loop
			vertex -45.39102554321289 3 17.45641326904297
			vertex -45.75 3 14.5
			vertex -45.75 3 17.5
		endloop
	endfacet
	facet normal 0 1 0
		outer loop
			vertex -44.347476959228516 3 16.53190803527832
			vertex -44.26093673706055 3 16.180805206298828
			vertex -44.26093673706055 3 15.819194793701172
		endloop
	endfacet
	facet normal 0 1 0
		outer loop
			vertex -44.347476959228516 3 16.53190803527832
			vertex -44.26093673706055 3 15.819194793701172
			vertex -45.75 3 14.5
		endloop
	endfacet
	facet normal 0 1 0
		outer loop
			vertex -45.052913665771484 3 17.328184127807617
			vertex -45.75 3 14.5
			vertex -45.39102554321289 3 17.45641326904297
		endloop
	endfacet
	facet normal 0 1 0
		outer loop
			vertex -44.75531768798828 3 17.122766494750977
			vertex -44.515525817871094 3 16.852096557617188
			vertex -44.347476959228516 3 16.53190803527832
		endloop
	endfacet
	facet normal 0 1 0
		outer loop
			vertex -44.75531768798828 3 17.122766494750977
			vertex -44.347476959228516 3 16.53190803527832
			vertex -45.75 3 14.5
		endloop
	endfacet
	facet normal 0 1 0
		outer loop
			vertex -44.75531768798828 3 17.122766494750977
			vertex -45.75 3 14.5
			vertex -45.052913665771484 3 17.328184127807617
		endloop
	endfacet
	facet normal 0 1 0
		outer loop
			vertex -69.5 3 42.5
			vertex -66.2344741821289 3 18.602096557617188
			vertex -66.40252685546875 3 18.28190803527832
		endloop
	endfacet
	facet normal 0 1 0
		outer loop
			vertex -69.5 3 42.5
			vertex -65.99468231201172 3 18.872766494750977
			vertex -66.2344741821289 3 18.602096557617188
		endloop
	endfacet
	facet normal 0 1 0
		outer loop
			vertex -69.5 3 42.5
			vertex -65.69708251953125 3 19.078184127807617
			vertex -65.99468231201172 3 18.872766494750977
		endloop
	endfacet
	facet normal 0 1 0
		outer loop
			vertex -69.5 3 42.5
			vertex -65.35897064208984 3 19.20641326904297
			vertex -65.69708251953125 3 19.078184127807617
		endloop
	endfacet
	facet normal 0 1 0
		outer loop
			vertex -69.5 3 42.5
			vertex -66.48906707763672 3 -17.569194793701172
			vertex -69.5 3 -42.5
		endloop
	endfacet
	facet normal 0 1 0
		outer loop
			vertex -69.5 3 42.5
			vertex -66.48906707763672 3 17.569194793701172
			vertex -66.48906707763672 3 -17.569194793701172
		endloop
	endfacet
	facet normal 0 1 0
		outer loop
			vertex -69.5 3 42.5
			vertex -66.48906707763672 3 17.930805206298828
			vertex -66.48906707763672 3 17.569194793701172
		endloop
	endfacet
	facet normal 0 1 0
		outer loop
			vertex -69.5 3 42.5
			vertex -66.40252685546875 3 18.28190803527832
			vertex -66.48906707763672 3 17.930805206298828
		endloop
	endfacet
	facet normal 0 1 0
		outer loop
			vertex -25.391027450561523 3 -1.456412672996521
			vertex -25.75 3 -6.5
			vertex -25.75 3 -1.5
		endloop
	endfacet
	facet normal 0 1 0
		outer loop
			vertex -25.391027450561523 3 -1.456412672996521
			vertex -25.391027450561523 3 -6.5435872077941895
			vertex -25.75 3 -6.5
		endloop
	endfacet
	facet normal 0 1 0
		outer loop
			vertex -25.052915573120117 3 -1.3281840085983276
			vertex -25.391027450561523 3 -6.5435872077941895
			vertex -25.391027450561523 3 -1.456412672996521
		endloop
	endfacet
	facet normal 0 1 0
		outer loop
			vertex -25.052915573120117 3 -1.3281840085983276
			vertex -25.052915573120117 3 -6.671815872192383
			vertex -25.391027450561523 3 -6.5435872077941895
		endloop
	endfacet
	facet normal 0 1 0
		outer loop
			vertex -24.75531578063965 3 -1.122766137123108
			vertex -25.052915573120117 3 -6.671815872192383
			vertex -25.052915573120117 3 -1.3281840085983276
		endloop
	endfacet
	facet normal 0 1 0
		outer loop
			vertex -24.75531578063965 3 -1.122766137123108
			vertex -24.75531578063965 3 -6.877233982086182
			vertex -25.052915573120117 3 -6.671815872192383
		endloop
	endfacet
	facet normal 0 1 0
		outer loop
			vertex -24.51552391052246 3 -0.8520970940589905
			vertex -24.51552391052246 3 -7.147902965545654
			vertex -24.75531578063965 3 -6.877233982086182
		endloop
	endfacet
	facet normal 0 1 0
		outer loop
			vertex -24.51552391052246 3 -0.8520970940589905
			vertex -24.75531578063965 3 -6.877233982086182
			vertex -24.75531578063965 3 -1.122766137123108
		endloop
	endfacet
	facet normal 0 1 0
		outer loop
			vertex -24.347475051879883 3 -0.531907320022583
			vertex -24.51552391052246 3 -7.147902965545654
			vertex -24.51552391052246 3 -0.8520970940589905
		endloop
	endfacet
	facet normal 0 1 0
		outer loop
			vertex -24.347475051879883 3 -0.531907320022583
			vertex -24.347475051879883 3 -7.468092441558838
			vertex -24.51552391052246 3 -7.147902965545654
		endloop
	endfacet
	facet normal 0 1 0
		outer loop
			vertex -24.260936737060547 3 -0.1808050274848938
			vertex -24.260936737060547 3 -7.819194793701172
			vertex -24.347475051879883 3 -7.468092441558838
		endloop
	endfacet
	facet normal 0 1 0
		outer loop
			vertex -24.260936737060547 3 -0.1808050274848938
			vertex -24.347475051879883 3 -7.468092441558838
			vertex -24.347475051879883 3 -0.531907320022583
		endloop
	endfacet
	facet normal 0 1 0
		outer loop
			vertex -64.2344741821289 3 42.14790344238281
			vertex -63.99468231201172 3 41.877235412597656
			vertex -69.5 3 42.5
		endloop
	endfacet
	facet normal 0 1 0
		outer loop
			vertex -63.697086334228516 3 41.671817779541016
			vertex -65.35897064208984 3 19.20641326904297
			vertex -69.5 3 42.5
		endloop
	endfacet
	facet normal 0 1 0
		outer loop
			vertex -63.697086334228516 3 41.671817779541016
			vertex -69.5 3 42.5
			vertex -63.99468231201172 3 41.877235412597656
		endloop
	endfacet
	facet normal 0 1 0
		outer loop
			vertex -64.40252685546875 3 42.46809387207031
			vertex -64.2344741821289 3 42.14790344238281
			vertex -69.5 3 42.5
		endloop
	endfacet
	facet normal 0 1 0
		outer loop
			vertex -63.35897445678711 3 41.54358673095703
			vertex -65 3 19.25
			vertex -65.35897064208984 3 19.20641326904297
		endloop
	endfacet
	facet normal 0 1 0
		outer loop
			vertex -63.35897445678711 3 41.54358673095703
			vertex -65.35897064208984 3 19.20641326904297
			vertex -63.697086334228516 3 41.671817779541016
		endloop
	endfacet
	facet normal 0 1 0
		outer loop
			vertex -64.48906707763672 3 42.81919479370117
			vertex -69.5 3 42.5
			vertex -69.36549377441406 3 43.865631103515625
		endloop
	endfacet
	facet normal 0 1 0
		outer loop
			vertex -64.48906707763672 3 42.81919479370117
			vertex -64.40252685546875 3 42.46809387207031
			vertex -69.5 3 42.5
		endloop
	endfacet
	facet normal 0 1 0
		outer loop
			vertex -63 3 41.5
			vertex -65 3 19.25
			vertex -63.35897445678711 3 41.54358673095703
		endloop
	endfacet
	facet normal 0 1 0
		outer loop
			vertex -63 3 41.5
			vertex -56.197086334228516 3 21.578184127807617
			vertex -56.49468231201172 3 21.372766494750977
		endloop
	endfacet
	facet normal 0 1 0
		outer loop
			vertex -63 3 41.5
			vertex -56.49468231201172 3 21.372766494750977
			vertex -64.64102935791016 3 19.20641326904297
		endloop
	endfacet
	facet normal 0 1 0
		outer loop
			vertex -63 3 41.5
			vertex -64.64102935791016 3 19.20641326904297
			vertex -65 3 19.25
		endloop
	endfacet
	facet normal 0 1 0
		outer loop
			vertex -64.48906707763672 3 43.18080520629883
			vertex -69.36549377441406 3 43.865631103515625
			vertex -68.96715545654297 3 45.17878341674805
		endloop
	endfacet
	facet normal 0 1 0
		outer loop
			vertex -64.48906707763672 3 43.18080520629883
			vertex -64.48906707763672 3 42.81919479370117
			vertex -69.36549377441406 3 43.865631103515625
		endloop
	endfacet
	facet normal 0 1 0
		outer loop
			vertex -62.64102554321289 3 41.54358673095703
			vertex -55.85897445678711 3 21.70641326904297
			vertex -56.197086334228516 3 21.578184127807617
		endloop
	endfacet
	facet normal 0 1 0
		outer loop
			vertex -62.64102554321289 3 41.54358673095703
			vertex -56.197086334228516 3 21.578184127807617
			vertex -63 3 41.5
		endloop
	endfacet
	facet normal 0 1 0
		outer loop
			vertex -64.40252685546875 3 43.53190612792969
			vertex -68.96715545654297 3 45.17878341674805
			vertex -68.3202896118164 3 46.38899230957031
		endloop
	endfacet
	facet normal 0 1 0
		outer loop
			vertex -64.40252685546875 3 43.53190612792969
			vertex -64.48906707763672 3 43.18080520629883
			vertex -68.96715545654297 3 45.17878341674805
		endloop
	endfacet
	facet normal 0 1 0
		outer loop
			vertex -62.302913665771484 3 41.671817779541016
			vertex -55.5 3 21.75
			vertex -55.85897445678711 3 21.70641326904297
		endloop
	endfacet
	facet normal 0 1 0
		outer loop
			vertex -62.302913665771484 3 41.671817779541016
			vertex -55.85897445678711 3 21.70641326904297
			vertex -62.64102554321289 3 41.54358673095703
		endloop
	endfacet
	facet normal 0 1 0
		outer loop
			vertex -64.2344741821289 3 43.85209655761719
			vertex -64.40252685546875 3 43.53190612792969
			vertex -68.3202896118164 3 46.38899230957031
		endloop
	endfacet
	facet normal 0 1 0
		outer loop
			vertex -62.00531768798828 3 41.877235412597656
			vertex -55.5 3 21.75
			vertex -62.302913665771484 3 41.671817779541016
		endloop
	endfacet
	facet normal 0 1 0
		outer loop
			vertex -62.00531768798828 3 41.877235412597656
			vertex -55.14102554321289 3 21.70641326904297
			vertex -55.5 3 21.75
		endloop
	endfacet
	facet normal 0 1 0
		outer loop
			vertex -67.44974517822266 3 47.44974899291992
			vertex -64.2344741821289 3 43.85209655761719
			vertex -68.3202896118164 3 46.38899230957031
		endloop
	endfacet
	facet normal 0 1 0
		outer loop
			vertex -63.99468231201172 3 44.122764587402344
			vertex -64.2344741821289 3 43.85209655761719
			vertex -67.44974517822266 3 47.44974899291992
		endloop
	endfacet
	facet normal 0 1 0
		outer loop
			vertex -61.765525817871094 3 42.14790344238281
			vertex -55.14102554321289 3 21.70641326904297
			vertex -62.00531768798828 3 41.877235412597656
		endloop
	endfacet
	facet normal 0 1 0
		outer loop
			vertex -61.765525817871094 3 42.14790344238281
			vertex -54.802913665771484 3 21.578184127807617
			vertex -55.14102554321289 3 21.70641326904297
		endloop
	endfacet
	facet normal 0 1 0
		outer loop
			vertex -61.597476959228516 3 42.46809387207031
			vertex -54.802913665771484 3 21.578184127807617
			vertex -61.765525817871094 3 42.14790344238281
		endloop
	endfacet
	facet normal 0 1 0
		outer loop
			vertex -25.391027450561523 3 6.5435872077941895
			vertex -25.391027450561523 3 1.456412672996521
			vertex -25.75 3 1.5
		endloop
	endfacet
	facet normal 0 1 0
		outer loop
			vertex -25.391027450561523 3 6.5435872077941895
			vertex -25.75 3 1.5
			vertex -25.75 3 6.5
		endloop
	endfacet
	facet normal 0 1 0
		outer loop
			vertex -25.052915573120117 3 6.671815872192383
			vertex -25.052915573120117 3 1.3281840085983276
			vertex -25.391027450561523 3 1.456412672996521
		endloop
	endfacet
	facet normal 0 1 0
		outer loop
			vertex -25.052915573120117 3 6.671815872192383
			vertex -24.75531578063965 3 1.122766137123108
			vertex -25.052915573120117 3 1.3281840085983276
		endloop
	endfacet
	facet normal 0 1 0
		outer loop
			vertex -25.052915573120117 3 6.671815872192383
			vertex -25.391027450561523 3 1.456412672996521
			vertex -25.391027450561523 3 6.5435872077941895
		endloop
	endfacet
	facet normal 0 1 0
		outer loop
			vertex -66.38899230957031 3 48.32028579711914
			vertex -63.99468231201172 3 44.122764587402344
			vertex -67.44974517822266 3 47.44974899291992
		endloop
	endfacet
	facet normal 0 1 0
		outer loop
			vertex -66.38899230957031 3 48.32028579711914
			vertex -63.697086334228516 3 44.328182220458984
			vertex -63.99468231201172 3 44.122764587402344
		endloop
	endfacet
	facet normal 0 1 0
		outer loop
			vertex -24.75531578063965 3 6.877233982086182
			vertex -24.75531578063965 3 1.122766137123108
			vertex -25.052915573120117 3 6.671815872192383
		endloop
	endfacet
	facet normal 0 1 0
		outer loop
			vertex -24.51552391052246 3 7.147902965545654
			vertex -24.51552391052246 3 0.8520970940589905
			vertex -24.75531578063965 3 1.122766137123108
		endloop
	endfacet
	facet normal 0 1 0
		outer loop
			vertex -24.51552391052246 3 7.147902965545654
			vertex -24.75531578063965 3 1.122766137123108
			vertex -24.75531578063965 3 6.877233982086182
		endloop
	endfacet
	facet normal 0 1 0
		outer loop
			vertex -24.347475051879883 3 7.468092441558838
			vertex -24.347475051879883 3 0.531907320022583
			vertex -24.51552391052246 3 0.8520970940589905
		endloop
	endfacet
	facet normal 0 1 0
		outer loop
			vertex -24.347475051879883 3 7.468092441558838
			vertex -24.260936737060547 3 0.1808050274848938
			vertex -24.347475051879883 3 0.531907320022583
		endloop
	endfacet
	facet normal 0 1 0
		outer loop
			vertex -24.347475051879883 3 7.468092441558838
			vertex -24.51552391052246 3 0.8520970940589905
			vertex -24.51552391052246 3 7.147902965545654
		endloop
	endfacet
	facet normal 0 1 0
		outer loop
			vertex -24.260936737060547 3 7.819194793701172
			vertex -24.260936737060547 3 0.1808050274848938
			vertex -24.347475051879883 3 7.468092441558838
		endloop
	endfacet
	facet normal 0 1 0
		outer loop
			vertex -65.17878723144531 3 48.96715545654297
			vertex -63.697086334228516 3 44.328182220458984
			vertex -66.38899230957031 3 48.32028579711914
		endloop
	endfacet
	facet normal 0 1 0
		outer loop
			vertex -65.17878723144531 3 48.96715545654297
			vertex -63.35897445678711 3 44.45641326904297
			vertex -63.697086334228516 3 44.328182220458984
		endloop
	endfacet
	facet normal 0 1 0
		outer loop
			vertex -63.865631103515625 3 49.36549758911133
			vertex -63 3 44.5
			vertex -63.35897445678711 3 44.45641326904297
		endloop
	endfacet
	facet normal 0 1 0
		outer loop
			vertex -63.865631103515625 3 49.36549758911133
			vertex -63.35897445678711 3 44.45641326904297
			vertex -65.17878723144531 3 48.96715545654297
		endloop
	endfacet
	facet normal 0 1 0
		outer loop
			vertex -62.5 3 49.5
			vertex -62.64102554321289 3 44.45641326904297
			vertex -63 3 44.5
		endloop
	endfacet
	facet normal 0 1 0
		outer loop
			vertex -62.5 3 49.5
			vertex -62.302913665771484 3 44.328182220458984
			vertex -62.64102554321289 3 44.45641326904297
		endloop
	endfacet
	facet normal 0 1 0
		outer loop
			vertex -62.5 3 49.5
			vertex -62.00531768798828 3 44.122764587402344
			vertex -62.302913665771484 3 44.328182220458984
		endloop
	endfacet
	facet normal 0 1 0
		outer loop
			vertex -62.5 3 49.5
			vertex -61.765525817871094 3 43.85209655761719
			vertex -62.00531768798828 3 44.122764587402344
		endloop
	endfacet
	facet normal 0 1 0
		outer loop
			vertex -62.5 3 49.5
			vertex -61.597476959228516 3 43.53190612792969
			vertex -61.765525817871094 3 43.85209655761719
		endloop
	endfacet
	facet normal 0 1 0
		outer loop
			vertex -62.5 3 49.5
			vertex -63 3 44.5
			vertex -63.865631103515625 3 49.36549758911133
		endloop
	endfacet
	facet normal 0 1 0
		outer loop
			vertex 22.00531578063965 3 -34.622764587402344
			vertex 8.989063262939453 3 -42.81919479370117
			vertex 8.9025239944458 3 -42.46809387207031
		endloop
	endfacet
	facet normal 0 1 0
		outer loop
			vertex 21.76552391052246 3 -34.35209655761719
			vertex 8.9025239944458 3 -42.46809387207031
			vertex 8.734476089477539 3 -42.14790344238281
		endloop
	endfacet
	facet normal 0 1 0
		outer loop
			vertex 21.76552391052246 3 -34.35209655761719
			vertex 22.00531578063965 3 -34.622764587402344
			vertex 8.9025239944458 3 -42.46809387207031
		endloop
	endfacet
	facet normal 0 1 0
		outer loop
			vertex 22.302915573120117 3 -34.828182220458984
			vertex 8.989063262939453 3 -43.18080520629883
			vertex 8.989063262939453 3 -42.81919479370117
		endloop
	endfacet
	facet normal 0 1 0
		outer loop
			vertex 22.302915573120117 3 -34.828182220458984
			vertex 8.989063262939453 3 -42.81919479370117
			vertex 22.00531578063965 3 -34.622764587402344
		endloop
	endfacet
	facet normal 0 1 0
		outer loop
			vertex 21.597475051879883 3 -34.03190612792969
			vertex 8.734476089477539 3 -42.14790344238281
			vertex 8.494684219360352 3 -41.877235412597656
		endloop
	endfacet
	facet normal 0 1 0
		outer loop
			vertex 21.597475051879883 3 -34.03190612792969
			vertex 21.76552391052246 3 -34.35209655761719
			vertex 8.734476089477539 3 -42.14790344238281
		endloop
	endfacet
	facet normal 0 1 0
		outer loop
			vertex 22.641027450561523 3 -34.95641326904297
			vertex 8.9025239944458 3 -43.53190612792969
			vertex 8.989063262939453 3 -43.18080520629883
		endloop
	endfacet
	facet normal 0 1 0
		outer loop
			vertex 22.641027450561523 3 -34.95641326904297
			vertex 8.989063262939453 3 -43.18080520629883
			vertex 22.302915573120117 3 -34.828182220458984
		endloop
	endfacet
	facet normal 0 1 0
		outer loop
			vertex 21.510936737060547 3 -33.68080520629883
			vertex 8.494684219360352 3 -41.877235412597656
			vertex 8.197084426879883 3 -41.671817779541016
		endloop
	endfacet
	facet normal 0 1 0
		outer loop
			vertex 21.510936737060547 3 -33.68080520629883
			vertex 21.597475051879883 3 -34.03190612792969
			vertex 8.494684219360352 3 -41.877235412597656
		endloop
	endfacet
	facet normal 0 1 0
		outer loop
			vertex 23 3 -35
			vertex 8.734476089477539 3 -43.85209655761719
			vertex 8.9025239944458 3 -43.53190612792969
		endloop
	endfacet
	facet normal 0 1 0
		outer loop
			vertex 23 3 -35
			vertex 8.9025239944458 3 -43.53190612792969
			vertex 22.641027450561523 3 -34.95641326904297
		endloop
	endfacet
	facet normal 0 1 0
		outer loop
			vertex 21.510936737060547 3 -33.31919479370117
			vertex 8.197084426879883 3 -41.671817779541016
			vertex 7.858973503112793 3 -41.54358673095703
		endloop
	endfacet
	facet normal 0 1 0
		outer loop
			vertex 21.510936737060547 3 -33.31919479370117
			vertex 21.510936737060547 3 -33.68080520629883
			vertex 8.197084426879883 3 -41.671817779541016
		endloop
	endfacet
	facet normal 0 1 0
		outer loop
			vertex -26.447084426879883 3 14.671815872192383
			vertex -26.74468421936035 3 14.877233505249023
			vertex -26.98447608947754 3 15.147902488708496
		endloop
	endfacet
	facet normal 0 1 0
		outer loop
			vertex -25.75 3 14.5
			vertex -25.391027450561523 3 9.456412315368652
			vertex -25.75 3 9.5
		endloop
	endfacet
	facet normal 0 1 0
		outer loop
			vertex -25.75 3 14.5
			vertex -25.052915573120117 3 9.328184127807617
			vertex -25.391027450561523 3 9.456412315368652
		endloop
	endfacet
	facet normal 0 1 0
		outer loop
			vertex -25.75 3 14.5
			vertex -24.75531578063965 3 9.122766494750977
			vertex -25.052915573120117 3 9.328184127807617
		endloop
	endfacet
	facet normal 0 1 0
		outer loop
			vertex -25.75 3 14.5
			vertex -24.51552391052246 3 8.852097511291504
			vertex -24.75531578063965 3 9.122766494750977
		endloop
	endfacet
	facet normal 0 1 0
		outer loop
			vertex -25.75 3 14.5
			vertex -24.347475051879883 3 8.531907081604004
			vertex -24.51552391052246 3 8.852097511291504
		endloop
	endfacet
	facet normal 0 1 0
		outer loop
			vertex -27.239063262939453 3 16.180805206298828
			vertex -26.447084426879883 3 14.671815872192383
			vertex -26.98447608947754 3 15.147902488708496
		endloop
	endfacet
	facet normal 0 1 0
		outer loop
			vertex -27.239063262939453 3 16.180805206298828
			vertex -26.98447608947754 3 15.147902488708496
			vertex -27.152524948120117 3 15.468092918395996
		endloop
	endfacet
	facet normal 0 1 0
		outer loop
			vertex -27.239063262939453 3 16.180805206298828
			vertex -27.152524948120117 3 15.468092918395996
			vertex -27.239063262939453 3 15.819194793701172
		endloop
	endfacet
	facet normal 0 1 0
		outer loop
			vertex -27.152524948120117 3 16.53190803527832
			vertex -26.447084426879883 3 14.671815872192383
			vertex -27.239063262939453 3 16.180805206298828
		endloop
	endfacet
	facet normal 0 1 0
		outer loop
			vertex -27.152524948120117 3 16.53190803527832
			vertex -26.108972549438477 3 14.543587684631348
			vertex -26.447084426879883 3 14.671815872192383
		endloop
	endfacet
	facet normal 0 1 0
		outer loop
			vertex -26.74468421936035 3 17.122766494750977
			vertex -26.108972549438477 3 14.543587684631348
			vertex -27.152524948120117 3 16.53190803527832
		endloop
	endfacet
	facet normal 0 1 0
		outer loop
			vertex -26.74468421936035 3 17.122766494750977
			vertex -25.75 3 14.5
			vertex -26.108972549438477 3 14.543587684631348
		endloop
	endfacet
	facet normal 0 1 0
		outer loop
			vertex -26.74468421936035 3 17.122766494750977
			vertex -27.152524948120117 3 16.53190803527832
			vertex -26.98447608947754 3 16.852096557617188
		endloop
	endfacet
	facet normal 0 1 0
		outer loop
			vertex -26.108972549438477 3 17.45641326904297
			vertex -26.74468421936035 3 17.122766494750977
			vertex -26.447084426879883 3 17.328184127807617
		endloop
	endfacet
	facet normal 0 1 0
		outer loop
			vertex -25.75 3 17.5
			vertex -25.75 3 14.5
			vertex -26.74468421936035 3 17.122766494750977
		endloop
	endfacet
	facet normal 0 1 0
		outer loop
			vertex -25.75 3 17.5
			vertex -26.74468421936035 3 17.122766494750977
			vertex -26.108972549438477 3 17.45641326904297
		endloop
	endfacet
	facet normal 0 1 0
		outer loop
			vertex 21.76552391052246 3 -28.352096557617188
			vertex 22.00531578063965 3 -32.377235412597656
			vertex 21.76552391052246 3 -32.64790344238281
		endloop
	endfacet
	facet normal 0 1 0
		outer loop
			vertex 21.76552391052246 3 -28.352096557617188
			vertex 22.00531578063965 3 -28.622766494750977
			vertex 22.00531578063965 3 -32.377235412597656
		endloop
	endfacet
	facet normal 0 1 0
		outer loop
			vertex 22.302915573120117 3 -28.828184127807617
			vertex 22.302915573120117 3 -32.171817779541016
			vertex 22.00531578063965 3 -32.377235412597656
		endloop
	endfacet
	facet normal 0 1 0
		outer loop
			vertex 22.302915573120117 3 -28.828184127807617
			vertex 22.00531578063965 3 -32.377235412597656
			vertex 22.00531578063965 3 -28.622766494750977
		endloop
	endfacet
	facet normal 0 1 0
		outer loop
			vertex 21.597475051879883 3 -28.03190803527832
			vertex 21.76552391052246 3 -28.352096557617188
			vertex 21.76552391052246 3 -32.64790344238281
		endloop
	endfacet
	facet normal 0 1 0
		outer loop
			vertex 21.597475051879883 3 -28.03190803527832
			vertex 21.597475051879883 3 -32.96809387207031
			vertex 21.510936737060547 3 -33.31919479370117
		endloop
	endfacet
	facet normal 0 1 0
		outer loop
			vertex 21.597475051879883 3 -28.03190803527832
			vertex 21.76552391052246 3 -32.64790344238281
			vertex 21.597475051879883 3 -32.96809387207031
		endloop
	endfacet
	facet normal 0 1 0
		outer loop
			vertex 22.641027450561523 3 -28.95641326904297
			vertex 22.641027450561523 3 -32.04358673095703
			vertex 22.302915573120117 3 -32.171817779541016
		endloop
	endfacet
	facet normal 0 1 0
		outer loop
			vertex 22.641027450561523 3 -28.95641326904297
			vertex 22.302915573120117 3 -32.171817779541016
			vertex 22.302915573120117 3 -28.828184127807617
		endloop
	endfacet
	facet normal 0 1 0
		outer loop
			vertex 21.510936737060547 3 -27.680805206298828
			vertex 7.858973503112793 3 -41.54358673095703
			vertex 7.5 3 -41.5
		endloop
	endfacet
	facet normal 0 1 0
		outer loop
			vertex 21.510936737060547 3 -27.680805206298828
			vertex 21.510936737060547 3 -33.31919479370117
			vertex 7.858973503112793 3 -41.54358673095703
		endloop
	endfacet
	facet normal 0 1 0
		outer loop
			vertex 21.510936737060547 3 -27.680805206298828
			vertex 21.597475051879883 3 -28.03190803527832
			vertex 21.510936737060547 3 -33.31919479370117
		endloop
	endfacet
	facet normal 0 1 0
		outer loop
			vertex 23 3 -29
			vertex 23 3 -32
			vertex 22.641027450561523 3 -32.04358673095703
		endloop
	endfacet
	facet normal 0 1 0
		outer loop
			vertex 23 3 -29
			vertex 22.641027450561523 3 -32.04358673095703
			vertex 22.641027450561523 3 -28.95641326904297
		endloop
	endfacet
	facet normal 0 1 0
		outer loop
			vertex 21.510936737060547 3 -27.319194793701172
			vertex 21.510936737060547 3 -27.680805206298828
			vertex 7.5 3 -41.5
		endloop
	endfacet
	facet normal 0 1 0
		outer loop
			vertex 21.510936737060547 3 -27.319194793701172
			vertex 7.5 3 -41.5
			vertex 7.141026496887207 3 -41.54358673095703
		endloop
	endfacet
	facet normal 0 1 0
		outer loop
			vertex -32.5 3 27.5
			vertex -54.802913665771484 3 21.578184127807617
			vertex -61.597476959228516 3 42.46809387207031
		endloop
	endfacet
	facet normal 0 1 0
		outer loop
			vertex -32.5 3 27.5
			vertex -45.75 3 17.5
			vertex -54.50531768798828 3 21.372766494750977
		endloop
	endfacet
	facet normal 0 1 0
		outer loop
			vertex -32.5 3 27.5
			vertex -54.50531768798828 3 21.372766494750977
			vertex -54.802913665771484 3 21.578184127807617
		endloop
	endfacet
	facet normal 0 1 0
		outer loop
			vertex 32.64102554321289 3 -34.95641326904297
			vertex 32.302913665771484 3 -34.828182220458984
			vertex 32.00531768798828 3 -34.622764587402344
		endloop
	endfacet
	facet normal 0 1 0
		outer loop
			vertex 32.64102554321289 3 -34.95641326904297
			vertex 32.00531768798828 3 -34.622764587402344
			vertex 31.76552391052246 3 -34.35209655761719
		endloop
	endfacet
	facet normal 0 1 0
		outer loop
			vertex 32.64102554321289 3 -34.95641326904297
			vertex 31.76552391052246 3 -34.35209655761719
			vertex 31.597475051879883 3 -34.03190612792969
		endloop
	endfacet
	facet normal 0 1 0
		outer loop
			vertex 33 3 -35
			vertex 32.64102554321289 3 -34.95641326904297
			vertex 31.597475051879883 3 -34.03190612792969
		endloop
	endfacet
	facet normal 0 1 0
		outer loop
			vertex 33 3 -35
			vertex 31.597475051879883 3 -34.03190612792969
			vertex 31.510936737060547 3 -33.68080520629883
		endloop
	endfacet
	facet normal 0 1 0
		outer loop
			vertex 31.597475051879883 3 -32.96809387207031
			vertex 31.510936737060547 3 -33.68080520629883
			vertex 31.510936737060547 3 -33.31919479370117
		endloop
	endfacet
	facet normal 0 1 0
		outer loop
			vertex 21.76552391052246 3 -22.352096557617188
			vertex 22.00531578063965 3 -22.622766494750977
			vertex 22.00531578063965 3 -26.377233505249023
		endloop
	endfacet
	facet normal 0 1 0
		outer loop
			vertex 21.76552391052246 3 -22.352096557617188
			vertex 21.76552391052246 3 -26.647903442382812
			vertex 21.597475051879883 3 -26.96809196472168
		endloop
	endfacet
	facet normal 0 1 0
		outer loop
			vertex 21.76552391052246 3 -22.352096557617188
			vertex 22.00531578063965 3 -26.377233505249023
			vertex 21.76552391052246 3 -26.647903442382812
		endloop
	endfacet
	facet normal 0 1 0
		outer loop
			vertex 22.302915573120117 3 -22.828184127807617
			vertex 22.00531578063965 3 -26.377233505249023
			vertex 22.00531578063965 3 -22.622766494750977
		endloop
	endfacet
	facet normal 0 1 0
		outer loop
			vertex 22.302915573120117 3 -22.828184127807617
			vertex 22.302915573120117 3 -26.171815872192383
			vertex 22.00531578063965 3 -26.377233505249023
		endloop
	endfacet
	facet normal 0 1 0
		outer loop
			vertex 21.597475051879883 3 -22.03190803527832
			vertex 21.76552391052246 3 -22.352096557617188
			vertex 21.597475051879883 3 -26.96809196472168
		endloop
	endfacet
	facet normal 0 1 0
		outer loop
			vertex 32.00531768798828 3 -32.377235412597656
			vertex 31.597475051879883 3 -32.96809387207031
			vertex 31.76552391052246 3 -32.64790344238281
		endloop
	endfacet
	facet normal 0 1 0
		outer loop
			vertex 22.641027450561523 3 -22.95641326904297
			vertex 22.302915573120117 3 -26.171815872192383
			vertex 22.302915573120117 3 -22.828184127807617
		endloop
	endfacet
	facet normal 0 1 0
		outer loop
			vertex 22.641027450561523 3 -22.95641326904297
			vertex 22.641027450561523 3 -26.04358673095703
			vertex 22.302915573120117 3 -26.171815872192383
		endloop
	endfacet
	facet normal 0 1 0
		outer loop
			vertex 21.510936737060547 3 -21.680805206298828
			vertex 21.510936737060547 3 -27.319194793701172
			vertex 7.141026496887207 3 -41.54358673095703
		endloop
	endfacet
	facet normal 0 1 0
		outer loop
			vertex 21.510936737060547 3 -21.680805206298828
			vertex 21.597475051879883 3 -26.96809196472168
			vertex 21.510936737060547 3 -27.319194793701172
		endloop
	endfacet
	facet normal 0 1 0
		outer loop
			vertex 21.510936737060547 3 -21.680805206298828
			vertex 21.597475051879883 3 -22.03190803527832
			vertex 21.597475051879883 3 -26.96809196472168
		endloop
	endfacet
	facet normal 0 1 0
		outer loop
			vertex 23 3 -23
			vertex 22.641027450561523 3 -26.04358673095703
			vertex 22.641027450561523 3 -22.95641326904297
		endloop
	endfacet
	facet normal 0 1 0
		outer loop
			vertex 23 3 -23
			vertex 23 3 -26
			vertex 22.641027450561523 3 -26.04358673095703
		endloop
	endfacet
	facet normal 0 1 0
		outer loop
			vertex 21.510936737060547 3 -21.319194793701172
			vertex 21.510936737060547 3 -21.680805206298828
			vertex 7.141026496887207 3 -41.54358673095703
		endloop
	endfacet
	facet normal 0 1 0
		outer loop
			vertex 21.510936737060547 3 -21.319194793701172
			vertex 7.141026496887207 3 -41.54358673095703
			vertex -23 3 -24.5
		endloop
	endfacet
	facet normal 0 1 0
		outer loop
			vertex 32.64102554321289 3 -32.04358673095703
			vertex 31.510936737060547 3 -33.68080520629883
			vertex 31.597475051879883 3 -32.96809387207031
		endloop
	endfacet
	facet normal 0 1 0
		outer loop
			vertex 32.64102554321289 3 -32.04358673095703
			vertex 31.597475051879883 3 -32.96809387207031
			vertex 32.00531768798828 3 -32.377235412597656
		endloop
	endfacet
	facet normal 0 1 0
		outer loop
			vertex 32.64102554321289 3 -32.04358673095703
			vertex 32.00531768798828 3 -32.377235412597656
			vertex 32.302913665771484 3 -32.171817779541016
		endloop
	endfacet
	facet normal 0 1 0
		outer loop
			vertex 21.597475051879883 3 -20.96809196472168
			vertex -23 3 -24.5
			vertex -24.347475051879883 3 -8.531907081604004
		endloop
	endfacet
	facet normal 0 1 0
		outer loop
			vertex 21.597475051879883 3 -20.96809196472168
			vertex -24.347475051879883 3 -8.531907081604004
			vertex -24.260936737060547 3 -8.180805206298828
		endloop
	endfacet
	facet normal 0 1 0
		outer loop
			vertex 21.597475051879883 3 -20.96809196472168
			vertex 21.510936737060547 3 -21.319194793701172
			vertex -23 3 -24.5
		endloop
	endfacet
	facet normal 0 1 0
		outer loop
			vertex 33 3 -32
			vertex 33 3 -35
			vertex 31.510936737060547 3 -33.68080520629883
		endloop
	endfacet
	facet normal 0 1 0
		outer loop
			vertex 33 3 -32
			vertex 31.510936737060547 3 -33.68080520629883
			vertex 32.64102554321289 3 -32.04358673095703
		endloop
	endfacet
	facet normal 0 1 0
		outer loop
			vertex -23 3 24.5
			vertex -25.75 3 14.5
			vertex -25.75 3 17.5
		endloop
	endfacet
	facet normal 0 1 0
		outer loop
			vertex -23 3 24.5
			vertex -24.347475051879883 3 8.531907081604004
			vertex -25.75 3 14.5
		endloop
	endfacet
	facet normal 0 1 0
		outer loop
			vertex 31.510936737060547 3 -27.319194793701172
			vertex 32.00531768798828 3 -28.622766494750977
			vertex 31.76552391052246 3 -28.352096557617188
		endloop
	endfacet
	facet normal 0 1 0
		outer loop
			vertex 31.510936737060547 3 -27.319194793701172
			vertex 31.76552391052246 3 -28.352096557617188
			vertex 31.597475051879883 3 -28.03190803527832
		endloop
	endfacet
	facet normal 0 1 0
		outer loop
			vertex 31.510936737060547 3 -27.319194793701172
			vertex 31.597475051879883 3 -28.03190803527832
			vertex 31.510936737060547 3 -27.680805206298828
		endloop
	endfacet
	facet normal 0 1 0
		outer loop
			vertex 32.00531768798828 3 -26.377233505249023
			vertex 31.510936737060547 3 -27.319194793701172
			vertex 31.597475051879883 3 -26.96809196472168
		endloop
	endfacet
	facet normal 0 1 0
		outer loop
			vertex 32.00531768798828 3 -26.377233505249023
			vertex 31.597475051879883 3 -26.96809196472168
			vertex 31.76552391052246 3 -26.647903442382812
		endloop
	endfacet
	facet normal 0 1 0
		outer loop
			vertex 23 3 -17
			vertex 22.00531578063965 3 -20.377233505249023
			vertex 21.76552391052246 3 -20.647903442382812
		endloop
	endfacet
	facet normal 0 1 0
		outer loop
			vertex 23 3 -17
			vertex 22.302915573120117 3 -20.171815872192383
			vertex 22.00531578063965 3 -20.377233505249023
		endloop
	endfacet
	facet normal 0 1 0
		outer loop
			vertex 23 3 -17
			vertex 22.641027450561523 3 -20.04358673095703
			vertex 22.302915573120117 3 -20.171815872192383
		endloop
	endfacet
	facet normal 0 1 0
		outer loop
			vertex 23 3 -17
			vertex 23 3 -20
			vertex 22.641027450561523 3 -20.04358673095703
		endloop
	endfacet
	facet normal 0 1 0
		outer loop
			vertex 32.64102554321289 3 -26.04358673095703
			vertex 32.64102554321289 3 -28.95641326904297
			vertex 31.510936737060547 3 -27.319194793701172
		endloop
	endfacet
	facet normal 0 1 0
		outer loop
			vertex 32.64102554321289 3 -26.04358673095703
			vertex 31.510936737060547 3 -27.319194793701172
			vertex 32.00531768798828 3 -26.377233505249023
		endloop
	endfacet
	facet normal 0 1 0
		outer loop
			vertex 32.64102554321289 3 -26.04358673095703
			vertex 32.00531768798828 3 -26.377233505249023
			vertex 32.302913665771484 3 -26.171815872192383
		endloop
	endfacet
	facet normal 0 1 0
		outer loop
			vertex 33 3 -26
			vertex 32.64102554321289 3 -28.95641326904297
			vertex 32.64102554321289 3 -26.04358673095703
		endloop
	endfacet
	facet normal 0 1 0
		outer loop
			vertex 33 3 -26
			vertex 33 3 -29
			vertex 32.64102554321289 3 -28.95641326904297
		endloop
	endfacet
	facet normal 0 1 0
		outer loop
			vertex 23.99468421936035 3 -16.622766494750977
			vertex 23.358972549438477 3 -16.95641326904297
			vertex 23 3 -17
		endloop
	endfacet
	facet normal 0 1 0
		outer loop
			vertex 23.99468421936035 3 -16.622766494750977
			vertex 23.697084426879883 3 -16.828184127807617
			vertex 23.358972549438477 3 -16.95641326904297
		endloop
	endfacet
	facet normal 0 1 0
		outer loop
			vertex 24.23447608947754 3 -16.352096557617188
			vertex 23.99468421936035 3 -16.622766494750977
			vertex 23 3 -17
		endloop
	endfacet
	facet normal 0 1 0
		outer loop
			vertex 23 3 -14
			vertex 21.76552391052246 3 -20.647903442382812
			vertex 21.597475051879883 3 -20.96809196472168
		endloop
	endfacet
	facet normal 0 1 0
		outer loop
			vertex 23 3 -14
			vertex 21.597475051879883 3 -20.96809196472168
			vertex -24.260936737060547 3 -8.180805206298828
		endloop
	endfacet
	facet normal 0 1 0
		outer loop
			vertex 23 3 -14
			vertex 23 3 -17
			vertex 21.76552391052246 3 -20.647903442382812
		endloop
	endfacet
	facet normal 0 1 0
		outer loop
			vertex 23 3 -14
			vertex -24.260936737060547 3 -7.819194793701172
			vertex -24.260936737060547 3 -0.1808050274848938
		endloop
	endfacet
	facet normal 0 1 0
		outer loop
			vertex 23 3 -14
			vertex -24.260936737060547 3 -8.180805206298828
			vertex -24.260936737060547 3 -7.819194793701172
		endloop
	endfacet
	facet normal 0 1 0
		outer loop
			vertex 24.489063262939453 3 -15.319194793701172
			vertex 24.489063262939453 3 -15.680805206298828
			vertex 24.402524948120117 3 -16.03190803527832
		endloop
	endfacet
	facet normal 0 1 0
		outer loop
			vertex 24.402524948120117 3 -14.968092918395996
			vertex 24.489063262939453 3 -15.319194793701172
			vertex 24.402524948120117 3 -16.03190803527832
		endloop
	endfacet
	facet normal 0 1 0
		outer loop
			vertex 24.402524948120117 3 -14.968092918395996
			vertex 24.402524948120117 3 -16.03190803527832
			vertex 24.23447608947754 3 -16.352096557617188
		endloop
	endfacet
	facet normal 0 1 0
		outer loop
			vertex 23.697084426879883 3 -14.171815872192383
			vertex 23 3 -17
			vertex 23 3 -14
		endloop
	endfacet
	facet normal 0 1 0
		outer loop
			vertex 23.697084426879883 3 -14.171815872192383
			vertex 24.23447608947754 3 -16.352096557617188
			vertex 23 3 -17
		endloop
	endfacet
	facet normal 0 1 0
		outer loop
			vertex 23.697084426879883 3 -14.171815872192383
			vertex 23 3 -14
			vertex 23.358972549438477 3 -14.043587684631348
		endloop
	endfacet
	facet normal 0 1 0
		outer loop
			vertex 23.99468421936035 3 -14.377233505249023
			vertex 24.23447608947754 3 -16.352096557617188
			vertex 23.697084426879883 3 -14.171815872192383
		endloop
	endfacet
	facet normal 0 1 0
		outer loop
			vertex 23.99468421936035 3 -14.377233505249023
			vertex 24.402524948120117 3 -14.968092918395996
			vertex 24.23447608947754 3 -16.352096557617188
		endloop
	endfacet
	facet normal 0 1 0
		outer loop
			vertex 23.99468421936035 3 -14.377233505249023
			vertex 24.23447608947754 3 -14.647902488708496
			vertex 24.402524948120117 3 -14.968092918395996
		endloop
	endfacet
	facet normal 0 1 0
		outer loop
			vertex 31.597475051879883 3 -20.96809196472168
			vertex 31.510936737060547 3 -21.680805206298828
			vertex 31.510936737060547 3 -21.319194793701172
		endloop
	endfacet
	facet normal 0 1 0
		outer loop
			vertex 31.76552391052246 3 -20.647903442382812
			vertex 31.597475051879883 3 -22.03190803527832
			vertex 31.510936737060547 3 -21.680805206298828
		endloop
	endfacet
	facet normal 0 1 0
		outer loop
			vertex 31.76552391052246 3 -20.647903442382812
			vertex 31.510936737060547 3 -21.680805206298828
			vertex 31.597475051879883 3 -20.96809196472168
		endloop
	endfacet
	facet normal 0 1 0
		outer loop
			vertex 32.302913665771484 3 -20.171815872192383
			vertex 31.597475051879883 3 -22.03190803527832
			vertex 31.76552391052246 3 -20.647903442382812
		endloop
	endfacet
	facet normal 0 1 0
		outer loop
			vertex 32.302913665771484 3 -20.171815872192383
			vertex 31.76552391052246 3 -20.647903442382812
			vertex 32.00531768798828 3 -20.377233505249023
		endloop
	endfacet
	facet normal 0 1 0
		outer loop
			vertex 32.64102554321289 3 -20.04358673095703
			vertex 31.76552391052246 3 -22.352096557617188
			vertex 31.597475051879883 3 -22.03190803527832
		endloop
	endfacet
	facet normal 0 1 0
		outer loop
			vertex 32.64102554321289 3 -20.04358673095703
			vertex 31.597475051879883 3 -22.03190803527832
			vertex 32.302913665771484 3 -20.171815872192383
		endloop
	endfacet
	facet normal 0 1 0
		outer loop
			vertex 33 3 -20
			vertex 31.76552391052246 3 -22.352096557617188
			vertex 32.64102554321289 3 -20.04358673095703
		endloop
	endfacet
	facet normal 0 1 0
		outer loop
			vertex 62.5 3 -49.5
			vertex 8.197084426879883 3 -44.328182220458984
			vertex 8.494684219360352 3 -44.122764587402344
		endloop
	endfacet
	facet normal 0 1 0
		outer loop
			vertex 62.5 3 -49.5
			vertex 7.858973503112793 3 -44.45641326904297
			vertex 8.197084426879883 3 -44.328182220458984
		endloop
	endfacet
	facet normal 0 1 0
		outer loop
			vertex 62.5 3 -49.5
			vertex 7.5 3 -44.5
			vertex 7.858973503112793 3 -44.45641326904297
		endloop
	endfacet
	facet normal 0 1 0
		outer loop
			vertex 62.5 3 -49.5
			vertex -23 3 -49.5
			vertex 7.5 3 -44.5
		endloop
	endfacet
	facet normal 0 1 0
		outer loop
			vertex 62.5 3 -49.5
			vertex 8.494684219360352 3 -44.122764587402344
			vertex 33 3 -35
		endloop
	endfacet
	facet normal 0 1 0
		outer loop
			vertex -32.5 3 46.5
			vertex -32.5 3 27.5
			vertex -61.597476959228516 3 42.46809387207031
		endloop
	endfacet
	facet normal 0 1 0
		outer loop
			vertex -32.5 3 46.5
			vertex -23 3 27.5
			vertex -32.5 3 27.5
		endloop
	endfacet
	facet normal 0 1 0
		outer loop
			vertex -32.5 3 46.5
			vertex -61.51093673706055 3 43.18080520629883
			vertex -61.597476959228516 3 43.53190612792969
		endloop
	endfacet
	facet normal 0 1 0
		outer loop
			vertex -32.5 3 46.5
			vertex -61.51093673706055 3 42.81919479370117
			vertex -61.51093673706055 3 43.18080520629883
		endloop
	endfacet
	facet normal 0 1 0
		outer loop
			vertex -32.5 3 46.5
			vertex -61.597476959228516 3 42.46809387207031
			vertex -61.51093673706055 3 42.81919479370117
		endloop
	endfacet
	facet normal 0 1 0
		outer loop
			vertex 33.35897445678711 3 -16.95641326904297
			vertex 33 3 -20
			vertex 33 3 -17
		endloop
	endfacet
	facet normal 0 1 0
		outer loop
			vertex 33.697086334228516 3 -16.828184127807617
			vertex 33 3 -20
			vertex 33.35897445678711 3 -16.95641326904297
		endloop
	endfacet
	facet normal 0 1 0
		outer loop
			vertex -32.5 3 49.5
			vertex -61.597476959228516 3 43.53190612792969
			vertex -62.5 3 49.5
		endloop
	endfacet
	facet normal 0 1 0
		outer loop
			vertex -32.5 3 49.5
			vertex -32.5 3 46.5
			vertex -61.597476959228516 3 43.53190612792969
		endloop
	endfacet
	facet normal 0 1 0
		outer loop
			vertex 33.99468231201172 3 -16.622766494750977
			vertex 33 3 -20
			vertex 33.697086334228516 3 -16.828184127807617
		endloop
	endfacet
	facet normal 0 1 0
		outer loop
			vertex 34.234474182128906 3 -16.352096557617188
			vertex 33 3 -23
			vertex 33 3 -20
		endloop
	endfacet
	facet normal 0 1 0
		outer loop
			vertex 34.234474182128906 3 -16.352096557617188
			vertex 33 3 -20
			vertex 33.99468231201172 3 -16.622766494750977
		endloop
	endfacet
	facet normal 0 1 0
		outer loop
			vertex 61.765525817871094 3 -43.85209655761719
			vertex 62.00531768798828 3 -44.122764587402344
			vertex 62.5 3 -49.5
		endloop
	endfacet
	facet normal 0 1 0
		outer loop
			vertex 62.302913665771484 3 -44.328182220458984
			vertex 62.5 3 -49.5
			vertex 62.00531768798828 3 -44.122764587402344
		endloop
	endfacet
	facet normal 0 1 0
		outer loop
			vertex 61.597476959228516 3 -43.53190612792969
			vertex 62.5 3 -49.5
			vertex 33 3 -35
		endloop
	endfacet
	facet normal 0 1 0
		outer loop
			vertex 61.597476959228516 3 -43.53190612792969
			vertex 61.765525817871094 3 -43.85209655761719
			vertex 62.5 3 -49.5
		endloop
	endfacet
	facet normal 0 1 0
		outer loop
			vertex 62.64102554321289 3 -44.45641326904297
			vertex 62.5 3 -49.5
			vertex 62.302913665771484 3 -44.328182220458984
		endloop
	endfacet
	facet normal 0 1 0
		outer loop
			vertex 61.51093673706055 3 -43.18080520629883
			vertex 61.597476959228516 3 -43.53190612792969
			vertex 33 3 -35
		endloop
	endfacet
	facet normal 0 1 0
		outer loop
			vertex 63 3 -44.5
			vertex 63.865631103515625 3 -49.36549758911133
			vertex 62.5 3 -49.5
		endloop
	endfacet
	facet normal 0 1 0
		outer loop
			vertex 63 3 -44.5
			vertex 62.5 3 -49.5
			vertex 62.64102554321289 3 -44.45641326904297
		endloop
	endfacet
	facet normal 0 1 0
		outer loop
			vertex 61.51093673706055 3 -42.81919479370117
			vertex 61.51093673706055 3 -43.18080520629883
			vertex 33 3 -35
		endloop
	endfacet
	facet normal 0 1 0
		outer loop
			vertex 63.35897445678711 3 -44.45641326904297
			vertex 65.17878723144531 3 -48.96715545654297
			vertex 63.865631103515625 3 -49.36549758911133
		endloop
	endfacet
	facet normal 0 1 0
		outer loop
			vertex 63.35897445678711 3 -44.45641326904297
			vertex 63.865631103515625 3 -49.36549758911133
			vertex 63 3 -44.5
		endloop
	endfacet
	facet normal 0 1 0
		outer loop
			vertex 61.597476959228516 3 -42.46809387207031
			vertex 61.51093673706055 3 -42.81919479370117
			vertex 33 3 -35
		endloop
	endfacet
	facet normal 0 1 0
		outer loop
			vertex 63.697086334228516 3 -44.328182220458984
			vertex 66.38899230957031 3 -48.32028579711914
			vertex 65.17878723144531 3 -48.96715545654297
		endloop
	endfacet
	facet normal 0 1 0
		outer loop
			vertex 63.697086334228516 3 -44.328182220458984
			vertex 65.17878723144531 3 -48.96715545654297
			vertex 63.35897445678711 3 -44.45641326904297
		endloop
	endfacet
	facet normal 0 1 0
		outer loop
			vertex 63.99468231201172 3 -44.122764587402344
			vertex 66.38899230957031 3 -48.32028579711914
			vertex 63.697086334228516 3 -44.328182220458984
		endloop
	endfacet
	facet normal 0 1 0
		outer loop
			vertex 67.44974517822266 3 -47.44974899291992
			vertex 66.38899230957031 3 -48.32028579711914
			vertex 63.99468231201172 3 -44.122764587402344
		endloop
	endfacet
	facet normal 0 1 0
		outer loop
			vertex 64.2344741821289 3 -43.85209655761719
			vertex 67.44974517822266 3 -47.44974899291992
			vertex 63.99468231201172 3 -44.122764587402344
		endloop
	endfacet
	facet normal 0 1 0
		outer loop
			vertex 68.3202896118164 3 -46.38899230957031
			vertex 64.2344741821289 3 -43.85209655761719
			vertex 64.40252685546875 3 -43.53190612792969
		endloop
	endfacet
	facet normal 0 1 0
		outer loop
			vertex 68.3202896118164 3 -46.38899230957031
			vertex 67.44974517822266 3 -47.44974899291992
			vertex 64.2344741821289 3 -43.85209655761719
		endloop
	endfacet
	facet normal 0 1 0
		outer loop
			vertex -23 3 46.5
			vertex -23 3 27.5
			vertex -32.5 3 46.5
		endloop
	endfacet
	facet normal 0 1 0
		outer loop
			vertex 68.96715545654297 3 -45.17878341674805
			vertex 64.40252685546875 3 -43.53190612792969
			vertex 64.48906707763672 3 -43.18080520629883
		endloop
	endfacet
	facet normal 0 1 0
		outer loop
			vertex 68.96715545654297 3 -45.17878341674805
			vertex 68.3202896118164 3 -46.38899230957031
			vertex 64.40252685546875 3 -43.53190612792969
		endloop
	endfacet
	facet normal 0 1 0
		outer loop
			vertex 69.36549377441406 3 -43.865631103515625
			vertex 64.48906707763672 3 -43.18080520629883
			vertex 64.48906707763672 3 -42.81919479370117
		endloop
	endfacet
	facet normal 0 1 0
		outer loop
			vertex 69.36549377441406 3 -43.865631103515625
			vertex 68.96715545654297 3 -45.17878341674805
			vertex 64.48906707763672 3 -43.18080520629883
		endloop
	endfacet
	facet normal 0 1 0
		outer loop
			vertex 69.5 3 -42.5
			vertex 63.99468231201172 3 -41.877235412597656
			vertex 63.697086334228516 3 -41.671817779541016
		endloop
	endfacet
	facet normal 0 1 0
		outer loop
			vertex 69.5 3 -42.5
			vertex 64.2344741821289 3 -42.14790344238281
			vertex 63.99468231201172 3 -41.877235412597656
		endloop
	endfacet
	facet normal 0 1 0
		outer loop
			vertex 69.5 3 -42.5
			vertex 64.40252685546875 3 -42.46809387207031
			vertex 64.2344741821289 3 -42.14790344238281
		endloop
	endfacet
	facet normal 0 1 0
		outer loop
			vertex 69.5 3 -42.5
			vertex 64.48906707763672 3 -42.81919479370117
			vertex 64.40252685546875 3 -42.46809387207031
		endloop
	endfacet
	facet normal 0 1 0
		outer loop
			vertex 69.5 3 -42.5
			vertex 69.36549377441406 3 -43.865631103515625
			vertex 64.48906707763672 3 -42.81919479370117
		endloop
	endfacet
	facet normal 0 1 0
		outer loop
			vertex 54.50531768798828 3 -21.372766494750977
			vertex 33 3 -32
			vertex 33 3 -29
		endloop
	endfacet
	facet normal 0 1 0
		outer loop
			vertex 54.265525817871094 3 -21.102096557617188
			vertex 54.50531768798828 3 -21.372766494750977
			vertex 33 3 -29
		endloop
	endfacet
	facet normal 0 1 0
		outer loop
			vertex 54.265525817871094 3 -21.102096557617188
			vertex 33 3 -29
			vertex 33 3 -26
		endloop
	endfacet
	facet normal 0 1 0
		outer loop
			vertex 54.802913665771484 3 -21.578184127807617
			vertex 33 3 -32
			vertex 54.50531768798828 3 -21.372766494750977
		endloop
	endfacet
	facet normal 0 1 0
		outer loop
			vertex 54.802913665771484 3 -21.578184127807617
			vertex 61.765525817871094 3 -42.14790344238281
			vertex 61.597476959228516 3 -42.46809387207031
		endloop
	endfacet
	facet normal 0 1 0
		outer loop
			vertex 54.802913665771484 3 -21.578184127807617
			vertex 33 3 -35
			vertex 33 3 -32
		endloop
	endfacet
	facet normal 0 1 0
		outer loop
			vertex 54.802913665771484 3 -21.578184127807617
			vertex 61.597476959228516 3 -42.46809387207031
			vertex 33 3 -35
		endloop
	endfacet
	facet normal 0 1 0
		outer loop
			vertex 54.097476959228516 3 -20.78190803527832
			vertex 54.265525817871094 3 -21.102096557617188
			vertex 33 3 -26
		endloop
	endfacet
	facet normal 0 1 0
		outer loop
			vertex 54.097476959228516 3 -20.78190803527832
			vertex 33 3 -26
			vertex 33 3 -23
		endloop
	endfacet
	facet normal 0 1 0
		outer loop
			vertex 55.14102554321289 3 -21.70641326904297
			vertex 61.765525817871094 3 -42.14790344238281
			vertex 54.802913665771484 3 -21.578184127807617
		endloop
	endfacet
	facet normal 0 1 0
		outer loop
			vertex 55.14102554321289 3 -21.70641326904297
			vertex 62.00531768798828 3 -41.877235412597656
			vertex 61.765525817871094 3 -42.14790344238281
		endloop
	endfacet
	facet normal 0 1 0
		outer loop
			vertex 54.01093673706055 3 -20.430805206298828
			vertex 34.234474182128906 3 -16.352096557617188
			vertex 34.402523040771484 3 -16.03190803527832
		endloop
	endfacet
	facet normal 0 1 0
		outer loop
			vertex 54.01093673706055 3 -20.430805206298828
			vertex 54.097476959228516 3 -20.78190803527832
			vertex 33 3 -23
		endloop
	endfacet
	facet normal 0 1 0
		outer loop
			vertex 54.01093673706055 3 -20.430805206298828
			vertex 33 3 -23
			vertex 34.234474182128906 3 -16.352096557617188
		endloop
	endfacet
	facet normal 0 1 0
		outer loop
			vertex 55.5 3 -21.75
			vertex 62.302913665771484 3 -41.671817779541016
			vertex 62.00531768798828 3 -41.877235412597656
		endloop
	endfacet
	facet normal 0 1 0
		outer loop
			vertex 55.5 3 -21.75
			vertex 62.00531768798828 3 -41.877235412597656
			vertex 55.14102554321289 3 -21.70641326904297
		endloop
	endfacet
	facet normal 0 1 0
		outer loop
			vertex 54.01093673706055 3 -20.069194793701172
			vertex 34.402523040771484 3 -16.03190803527832
			vertex 34.48906326293945 3 -15.680805206298828
		endloop
	endfacet
	facet normal 0 1 0
		outer loop
			vertex 54.01093673706055 3 -20.069194793701172
			vertex 54.01093673706055 3 -20.430805206298828
			vertex 34.402523040771484 3 -16.03190803527832
		endloop
	endfacet
	facet normal 0 1 0
		outer loop
			vertex 55.85897445678711 3 -21.70641326904297
			vertex 62.302913665771484 3 -41.671817779541016
			vertex 55.5 3 -21.75
		endloop
	endfacet
	facet normal 0 1 0
		outer loop
			vertex 55.85897445678711 3 -21.70641326904297
			vertex 62.64102554321289 3 -41.54358673095703
			vertex 62.302913665771484 3 -41.671817779541016
		endloop
	endfacet
	facet normal 0 1 0
		outer loop
			vertex 54.097476959228516 3 -19.71809196472168
			vertex 34.48906326293945 3 -15.680805206298828
			vertex 34.48906326293945 3 -15.319194793701172
		endloop
	endfacet
	facet normal 0 1 0
		outer loop
			vertex 54.097476959228516 3 -19.71809196472168
			vertex 54.01093673706055 3 -20.069194793701172
			vertex 34.48906326293945 3 -15.680805206298828
		endloop
	endfacet
	facet normal 0 1 0
		outer loop
			vertex 56.197086334228516 3 -21.578184127807617
			vertex 63 3 -41.5
			vertex 62.64102554321289 3 -41.54358673095703
		endloop
	endfacet
	facet normal 0 1 0
		outer loop
			vertex 56.197086334228516 3 -21.578184127807617
			vertex 62.64102554321289 3 -41.54358673095703
			vertex 55.85897445678711 3 -21.70641326904297
		endloop
	endfacet
	facet normal 0 1 0
		outer loop
			vertex 54.265525817871094 3 -19.397903442382812
			vertex 54.097476959228516 3 -19.71809196472168
			vertex 34.48906326293945 3 -15.319194793701172
		endloop
	endfacet
	facet normal 0 1 0
		outer loop
			vertex 56.49468231201172 3 -21.372766494750977
			vertex 63 3 -41.5
			vertex 56.197086334228516 3 -21.578184127807617
		endloop
	endfacet
	facet normal 0 1 0
		outer loop
			vertex 21.76552391052246 3 14.647902488708496
			vertex -24.260936737060547 3 -0.1808050274848938
			vertex -24.260936737060547 3 0.1808050274848938
		endloop
	endfacet
	facet normal 0 1 0
		outer loop
			vertex 21.76552391052246 3 14.647902488708496
			vertex 22.00531578063965 3 14.377233505249023
			vertex 23 3 -14
		endloop
	endfacet
	facet normal 0 1 0
		outer loop
			vertex 21.76552391052246 3 14.647902488708496
			vertex 23 3 -14
			vertex -24.260936737060547 3 -0.1808050274848938
		endloop
	endfacet
	facet normal 0 1 0
		outer loop
			vertex 22.302915573120117 3 14.171815872192383
			vertex 23 3 -14
			vertex 22.00531578063965 3 14.377233505249023
		endloop
	endfacet
	facet normal 0 1 0
		outer loop
			vertex 21.597475051879883 3 14.968092918395996
			vertex -24.260936737060547 3 7.819194793701172
			vertex -24.260936737060547 3 8.180805206298828
		endloop
	endfacet
	facet normal 0 1 0
		outer loop
			vertex 21.597475051879883 3 14.968092918395996
			vertex -24.260936737060547 3 0.1808050274848938
			vertex -24.260936737060547 3 7.819194793701172
		endloop
	endfacet
	facet normal 0 1 0
		outer loop
			vertex 21.597475051879883 3 14.968092918395996
			vertex 21.76552391052246 3 14.647902488708496
			vertex -24.260936737060547 3 0.1808050274848938
		endloop
	endfacet
	facet normal 0 1 0
		outer loop
			vertex 22.641027450561523 3 14.043587684631348
			vertex 23 3 -14
			vertex 22.302915573120117 3 14.171815872192383
		endloop
	endfacet
	facet normal 0 1 0
		outer loop
			vertex 21.510936737060547 3 15.319194793701172
			vertex -24.347475051879883 3 8.531907081604004
			vertex -23 3 24.5
		endloop
	endfacet
	facet normal 0 1 0
		outer loop
			vertex 21.510936737060547 3 15.319194793701172
			vertex -24.260936737060547 3 8.180805206298828
			vertex -24.347475051879883 3 8.531907081604004
		endloop
	endfacet
	facet normal 0 1 0
		outer loop
			vertex 21.510936737060547 3 15.319194793701172
			vertex 21.597475051879883 3 14.968092918395996
			vertex -24.260936737060547 3 8.180805206298828
		endloop
	endfacet
	facet normal 0 1 0
		outer loop
			vertex 23 3 14
			vertex 23 3 -14
			vertex 22.641027450561523 3 14.043587684631348
		endloop
	endfacet
	facet normal 0 1 0
		outer loop
			vertex 21.510936737060547 3 15.680805206298828
			vertex 21.510936737060547 3 15.319194793701172
			vertex -23 3 24.5
		endloop
	endfacet
	facet normal 0 1 0
		outer loop
			vertex 22.00531578063965 3 20.377233505249023
			vertex 22.00531578063965 3 16.622766494750977
			vertex 21.76552391052246 3 16.352096557617188
		endloop
	endfacet
	facet normal 0 1 0
		outer loop
			vertex 21.76552391052246 3 20.647903442382812
			vertex 22.00531578063965 3 20.377233505249023
			vertex 21.76552391052246 3 16.352096557617188
		endloop
	endfacet
	facet normal 0 1 0
		outer loop
			vertex 22.302915573120117 3 20.171815872192383
			vertex 22.302915573120117 3 16.828184127807617
			vertex 22.00531578063965 3 16.622766494750977
		endloop
	endfacet
	facet normal 0 1 0
		outer loop
			vertex 22.302915573120117 3 20.171815872192383
			vertex 22.00531578063965 3 16.622766494750977
			vertex 22.00531578063965 3 20.377233505249023
		endloop
	endfacet
	facet normal 0 1 0
		outer loop
			vertex 21.597475051879883 3 20.96809196472168
			vertex 21.76552391052246 3 20.647903442382812
			vertex 21.76552391052246 3 16.352096557617188
		endloop
	endfacet
	facet normal 0 1 0
		outer loop
			vertex 21.597475051879883 3 20.96809196472168
			vertex 21.76552391052246 3 16.352096557617188
			vertex 21.597475051879883 3 16.03190803527832
		endloop
	endfacet
	facet normal 0 1 0
		outer loop
			vertex 22.641027450561523 3 20.04358673095703
			vertex 22.302915573120117 3 16.828184127807617
			vertex 22.302915573120117 3 20.171815872192383
		endloop
	endfacet
	facet normal 0 1 0
		outer loop
			vertex 22.641027450561523 3 20.04358673095703
			vertex 22.641027450561523 3 16.95641326904297
			vertex 22.302915573120117 3 16.828184127807617
		endloop
	endfacet
	facet normal 0 1 0
		outer loop
			vertex 22.641027450561523 3 20.04358673095703
			vertex 23 3 17
			vertex 22.641027450561523 3 16.95641326904297
		endloop
	endfacet
	facet normal 0 1 0
		outer loop
			vertex 21.510936737060547 3 21.319194793701172
			vertex 21.597475051879883 3 20.96809196472168
			vertex 21.597475051879883 3 16.03190803527832
		endloop
	endfacet
	facet normal 0 1 0
		outer loop
			vertex 21.510936737060547 3 21.319194793701172
			vertex 21.597475051879883 3 16.03190803527832
			vertex 21.510936737060547 3 15.680805206298828
		endloop
	endfacet
	facet normal 0 1 0
		outer loop
			vertex 21.510936737060547 3 21.319194793701172
			vertex 21.510936737060547 3 15.680805206298828
			vertex -23 3 24.5
		endloop
	endfacet
	facet normal 0 1 0
		outer loop
			vertex 23 3 20
			vertex 23 3 17
			vertex 22.641027450561523 3 20.04358673095703
		endloop
	endfacet
	facet normal 0 1 0
		outer loop
			vertex 46.00531768798828 3 -1.122766137123108
			vertex 34.234474182128906 3 -14.647902488708496
			vertex 33.99468231201172 3 -14.377233505249023
		endloop
	endfacet
	facet normal 0 1 0
		outer loop
			vertex 45.765525817871094 3 -0.8520970940589905
			vertex 33.99468231201172 3 -14.377233505249023
			vertex 33.697086334228516 3 -14.171815872192383
		endloop
	endfacet
	facet normal 0 1 0
		outer loop
			vertex 45.765525817871094 3 -0.8520970940589905
			vertex 46.00531768798828 3 -1.122766137123108
			vertex 33.99468231201172 3 -14.377233505249023
		endloop
	endfacet
	facet normal 0 1 0
		outer loop
			vertex 46.302913665771484 3 -1.3281840085983276
			vertex 34.402523040771484 3 -14.968092918395996
			vertex 34.234474182128906 3 -14.647902488708496
		endloop
	endfacet
	facet normal 0 1 0
		outer loop
			vertex 46.302913665771484 3 -1.3281840085983276
			vertex 34.234474182128906 3 -14.647902488708496
			vertex 46.00531768798828 3 -1.122766137123108
		endloop
	endfacet
	facet normal 0 1 0
		outer loop
			vertex 45.597476959228516 3 -0.531907320022583
			vertex 33.697086334228516 3 -14.171815872192383
			vertex 33.35897445678711 3 -14.043587684631348
		endloop
	endfacet
	facet normal 0 1 0
		outer loop
			vertex 45.597476959228516 3 -0.531907320022583
			vertex 45.765525817871094 3 -0.8520970940589905
			vertex 33.697086334228516 3 -14.171815872192383
		endloop
	endfacet
	facet normal 0 1 0
		outer loop
			vertex 54.50531768798828 3 -9.372766494750977
			vertex 54.50531768798828 3 -19.127233505249023
			vertex 54.265525817871094 3 -19.397903442382812
		endloop
	endfacet
	facet normal 0 1 0
		outer loop
			vertex 54.50531768798828 3 -9.372766494750977
			vertex 54.802913665771484 3 -18.921815872192383
			vertex 54.50531768798828 3 -19.127233505249023
		endloop
	endfacet
	facet normal 0 1 0
		outer loop
			vertex 64.00531768798828 3 -18.872766494750977
			vertex 56.902523040771484 3 -20.78190803527832
			vertex 56.98906326293945 3 -20.430805206298828
		endloop
	endfacet
	facet normal 0 1 0
		outer loop
			vertex 63.765525817871094 3 -18.602096557617188
			vertex 56.98906326293945 3 -20.430805206298828
			vertex 56.98906326293945 3 -20.069194793701172
		endloop
	endfacet
	facet normal 0 1 0
		outer loop
			vertex 63.765525817871094 3 -18.602096557617188
			vertex 64.00531768798828 3 -18.872766494750977
			vertex 56.98906326293945 3 -20.430805206298828
		endloop
	endfacet
	facet normal 0 1 0
		outer loop
			vertex 54.265525817871094 3 -9.102097511291504
			vertex 54.50531768798828 3 -9.372766494750977
			vertex 54.265525817871094 3 -19.397903442382812
		endloop
	endfacet
	facet normal 0 1 0
		outer loop
			vertex 54.265525817871094 3 -9.102097511291504
			vertex 54.265525817871094 3 -19.397903442382812
			vertex 34.48906326293945 3 -15.319194793701172
		endloop
	endfacet
	facet normal 0 1 0
		outer loop
			vertex 46.64102554321289 3 -1.456412672996521
			vertex 34.402523040771484 3 -14.968092918395996
			vertex 46.302913665771484 3 -1.3281840085983276
		endloop
	endfacet
	facet normal 0 1 0
		outer loop
			vertex 54.802913665771484 3 -9.578184127807617
			vertex 54.802913665771484 3 -18.921815872192383
			vertex 54.50531768798828 3 -9.372766494750977
		endloop
	endfacet
	facet normal 0 1 0
		outer loop
			vertex 64.30291748046875 3 -19.078184127807617
			vertex 56.734474182128906 3 -21.102096557617188
			vertex 56.902523040771484 3 -20.78190803527832
		endloop
	endfacet
	facet normal 0 1 0
		outer loop
			vertex 64.30291748046875 3 -19.078184127807617
			vertex 56.902523040771484 3 -20.78190803527832
			vertex 64.00531768798828 3 -18.872766494750977
		endloop
	endfacet
	facet normal 0 1 0
		outer loop
			vertex 63.597476959228516 3 -18.28190803527832
			vertex 56.98906326293945 3 -20.069194793701172
			vertex 56.902523040771484 3 -19.71809196472168
		endloop
	endfacet
	facet normal 0 1 0
		outer loop
			vertex 63.597476959228516 3 -18.28190803527832
			vertex 63.765525817871094 3 -18.602096557617188
			vertex 56.98906326293945 3 -20.069194793701172
		endloop
	endfacet
	facet normal 0 1 0
		outer loop
			vertex 54.097476959228516 3 -8.781907081604004
			vertex 34.48906326293945 3 -15.319194793701172
			vertex 34.402523040771484 3 -14.968092918395996
		endloop
	endfacet
	facet normal 0 1 0
		outer loop
			vertex 54.097476959228516 3 -8.781907081604004
			vertex 54.265525817871094 3 -9.102097511291504
			vertex 34.48906326293945 3 -15.319194793701172
		endloop
	endfacet
	facet normal 0 1 0
		outer loop
			vertex 54.097476959228516 3 -8.781907081604004
			vertex 34.402523040771484 3 -14.968092918395996
			vertex 46.64102554321289 3 -1.456412672996521
		endloop
	endfacet
	facet normal 0 1 0
		outer loop
			vertex 45.51093673706055 3 -0.1808050274848938
			vertex 33.35897445678711 3 -14.043587684631348
			vertex 33 3 -14
		endloop
	endfacet
	facet normal 0 1 0
		outer loop
			vertex 45.51093673706055 3 -0.1808050274848938
			vertex 45.597476959228516 3 -0.531907320022583
			vertex 33.35897445678711 3 -14.043587684631348
		endloop
	endfacet
	facet normal 0 1 0
		outer loop
			vertex 55.14102554321289 3 -9.706412315368652
			vertex 54.802913665771484 3 -18.921815872192383
			vertex 54.802913665771484 3 -9.578184127807617
		endloop
	endfacet
	facet normal 0 1 0
		outer loop
			vertex 55.14102554321289 3 -9.706412315368652
			vertex 55.14102554321289 3 -18.79358673095703
			vertex 54.802913665771484 3 -18.921815872192383
		endloop
	endfacet
	facet normal 0 1 0
		outer loop
			vertex 64.64102935791016 3 -19.20641326904297
			vertex 56.49468231201172 3 -21.372766494750977
			vertex 56.734474182128906 3 -21.102096557617188
		endloop
	endfacet
	facet normal 0 1 0
		outer loop
			vertex 64.64102935791016 3 -19.20641326904297
			vertex 63 3 -41.5
			vertex 56.49468231201172 3 -21.372766494750977
		endloop
	endfacet
	facet normal 0 1 0
		outer loop
			vertex 64.64102935791016 3 -19.20641326904297
			vertex 56.734474182128906 3 -21.102096557617188
			vertex 64.30291748046875 3 -19.078184127807617
		endloop
	endfacet
	facet normal 0 1 0
		outer loop
			vertex 63.51093673706055 3 -17.930805206298828
			vertex 56.902523040771484 3 -19.71809196472168
			vertex 56.734474182128906 3 -19.397903442382812
		endloop
	endfacet
	facet normal 0 1 0
		outer loop
			vertex 63.51093673706055 3 -17.930805206298828
			vertex 63.597476959228516 3 -18.28190803527832
			vertex 56.902523040771484 3 -19.71809196472168
		endloop
	endfacet
	facet normal 0 1 0
		outer loop
			vertex 54.01093673706055 3 -8.430805206298828
			vertex 54.097476959228516 3 -8.781907081604004
			vertex 46.64102554321289 3 -1.456412672996521
		endloop
	endfacet
	facet normal 0 1 0
		outer loop
			vertex 54.01093673706055 3 -8.430805206298828
			vertex 46.64102554321289 3 -1.456412672996521
			vertex 47 3 -1.5
		endloop
	endfacet
	facet normal 0 1 0
		outer loop
			vertex 65 3 -19.25
			vertex 63.35897445678711 3 -41.54358673095703
			vertex 63 3 -41.5
		endloop
	endfacet
	facet normal 0 1 0
		outer loop
			vertex 65 3 -19.25
			vertex 63 3 -41.5
			vertex 64.64102935791016 3 -19.20641326904297
		endloop
	endfacet
	facet normal 0 1 0
		outer loop
			vertex 55.5 3 -9.75
			vertex 55.5 3 -18.75
			vertex 55.14102554321289 3 -18.79358673095703
		endloop
	endfacet
	facet normal 0 1 0
		outer loop
			vertex 55.5 3 -9.75
			vertex 55.14102554321289 3 -18.79358673095703
			vertex 55.14102554321289 3 -9.706412315368652
		endloop
	endfacet
	facet normal 0 1 0
		outer loop
			vertex 63.51093673706055 3 -17.569194793701172
			vertex 56.734474182128906 3 -19.397903442382812
			vertex 56.49468231201172 3 -19.127233505249023
		endloop
	endfacet
	facet normal 0 1 0
		outer loop
			vertex 63.51093673706055 3 -17.569194793701172
			vertex 63.51093673706055 3 -17.930805206298828
			vertex 56.734474182128906 3 -19.397903442382812
		endloop
	endfacet
	facet normal 0 1 0
		outer loop
			vertex 54.01093673706055 3 -8.069194793701172
			vertex 47 3 -1.5
			vertex 47.35897445678711 3 -1.456412672996521
		endloop
	endfacet
	facet normal 0 1 0
		outer loop
			vertex 54.01093673706055 3 -8.069194793701172
			vertex 54.01093673706055 3 -8.430805206298828
			vertex 47 3 -1.5
		endloop
	endfacet
	facet normal 0 1 0
		outer loop
			vertex 65.35897064208984 3 -19.20641326904297
			vertex 63.697086334228516 3 -41.671817779541016
			vertex 63.35897445678711 3 -41.54358673095703
		endloop
	endfacet
	facet normal 0 1 0
		outer loop
			vertex 65.35897064208984 3 -19.20641326904297
			vertex 69.5 3 -42.5
			vertex 63.697086334228516 3 -41.671817779541016
		endloop
	endfacet
	facet normal 0 1 0
		outer loop
			vertex 65.35897064208984 3 -19.20641326904297
			vertex 63.35897445678711 3 -41.54358673095703
			vertex 65 3 -19.25
		endloop
	endfacet
	facet normal 0 1 0
		outer loop
			vertex 55.85897445678711 3 -9.706412315368652
			vertex 55.85897445678711 3 -18.79358673095703
			vertex 55.5 3 -18.75
		endloop
	endfacet
	facet normal 0 1 0
		outer loop
			vertex 55.85897445678711 3 -9.706412315368652
			vertex 56.197086334228516 3 -18.921815872192383
			vertex 55.85897445678711 3 -18.79358673095703
		endloop
	endfacet
	facet normal 0 1 0
		outer loop
			vertex 55.85897445678711 3 -9.706412315368652
			vertex 55.5 3 -18.75
			vertex 55.5 3 -9.75
		endloop
	endfacet
	facet normal 0 1 0
		outer loop
			vertex 63.597476959228516 3 -17.21809196472168
			vertex 63.51093673706055 3 -17.569194793701172
			vertex 56.49468231201172 3 -19.127233505249023
		endloop
	endfacet
	facet normal 0 1 0
		outer loop
			vertex 63.597476959228516 3 -17.21809196472168
			vertex 56.49468231201172 3 -19.127233505249023
			vertex 56.197086334228516 3 -18.921815872192383
		endloop
	endfacet
	facet normal 0 1 0
		outer loop
			vertex 54.097476959228516 3 -7.718092441558838
			vertex 54.01093673706055 3 -8.069194793701172
			vertex 47.35897445678711 3 -1.456412672996521
		endloop
	endfacet
	facet normal 0 1 0
		outer loop
			vertex 56.197086334228516 3 -9.578184127807617
			vertex 56.197086334228516 3 -18.921815872192383
			vertex 55.85897445678711 3 -9.706412315368652
		endloop
	endfacet
	facet normal 0 1 0
		outer loop
			vertex 65.69708251953125 3 -19.078184127807617
			vertex 69.5 3 -42.5
			vertex 65.35897064208984 3 -19.20641326904297
		endloop
	endfacet
	facet normal 0 1 0
		outer loop
			vertex 63.765525817871094 3 -16.897903442382812
			vertex 56.197086334228516 3 -18.921815872192383
			vertex 56.197086334228516 3 -9.578184127807617
		endloop
	endfacet
	facet normal 0 1 0
		outer loop
			vertex 63.765525817871094 3 -16.897903442382812
			vertex 63.597476959228516 3 -17.21809196472168
			vertex 56.197086334228516 3 -18.921815872192383
		endloop
	endfacet
	facet normal 0 1 0
		outer loop
			vertex 33 3 14
			vertex 45.51093673706055 3 -0.1808050274848938
			vertex 33 3 -14
		endloop
	endfacet
	facet normal 0 1 0
		outer loop
			vertex 33 3 14
			vertex 45.51093673706055 3 0.1808050274848938
			vertex 45.51093673706055 3 -0.1808050274848938
		endloop
	endfacet
	facet normal 0 1 0
		outer loop
			vertex 65.99468231201172 3 -18.872766494750977
			vertex 69.5 3 -42.5
			vertex 65.69708251953125 3 -19.078184127807617
		endloop
	endfacet
	facet normal 0 1 0
		outer loop
			vertex 56.49468231201172 3 -9.372766494750977
			vertex 63.765525817871094 3 -16.897903442382812
			vertex 56.197086334228516 3 -9.578184127807617
		endloop
	endfacet
	facet normal 0 1 0
		outer loop
			vertex 64.00531768798828 3 -16.627233505249023
			vertex 63.765525817871094 3 -16.897903442382812
			vertex 56.49468231201172 3 -9.372766494750977
		endloop
	endfacet
	facet normal 0 1 0
		outer loop
			vertex 33.35897445678711 3 14.043587684631348
			vertex 45.51093673706055 3 0.1808050274848938
			vertex 33 3 14
		endloop
	endfacet
	facet normal 0 1 0
		outer loop
			vertex 33.35897445678711 3 14.043587684631348
			vertex 45.597476959228516 3 0.531907320022583
			vertex 45.51093673706055 3 0.1808050274848938
		endloop
	endfacet
	facet normal 0 1 0
		outer loop
			vertex 66.2344741821289 3 -18.602096557617188
			vertex 69.5 3 -42.5
			vertex 65.99468231201172 3 -18.872766494750977
		endloop
	endfacet
	facet normal 0 1 0
		outer loop
			vertex 56.734474182128906 3 -9.102097511291504
			vertex 64.00531768798828 3 -16.627233505249023
			vertex 56.49468231201172 3 -9.372766494750977
		endloop
	endfacet
	facet normal 0 1 0
		outer loop
			vertex 33.697086334228516 3 14.171815872192383
			vertex 45.597476959228516 3 0.531907320022583
			vertex 33.35897445678711 3 14.043587684631348
		endloop
	endfacet
	facet normal 0 1 0
		outer loop
			vertex 33.697086334228516 3 14.171815872192383
			vertex 45.765525817871094 3 0.8520970940589905
			vertex 45.597476959228516 3 0.531907320022583
		endloop
	endfacet
	facet normal 0 1 0
		outer loop
			vertex 64.30291748046875 3 -16.421815872192383
			vertex 64.00531768798828 3 -16.627233505249023
			vertex 56.734474182128906 3 -9.102097511291504
		endloop
	endfacet
	facet normal 0 1 0
		outer loop
			vertex 66.40252685546875 3 -18.28190803527832
			vertex 69.5 3 -42.5
			vertex 66.2344741821289 3 -18.602096557617188
		endloop
	endfacet
	facet normal 0 1 0
		outer loop
			vertex 56.902523040771484 3 -8.781907081604004
			vertex 64.30291748046875 3 -16.421815872192383
			vertex 56.734474182128906 3 -9.102097511291504
		endloop
	endfacet
	facet normal 0 1 0
		outer loop
			vertex 64.64102935791016 3 -16.29358673095703
			vertex 64.30291748046875 3 -16.421815872192383
			vertex 56.902523040771484 3 -8.781907081604004
		endloop
	endfacet
	facet normal 0 1 0
		outer loop
			vertex 33.99468231201172 3 14.377233505249023
			vertex 45.765525817871094 3 0.8520970940589905
			vertex 33.697086334228516 3 14.171815872192383
		endloop
	endfacet
	facet normal 0 1 0
		outer loop
			vertex 33.99468231201172 3 14.377233505249023
			vertex 46.00531768798828 3 1.122766137123108
			vertex 45.765525817871094 3 0.8520970940589905
		endloop
	endfacet
	facet normal 0 1 0
		outer loop
			vertex 6.265524387359619 3 42.14790344238281
			vertex 6.505315780639648 3 41.877235412597656
			vertex -23 3 27.5
		endloop
	endfacet
	facet normal 0 1 0
		outer loop
			vertex 21.76552391052246 3 26.647903442382812
			vertex 22.00531578063965 3 22.622766494750977
			vertex 21.76552391052246 3 22.352096557617188
		endloop
	endfacet
	facet normal 0 1 0
		outer loop
			vertex 21.76552391052246 3 26.647903442382812
			vertex 22.00531578063965 3 26.377233505249023
			vertex 22.00531578063965 3 22.622766494750977
		endloop
	endfacet
	facet normal 0 1 0
		outer loop
			vertex 6.802915096282959 3 41.671817779541016
			vertex -23 3 24.5
			vertex -23 3 27.5
		endloop
	endfacet
	facet normal 0 1 0
		outer loop
			vertex 6.802915096282959 3 41.671817779541016
			vertex -23 3 27.5
			vertex 6.505315780639648 3 41.877235412597656
		endloop
	endfacet
	facet normal 0 1 0
		outer loop
			vertex 22.302915573120117 3 26.171815872192383
			vertex 22.302915573120117 3 22.828184127807617
			vertex 22.00531578063965 3 22.622766494750977
		endloop
	endfacet
	facet normal 0 1 0
		outer loop
			vertex 22.302915573120117 3 26.171815872192383
			vertex 22.00531578063965 3 22.622766494750977
			vertex 22.00531578063965 3 26.377233505249023
		endloop
	endfacet
	facet normal 0 1 0
		outer loop
			vertex 66.48906707763672 3 -17.930805206298828
			vertex 69.5 3 -42.5
			vertex 66.40252685546875 3 -18.28190803527832
		endloop
	endfacet
	facet normal 0 1 0
		outer loop
			vertex 56.98906326293945 3 -8.430805206298828
			vertex 64.64102935791016 3 -16.29358673095703
			vertex 56.902523040771484 3 -8.781907081604004
		endloop
	endfacet
	facet normal 0 1 0
		outer loop
			vertex 6.097475528717041 3 42.46809387207031
			vertex -23 3 27.5
			vertex -23 3 46.5
		endloop
	endfacet
	facet normal 0 1 0
		outer loop
			vertex 6.097475528717041 3 42.46809387207031
			vertex 6.265524387359619 3 42.14790344238281
			vertex -23 3 27.5
		endloop
	endfacet
	facet normal 0 1 0
		outer loop
			vertex 21.597475051879883 3 26.96809196472168
			vertex 21.597475051879883 3 22.03190803527832
			vertex 21.510936737060547 3 21.680805206298828
		endloop
	endfacet
	facet normal 0 1 0
		outer loop
			vertex 21.597475051879883 3 26.96809196472168
			vertex 21.76552391052246 3 22.352096557617188
			vertex 21.597475051879883 3 22.03190803527832
		endloop
	endfacet
	facet normal 0 1 0
		outer loop
			vertex 21.597475051879883 3 26.96809196472168
			vertex 21.76552391052246 3 26.647903442382812
			vertex 21.76552391052246 3 22.352096557617188
		endloop
	endfacet
	facet normal 0 1 0
		outer loop
			vertex 7.141026496887207 3 41.54358673095703
			vertex 21.510936737060547 3 21.680805206298828
			vertex 21.510936737060547 3 21.319194793701172
		endloop
	endfacet
	facet normal 0 1 0
		outer loop
			vertex 7.141026496887207 3 41.54358673095703
			vertex 21.510936737060547 3 21.319194793701172
			vertex -23 3 24.5
		endloop
	endfacet
	facet normal 0 1 0
		outer loop
			vertex 7.141026496887207 3 41.54358673095703
			vertex -23 3 24.5
			vertex 6.802915096282959 3 41.671817779541016
		endloop
	endfacet
	facet normal 0 1 0
		outer loop
			vertex 22.641027450561523 3 26.04358673095703
			vertex 22.641027450561523 3 22.95641326904297
			vertex 22.302915573120117 3 22.828184127807617
		endloop
	endfacet
	facet normal 0 1 0
		outer loop
			vertex 22.641027450561523 3 26.04358673095703
			vertex 23 3 23
			vertex 22.641027450561523 3 22.95641326904297
		endloop
	endfacet
	facet normal 0 1 0
		outer loop
			vertex 22.641027450561523 3 26.04358673095703
			vertex 22.302915573120117 3 22.828184127807617
			vertex 22.302915573120117 3 26.171815872192383
		endloop
	endfacet
	facet normal 0 1 0
		outer loop
			vertex 65 3 -16.25
			vertex 64.64102935791016 3 -16.29358673095703
			vertex 56.98906326293945 3 -8.430805206298828
		endloop
	endfacet
	facet normal 0 1 0
		outer loop
			vertex 6.010936737060547 3 42.81919479370117
			vertex 6.097475528717041 3 42.46809387207031
			vertex -23 3 46.5
		endloop
	endfacet
	facet normal 0 1 0
		outer loop
			vertex 21.510936737060547 3 27.319194793701172
			vertex 21.510936737060547 3 21.680805206298828
			vertex 7.141026496887207 3 41.54358673095703
		endloop
	endfacet
	facet normal 0 1 0
		outer loop
			vertex 21.510936737060547 3 27.319194793701172
			vertex 21.597475051879883 3 26.96809196472168
			vertex 21.510936737060547 3 21.680805206298828
		endloop
	endfacet
	facet normal 0 1 0
		outer loop
			vertex 34.234474182128906 3 14.647902488708496
			vertex 46.00531768798828 3 1.122766137123108
			vertex 33.99468231201172 3 14.377233505249023
		endloop
	endfacet
	facet normal 0 1 0
		outer loop
			vertex 34.234474182128906 3 14.647902488708496
			vertex 46.302913665771484 3 1.3281840085983276
			vertex 46.00531768798828 3 1.122766137123108
		endloop
	endfacet
	facet normal 0 1 0
		outer loop
			vertex 56.98906326293945 3 -8.069194793701172
			vertex 65 3 -16.25
			vertex 56.98906326293945 3 -8.430805206298828
		endloop
	endfacet
	facet normal 0 1 0
		outer loop
			vertex 7.5 3 41.5
			vertex 21.510936737060547 3 27.319194793701172
			vertex 7.141026496887207 3 41.54358673095703
		endloop
	endfacet
	facet normal 0 1 0
		outer loop
			vertex 23 3 26
			vertex 23 3 23
			vertex 22.641027450561523 3 26.04358673095703
		endloop
	endfacet
	facet normal 0 1 0
		outer loop
			vertex 6.010936737060547 3 43.18080520629883
			vertex 6.010936737060547 3 42.81919479370117
			vertex -23 3 46.5
		endloop
	endfacet
	facet normal 0 1 0
		outer loop
			vertex 21.510936737060547 3 27.680805206298828
			vertex 21.510936737060547 3 27.319194793701172
			vertex 7.5 3 41.5
		endloop
	endfacet
	facet normal 0 1 0
		outer loop
			vertex 34.402523040771484 3 14.968092918395996
			vertex 46.302913665771484 3 1.3281840085983276
			vertex 34.234474182128906 3 14.647902488708496
		endloop
	endfacet
	facet normal 0 1 0
		outer loop
			vertex 34.402523040771484 3 14.968092918395996
			vertex 46.64102554321289 3 1.456412672996521
			vertex 46.302913665771484 3 1.3281840085983276
		endloop
	endfacet
	facet normal 0 1 0
		outer loop
			vertex 7.858973503112793 3 41.54358673095703
			vertex 21.510936737060547 3 27.680805206298828
			vertex 7.5 3 41.5
		endloop
	endfacet
	facet normal 0 1 0
		outer loop
			vertex 6.097475528717041 3 43.53190612792969
			vertex -23 3 46.5
			vertex -23 3 49.5
		endloop
	endfacet
	facet normal 0 1 0
		outer loop
			vertex 6.097475528717041 3 43.53190612792969
			vertex 6.010936737060547 3 43.18080520629883
			vertex -23 3 46.5
		endloop
	endfacet
	facet normal 0 1 0
		outer loop
			vertex 52.84750747680664 3 -2.9940431118011475
			vertex 54.097476959228516 3 -7.718092441558838
			vertex 47.35897445678711 3 -1.456412672996521
		endloop
	endfacet
	facet normal 0 1 0
		outer loop
			vertex 52.84750747680664 3 -2.9940431118011475
			vertex 47.35897445678711 3 -1.456412672996521
			vertex 47.697086334228516 3 -1.3281840085983276
		endloop
	endfacet
	facet normal 0 1 0
		outer loop
			vertex 52.84750747680664 3 -2.9940431118011475
			vertex 54.265525817871094 3 -7.397902965545654
			vertex 54.097476959228516 3 -7.718092441558838
		endloop
	endfacet
	facet normal 0 1 0
		outer loop
			vertex 52.208065032958984 3 -2.272258996963501
			vertex 52.84750747680664 3 -2.9940431118011475
			vertex 47.697086334228516 3 -1.3281840085983276
		endloop
	endfacet
	facet normal 0 1 0
		outer loop
			vertex 52.208065032958984 3 -2.272258996963501
			vertex 47.697086334228516 3 -1.3281840085983276
			vertex 47.99468231201172 3 -1.122766137123108
		endloop
	endfacet
	facet normal 0 1 0
		outer loop
			vertex 53.64110565185547 3 -3.5418241024017334
			vertex 54.50531768798828 3 -7.127233982086182
			vertex 54.265525817871094 3 -7.397902965545654
		endloop
	endfacet
	facet normal 0 1 0
		outer loop
			vertex 53.64110565185547 3 -3.5418241024017334
			vertex 54.265525817871094 3 -7.397902965545654
			vertex 52.84750747680664 3 -2.9940431118011475
		endloop
	endfacet
	facet normal 0 1 0
		outer loop
			vertex 6.265524387359619 3 43.85209655761719
			vertex 6.097475528717041 3 43.53190612792969
			vertex -23 3 49.5
		endloop
	endfacet
	facet normal 0 1 0
		outer loop
			vertex 51.75993347167969 3 -1.418419599533081
			vertex 48.234474182128906 3 -0.8520970940589905
			vertex 48.402523040771484 3 -0.531907320022583
		endloop
	endfacet
	facet normal 0 1 0
		outer loop
			vertex 51.75993347167969 3 -1.418419599533081
			vertex 47.99468231201172 3 -1.122766137123108
			vertex 48.234474182128906 3 -0.8520970940589905
		endloop
	endfacet
	facet normal 0 1 0
		outer loop
			vertex 51.75993347167969 3 -1.418419599533081
			vertex 52.208065032958984 3 -2.272258996963501
			vertex 47.99468231201172 3 -1.122766137123108
		endloop
	endfacet
	facet normal 0 1 0
		outer loop
			vertex 6.505315780639648 3 44.122764587402344
			vertex 6.265524387359619 3 43.85209655761719
			vertex -23 3 49.5
		endloop
	endfacet
	facet normal 0 1 0
		outer loop
			vertex 54.5427360534668 3 -3.8837673664093018
			vertex 54.50531768798828 3 -7.127233982086182
			vertex 53.64110565185547 3 -3.5418241024017334
		endloop
	endfacet
	facet normal 0 1 0
		outer loop
			vertex 54.5427360534668 3 -3.8837673664093018
			vertex 54.802913665771484 3 -6.921815872192383
			vertex 54.50531768798828 3 -7.127233982086182
		endloop
	endfacet
	facet normal 0 1 0
		outer loop
			vertex 54.5427360534668 3 -3.8837673664093018
			vertex 55.14102554321289 3 -6.7935872077941895
			vertex 54.802913665771484 3 -6.921815872192383
		endloop
	endfacet
	facet normal 0 1 0
		outer loop
			vertex 51.5291633605957 3 -0.4821467101573944
			vertex 48.402523040771484 3 -0.531907320022583
			vertex 48.48906326293945 3 -0.1808050274848938
		endloop
	endfacet
	facet normal 0 1 0
		outer loop
			vertex 51.5291633605957 3 -0.4821467101573944
			vertex 51.75993347167969 3 -1.418419599533081
			vertex 48.402523040771484 3 -0.531907320022583
		endloop
	endfacet
	facet normal 0 1 0
		outer loop
			vertex 6.802915096282959 3 44.328182220458984
			vertex 6.505315780639648 3 44.122764587402344
			vertex -23 3 49.5
		endloop
	endfacet
	facet normal 0 1 0
		outer loop
			vertex 55.5 3 -4
			vertex 55.14102554321289 3 -6.7935872077941895
			vertex 54.5427360534668 3 -3.8837673664093018
		endloop
	endfacet
	facet normal 0 1 0
		outer loop
			vertex 55.5 3 -4
			vertex 55.85897445678711 3 -6.7935872077941895
			vertex 55.5 3 -6.75
		endloop
	endfacet
	facet normal 0 1 0
		outer loop
			vertex 55.5 3 -4
			vertex 55.5 3 -6.75
			vertex 55.14102554321289 3 -6.7935872077941895
		endloop
	endfacet
	facet normal 0 1 0
		outer loop
			vertex 7.141026496887207 3 44.45641326904297
			vertex 6.802915096282959 3 44.328182220458984
			vertex -23 3 49.5
		endloop
	endfacet
	facet normal 0 1 0
		outer loop
			vertex 7.5 3 44.5
			vertex 7.141026496887207 3 44.45641326904297
			vertex -23 3 49.5
		endloop
	endfacet
	facet normal 0 1 0
		outer loop
			vertex 51.5291633605957 3 0.4821467101573944
			vertex 51.5291633605957 3 -0.4821467101573944
			vertex 48.48906326293945 3 -0.1808050274848938
		endloop
	endfacet
	facet normal 0 1 0
		outer loop
			vertex 51.5291633605957 3 0.4821467101573944
			vertex 48.48906326293945 3 0.1808050274848938
			vertex 48.402523040771484 3 0.531907320022583
		endloop
	endfacet
	facet normal 0 1 0
		outer loop
			vertex 51.5291633605957 3 0.4821467101573944
			vertex 48.48906326293945 3 -0.1808050274848938
			vertex 48.48906326293945 3 0.1808050274848938
		endloop
	endfacet
	facet normal 0 1 0
		outer loop
			vertex 56.4572639465332 3 -3.8837673664093018
			vertex 55.85897445678711 3 -6.7935872077941895
			vertex 55.5 3 -4
		endloop
	endfacet
	facet normal 0 1 0
		outer loop
			vertex 56.4572639465332 3 -3.8837673664093018
			vertex 56.197086334228516 3 -6.921815872192383
			vertex 55.85897445678711 3 -6.7935872077941895
		endloop
	endfacet
	facet normal 0 1 0
		outer loop
			vertex 56.4572639465332 3 -3.8837673664093018
			vertex 56.49468231201172 3 -7.127233982086182
			vertex 56.197086334228516 3 -6.921815872192383
		endloop
	endfacet
	facet normal 0 1 0
		outer loop
			vertex 33 3 20
			vertex 32.64102554321289 3 20.04358673095703
			vertex 32.302913665771484 3 20.171815872192383
		endloop
	endfacet
	facet normal 0 1 0
		outer loop
			vertex 33 3 20
			vertex 32.302913665771484 3 20.171815872192383
			vertex 32.00531768798828 3 20.377233505249023
		endloop
	endfacet
	facet normal 0 1 0
		outer loop
			vertex 33 3 20
			vertex 32.00531768798828 3 20.377233505249023
			vertex 31.76552391052246 3 20.647903442382812
		endloop
	endfacet
	facet normal 0 1 0
		outer loop
			vertex 33 3 20
			vertex 33.35897445678711 3 16.95641326904297
			vertex 33 3 17
		endloop
	endfacet
	facet normal 0 1 0
		outer loop
			vertex 33 3 20
			vertex 33.697086334228516 3 16.828184127807617
			vertex 33.35897445678711 3 16.95641326904297
		endloop
	endfacet
	facet normal 0 1 0
		outer loop
			vertex 33 3 20
			vertex 33.99468231201172 3 16.622766494750977
			vertex 33.697086334228516 3 16.828184127807617
		endloop
	endfacet
	facet normal 0 1 0
		outer loop
			vertex 33 3 20
			vertex 34.234474182128906 3 16.352096557617188
			vertex 33.99468231201172 3 16.622766494750977
		endloop
	endfacet
	facet normal 0 1 0
		outer loop
			vertex 51.75993347167969 3 1.418419599533081
			vertex 48.234474182128906 3 0.8520970940589905
			vertex 47.99468231201172 3 1.122766137123108
		endloop
	endfacet
	facet normal 0 1 0
		outer loop
			vertex 51.75993347167969 3 1.418419599533081
			vertex 48.402523040771484 3 0.531907320022583
			vertex 48.234474182128906 3 0.8520970940589905
		endloop
	endfacet
	facet normal 0 1 0
		outer loop
			vertex 51.75993347167969 3 1.418419599533081
			vertex 51.5291633605957 3 0.4821467101573944
			vertex 48.402523040771484 3 0.531907320022583
		endloop
	endfacet
	facet normal 0 1 0
		outer loop
			vertex 31.510936737060547 3 21.680805206298828
			vertex 31.597475051879883 3 20.96809196472168
			vertex 31.510936737060547 3 21.319194793701172
		endloop
	endfacet
	facet normal 0 1 0
		outer loop
			vertex 57.35889434814453 3 -3.5418241024017334
			vertex 56.49468231201172 3 -7.127233982086182
			vertex 56.4572639465332 3 -3.8837673664093018
		endloop
	endfacet
	facet normal 0 1 0
		outer loop
			vertex 57.35889434814453 3 -3.5418241024017334
			vertex 56.734474182128906 3 -7.397902965545654
			vertex 56.49468231201172 3 -7.127233982086182
		endloop
	endfacet
	facet normal 0 1 0
		outer loop
			vertex 31.76552391052246 3 22.352096557617188
			vertex 31.597475051879883 3 20.96809196472168
			vertex 31.510936737060547 3 21.680805206298828
		endloop
	endfacet
	facet normal 0 1 0
		outer loop
			vertex 31.76552391052246 3 22.352096557617188
			vertex 33 3 20
			vertex 31.76552391052246 3 20.647903442382812
		endloop
	endfacet
	facet normal 0 1 0
		outer loop
			vertex 31.76552391052246 3 22.352096557617188
			vertex 31.76552391052246 3 20.647903442382812
			vertex 31.597475051879883 3 20.96809196472168
		endloop
	endfacet
	facet normal 0 1 0
		outer loop
			vertex 31.76552391052246 3 22.352096557617188
			vertex 31.510936737060547 3 21.680805206298828
			vertex 31.597475051879883 3 22.03190803527832
		endloop
	endfacet
	facet normal 0 1 0
		outer loop
			vertex 21.76552391052246 3 32.64790344238281
			vertex 22.00531578063965 3 32.377235412597656
			vertex 22.00531578063965 3 28.622766494750977
		endloop
	endfacet
	facet normal 0 1 0
		outer loop
			vertex 21.76552391052246 3 32.64790344238281
			vertex 22.00531578063965 3 28.622766494750977
			vertex 21.76552391052246 3 28.352096557617188
		endloop
	endfacet
	facet normal 0 1 0
		outer loop
			vertex 22.302915573120117 3 32.171817779541016
			vertex 22.00531578063965 3 28.622766494750977
			vertex 22.00531578063965 3 32.377235412597656
		endloop
	endfacet
	facet normal 0 1 0
		outer loop
			vertex 22.302915573120117 3 32.171817779541016
			vertex 22.302915573120117 3 28.828184127807617
			vertex 22.00531578063965 3 28.622766494750977
		endloop
	endfacet
	facet normal 0 1 0
		outer loop
			vertex 52.208065032958984 3 2.272258996963501
			vertex 47.99468231201172 3 1.122766137123108
			vertex 47.697086334228516 3 1.3281840085983276
		endloop
	endfacet
	facet normal 0 1 0
		outer loop
			vertex 52.208065032958984 3 2.272258996963501
			vertex 51.75993347167969 3 1.418419599533081
			vertex 47.99468231201172 3 1.122766137123108
		endloop
	endfacet
	facet normal 0 1 0
		outer loop
			vertex 21.597475051879883 3 32.96809387207031
			vertex 21.76552391052246 3 32.64790344238281
			vertex 21.76552391052246 3 28.352096557617188
		endloop
	endfacet
	facet normal 0 1 0
		outer loop
			vertex 21.597475051879883 3 32.96809387207031
			vertex 21.597475051879883 3 28.03190803527832
			vertex 21.510936737060547 3 27.680805206298828
		endloop
	endfacet
	facet normal 0 1 0
		outer loop
			vertex 21.597475051879883 3 32.96809387207031
			vertex 21.76552391052246 3 28.352096557617188
			vertex 21.597475051879883 3 28.03190803527832
		endloop
	endfacet
	facet normal 0 1 0
		outer loop
			vertex 22.641027450561523 3 32.04358673095703
			vertex 22.302915573120117 3 28.828184127807617
			vertex 22.302915573120117 3 32.171817779541016
		endloop
	endfacet
	facet normal 0 1 0
		outer loop
			vertex 22.641027450561523 3 32.04358673095703
			vertex 22.641027450561523 3 28.95641326904297
			vertex 22.302915573120117 3 28.828184127807617
		endloop
	endfacet
	facet normal 0 1 0
		outer loop
			vertex 21.510936737060547 3 33.31919479370117
			vertex 7.858973503112793 3 41.54358673095703
			vertex 8.197084426879883 3 41.671817779541016
		endloop
	endfacet
	facet normal 0 1 0
		outer loop
			vertex 21.510936737060547 3 33.31919479370117
			vertex 21.510936737060547 3 27.680805206298828
			vertex 7.858973503112793 3 41.54358673095703
		endloop
	endfacet
	facet normal 0 1 0
		outer loop
			vertex 21.510936737060547 3 33.31919479370117
			vertex 21.597475051879883 3 32.96809387207031
			vertex 21.510936737060547 3 27.680805206298828
		endloop
	endfacet
	facet normal 0 1 0
		outer loop
			vertex 23 3 32
			vertex 22.641027450561523 3 28.95641326904297
			vertex 22.641027450561523 3 32.04358673095703
		endloop
	endfacet
	facet normal 0 1 0
		outer loop
			vertex 23 3 32
			vertex 23 3 29
			vertex 22.641027450561523 3 28.95641326904297
		endloop
	endfacet
	facet normal 0 1 0
		outer loop
			vertex 32.302913665771484 3 22.828184127807617
			vertex 31.76552391052246 3 22.352096557617188
			vertex 32.00531768798828 3 22.622766494750977
		endloop
	endfacet
	facet normal 0 1 0
		outer loop
			vertex 58.15249252319336 3 -2.9940431118011475
			vertex 56.734474182128906 3 -7.397902965545654
			vertex 57.35889434814453 3 -3.5418241024017334
		endloop
	endfacet
	facet normal 0 1 0
		outer loop
			vertex 58.15249252319336 3 -2.9940431118011475
			vertex 56.902523040771484 3 -7.718092441558838
			vertex 56.734474182128906 3 -7.397902965545654
		endloop
	endfacet
	facet normal 0 1 0
		outer loop
			vertex 58.15249252319336 3 -2.9940431118011475
			vertex 56.98906326293945 3 -8.069194793701172
			vertex 56.902523040771484 3 -7.718092441558838
		endloop
	endfacet
	facet normal 0 1 0
		outer loop
			vertex 21.510936737060547 3 33.68080520629883
			vertex 21.510936737060547 3 33.31919479370117
			vertex 8.197084426879883 3 41.671817779541016
		endloop
	endfacet
	facet normal 0 1 0
		outer loop
			vertex 21.510936737060547 3 33.68080520629883
			vertex 8.197084426879883 3 41.671817779541016
			vertex 8.494684219360352 3 41.877235412597656
		endloop
	endfacet
	facet normal 0 1 0
		outer loop
			vertex 32.64102554321289 3 22.95641326904297
			vertex 31.76552391052246 3 22.352096557617188
			vertex 32.302913665771484 3 22.828184127807617
		endloop
	endfacet
	facet normal 0 1 0
		outer loop
			vertex 32.64102554321289 3 22.95641326904297
			vertex 33 3 20
			vertex 31.76552391052246 3 22.352096557617188
		endloop
	endfacet
	facet normal 0 1 0
		outer loop
			vertex 21.597475051879883 3 34.03190612792969
			vertex 8.494684219360352 3 41.877235412597656
			vertex 8.734476089477539 3 42.14790344238281
		endloop
	endfacet
	facet normal 0 1 0
		outer loop
			vertex 21.597475051879883 3 34.03190612792969
			vertex 21.510936737060547 3 33.68080520629883
			vertex 8.494684219360352 3 41.877235412597656
		endloop
	endfacet
	facet normal 0 1 0
		outer loop
			vertex 52.84750747680664 3 2.9940431118011475
			vertex 47.697086334228516 3 1.3281840085983276
			vertex 47.35897445678711 3 1.456412672996521
		endloop
	endfacet
	facet normal 0 1 0
		outer loop
			vertex 52.84750747680664 3 2.9940431118011475
			vertex 52.208065032958984 3 2.272258996963501
			vertex 47.697086334228516 3 1.3281840085983276
		endloop
	endfacet
	facet normal 0 1 0
		outer loop
			vertex 33 3 23
			vertex 33 3 20
			vertex 32.64102554321289 3 22.95641326904297
		endloop
	endfacet
	facet normal 0 1 0
		outer loop
			vertex 33 3 23
			vertex 34.234474182128906 3 16.352096557617188
			vertex 33 3 20
		endloop
	endfacet
	facet normal 0 1 0
		outer loop
			vertex 21.76552391052246 3 34.35209655761719
			vertex 8.734476089477539 3 42.14790344238281
			vertex 8.9025239944458 3 42.46809387207031
		endloop
	endfacet
	facet normal 0 1 0
		outer loop
			vertex 21.76552391052246 3 34.35209655761719
			vertex 21.597475051879883 3 34.03190612792969
			vertex 8.734476089477539 3 42.14790344238281
		endloop
	endfacet
	facet normal 0 1 0
		outer loop
			vertex 58.791934967041016 3 -2.272258996963501
			vertex 65 3 -16.25
			vertex 56.98906326293945 3 -8.069194793701172
		endloop
	endfacet
	facet normal 0 1 0
		outer loop
			vertex 58.791934967041016 3 -2.272258996963501
			vertex 65.35897064208984 3 -16.29358673095703
			vertex 65 3 -16.25
		endloop
	endfacet
	facet normal 0 1 0
		outer loop
			vertex 58.791934967041016 3 -2.272258996963501
			vertex 56.98906326293945 3 -8.069194793701172
			vertex 58.15249252319336 3 -2.9940431118011475
		endloop
	endfacet
	facet normal 0 1 0
		outer loop
			vertex 22.00531578063965 3 34.622764587402344
			vertex 8.9025239944458 3 42.46809387207031
			vertex 8.989063262939453 3 42.81919479370117
		endloop
	endfacet
	facet normal 0 1 0
		outer loop
			vertex 22.00531578063965 3 34.622764587402344
			vertex 21.76552391052246 3 34.35209655761719
			vertex 8.9025239944458 3 42.46809387207031
		endloop
	endfacet
	facet normal 0 1 0
		outer loop
			vertex 22.302915573120117 3 34.828182220458984
			vertex 8.989063262939453 3 42.81919479370117
			vertex 8.989063262939453 3 43.18080520629883
		endloop
	endfacet
	facet normal 0 1 0
		outer loop
			vertex 22.302915573120117 3 34.828182220458984
			vertex 22.00531578063965 3 34.622764587402344
			vertex 8.989063262939453 3 42.81919479370117
		endloop
	endfacet
	facet normal 0 1 0
		outer loop
			vertex 22.641027450561523 3 34.95641326904297
			vertex 8.989063262939453 3 43.18080520629883
			vertex 8.9025239944458 3 43.53190612792969
		endloop
	endfacet
	facet normal 0 1 0
		outer loop
			vertex 22.641027450561523 3 34.95641326904297
			vertex 22.302915573120117 3 34.828182220458984
			vertex 8.989063262939453 3 43.18080520629883
		endloop
	endfacet
	facet normal 0 1 0
		outer loop
			vertex 59.24006652832031 3 -1.418419599533081
			vertex 65.35897064208984 3 -16.29358673095703
			vertex 58.791934967041016 3 -2.272258996963501
		endloop
	endfacet
	facet normal 0 1 0
		outer loop
			vertex 59.24006652832031 3 -1.418419599533081
			vertex 65.69708251953125 3 -16.421815872192383
			vertex 65.35897064208984 3 -16.29358673095703
		endloop
	endfacet
	facet normal 0 1 0
		outer loop
			vertex 23 3 35
			vertex 8.9025239944458 3 43.53190612792969
			vertex 8.734476089477539 3 43.85209655761719
		endloop
	endfacet
	facet normal 0 1 0
		outer loop
			vertex 23 3 35
			vertex 22.641027450561523 3 34.95641326904297
			vertex 8.9025239944458 3 43.53190612792969
		endloop
	endfacet
	facet normal 0 1 0
		outer loop
			vertex 32.302913665771484 3 26.171815872192383
			vertex 32.00531768798828 3 26.377233505249023
			vertex 31.76552391052246 3 26.647903442382812
		endloop
	endfacet
	facet normal 0 1 0
		outer loop
			vertex 31.597475051879883 3 26.96809196472168
			vertex 32.302913665771484 3 26.171815872192383
			vertex 31.76552391052246 3 26.647903442382812
		endloop
	endfacet
	facet normal 0 1 0
		outer loop
			vertex 59.4708366394043 3 -0.4821467101573944
			vertex 65.99468231201172 3 -16.627233505249023
			vertex 65.69708251953125 3 -16.421815872192383
		endloop
	endfacet
	facet normal 0 1 0
		outer loop
			vertex 59.4708366394043 3 -0.4821467101573944
			vertex 65.69708251953125 3 -16.421815872192383
			vertex 59.24006652832031 3 -1.418419599533081
		endloop
	endfacet
	facet normal 0 1 0
		outer loop
			vertex 33 3 26
			vertex 32.302913665771484 3 26.171815872192383
			vertex 31.597475051879883 3 26.96809196472168
		endloop
	endfacet
	facet normal 0 1 0
		outer loop
			vertex 33 3 26
			vertex 32.64102554321289 3 26.04358673095703
			vertex 32.302913665771484 3 26.171815872192383
		endloop
	endfacet
	facet normal 0 1 0
		outer loop
			vertex 31.510936737060547 3 27.680805206298828
			vertex 31.597475051879883 3 26.96809196472168
			vertex 31.510936737060547 3 27.319194793701172
		endloop
	endfacet
	facet normal 0 1 0
		outer loop
			vertex 31.597475051879883 3 28.03190803527832
			vertex 31.597475051879883 3 26.96809196472168
			vertex 31.510936737060547 3 27.680805206298828
		endloop
	endfacet
	facet normal 0 1 0
		outer loop
			vertex 59.4708366394043 3 0.4821467101573944
			vertex 65.99468231201172 3 -16.627233505249023
			vertex 59.4708366394043 3 -0.4821467101573944
		endloop
	endfacet
	facet normal 0 1 0
		outer loop
			vertex 32.00531768798828 3 28.622766494750977
			vertex 31.597475051879883 3 26.96809196472168
			vertex 31.597475051879883 3 28.03190803527832
		endloop
	endfacet
	facet normal 0 1 0
		outer loop
			vertex 32.00531768798828 3 28.622766494750977
			vertex 33 3 26
			vertex 31.597475051879883 3 26.96809196472168
		endloop
	endfacet
	facet normal 0 1 0
		outer loop
			vertex 32.00531768798828 3 28.622766494750977
			vertex 31.597475051879883 3 28.03190803527832
			vertex 31.76552391052246 3 28.352096557617188
		endloop
	endfacet
	facet normal 0 1 0
		outer loop
			vertex 54.50531768798828 3 7.127233982086182
			vertex 54.5427360534668 3 3.8837673664093018
			vertex 53.64110565185547 3 3.5418241024017334
		endloop
	endfacet
	facet normal 0 1 0
		outer loop
			vertex 54.265525817871094 3 7.397902965545654
			vertex 53.64110565185547 3 3.5418241024017334
			vertex 52.84750747680664 3 2.9940431118011475
		endloop
	endfacet
	facet normal 0 1 0
		outer loop
			vertex 54.265525817871094 3 7.397902965545654
			vertex 54.50531768798828 3 7.127233982086182
			vertex 53.64110565185547 3 3.5418241024017334
		endloop
	endfacet
	facet normal 0 1 0
		outer loop
			vertex 54.802913665771484 3 6.921815872192383
			vertex 54.5427360534668 3 3.8837673664093018
			vertex 54.50531768798828 3 7.127233982086182
		endloop
	endfacet
	facet normal 0 1 0
		outer loop
			vertex 54.097476959228516 3 7.718092441558838
			vertex 54.265525817871094 3 7.397902965545654
			vertex 52.84750747680664 3 2.9940431118011475
		endloop
	endfacet
	facet normal 0 1 0
		outer loop
			vertex 54.097476959228516 3 7.718092441558838
			vertex 52.84750747680664 3 2.9940431118011475
			vertex 47.35897445678711 3 1.456412672996521
		endloop
	endfacet
	facet normal 0 1 0
		outer loop
			vertex 55.14102554321289 3 6.7935872077941895
			vertex 55.5 3 4
			vertex 54.5427360534668 3 3.8837673664093018
		endloop
	endfacet
	facet normal 0 1 0
		outer loop
			vertex 55.14102554321289 3 6.7935872077941895
			vertex 54.5427360534668 3 3.8837673664093018
			vertex 54.802913665771484 3 6.921815872192383
		endloop
	endfacet
	facet normal 0 1 0
		outer loop
			vertex 33 3 29
			vertex 33 3 26
			vertex 32.00531768798828 3 28.622766494750977
		endloop
	endfacet
	facet normal 0 1 0
		outer loop
			vertex 33 3 29
			vertex 32.00531768798828 3 28.622766494750977
			vertex 32.302913665771484 3 28.828184127807617
		endloop
	endfacet
	facet normal 0 1 0
		outer loop
			vertex 33 3 29
			vertex 32.302913665771484 3 28.828184127807617
			vertex 32.64102554321289 3 28.95641326904297
		endloop
	endfacet
	facet normal 0 1 0
		outer loop
			vertex 54.01093673706055 3 8.069194793701172
			vertex 54.097476959228516 3 7.718092441558838
			vertex 47.35897445678711 3 1.456412672996521
		endloop
	endfacet
	facet normal 0 1 0
		outer loop
			vertex 54.01093673706055 3 8.069194793701172
			vertex 47.35897445678711 3 1.456412672996521
			vertex 47 3 1.5
		endloop
	endfacet
	facet normal 0 1 0
		outer loop
			vertex 55.5 3 6.75
			vertex 55.5 3 4
			vertex 55.14102554321289 3 6.7935872077941895
		endloop
	endfacet
	facet normal 0 1 0
		outer loop
			vertex 54.01093673706055 3 8.430805206298828
			vertex 54.01093673706055 3 8.069194793701172
			vertex 47 3 1.5
		endloop
	endfacet
	facet normal 0 1 0
		outer loop
			vertex 54.01093673706055 3 8.430805206298828
			vertex 47 3 1.5
			vertex 46.64102554321289 3 1.456412672996521
		endloop
	endfacet
	facet normal 0 1 0
		outer loop
			vertex 55.85897445678711 3 6.7935872077941895
			vertex 56.4572639465332 3 3.8837673664093018
			vertex 55.5 3 4
		endloop
	endfacet
	facet normal 0 1 0
		outer loop
			vertex 55.85897445678711 3 6.7935872077941895
			vertex 55.5 3 4
			vertex 55.5 3 6.75
		endloop
	endfacet
	facet normal 0 1 0
		outer loop
			vertex 54.097476959228516 3 8.781907081604004
			vertex 34.402523040771484 3 14.968092918395996
			vertex 34.48906326293945 3 15.319194793701172
		endloop
	endfacet
	facet normal 0 1 0
		outer loop
			vertex 54.097476959228516 3 8.781907081604004
			vertex 46.64102554321289 3 1.456412672996521
			vertex 34.402523040771484 3 14.968092918395996
		endloop
	endfacet
	facet normal 0 1 0
		outer loop
			vertex 54.097476959228516 3 8.781907081604004
			vertex 54.01093673706055 3 8.430805206298828
			vertex 46.64102554321289 3 1.456412672996521
		endloop
	endfacet
	facet normal 0 1 0
		outer loop
			vertex 56.197086334228516 3 6.921815872192383
			vertex 56.4572639465332 3 3.8837673664093018
			vertex 55.85897445678711 3 6.7935872077941895
		endloop
	endfacet
	facet normal 0 1 0
		outer loop
			vertex 54.265525817871094 3 9.102097511291504
			vertex 54.097476959228516 3 8.781907081604004
			vertex 34.48906326293945 3 15.319194793701172
		endloop
	endfacet
	facet normal 0 1 0
		outer loop
			vertex 56.49468231201172 3 7.127233982086182
			vertex 57.35889434814453 3 3.5418241024017334
			vertex 56.4572639465332 3 3.8837673664093018
		endloop
	endfacet
	facet normal 0 1 0
		outer loop
			vertex 56.49468231201172 3 7.127233982086182
			vertex 56.4572639465332 3 3.8837673664093018
			vertex 56.197086334228516 3 6.921815872192383
		endloop
	endfacet
	facet normal 0 1 0
		outer loop
			vertex 56.734474182128906 3 7.397902965545654
			vertex 58.15249252319336 3 2.9940431118011475
			vertex 57.35889434814453 3 3.5418241024017334
		endloop
	endfacet
	facet normal 0 1 0
		outer loop
			vertex 56.734474182128906 3 7.397902965545654
			vertex 57.35889434814453 3 3.5418241024017334
			vertex 56.49468231201172 3 7.127233982086182
		endloop
	endfacet
	facet normal 0 1 0
		outer loop
			vertex 56.902523040771484 3 7.718092441558838
			vertex 58.15249252319336 3 2.9940431118011475
			vertex 56.734474182128906 3 7.397902965545654
		endloop
	endfacet
	facet normal 0 1 0
		outer loop
			vertex 31.510936737060547 3 33.31919479370117
			vertex 32.00531768798828 3 32.377235412597656
			vertex 31.76552391052246 3 32.64790344238281
		endloop
	endfacet
	facet normal 0 1 0
		outer loop
			vertex 31.510936737060547 3 33.31919479370117
			vertex 31.76552391052246 3 32.64790344238281
			vertex 31.597475051879883 3 32.96809387207031
		endloop
	endfacet
	facet normal 0 1 0
		outer loop
			vertex 33 3 32
			vertex 32.64102554321289 3 32.04358673095703
			vertex 32.302913665771484 3 32.171817779541016
		endloop
	endfacet
	facet normal 0 1 0
		outer loop
			vertex 33 3 32
			vertex 32.302913665771484 3 32.171817779541016
			vertex 32.00531768798828 3 32.377235412597656
		endloop
	endfacet
	facet normal 0 1 0
		outer loop
			vertex 33 3 32
			vertex 32.00531768798828 3 32.377235412597656
			vertex 31.510936737060547 3 33.31919479370117
		endloop
	endfacet
	facet normal 0 1 0
		outer loop
			vertex 56.98906326293945 3 8.069194793701172
			vertex 58.791934967041016 3 2.272258996963501
			vertex 58.15249252319336 3 2.9940431118011475
		endloop
	endfacet
	facet normal 0 1 0
		outer loop
			vertex 56.98906326293945 3 8.069194793701172
			vertex 58.15249252319336 3 2.9940431118011475
			vertex 56.902523040771484 3 7.718092441558838
		endloop
	endfacet
	facet normal 0 1 0
		outer loop
			vertex 31.510936737060547 3 33.68080520629883
			vertex 33 3 32
			vertex 31.510936737060547 3 33.31919479370117
		endloop
	endfacet
	facet normal 0 1 0
		outer loop
			vertex 31.597475051879883 3 34.03190612792969
			vertex 33 3 32
			vertex 31.510936737060547 3 33.68080520629883
		endloop
	endfacet
	facet normal 0 1 0
		outer loop
			vertex 32.302913665771484 3 34.828182220458984
			vertex 31.76552391052246 3 34.35209655761719
			vertex 32.00531768798828 3 34.622764587402344
		endloop
	endfacet
	facet normal 0 1 0
		outer loop
			vertex 33 3 35
			vertex 31.76552391052246 3 34.35209655761719
			vertex 32.302913665771484 3 34.828182220458984
		endloop
	endfacet
	facet normal 0 1 0
		outer loop
			vertex 33 3 35
			vertex 33 3 32
			vertex 31.597475051879883 3 34.03190612792969
		endloop
	endfacet
	facet normal 0 1 0
		outer loop
			vertex 33 3 35
			vertex 31.597475051879883 3 34.03190612792969
			vertex 31.76552391052246 3 34.35209655761719
		endloop
	endfacet
	facet normal 0 1 0
		outer loop
			vertex 33 3 35
			vertex 32.302913665771484 3 34.828182220458984
			vertex 32.64102554321289 3 34.95641326904297
		endloop
	endfacet
	facet normal 0 1 0
		outer loop
			vertex 54.265525817871094 3 19.397903442382812
			vertex 54.50531768798828 3 19.127233505249023
			vertex 54.50531768798828 3 9.372766494750977
		endloop
	endfacet
	facet normal 0 1 0
		outer loop
			vertex 54.265525817871094 3 19.397903442382812
			vertex 54.265525817871094 3 9.102097511291504
			vertex 34.48906326293945 3 15.319194793701172
		endloop
	endfacet
	facet normal 0 1 0
		outer loop
			vertex 54.265525817871094 3 19.397903442382812
			vertex 54.50531768798828 3 9.372766494750977
			vertex 54.265525817871094 3 9.102097511291504
		endloop
	endfacet
	facet normal 0 1 0
		outer loop
			vertex 54.802913665771484 3 18.921815872192383
			vertex 54.50531768798828 3 9.372766494750977
			vertex 54.50531768798828 3 19.127233505249023
		endloop
	endfacet
	facet normal 0 1 0
		outer loop
			vertex 54.802913665771484 3 18.921815872192383
			vertex 54.802913665771484 3 9.578184127807617
			vertex 54.50531768798828 3 9.372766494750977
		endloop
	endfacet
	facet normal 0 1 0
		outer loop
			vertex 54.097476959228516 3 19.71809196472168
			vertex 54.265525817871094 3 19.397903442382812
			vertex 34.48906326293945 3 15.319194793701172
		endloop
	endfacet
	facet normal 0 1 0
		outer loop
			vertex 54.097476959228516 3 19.71809196472168
			vertex 34.48906326293945 3 15.319194793701172
			vertex 34.48906326293945 3 15.680805206298828
		endloop
	endfacet
	facet normal 0 1 0
		outer loop
			vertex 55.14102554321289 3 18.79358673095703
			vertex 54.802913665771484 3 9.578184127807617
			vertex 54.802913665771484 3 18.921815872192383
		endloop
	endfacet
	facet normal 0 1 0
		outer loop
			vertex 55.14102554321289 3 18.79358673095703
			vertex 55.14102554321289 3 9.706412315368652
			vertex 54.802913665771484 3 9.578184127807617
		endloop
	endfacet
	facet normal 0 1 0
		outer loop
			vertex 55.14102554321289 3 18.79358673095703
			vertex 55.5 3 9.75
			vertex 55.14102554321289 3 9.706412315368652
		endloop
	endfacet
	facet normal 0 1 0
		outer loop
			vertex 54.01093673706055 3 20.069194793701172
			vertex 34.48906326293945 3 15.680805206298828
			vertex 34.402523040771484 3 16.03190803527832
		endloop
	endfacet
	facet normal 0 1 0
		outer loop
			vertex 54.01093673706055 3 20.069194793701172
			vertex 54.097476959228516 3 19.71809196472168
			vertex 34.48906326293945 3 15.680805206298828
		endloop
	endfacet
	facet normal 0 1 0
		outer loop
			vertex 55.5 3 18.75
			vertex 55.5 3 9.75
			vertex 55.14102554321289 3 18.79358673095703
		endloop
	endfacet
	facet normal 0 1 0
		outer loop
			vertex 54.01093673706055 3 20.430805206298828
			vertex 34.402523040771484 3 16.03190803527832
			vertex 34.234474182128906 3 16.352096557617188
		endloop
	endfacet
	facet normal 0 1 0
		outer loop
			vertex 54.01093673706055 3 20.430805206298828
			vertex 54.01093673706055 3 20.069194793701172
			vertex 34.402523040771484 3 16.03190803527832
		endloop
	endfacet
	facet normal 0 1 0
		outer loop
			vertex 54.01093673706055 3 20.430805206298828
			vertex 34.234474182128906 3 16.352096557617188
			vertex 33 3 23
		endloop
	endfacet
	facet normal 0 1 0
		outer loop
			vertex 55.85897445678711 3 18.79358673095703
			vertex 55.5 3 9.75
			vertex 55.5 3 18.75
		endloop
	endfacet
	facet normal 0 1 0
		outer loop
			vertex 55.85897445678711 3 18.79358673095703
			vertex 55.85897445678711 3 9.706412315368652
			vertex 55.5 3 9.75
		endloop
	endfacet
	facet normal 0 1 0
		outer loop
			vertex 54.097476959228516 3 20.78190803527832
			vertex 54.01093673706055 3 20.430805206298828
			vertex 33 3 23
		endloop
	endfacet
	facet normal 0 1 0
		outer loop
			vertex 54.097476959228516 3 20.78190803527832
			vertex 33 3 23
			vertex 33 3 26
		endloop
	endfacet
	facet normal 0 1 0
		outer loop
			vertex 56.197086334228516 3 18.921815872192383
			vertex 55.85897445678711 3 9.706412315368652
			vertex 55.85897445678711 3 18.79358673095703
		endloop
	endfacet
	facet normal 0 1 0
		outer loop
			vertex 56.197086334228516 3 18.921815872192383
			vertex 56.197086334228516 3 9.578184127807617
			vertex 55.85897445678711 3 9.706412315368652
		endloop
	endfacet
	facet normal 0 1 0
		outer loop
			vertex 54.265525817871094 3 21.102096557617188
			vertex 54.097476959228516 3 20.78190803527832
			vertex 33 3 26
		endloop
	endfacet
	facet normal 0 1 0
		outer loop
			vertex 54.265525817871094 3 21.102096557617188
			vertex 33 3 26
			vertex 33 3 29
		endloop
	endfacet
	facet normal 0 1 0
		outer loop
			vertex 54.50531768798828 3 21.372766494750977
			vertex 33 3 29
			vertex 33 3 32
		endloop
	endfacet
	facet normal 0 1 0
		outer loop
			vertex 54.50531768798828 3 21.372766494750977
			vertex 54.265525817871094 3 21.102096557617188
			vertex 33 3 29
		endloop
	endfacet
	facet normal 0 1 0
		outer loop
			vertex 54.802913665771484 3 21.578184127807617
			vertex 33 3 32
			vertex 33 3 35
		endloop
	endfacet
	facet normal 0 1 0
		outer loop
			vertex 54.802913665771484 3 21.578184127807617
			vertex 54.50531768798828 3 21.372766494750977
			vertex 33 3 32
		endloop
	endfacet
	facet normal 0 1 0
		outer loop
			vertex 64.00531768798828 3 16.627233505249023
			vertex 56.734474182128906 3 9.102097511291504
			vertex 56.49468231201172 3 9.372766494750977
		endloop
	endfacet
	facet normal 0 1 0
		outer loop
			vertex 63.765525817871094 3 16.897903442382812
			vertex 56.197086334228516 3 9.578184127807617
			vertex 56.197086334228516 3 18.921815872192383
		endloop
	endfacet
	facet normal 0 1 0
		outer loop
			vertex 63.765525817871094 3 16.897903442382812
			vertex 64.00531768798828 3 16.627233505249023
			vertex 56.49468231201172 3 9.372766494750977
		endloop
	endfacet
	facet normal 0 1 0
		outer loop
			vertex 63.765525817871094 3 16.897903442382812
			vertex 56.49468231201172 3 9.372766494750977
			vertex 56.197086334228516 3 9.578184127807617
		endloop
	endfacet
	facet normal 0 1 0
		outer loop
			vertex 64.30291748046875 3 16.421815872192383
			vertex 56.734474182128906 3 9.102097511291504
			vertex 64.00531768798828 3 16.627233505249023
		endloop
	endfacet
	facet normal 0 1 0
		outer loop
			vertex 64.30291748046875 3 16.421815872192383
			vertex 56.902523040771484 3 8.781907081604004
			vertex 56.734474182128906 3 9.102097511291504
		endloop
	endfacet
	facet normal 0 1 0
		outer loop
			vertex 63.597476959228516 3 17.21809196472168
			vertex 56.197086334228516 3 18.921815872192383
			vertex 56.49468231201172 3 19.127233505249023
		endloop
	endfacet
	facet normal 0 1 0
		outer loop
			vertex 63.597476959228516 3 17.21809196472168
			vertex 63.765525817871094 3 16.897903442382812
			vertex 56.197086334228516 3 18.921815872192383
		endloop
	endfacet
	facet normal 0 1 0
		outer loop
			vertex 64.64102935791016 3 16.29358673095703
			vertex 56.98906326293945 3 8.430805206298828
			vertex 56.902523040771484 3 8.781907081604004
		endloop
	endfacet
	facet normal 0 1 0
		outer loop
			vertex 64.64102935791016 3 16.29358673095703
			vertex 56.902523040771484 3 8.781907081604004
			vertex 64.30291748046875 3 16.421815872192383
		endloop
	endfacet
	facet normal 0 1 0
		outer loop
			vertex 63.51093673706055 3 17.569194793701172
			vertex 56.49468231201172 3 19.127233505249023
			vertex 56.734474182128906 3 19.397903442382812
		endloop
	endfacet
	facet normal 0 1 0
		outer loop
			vertex 63.51093673706055 3 17.569194793701172
			vertex 63.597476959228516 3 17.21809196472168
			vertex 56.49468231201172 3 19.127233505249023
		endloop
	endfacet
	facet normal 0 1 0
		outer loop
			vertex 65 3 16.25
			vertex 56.98906326293945 3 8.069194793701172
			vertex 56.98906326293945 3 8.430805206298828
		endloop
	endfacet
	facet normal 0 1 0
		outer loop
			vertex 65 3 16.25
			vertex 58.791934967041016 3 2.272258996963501
			vertex 56.98906326293945 3 8.069194793701172
		endloop
	endfacet
	facet normal 0 1 0
		outer loop
			vertex 65 3 16.25
			vertex 56.98906326293945 3 8.430805206298828
			vertex 64.64102935791016 3 16.29358673095703
		endloop
	endfacet
	facet normal 0 1 0
		outer loop
			vertex 63.51093673706055 3 17.930805206298828
			vertex 56.734474182128906 3 19.397903442382812
			vertex 56.902523040771484 3 19.71809196472168
		endloop
	endfacet
	facet normal 0 1 0
		outer loop
			vertex 63.51093673706055 3 17.930805206298828
			vertex 63.51093673706055 3 17.569194793701172
			vertex 56.734474182128906 3 19.397903442382812
		endloop
	endfacet
	facet normal 0 1 0
		outer loop
			vertex 65.35897064208984 3 16.29358673095703
			vertex 58.791934967041016 3 2.272258996963501
			vertex 65 3 16.25
		endloop
	endfacet
	facet normal 0 1 0
		outer loop
			vertex 65.35897064208984 3 16.29358673095703
			vertex 59.24006652832031 3 1.418419599533081
			vertex 58.791934967041016 3 2.272258996963501
		endloop
	endfacet
	facet normal 0 1 0
		outer loop
			vertex 63.597476959228516 3 18.28190803527832
			vertex 56.902523040771484 3 19.71809196472168
			vertex 56.98906326293945 3 20.069194793701172
		endloop
	endfacet
	facet normal 0 1 0
		outer loop
			vertex 63.597476959228516 3 18.28190803527832
			vertex 63.51093673706055 3 17.930805206298828
			vertex 56.902523040771484 3 19.71809196472168
		endloop
	endfacet
	facet normal 0 1 0
		outer loop
			vertex 65.69708251953125 3 16.421815872192383
			vertex 59.24006652832031 3 1.418419599533081
			vertex 65.35897064208984 3 16.29358673095703
		endloop
	endfacet
	facet normal 0 1 0
		outer loop
			vertex 65.69708251953125 3 16.421815872192383
			vertex 59.4708366394043 3 0.4821467101573944
			vertex 59.24006652832031 3 1.418419599533081
		endloop
	endfacet
	facet normal 0 1 0
		outer loop
			vertex 63.765525817871094 3 18.602096557617188
			vertex 56.98906326293945 3 20.069194793701172
			vertex 56.98906326293945 3 20.430805206298828
		endloop
	endfacet
	facet normal 0 1 0
		outer loop
			vertex 63.765525817871094 3 18.602096557617188
			vertex 63.597476959228516 3 18.28190803527832
			vertex 56.98906326293945 3 20.069194793701172
		endloop
	endfacet
	facet normal 0 1 0
		outer loop
			vertex 65.99468231201172 3 16.627233505249023
			vertex 65.99468231201172 3 -16.627233505249023
			vertex 59.4708366394043 3 0.4821467101573944
		endloop
	endfacet
	facet normal 0 1 0
		outer loop
			vertex 65.99468231201172 3 16.627233505249023
			vertex 66.2344741821289 3 -16.897903442382812
			vertex 65.99468231201172 3 -16.627233505249023
		endloop
	endfacet
	facet normal 0 1 0
		outer loop
			vertex 65.99468231201172 3 16.627233505249023
			vertex 59.4708366394043 3 0.4821467101573944
			vertex 65.69708251953125 3 16.421815872192383
		endloop
	endfacet
	facet normal 0 1 0
		outer loop
			vertex 64.00531768798828 3 18.872766494750977
			vertex 63.765525817871094 3 18.602096557617188
			vertex 56.98906326293945 3 20.430805206298828
		endloop
	endfacet
	facet normal 0 1 0
		outer loop
			vertex 64.00531768798828 3 18.872766494750977
			vertex 56.98906326293945 3 20.430805206298828
			vertex 56.902523040771484 3 20.78190803527832
		endloop
	endfacet
	facet normal 0 1 0
		outer loop
			vertex 66.2344741821289 3 16.897903442382812
			vertex 66.2344741821289 3 -16.897903442382812
			vertex 65.99468231201172 3 16.627233505249023
		endloop
	endfacet
	facet normal 0 1 0
		outer loop
			vertex 64.30291748046875 3 19.078184127807617
			vertex 56.902523040771484 3 20.78190803527832
			vertex 56.734474182128906 3 21.102096557617188
		endloop
	endfacet
	facet normal 0 1 0
		outer loop
			vertex 64.30291748046875 3 19.078184127807617
			vertex 64.00531768798828 3 18.872766494750977
			vertex 56.902523040771484 3 20.78190803527832
		endloop
	endfacet
	facet normal 0 1 0
		outer loop
			vertex 66.40252685546875 3 17.21809196472168
			vertex 66.40252685546875 3 -17.21809196472168
			vertex 66.2344741821289 3 -16.897903442382812
		endloop
	endfacet
	facet normal 0 1 0
		outer loop
			vertex 66.40252685546875 3 17.21809196472168
			vertex 66.2344741821289 3 -16.897903442382812
			vertex 66.2344741821289 3 16.897903442382812
		endloop
	endfacet
	facet normal 0 1 0
		outer loop
			vertex 64.64102935791016 3 19.20641326904297
			vertex 56.734474182128906 3 21.102096557617188
			vertex 56.49468231201172 3 21.372766494750977
		endloop
	endfacet
	facet normal 0 1 0
		outer loop
			vertex 64.64102935791016 3 19.20641326904297
			vertex 64.30291748046875 3 19.078184127807617
			vertex 56.734474182128906 3 21.102096557617188
		endloop
	endfacet
	facet normal 0 1 0
		outer loop
			vertex 62.00531768798828 3 41.877235412597656
			vertex 55.5 3 21.75
			vertex 55.14102554321289 3 21.70641326904297
		endloop
	endfacet
	facet normal 0 1 0
		outer loop
			vertex 61.765525817871094 3 42.14790344238281
			vertex 55.14102554321289 3 21.70641326904297
			vertex 54.802913665771484 3 21.578184127807617
		endloop
	endfacet
	facet normal 0 1 0
		outer loop
			vertex 61.765525817871094 3 42.14790344238281
			vertex 62.00531768798828 3 41.877235412597656
			vertex 55.14102554321289 3 21.70641326904297
		endloop
	endfacet
	facet normal 0 1 0
		outer loop
			vertex 62.302913665771484 3 41.671817779541016
			vertex 55.85897445678711 3 21.70641326904297
			vertex 55.5 3 21.75
		endloop
	endfacet
	facet normal 0 1 0
		outer loop
			vertex 62.302913665771484 3 41.671817779541016
			vertex 55.5 3 21.75
			vertex 62.00531768798828 3 41.877235412597656
		endloop
	endfacet
	facet normal 0 1 0
		outer loop
			vertex 61.597476959228516 3 42.46809387207031
			vertex 61.765525817871094 3 42.14790344238281
			vertex 54.802913665771484 3 21.578184127807617
		endloop
	endfacet
	facet normal 0 1 0
		outer loop
			vertex 61.597476959228516 3 42.46809387207031
			vertex 54.802913665771484 3 21.578184127807617
			vertex 33 3 35
		endloop
	endfacet
	facet normal 0 1 0
		outer loop
			vertex 62.64102554321289 3 41.54358673095703
			vertex 56.197086334228516 3 21.578184127807617
			vertex 55.85897445678711 3 21.70641326904297
		endloop
	endfacet
	facet normal 0 1 0
		outer loop
			vertex 62.64102554321289 3 41.54358673095703
			vertex 55.85897445678711 3 21.70641326904297
			vertex 62.302913665771484 3 41.671817779541016
		endloop
	endfacet
	facet normal 0 1 0
		outer loop
			vertex 61.51093673706055 3 42.81919479370117
			vertex 61.597476959228516 3 42.46809387207031
			vertex 33 3 35
		endloop
	endfacet
	facet normal 0 1 0
		outer loop
			vertex 63 3 41.5
			vertex 56.49468231201172 3 21.372766494750977
			vertex 56.197086334228516 3 21.578184127807617
		endloop
	endfacet
	facet normal 0 1 0
		outer loop
			vertex 63 3 41.5
			vertex 56.197086334228516 3 21.578184127807617
			vertex 62.64102554321289 3 41.54358673095703
		endloop
	endfacet
	facet normal 0 1 0
		outer loop
			vertex 63 3 41.5
			vertex 65 3 19.25
			vertex 64.64102935791016 3 19.20641326904297
		endloop
	endfacet
	facet normal 0 1 0
		outer loop
			vertex 63 3 41.5
			vertex 64.64102935791016 3 19.20641326904297
			vertex 56.49468231201172 3 21.372766494750977
		endloop
	endfacet
	facet normal 0 1 0
		outer loop
			vertex 61.51093673706055 3 43.18080520629883
			vertex 61.51093673706055 3 42.81919479370117
			vertex 33 3 35
		endloop
	endfacet
	facet normal 0 1 0
		outer loop
			vertex 63.35897445678711 3 41.54358673095703
			vertex 65 3 19.25
			vertex 63 3 41.5
		endloop
	endfacet
	facet normal 0 1 0
		outer loop
			vertex 63.35897445678711 3 41.54358673095703
			vertex 65.35897064208984 3 19.20641326904297
			vertex 65 3 19.25
		endloop
	endfacet
	facet normal 0 1 0
		outer loop
			vertex 61.597476959228516 3 43.53190612792969
			vertex 61.51093673706055 3 43.18080520629883
			vertex 33 3 35
		endloop
	endfacet
	facet normal 0 1 0
		outer loop
			vertex 63.697086334228516 3 41.671817779541016
			vertex 65.35897064208984 3 19.20641326904297
			vertex 63.35897445678711 3 41.54358673095703
		endloop
	endfacet
	facet normal 0 1 0
		outer loop
			vertex 69.5 3 42.5
			vertex 65.69708251953125 3 19.078184127807617
			vertex 65.35897064208984 3 19.20641326904297
		endloop
	endfacet
	facet normal 0 1 0
		outer loop
			vertex 69.5 3 42.5
			vertex 65.35897064208984 3 19.20641326904297
			vertex 63.697086334228516 3 41.671817779541016
		endloop
	endfacet
	facet normal 0 1 0
		outer loop
			vertex 69.5 3 42.5
			vertex 65.99468231201172 3 18.872766494750977
			vertex 65.69708251953125 3 19.078184127807617
		endloop
	endfacet
	facet normal 0 1 0
		outer loop
			vertex 69.5 3 42.5
			vertex 66.2344741821289 3 18.602096557617188
			vertex 65.99468231201172 3 18.872766494750977
		endloop
	endfacet
	facet normal 0 1 0
		outer loop
			vertex 69.5 3 42.5
			vertex 66.40252685546875 3 18.28190803527832
			vertex 66.2344741821289 3 18.602096557617188
		endloop
	endfacet
	facet normal 0 1 0
		outer loop
			vertex 69.5 3 42.5
			vertex 66.48906707763672 3 17.930805206298828
			vertex 66.40252685546875 3 18.28190803527832
		endloop
	endfacet
	facet normal 0 1 0
		outer loop
			vertex 69.5 3 42.5
			vertex 64.40252685546875 3 42.46809387207031
			vertex 64.48906707763672 3 42.81919479370117
		endloop
	endfacet
	facet normal 0 1 0
		outer loop
			vertex 69.5 3 42.5
			vertex 64.2344741821289 3 42.14790344238281
			vertex 64.40252685546875 3 42.46809387207031
		endloop
	endfacet
	facet normal 0 1 0
		outer loop
			vertex 69.5 3 42.5
			vertex 63.99468231201172 3 41.877235412597656
			vertex 64.2344741821289 3 42.14790344238281
		endloop
	endfacet
	facet normal 0 1 0
		outer loop
			vertex 69.5 3 42.5
			vertex 63.697086334228516 3 41.671817779541016
			vertex 63.99468231201172 3 41.877235412597656
		endloop
	endfacet
	facet normal 0 1 0
		outer loop
			vertex 62.5 3 49.5
			vertex 62.302913665771484 3 44.328182220458984
			vertex 62.00531768798828 3 44.122764587402344
		endloop
	endfacet
	facet normal 0 1 0
		outer loop
			vertex 62.5 3 49.5
			vertex 62.64102554321289 3 44.45641326904297
			vertex 62.302913665771484 3 44.328182220458984
		endloop
	endfacet
	facet normal 0 1 0
		outer loop
			vertex 62.5 3 49.5
			vertex 63 3 44.5
			vertex 62.64102554321289 3 44.45641326904297
		endloop
	endfacet
	facet normal 0 1 0
		outer loop
			vertex 62.5 3 49.5
			vertex 7.5 3 44.5
			vertex -23 3 49.5
		endloop
	endfacet
	facet normal 0 1 0
		outer loop
			vertex 62.5 3 49.5
			vertex 33 3 35
			vertex 8.494684219360352 3 44.122764587402344
		endloop
	endfacet
	facet normal 0 1 0
		outer loop
			vertex 62.5 3 49.5
			vertex 7.858973503112793 3 44.45641326904297
			vertex 7.5 3 44.5
		endloop
	endfacet
	facet normal 0 1 0
		outer loop
			vertex 62.5 3 49.5
			vertex 8.197084426879883 3 44.328182220458984
			vertex 7.858973503112793 3 44.45641326904297
		endloop
	endfacet
	facet normal 0 1 0
		outer loop
			vertex 62.5 3 49.5
			vertex 8.494684219360352 3 44.122764587402344
			vertex 8.197084426879883 3 44.328182220458984
		endloop
	endfacet
	facet normal 0 1 0
		outer loop
			vertex 62.5 3 49.5
			vertex 61.597476959228516 3 43.53190612792969
			vertex 33 3 35
		endloop
	endfacet
	facet normal 0 1 0
		outer loop
			vertex 62.5 3 49.5
			vertex 61.765525817871094 3 43.85209655761719
			vertex 61.597476959228516 3 43.53190612792969
		endloop
	endfacet
	facet normal 0 1 0
		outer loop
			vertex 62.5 3 49.5
			vertex 62.00531768798828 3 44.122764587402344
			vertex 61.765525817871094 3 43.85209655761719
		endloop
	endfacet
	facet normal 0 1 0
		outer loop
			vertex 69.36549377441406 3 43.865631103515625
			vertex 69.5 3 42.5
			vertex 64.48906707763672 3 42.81919479370117
		endloop
	endfacet
	facet normal 0 1 0
		outer loop
			vertex 69.36549377441406 3 43.865631103515625
			vertex 64.48906707763672 3 42.81919479370117
			vertex 64.48906707763672 3 43.18080520629883
		endloop
	endfacet
	facet normal 0 1 0
		outer loop
			vertex 63.865631103515625 3 49.36549758911133
			vertex 63.35897445678711 3 44.45641326904297
			vertex 63 3 44.5
		endloop
	endfacet
	facet normal 0 1 0
		outer loop
			vertex 63.865631103515625 3 49.36549758911133
			vertex 63 3 44.5
			vertex 62.5 3 49.5
		endloop
	endfacet
	facet normal 0 1 0
		outer loop
			vertex 68.96715545654297 3 45.17878341674805
			vertex 64.48906707763672 3 43.18080520629883
			vertex 64.40252685546875 3 43.53190612792969
		endloop
	endfacet
	facet normal 0 1 0
		outer loop
			vertex 68.96715545654297 3 45.17878341674805
			vertex 69.36549377441406 3 43.865631103515625
			vertex 64.48906707763672 3 43.18080520629883
		endloop
	endfacet
	facet normal 0 1 0
		outer loop
			vertex 65.17878723144531 3 48.96715545654297
			vertex 63.697086334228516 3 44.328182220458984
			vertex 63.35897445678711 3 44.45641326904297
		endloop
	endfacet
	facet normal 0 1 0
		outer loop
			vertex 65.17878723144531 3 48.96715545654297
			vertex 63.35897445678711 3 44.45641326904297
			vertex 63.865631103515625 3 49.36549758911133
		endloop
	endfacet
	facet normal 0 1 0
		outer loop
			vertex 68.3202896118164 3 46.38899230957031
			vertex 68.96715545654297 3 45.17878341674805
			vertex 64.40252685546875 3 43.53190612792969
		endloop
	endfacet
	facet normal 0 1 0
		outer loop
			vertex 68.3202896118164 3 46.38899230957031
			vertex 64.40252685546875 3 43.53190612792969
			vertex 64.2344741821289 3 43.85209655761719
		endloop
	endfacet
	facet normal 0 1 0
		outer loop
			vertex 66.38899230957031 3 48.32028579711914
			vertex 63.99468231201172 3 44.122764587402344
			vertex 63.697086334228516 3 44.328182220458984
		endloop
	endfacet
	facet normal 0 1 0
		outer loop
			vertex 66.38899230957031 3 48.32028579711914
			vertex 63.697086334228516 3 44.328182220458984
			vertex 65.17878723144531 3 48.96715545654297
		endloop
	endfacet
	facet normal 0 1 0
		outer loop
			vertex 67.44974517822266 3 47.44974899291992
			vertex 68.3202896118164 3 46.38899230957031
			vertex 64.2344741821289 3 43.85209655761719
		endloop
	endfacet
	facet normal 0 1 0
		outer loop
			vertex 67.44974517822266 3 47.44974899291992
			vertex 63.99468231201172 3 44.122764587402344
			vertex 66.38899230957031 3 48.32028579711914
		endloop
	endfacet
	facet normal 0 1 0
		outer loop
			vertex 67.44974517822266 3 47.44974899291992
			vertex 64.2344741821289 3 43.85209655761719
			vertex 63.99468231201172 3 44.122764587402344
		endloop
	endfacet
	facet normal 0 1 0
		outer loop
			vertex 69.5 3 42.5
			vertex 69.5 3 -42.5
			vertex 66.48906707763672 3 17.569194793701172
		endloop
	endfacet
	facet normal 0 1 0
		outer loop
			vertex 66.48906707763672 3 17.569194793701172
			vertex 69.5 3 -42.5
			vertex 66.40252685546875 3 17.21809196472168
		endloop
	endfacet
	facet normal 0 1 0
		outer loop
			vertex 66.40252685546875 3 17.21809196472168
			vertex 69.5 3 -42.5
			vertex 66.48906707763672 3 -17.569194793701172
		endloop
	endfacet
	facet normal 0 1 0
		outer loop
			vertex 66.48906707763672 3 -17.569194793701172
			vertex 69.5 3 -42.5
			vertex 66.48906707763672 3 -17.930805206298828
		endloop
	endfacet
	facet normal 0 1 0
		outer loop
			vertex 69.5 3 42.5
			vertex 66.48906707763672 3 17.569194793701172
			vertex 66.48906707763672 3 17.930805206298828
		endloop
	endfacet
	facet normal 0 1 0
		outer loop
			vertex 66.40252685546875 3 17.21809196472168
			vertex 66.48906707763672 3 -17.569194793701172
			vertex 66.40252685546875 3 -17.21809196472168
		endloop
	endfacet
	facet normal 0 1 0
		outer loop
			vertex 23 3 -35
			vertex 33 3 -35
			vertex 8.734476089477539 3 -43.85209655761719
		endloop
	endfacet
	facet normal 0 1 0
		outer loop
			vertex 8.734476089477539 3 -43.85209655761719
			vertex 33 3 -35
			vertex 8.494684219360352 3 -44.122764587402344
		endloop
	endfacet
	facet normal 0 1 0
		outer loop
			vertex 33 3 -32
			vertex 23 3 -32
			vertex 33 3 -29
		endloop
	endfacet
	facet normal 0 1 0
		outer loop
			vertex 23 3 -29
			vertex 33 3 -29
			vertex 23 3 -32
		endloop
	endfacet
	facet normal 0 1 0
		outer loop
			vertex 32.64102554321289 3 -28.95641326904297
			vertex 32.302913665771484 3 -28.828184127807617
			vertex 31.510936737060547 3 -27.319194793701172
		endloop
	endfacet
	facet normal 0 1 0
		outer loop
			vertex 31.510936737060547 3 -27.319194793701172
			vertex 32.302913665771484 3 -28.828184127807617
			vertex 32.00531768798828 3 -28.622766494750977
		endloop
	endfacet
	facet normal 0 1 0
		outer loop
			vertex 33 3 -26
			vertex 23 3 -26
			vertex 33 3 -23
		endloop
	endfacet
	facet normal 0 1 0
		outer loop
			vertex 23 3 -23
			vertex 33 3 -23
			vertex 23 3 -26
		endloop
	endfacet
	facet normal 0 1 0
		outer loop
			vertex 33 3 -23
			vertex 32.64102554321289 3 -22.95641326904297
			vertex 31.76552391052246 3 -22.352096557617188
		endloop
	endfacet
	facet normal 0 1 0
		outer loop
			vertex 31.76552391052246 3 -22.352096557617188
			vertex 32.64102554321289 3 -22.95641326904297
			vertex 32.302913665771484 3 -22.828184127807617
		endloop
	endfacet
	facet normal 0 1 0
		outer loop
			vertex 31.76552391052246 3 -22.352096557617188
			vertex 32.302913665771484 3 -22.828184127807617
			vertex 32.00531768798828 3 -22.622766494750977
		endloop
	endfacet
	facet normal 0 1 0
		outer loop
			vertex 33 3 -23
			vertex 31.76552391052246 3 -22.352096557617188
			vertex 33 3 -20
		endloop
	endfacet
	facet normal 0 1 0
		outer loop
			vertex 33 3 -20
			vertex 23 3 -20
			vertex 33 3 -17
		endloop
	endfacet
	facet normal 0 1 0
		outer loop
			vertex -25.75 3 17.5
			vertex -45.75 3 17.5
			vertex -23 3 24.5
		endloop
	endfacet
	facet normal 0 1 0
		outer loop
			vertex -23 3 24.5
			vertex -45.75 3 17.5
			vertex -32.5 3 24.5
		endloop
	endfacet
	facet normal 0 1 0
		outer loop
			vertex -32.5 3 24.5
			vertex -45.75 3 17.5
			vertex -32.5 3 27.5
		endloop
	endfacet
	facet normal 0 1 0
		outer loop
			vertex -45.75 3 14.5
			vertex -25.75 3 14.5
			vertex -25.75 3 9.5
		endloop
	endfacet
	facet normal 0 1 0
		outer loop
			vertex -45.75 3 14.5
			vertex -25.75 3 9.5
			vertex -45.75 3 9.5
		endloop
	endfacet
	facet normal 0 1 0
		outer loop
			vertex -45.75 3 6.5
			vertex -25.75 3 6.5
			vertex -25.75 3 1.5
		endloop
	endfacet
	facet normal 0 1 0
		outer loop
			vertex -45.75 3 6.5
			vertex -25.75 3 1.5
			vertex -45.75 3 1.5
		endloop
	endfacet
	facet normal 0 1 0
		outer loop
			vertex -45.75 3 -1.5
			vertex -25.75 3 -1.5
			vertex -25.75 3 -6.5
		endloop
	endfacet
	facet normal 0 1 0
		outer loop
			vertex -45.75 3 -1.5
			vertex -25.75 3 -6.5
			vertex -45.75 3 -6.5
		endloop
	endfacet
	facet normal 0 1 0
		outer loop
			vertex -45.75 3 -9.5
			vertex -25.75 3 -9.5
			vertex -45.75 3 -14.5
		endloop
	endfacet
	facet normal 0 1 0
		outer loop
			vertex -25.75 3 -14.5
			vertex -45.75 3 -14.5
			vertex -25.75 3 -9.5
		endloop
	endfacet
	facet normal 0 1 0
		outer loop
			vertex -45.39102554321289 3 -14.543587684631348
			vertex -45.052913665771484 3 -14.671815872192383
			vertex -44.75531768798828 3 -17.122766494750977
		endloop
	endfacet
	facet normal 0 1 0
		outer loop
			vertex -44.75531768798828 3 -17.122766494750977
			vertex -45.052913665771484 3 -14.671815872192383
			vertex -44.75531768798828 3 -14.877233505249023
		endloop
	endfacet
	facet normal 0 1 0
		outer loop
			vertex -45.75 3 -17.5
			vertex -25.75 3 -17.5
			vertex -23 3 -24.5
		endloop
	endfacet
	facet normal 0 1 0
		outer loop
			vertex -45.75 3 -17.5
			vertex -23 3 -24.5
			vertex -32.5 3 -24.5
		endloop
	endfacet
	facet normal 0 1 0
		outer loop
			vertex -45.75 3 -17.5
			vertex -32.5 3 -24.5
			vertex -32.5 3 -27.5
		endloop
	endfacet
	facet normal 0 1 0
		outer loop
			vertex 23 3 -17
			vertex 33 3 -17
			vertex 23 3 -20
		endloop
	endfacet
	facet normal 0 1 0
		outer loop
			vertex 33 3 -14
			vertex 23 3 -14
			vertex 33 3 14
		endloop
	endfacet
	facet normal 0 1 0
		outer loop
			vertex 33 3 14
			vertex 23 3 -14
			vertex 23 3 14
		endloop
	endfacet
	facet normal 0 1 0
		outer loop
			vertex 33 3 35
			vertex 23 3 35
			vertex 8.494684219360352 3 44.122764587402344
		endloop
	endfacet
	facet normal 0 1 0
		outer loop
			vertex 8.494684219360352 3 44.122764587402344
			vertex 23 3 35
			vertex 8.734476089477539 3 43.85209655761719
		endloop
	endfacet
	facet normal 0 1 0
		outer loop
			vertex 23 3 32
			vertex 33 3 32
			vertex 33 3 29
		endloop
	endfacet
	facet normal 0 1 0
		outer loop
			vertex 23 3 32
			vertex 33 3 29
			vertex 23 3 29
		endloop
	endfacet
	facet normal 0 1 0
		outer loop
			vertex 23 3 26
			vertex 33 3 26
			vertex 33 3 23
		endloop
	endfacet
	facet normal 0 1 0
		outer loop
			vertex 23 3 26
			vertex 33 3 23
			vertex 23 3 23
		endloop
	endfacet
	facet normal 0 1 0
		outer loop
			vertex 23 3 20
			vertex 33 3 20
			vertex 33 3 17
		endloop
	endfacet
	facet normal 0 1 0
		outer loop
			vertex 23 3 20
			vertex 33 3 17
			vertex 23 3 17
		endloop
	endfacet
endsolid exported
